<?xml version="1.0" encoding="utf-8"?>
<rss version="2.0" xmlns:atom="http://www.w3.org/2005/Atom">
    <channel>
        <title>Home Europe - actualités</title>
        <link>https://www.bfmtv.com/international/europe/</link>
        <description>Europe - Retrouvez les dernières infos politiques, économiques et sociales du continent européen: Articles, interviews et vidéos en direct</description>
        <lastBuildDate>Mon, 10 Feb 2025 12:39:37 GMT</lastBuildDate>
        <docs>http://blogs.law.harvard.edu/tech/rss</docs>
        <generator>BFMTV</generator>
        <language>fr</language>
        <image>
            <title>Home Europe - actualités</title>
            <url>https://www.bfmtv.com/assets/v11/images/BFMTV_default_16x9.8715a163008e9f3fc3799c8e2c6ebafa.jpg</url>
            <link>https://www.bfmtv.com/international/europe/</link>
        </image>
        <copyright>Copyright BFMTV</copyright>
        <category>Home Europe - actualités</category>
        <atom:link href="https://www.bfmtv.com/international/europe/" rel="self" type="application/rss+xml"/>
        <item>
            <title><![CDATA["J’ai du mal à respirer": le pape François demande de l'aide pour lire son discours lors d'une messe]]></title>
            <link>https://www.bfmtv.com/international/europe/italie/j-ai-du-mal-a-respirer-le-pape-francois-demande-de-l-aide-pour-lire-son-discours-lors-d-une-messe_AV-202502100363.html</link>
            <guid>https://www.bfmtv.com/international/europe/italie/j-ai-du-mal-a-respirer-le-pape-francois-demande-de-l-aide-pour-lire-son-discours-lors-d-une-messe_AV-202502100363.html</guid>
            <pubDate>Mon, 10 Feb 2025 10:06:39 GMT</pubDate>
            <description><![CDATA[Le souverain pontife, âgé de 88 ans, est toutefois parvenu à reprendre son discours quelques minutes plus tard sur la place Saint-Pierre, ce dimanche 9 février. <br /><br /><img src="https://images.bfmtv.com/lMquPd4r49-l2HpLACdhT8Z5tCo=/0x53:1024x629/800x0/images/J-ai-du-mal-a-respirer-le-pape-Francois-demande-de-l-aide-pour-lire-son-discours-lors-d-une-messe-2030517.jpg" />]]></description>
            <enclosure url="https://images.bfmtv.com/lMquPd4r49-l2HpLACdhT8Z5tCo=/0x53:1024x629/800x0/images/J-ai-du-mal-a-respirer-le-pape-Francois-demande-de-l-aide-pour-lire-son-discours-lors-d-une-messe-2030517.jpg" length="0" type="image/jpg"/>
        </item>
        <item>
            <title><![CDATA[Fusillade en Suède: les mobiles du tueur restent inconnus cinq jours après les faits]]></title>
            <link>https://www.bfmtv.com/international/europe/fusillade-en-suede-les-mobiles-du-tueur-restent-inconnus-cinq-jours-apres-les-faits_AD-202502090455.html</link>
            <guid>https://www.bfmtv.com/international/europe/fusillade-en-suede-les-mobiles-du-tueur-restent-inconnus-cinq-jours-apres-les-faits_AD-202502090455.html</guid>
            <pubDate>Sun, 09 Feb 2025 22:17:22 GMT</pubDate>
            <description><![CDATA[Dix personnes sont mortes ce mardi 4 février dans une fusillade dans un centre de formation pour adultes. La police a confirmé que l'assaillant avait été auparavant élève de l'établissement.<br /><br /><img src="https://images.bfmtv.com/97jvbCQvmxKQd9TzbQtFJuwbLNQ=/0x106:2048x1258/800x0/images/Un-policier-boucle-une-zone-pres-de-l-ecole-Risbergska-a-Orebro-en-Suede-le-4-fevrier-2025-apres-avoir-ete-informe-d-un-crime-violent-grave-2027106.jpg" />]]></description>
            <enclosure url="https://images.bfmtv.com/97jvbCQvmxKQd9TzbQtFJuwbLNQ=/0x106:2048x1258/800x0/images/Un-policier-boucle-une-zone-pres-de-l-ecole-Risbergska-a-Orebro-en-Suede-le-4-fevrier-2025-apres-avoir-ete-informe-d-un-crime-violent-grave-2027106.jpg" length="0" type="image/jpg"/>
        </item>
        <item>
            <title><![CDATA[Les Suisses votent contre l'inscription dans la Constitution du respect "des limites naturelles de la planète"]]></title>
            <link>https://www.bfmtv.com/international/europe/suisse/les-suisses-votent-contre-l-inscription-dans-la-constitution-du-respect-des-limites-naturelles-de-la-planete_AD-202502090450.html</link>
            <guid>https://www.bfmtv.com/international/europe/suisse/les-suisses-votent-contre-l-inscription-dans-la-constitution-du-respect-des-limites-naturelles-de-la-planete_AD-202502090450.html</guid>
            <pubDate>Sun, 09 Feb 2025 21:58:33 GMT</pubDate>
            <description><![CDATA[Les électeurs suisses étaient appelés à se prononcer lors d'un référendum "pour une économie responsable dans les limites de la planète". L'objectif était "d'aboutir à une économie et une société où la quantité de ressources consommées et celle des polluants rejetés restent dans des proportions supportables par l'environnement".<br /><br /><img src="https://images.bfmtv.com/gdNIvvmHVtDe6FuUZJJWImJrHLc=/0x106:2048x1258/800x0/images/Une-vache-avec-le-coucher-du-soleil-sur-le-lac-Leman-en-arriere-plan-au-Mont-de-Gourze-au-dessus-de-Riez-en-Suisse-le-11-octobre-2024-2030244.jpg" />]]></description>
            <enclosure url="https://images.bfmtv.com/gdNIvvmHVtDe6FuUZJJWImJrHLc=/0x106:2048x1258/800x0/images/Une-vache-avec-le-coucher-du-soleil-sur-le-lac-Leman-en-arriere-plan-au-Mont-de-Gourze-au-dessus-de-Riez-en-Suisse-le-11-octobre-2024-2030244.jpg" length="0" type="image/jpg"/>
        </item>
        <item>
            <title><![CDATA[Irlande: plusieurs personnes poignardées à Dublin, un homme arrêté]]></title>
            <link>https://www.bfmtv.com/international/europe/irlande/irlande-plusieurs-personnes-poignardees-a-dublin-un-homme-arrete_AD-202502090351.html</link>
            <guid>https://www.bfmtv.com/international/europe/irlande/irlande-plusieurs-personnes-poignardees-a-dublin-un-homme-arrete_AD-202502090351.html</guid>
            <pubDate>Sun, 09 Feb 2025 16:36:58 GMT</pubDate>
            <description><![CDATA[Selon The Irish Times, quatre personnes seraient blessées, l'une d'entre elle ayant été agressée devant chez elle alors qu'elle rentrait. <br /><br /><img src="https://images.bfmtv.com/jI7g7Bn6YQ8k2XuZw07NjNxS4tc=/0x104:2048x1256/800x0/images/Des-policiers-irlandais-a-Dublin-au-lendemain-d-une-attaque-au-couteau-le-24-novembre-2023-1756701.jpg" />]]></description>
            <enclosure url="https://images.bfmtv.com/jI7g7Bn6YQ8k2XuZw07NjNxS4tc=/0x104:2048x1256/800x0/images/Des-policiers-irlandais-a-Dublin-au-lendemain-d-une-attaque-au-couteau-le-24-novembre-2023-1756701.jpg" length="0" type="image/jpg"/>
        </item>
        <item>
            <title><![CDATA[Des ONG ukrainiennes s'inquiètent du retour de Donald Trump à la Maison Blanche]]></title>
            <link>https://www.bfmtv.com/international/europe/ukraine/des-ong-ukrainiennes-s-inquietent-du-retour-de-donald-trump-a-la-maison-blanche_VN-202502090094.html</link>
            <guid>https://www.bfmtv.com/international/europe/ukraine/des-ong-ukrainiennes-s-inquietent-du-retour-de-donald-trump-a-la-maison-blanche_VN-202502090094.html</guid>
            <pubDate>Sun, 09 Feb 2025 07:28:23 GMT</pubDate>
            <description><![CDATA[Dans une salle de concert transformée en centre d'accueil, des Ukrainiens évacués trouvent refuge. L'ONG, dépendante de l'aide américaine, fait face à une crise après l'arrêt des financements, rendant l'aide aux personnes malades de plus en plus difficile.<br /><br /><img src="https://images.bfmtv.com/-BIgYbG_3HHddD82on_V-MS6Afc=/0x0:1280x720/800x0/images/Des-ONG-ukrainiennes-s-inquietent-du-retour-de-Donald-Trump-a-la-Maison-Blanche-2029959.jpg" />]]></description>
            <enclosure url="https://images.bfmtv.com/-BIgYbG_3HHddD82on_V-MS6Afc=/0x0:1280x720/800x0/images/Des-ONG-ukrainiennes-s-inquietent-du-retour-de-Donald-Trump-a-la-Maison-Blanche-2029959.jpg" length="0" type="image/jpg"/>
        </item>
        <item>
            <title><![CDATA["Il est trop juif": au Royaume-Uni, un ministre viré pour des "blagues" haineuses sur Whatsapp]]></title>
            <link>https://www.bfmtv.com/international/europe/angleterre/il-est-trop-juif-au-royaume-uni-un-ministre-vire-pour-des-blagues-haineuses-sur-whatsapp_AN-202502090088.html</link>
            <guid>https://www.bfmtv.com/international/europe/angleterre/il-est-trop-juif-au-royaume-uni-un-ministre-vire-pour-des-blagues-haineuses-sur-whatsapp_AN-202502090088.html</guid>
            <pubDate>Sun, 09 Feb 2025 07:15:37 GMT</pubDate>
            <description><![CDATA[Des "blagues" racistes, sexistes ou antisémites du ministre de la Santé britannique Andrew Gwynne ont été révélées par la presse britannique ce week-end. Le Premier ministre Keir Starmer a démis de ses fonctions le membre du gouvernement.<br /><br /><img src="https://images.bfmtv.com/bDbMi8JKqHyGSgnwn7lXzxpyvMk=/0x106:2048x1258/800x0/images/L-entree-du-10-Downing-Street-residence-du-Premier-ministre-britannique-en-juin-2022-1643725.jpg" />]]></description>
            <enclosure url="https://images.bfmtv.com/bDbMi8JKqHyGSgnwn7lXzxpyvMk=/0x106:2048x1258/800x0/images/L-entree-du-10-Downing-Street-residence-du-Premier-ministre-britannique-en-juin-2022-1643725.jpg" length="0" type="image/jpg"/>
        </item>
        <item>
            <title><![CDATA[Allemagne: 250.000 manifestants réunis contre l'extrême droite à Munich]]></title>
            <link>https://www.bfmtv.com/international/europe/allemagne/allemagne-250-000-manifestants-reunis-contre-l-extreme-droite-a-munich_VN-202502090073.html</link>
            <guid>https://www.bfmtv.com/international/europe/allemagne/allemagne-250-000-manifestants-reunis-contre-l-extreme-droite-a-munich_VN-202502090073.html</guid>
            <pubDate>Sun, 09 Feb 2025 06:39:52 GMT</pubDate>
            <description><![CDATA["Il faut arrêter le fascisme et pas le minimiser": 250.000 personnes ont manifesté ce samedi 8 février à Munich (sud), mobilisées comme dans d'autres villes allemandes contre l'extrême droite, à deux semaines des législatives.<br /><br /><img src="https://images.bfmtv.com/4ePfKQBxR3e_ArrNTygjSiUJMWs=/0x0:1280x720/800x0/images/Allemagne-250-000-manifestants-reunis-contre-l-extreme-droite-a-Munich-2029948.jpg" />]]></description>
            <enclosure url="https://images.bfmtv.com/4ePfKQBxR3e_ArrNTygjSiUJMWs=/0x0:1280x720/800x0/images/Allemagne-250-000-manifestants-reunis-contre-l-extreme-droite-a-Munich-2029948.jpg" length="0" type="image/jpg"/>
        </item>
        <item>
            <title><![CDATA[Ukraine-Russie: la guerre]]></title>
            <link>https://www.bfmtv.com/international/europe/ukraine-russie-le-bras-de-fer-mondial_DN-201904150203.html</link>
            <guid>https://www.bfmtv.com/international/europe/ukraine-russie-le-bras-de-fer-mondial_DN-201904150203.html</guid>
            <pubDate>Sun, 09 Feb 2025 06:00:11 GMT</pubDate>
            <description><![CDATA[Après des années de tension, le président russe Vladimir Poutine a relancé le conflit entre son pays et l'Ukraine - dirigée par Volodymyr Zelensky - en annonçant, le 21 février 2022, "reconnaître l'indépendance de la République populaire de Donetsk et de la République populaire de Lougansk", deux régions séparatistes prorusses du Donbass. Dans la foulée, le leader du Kremlin a enclenché, le 24 février, une opération militaire de grande envergure en Ukraine pour officiellement défendre ces séparatistes.

"Nous nous efforcerons d'arriver à une démilitarisation et une dénazification de l'Ukraine", a-t-il dit. Le Kremlin a précisé que cette opération ayant pour objectif l'imposition d'un "statut neutre" à l'Ukraine, durerait le temps nécessaire, en fonction de ses "résultats" et sa "pertinence".

Cette offensive russe intervient huit ans après que Moscou a annexé la Crimée et parrainé la prise de contrôle de régions du Donbass par des séparatistes prorusses, déclenchant un conflit régional qui a fait plus de 14.000 morts.

L'Ukraine a de son côté dénoncé le début d'une "invasion de grande ampleur de la Russie". Cette opération vise à "détruire l'État ukrainien, s'emparer de son territoire par la force et établir une occupation", a notamment réagi le ministère des Affaires étrangères ukrainiens.

Juste après le discours de Vladimir Poutine, des explosions ont retenti à Kiev, à Kramatorsk, ville de l'est servant de quartier général à l'armée ukrainienne, à Kharkiv (nord-est), deuxième ville d'Ukraine, à Odessa, sur la mer Noire, et à Marioupol, principal port de l'est. La centrale de Tchernobyl, théâtre du pire accident nucléaire de l'histoire en 1986, est tombée plus tard aux mains des soldats russes.

Dès les premières heures de la journée, des habitants de Kiev se sont pressés dans le métro pour s'y abriter ou tenter de quitter la ville, cependant que des voitures remplies de familles fuyant la capitale créaient de vastes embouteillages.

Le président ukrainien Volodymyr Zelensky a ordonné dans un décret la mobilisation générale des personnes soumises "à la conscription militaire et des réservistes", sous 90 jours dans toutes les régions du pays. Le dirigeant a regretté que l'Ukraine soit "laissée seule" face à l'armée russe alors que l'Alliance atlantique (Otan) a indiqué qu'elle n'enverrait pas de troupes pour la soutenir.

De nombreux pays ont malgré tout condamné l'invasion russe. Le président américain Joe Biden, pour qui le maître du Kremlin va devenir "un paria sur la scène internationale", a imposé des restrictions aux exportations de produits technologiques vers la Russie. Le numéro deux de l'ambassade russe à Washington a été expulsé.

Les dirigeants des 27 pays de l'UE ont parallèlement pris des sanctions "massives" contre la Russie dans les secteurs de l'énergie, de la finance et des transports mais sans l'exclure dans l'immédiat du réseau bancaire Swift, qui permet de recevoir ou d'émettre des paiements dans le monde entier. Des sanctions qui auront des conséquences sur l''économie européenne. 

Emmanuel Macron a lui annoncé que la France allait accélérer le déploiement de soldats en Roumanie dans le cadre de l'Otan. "La France continuera à jouer pleinement son rôle de réassurance des alliés de l'Otan en envoyant en Estonie un nouveau contingent au sein de la présence avancée renforcée, en anticipant sa participation à la police du ciel balte dès le mois de mars, et en accélérant aussi son déploiement en Roumanie", a déclaré le président français à l'issue d'un sommet exceptionnel de l'UE à Bruxelles.<br /><br /><img src="https://images.bfmtv.com/fZ1HFFXlrYab3xjpRXE_cgS7uRg=/0x0:1920x1080/800x0/images/Une-femme-devant-un-immeuble-detruit-de-Kiev-le-25-fevrier-2022-apres-le-lancement-de-l-invasion-russe-en-Ukraine-1356822.jpg" />]]></description>
            <enclosure url="https://images.bfmtv.com/fZ1HFFXlrYab3xjpRXE_cgS7uRg=/0x0:1920x1080/800x0/images/Une-femme-devant-un-immeuble-detruit-de-Kiev-le-25-fevrier-2022-apres-le-lancement-de-l-invasion-russe-en-Ukraine-1356822.jpg" length="0" type="image/jpg"/>
        </item>
        <item>
            <title><![CDATA[Allemagne: nouvelles manifestations contre l'extrême droite, 250.000 personnes réunies à Munich]]></title>
            <link>https://www.bfmtv.com/international/europe/allemagne/allemagne-nouvelles-manifestations-contre-l-extreme-droite-250-000-personnes-reunies-a-munich_AD-202502080422.html</link>
            <guid>https://www.bfmtv.com/international/europe/allemagne/allemagne-nouvelles-manifestations-contre-l-extreme-droite-250-000-personnes-reunies-a-munich_AD-202502080422.html</guid>
            <pubDate>Sat, 08 Feb 2025 22:22:49 GMT</pubDate>
            <description><![CDATA[Selon des récents sondages, à deux semaines des législatives, les conservateurs restent premiers, autour de 30%, l'AfD deuxième, tandis que les sociaux-démocrates du chancelier Olaf Scholz et les Verts -les deux partis actuellement au gouvernement- oscillent chacun autour de 15%.<br /><br /><img src="https://images.bfmtv.com/Zi_hO2QDuoaKahxukY-8wUjsL3g=/0x60:2048x1212/800x0/images/Des-personnes-participent-a-une-manifestation-contre-l-extreme-droite-a-la-Theresienwiese-a-Munich-en-Allemagne-le-8-fevrier-2025-2029904.jpg" />]]></description>
            <enclosure url="https://images.bfmtv.com/Zi_hO2QDuoaKahxukY-8wUjsL3g=/0x60:2048x1212/800x0/images/Des-personnes-participent-a-une-manifestation-contre-l-extreme-droite-a-la-Theresienwiese-a-Munich-en-Allemagne-le-8-fevrier-2025-2029904.jpg" length="0" type="image/jpg"/>
        </item>
        <item>
            <title><![CDATA[Belgique: la ville de Louvain interdit désormais à ses employés de se faire la bise au travail]]></title>
            <link>https://www.bfmtv.com/international/europe/belgique/belgique-la-ville-de-louvain-interdit-desormais-a-ses-employes-de-se-faire-la-bise-au-travail_AN-202502080307.html</link>
            <guid>https://www.bfmtv.com/international/europe/belgique/belgique-la-ville-de-louvain-interdit-desormais-a-ses-employes-de-se-faire-la-bise-au-travail_AN-202502080307.html</guid>
            <pubDate>Sat, 08 Feb 2025 15:39:38 GMT</pubDate>
            <description><![CDATA[La ville flamande a instauré un nouveau code de conduite pour ses employés communaux. Un élu a justifié cette décision en invoquant le "souci politique de se traiter les uns les autres avec respect".<br /><br /><img src="https://images.bfmtv.com/hGYgl2ro3S1sdkunStfoydSikM8=/0x22:2048x1174/800x0/images/La-facade-de-la-mairie-de-Louvain-en-Belgique-2029781.jpg" />]]></description>
            <enclosure url="https://images.bfmtv.com/hGYgl2ro3S1sdkunStfoydSikM8=/0x22:2048x1174/800x0/images/La-facade-de-la-mairie-de-Louvain-en-Belgique-2029781.jpg" length="0" type="image/jpg"/>
        </item>
        <item>
            <title><![CDATA[Viktor Orban]]></title>
            <link>https://www.bfmtv.com/international/europe/viktor-orban_DN-202108310681.html</link>
            <guid>https://www.bfmtv.com/international/europe/viktor-orban_DN-202108310681.html</guid>
            <pubDate>Sat, 08 Feb 2025 10:58:43 GMT</pubDate>
            <description><![CDATA[<img src="https://images.bfmtv.com/MomceAkaHCIPG_L7v4Ptviq3NPw=/0x39:768x471/800x0/images/Le-Premier-ministre-hongrois-Viktor-Orban-apres-un-conseil-europeen-le-23-juin-2021-a-Bruxelles-1061701.jpg" />]]></description>
            <enclosure url="https://images.bfmtv.com/MomceAkaHCIPG_L7v4Ptviq3NPw=/0x39:768x471/800x0/images/Le-Premier-ministre-hongrois-Viktor-Orban-apres-un-conseil-europeen-le-23-juin-2021-a-Bruxelles-1061701.jpg" length="0" type="image/jpg"/>
        </item>
        <item>
            <title><![CDATA[Guerre en Ukraine: Donald Trump souhaite que Kiev fournisse aux États-Unis des terres rares, en échange d'un soutien financier]]></title>
            <link>https://www.bfmtv.com/international/europe/ukraine/guerre-en-ukraine-donald-trump-souhaite-que-kiev-fournisse-aux-etats-unis-des-terres-rares-en-echange-d-un-soutien-financier_VN-202502080108.html</link>
            <guid>https://www.bfmtv.com/international/europe/ukraine/guerre-en-ukraine-donald-trump-souhaite-que-kiev-fournisse-aux-etats-unis-des-terres-rares-en-echange-d-un-soutien-financier_VN-202502080108.html</guid>
            <pubDate>Sat, 08 Feb 2025 07:21:53 GMT</pubDate>
            <description><![CDATA[Donald Trump prévoit de rencontrer Volodymyr Zelensky la semaine prochaine, alors que les États-Unis pourraient dévoiler un plan pour le conflit ukrainien. <br /><br /><img src="https://images.bfmtv.com/8cUomWBbH_4BGEcqOYFyuLSYpps=/0x0:1280x720/800x0/images/Guerre-en-Ukraine-Donald-Trump-souhaite-que-Kiev-fournisse-aux-Etats-Unis-des-terres-rares-en-echange-d-un-soutien-financier-2029623.jpg" />]]></description>
            <enclosure url="https://images.bfmtv.com/8cUomWBbH_4BGEcqOYFyuLSYpps=/0x0:1280x720/800x0/images/Guerre-en-Ukraine-Donald-Trump-souhaite-que-Kiev-fournisse-aux-Etats-Unis-des-terres-rares-en-echange-d-un-soutien-financier-2029623.jpg" length="0" type="image/jpg"/>
        </item>
        <item>
            <title><![CDATA[Croatie: un ancien élu soupçonné d'avoir détourné des fonds publics pour acheter 1,5 tonne de saucisse]]></title>
            <link>https://www.bfmtv.com/international/europe/croatie-un-ancien-elu-soupconne-d-avoir-detourne-des-fonds-publics-pour-acheter-1-5-tonne-de-saucisse_AD-202502070905.html</link>
            <guid>https://www.bfmtv.com/international/europe/croatie-un-ancien-elu-soupconne-d-avoir-detourne-des-fonds-publics-pour-acheter-1-5-tonne-de-saucisse_AD-202502070905.html</guid>
            <pubDate>Fri, 07 Feb 2025 20:24:39 GMT</pubDate>
            <description><![CDATA[Davor Milicevic, ancien député et maire de la ville croate de Zupanja, a été interpellé ce jeudi car il est soupçonné d'avoir détourné de l'argent public afin d'acheter 1,5 tonne de saucisse.<br /><br /><img src="https://images.bfmtv.com/3g-L2rdCXidTElhAufg1W-QE7gU=/0x41:800x491/800x0/images/-446064.jpg" />]]></description>
            <enclosure url="https://images.bfmtv.com/3g-L2rdCXidTElhAufg1W-QE7gU=/0x41:800x491/800x0/images/-446064.jpg" length="0" type="image/jpg"/>
        </item>
        <item>
            <title><![CDATA[LE CHOIX D'OLIVIER - L'extrême droite européenne réunie à Madrid]]></title>
            <link>https://www.bfmtv.com/international/europe/le-choix-d-olivier-l-extreme-droite-europeenne-reunie-a-madrid_VN-202502070897.html</link>
            <guid>https://www.bfmtv.com/international/europe/le-choix-d-olivier-l-extreme-droite-europeenne-reunie-a-madrid_VN-202502070897.html</guid>
            <pubDate>Fri, 07 Feb 2025 20:14:47 GMT</pubDate>
            <description><![CDATA[Les figures emblématiques de l'extrême droite européenne et du groupe "Les Patriotes pour l'Europe", sont réunies ce vendredi dans la capitale espagnole.<br /><br /><img src="https://images.bfmtv.com/UK_2BLEEuIes-lw3HKmGxupMOBw=/0x0:1280x720/800x0/images/LE-CHOIX-D-OLIVIER-L-extreme-droite-europeenne-reunie-a-Madrid-2029532.jpg" />]]></description>
            <enclosure url="https://images.bfmtv.com/UK_2BLEEuIes-lw3HKmGxupMOBw=/0x0:1280x720/800x0/images/LE-CHOIX-D-OLIVIER-L-extreme-droite-europeenne-reunie-a-Madrid-2029532.jpg" length="0" type="image/jpg"/>
        </item>
        <item>
            <title><![CDATA["Make Europe great again": l'extrême droite européenne réunie à Madrid]]></title>
            <link>https://www.bfmtv.com/international/europe/make-europe-great-again-l-extreme-droite-europeenne-reunie-a-madrid_VN-202502070853.html</link>
            <guid>https://www.bfmtv.com/international/europe/make-europe-great-again-l-extreme-droite-europeenne-reunie-a-madrid_VN-202502070853.html</guid>
            <pubDate>Fri, 07 Feb 2025 18:58:42 GMT</pubDate>
            <description><![CDATA[Les figures emblématiques de l'extrême droite européenne et du groupe "Les Patriotes pour l'Europe", sont réunies ce vendredi dans la capitale espagnole.<br /><br /><img src="https://images.bfmtv.com/3xMZCj-APj2sWmvRLsHCWzHkrpY=/0x0:1280x720/800x0/images/Make-Europe-great-again-l-extreme-droite-europeenne-reunie-a-Madrid-2029505.jpg" />]]></description>
            <enclosure url="https://images.bfmtv.com/3xMZCj-APj2sWmvRLsHCWzHkrpY=/0x0:1280x720/800x0/images/Make-Europe-great-again-l-extreme-droite-europeenne-reunie-a-Madrid-2029505.jpg" length="0" type="image/jpg"/>
        </item>
        <item>
            <title><![CDATA[Guerre en Ukraine: Moscou revendique la prise de la ville minière de Toretsk après des mois de combats]]></title>
            <link>https://www.bfmtv.com/international/europe/ukraine/guerre-en-ukraine-moscou-revendique-la-prise-de-la-ville-miniere-de-toretsk-apres-des-mois-de-combats_AD-202502070656.html</link>
            <guid>https://www.bfmtv.com/international/europe/ukraine/guerre-en-ukraine-moscou-revendique-la-prise-de-la-ville-miniere-de-toretsk-apres-des-mois-de-combats_AD-202502070656.html</guid>
            <pubDate>Fri, 07 Feb 2025 16:07:34 GMT</pubDate>
            <description><![CDATA[La ville de Toretsk, qui comptait environ 30.000 habitants avant le début du conflit, est aujourd'hui essentiellement en ruines. Elle était depuis l'été dernier la cible d'assauts russes. <br /><br /><img src="https://images.bfmtv.com/e477rqIqjm_h_WvTg0vNzK7TQqI=/0x106:2048x1258/800x0/images/Un-habitant-de-Torestsk-passant-devant-un-immeuble-detruit-le-25-juin-2024-2029340.jpg" />]]></description>
            <enclosure url="https://images.bfmtv.com/e477rqIqjm_h_WvTg0vNzK7TQqI=/0x106:2048x1258/800x0/images/Un-habitant-de-Torestsk-passant-devant-un-immeuble-detruit-le-25-juin-2024-2029340.jpg" length="0" type="image/jpg"/>
        </item>
        <item>
            <title><![CDATA[Six mois après l'offensive de Kiev, la Russie ne parvient pas à reprendre le contrôle total de la région de Koursk]]></title>
            <link>https://www.bfmtv.com/international/europe/ukraine/six-mois-apres-l-offensive-de-kiev-la-russie-ne-parvient-pas-a-reprendre-le-controle-total-de-la-region-de-koursk_AD-202502070616.html</link>
            <guid>https://www.bfmtv.com/international/europe/ukraine/six-mois-apres-l-offensive-de-kiev-la-russie-ne-parvient-pas-a-reprendre-le-controle-total-de-la-region-de-koursk_AD-202502070616.html</guid>
            <pubDate>Fri, 07 Feb 2025 15:17:20 GMT</pubDate>
            <description><![CDATA[En août dernier, Kiev lançait une offensive dans cette région frontalière de l'Ukraine. Si la Russie a remis la main sur nombre de territoires perdus depuis, l'oblast de Koursk demeure le théâtre de nombreux affrontements.<br /><br /><img src="https://images.bfmtv.com/P-2aSnbAGYO61TFwmhnBTYrS1Xo=/0x106:2048x1258/800x0/images/Un-char-russe-detruit-a-l-exterieur-de-la-ville-russe-de-Sudzha-dans-la-region-de-Koursk-le-16-aout-2024-1971371.jpg" />]]></description>
            <enclosure url="https://images.bfmtv.com/P-2aSnbAGYO61TFwmhnBTYrS1Xo=/0x106:2048x1258/800x0/images/Un-char-russe-detruit-a-l-exterieur-de-la-ville-russe-de-Sudzha-dans-la-region-de-Koursk-le-16-aout-2024-1971371.jpg" length="0" type="image/jpg"/>
        </item>
        <item>
            <title><![CDATA["Une guerre des gangs": troisième fusillade en trois jours à Bruxelles, au moins un mort]]></title>
            <link>https://www.bfmtv.com/international/europe/belgique/une-guerre-des-gangs-troisieme-fusillade-en-trois-jours-a-bruxelles-au-moins-un-mort_AN-202502070344.html</link>
            <guid>https://www.bfmtv.com/international/europe/belgique/une-guerre-des-gangs-troisieme-fusillade-en-trois-jours-a-bruxelles-au-moins-un-mort_AN-202502070344.html</guid>
            <pubDate>Fri, 07 Feb 2025 09:39:25 GMT</pubDate>
            <description><![CDATA[Plusieurs fusillades ont éclaté en lien avec le trafic de drogues dans la région de Bruxelles, en Belgique. La capitale belge et le port d'Anvers, où transitent d'importants lots de cocaïne, sont particulièrement touchés par les trafics.<br /><br /><img src="https://images.bfmtv.com/ao5LY5gu5uiUJO9DCYUZar_Jcik=/0x212:2048x1364/800x0/images/Une-voiture-de-police-a-Anderlecht-en-Belgique-2029118.jpg" />]]></description>
            <enclosure url="https://images.bfmtv.com/ao5LY5gu5uiUJO9DCYUZar_Jcik=/0x212:2048x1364/800x0/images/Une-voiture-de-police-a-Anderlecht-en-Belgique-2029118.jpg" length="0" type="image/jpg"/>
        </item>
        <item>
            <title><![CDATA[Grèce: les autorités déclarent l'état d'urgence à Santorin après une série de séismes]]></title>
            <link>https://www.bfmtv.com/international/europe/grece/grece-les-autorites-declarent-l-etat-d-urgence-a-santorin-apres-une-serie-de-seismes_AN-202502070279.html</link>
            <guid>https://www.bfmtv.com/international/europe/grece/grece-les-autorites-declarent-l-etat-d-urgence-a-santorin-apres-une-serie-de-seismes_AN-202502070279.html</guid>
            <pubDate>Fri, 07 Feb 2025 08:15:37 GMT</pubDate>
            <description><![CDATA[Touchée par une vague de séisme inédite, l'île touristique de Santorin a été placée en état d'urgence. Les scientifiques s'attendent à de nouvelles secousses.<br /><br /><img src="https://images.bfmtv.com/oc39L2yMDRERN-5uU7fl0JMXQ28=/0x106:2048x1258/800x0/images/Des-employes-municipaux-coupent-l-acces-a-une-ruelle-du-village-d-Oia-a-Santorin-le-5-fevrier-2025-apres-une-serie-de-secousses-enregistrees-sur-l-ile-grecque-2029033.jpg" />]]></description>
            <enclosure url="https://images.bfmtv.com/oc39L2yMDRERN-5uU7fl0JMXQ28=/0x106:2048x1258/800x0/images/Des-employes-municipaux-coupent-l-acces-a-une-ruelle-du-village-d-Oia-a-Santorin-le-5-fevrier-2025-apres-une-serie-de-secousses-enregistrees-sur-l-ile-grecque-2029033.jpg" length="0" type="image/jpg"/>
        </item>
        <item>
            <title><![CDATA[Une téléréalité britannique qui met en scène des candidats dans la peau de migrants fait polémique]]></title>
            <link>https://www.bfmtv.com/international/europe/angleterre/une-telerealite-britannique-qui-met-des-candidats-dans-la-peau-de-migrants-fait-polemique_VN-202502060768.html</link>
            <guid>https://www.bfmtv.com/international/europe/angleterre/une-telerealite-britannique-qui-met-des-candidats-dans-la-peau-de-migrants-fait-polemique_VN-202502060768.html</guid>
            <pubDate>Thu, 06 Feb 2025 17:21:32 GMT</pubDate>
            <description><![CDATA[Une téléréalité britannique baptisée "Retourne d'où tu viens", "Go Back to Where You Came From" en version originale, met en scène six candidats dans la peau de migrants fuyant la guerre et la misère. La série a été diffusée pour la première fois le 3 février dernier et n'a pas manqué de faire réagir sur les réseaux, mais également les ONG<br /><br /><img src="https://images.bfmtv.com/uyi1XJgX-qWBBYIwIHK2tRSntQE=/0x0:1280x720/800x0/images/Une-telerealite-britannique-qui-met-des-candidats-dans-la-peau-de-migrants-fait-polemique-2028711.jpg" />]]></description>
            <enclosure url="https://images.bfmtv.com/uyi1XJgX-qWBBYIwIHK2tRSntQE=/0x0:1280x720/800x0/images/Une-telerealite-britannique-qui-met-des-candidats-dans-la-peau-de-migrants-fait-polemique-2028711.jpg" length="0" type="image/jpg"/>
        </item>
        <item>
            <title><![CDATA[Londres: ravagée par un incendie qui avait fait 72 morts en 2017, la tour Grenfell va être démolie]]></title>
            <link>https://www.bfmtv.com/international/europe/angleterre/londres-ravagee-par-un-incendie-qui-avait-fait-72-morts-en-2017-la-tour-grenfell-va-etre-demolie_AD-202502060534.html</link>
            <guid>https://www.bfmtv.com/international/europe/angleterre/londres-ravagee-par-un-incendie-qui-avait-fait-72-morts-en-2017-la-tour-grenfell-va-etre-demolie_AD-202502060534.html</guid>
            <pubDate>Thu, 06 Feb 2025 12:55:11 GMT</pubDate>
            <description><![CDATA[En juin 2017, un feu avait ravagé cette tour londonienne de 24 étages occupée par des familles généralement modestes. 72 personnes sont mortes. La démolition de cette tour, devenue un mémorial, pour des raisons de sécurité fait débat. <br /><br /><img src="https://images.bfmtv.com/NoanIVj1txM_cngwYtcnZ-RD3Ww=/7x109:2039x1252/800x0/images/La-tour-Grenfell-dans-l-ouest-de-Londres-le-14-juin-2022-a-l-occasion-du-cinquieme-anniversaire-de-la-tragedie-afin-de-rendre-hommage-aux-victimes-2028499.jpg" />]]></description>
            <enclosure url="https://images.bfmtv.com/NoanIVj1txM_cngwYtcnZ-RD3Ww=/7x109:2039x1252/800x0/images/La-tour-Grenfell-dans-l-ouest-de-Londres-le-14-juin-2022-a-l-occasion-du-cinquieme-anniversaire-de-la-tragedie-afin-de-rendre-hommage-aux-victimes-2028499.jpg" length="0" type="image/jpg"/>
        </item>
        <item>
            <title><![CDATA[Fusillade en Suède: "plusieurs nationalités" parmi les victimes, dont des Syriens]]></title>
            <link>https://www.bfmtv.com/international/europe/fusillade-en-suede-plusieurs-nationalites-parmi-les-victimes-dont-des-syriens_AD-202502060448.html</link>
            <guid>https://www.bfmtv.com/international/europe/fusillade-en-suede-plusieurs-nationalites-parmi-les-victimes-dont-des-syriens_AD-202502060448.html</guid>
            <pubDate>Thu, 06 Feb 2025 11:18:32 GMT</pubDate>
            <description><![CDATA[Deux jours après la fusillade qui a eu lieu à Örebro en Suède, la police annonce ce jeudi 6 février que "plusieurs nationalités" figurent parmi les victimes.  <br /><br /><img src="https://images.bfmtv.com/or5-Ux6qkv2IfHIbcLCkez8DuxU=/7x156:2039x1299/800x0/images/SUEDE-FUSILLADE-2028423.jpg" />]]></description>
            <enclosure url="https://images.bfmtv.com/or5-Ux6qkv2IfHIbcLCkez8DuxU=/7x156:2039x1299/800x0/images/SUEDE-FUSILLADE-2028423.jpg" length="0" type="image/jpg"/>
        </item>
        <item>
            <title><![CDATA["Il a tiré dans ma direction": un étudiant raconte comment il a échappé à la fusillade en Suède]]></title>
            <link>https://www.bfmtv.com/international/europe/il-a-tire-dans-ma-direction-un-etudiant-raconte-comment-il-a-echappe-a-la-fusillade-en-suede_AN-202502060411.html</link>
            <guid>https://www.bfmtv.com/international/europe/il-a-tire-dans-ma-direction-un-etudiant-raconte-comment-il-a-echappe-a-la-fusillade-en-suede_AN-202502060411.html</guid>
            <pubDate>Thu, 06 Feb 2025 10:48:53 GMT</pubDate>
            <description><![CDATA[Au moins dix personnes sont mortes dans une fusillade dans un centre de formation pour adultes à Örebro, en Suède, mardi 4 février. Il s'agit de la fusillade dans un établissement scolaire la plus meurtrière qu'a jamais connue la Suède dans son histoire.  <br /><br /><img src="https://images.bfmtv.com/eDsVrI0BzCw3ne5gp_PWGeA7MH8=/0x106:2048x1258/800x0/images/suede-fusillade-2028415.jpg" />]]></description>
            <enclosure url="https://images.bfmtv.com/eDsVrI0BzCw3ne5gp_PWGeA7MH8=/0x106:2048x1258/800x0/images/suede-fusillade-2028415.jpg" length="0" type="image/jpg"/>
        </item>
        <item>
            <title><![CDATA[Grèce: nouvelles secousses au large de l'île de Santorin, dont l'une supérieure à 5]]></title>
            <link>https://www.bfmtv.com/international/europe/grece/grece-nouvelles-secousses-au-large-de-l-ile-de-santorin-dont-l-une-superieure-a-5_AD-202502060338.html</link>
            <guid>https://www.bfmtv.com/international/europe/grece/grece-nouvelles-secousses-au-large-de-l-ile-de-santorin-dont-l-une-superieure-a-5_AD-202502060338.html</guid>
            <pubDate>Thu, 06 Feb 2025 09:25:27 GMT</pubDate>
            <description><![CDATA[Touchée depuis quelques jours par plusieurs séismes d'intensité minime à moyenne, l'île de Santorin, dans les Cyclades, a de nouveau connu des secousses entre mercredi soir et jeudi.     <br /><br /><img src="https://images.bfmtv.com/_z9h2_1nGSHAUQC1OYigaEQbLyI=/0x106:2048x1258/800x0/images/Des-employes-municipaux-coupent-l-acces-a-une-ruelle-du-village-d-Oia-a-Santorin-le-5-fevrier-2025-apres-une-serie-de-secousses-enregistrees-sur-l-ile-grecque-2028390.jpg" />]]></description>
            <enclosure url="https://images.bfmtv.com/_z9h2_1nGSHAUQC1OYigaEQbLyI=/0x106:2048x1258/800x0/images/Des-employes-municipaux-coupent-l-acces-a-une-ruelle-du-village-d-Oia-a-Santorin-le-5-fevrier-2025-apres-une-serie-de-secousses-enregistrees-sur-l-ile-grecque-2028390.jpg" length="0" type="image/jpg"/>
        </item>
        <item>
            <title><![CDATA[Bruxelles: une deuxième fusillade en moins de 24 heures près d'une station de métro]]></title>
            <link>https://www.bfmtv.com/international/europe/belgique/bruxelles-une-deuxieme-fusillade-en-moins-de-24-heures-pres-d-une-station-de-metro_AD-202502060296.html</link>
            <guid>https://www.bfmtv.com/international/europe/belgique/bruxelles-une-deuxieme-fusillade-en-moins-de-24-heures-pres-d-une-station-de-metro_AD-202502060296.html</guid>
            <pubDate>Thu, 06 Feb 2025 08:31:07 GMT</pubDate>
            <description><![CDATA[Quelques heures après des premiers coups de feu tirés mercredi matin, une nouvelle fusillade s'est produite près d'une station de métro de Bruxelles. Un homme serait blessé, selon des médias belges.<br /><br /><img src="https://images.bfmtv.com/y3LCv208nsYxaWD0Rml5krL8tfQ=/0x106:2048x1258/800x0/images/La-police-deployee-pres-de-la-station-de-metro-Clemenceau-a-Bruxelles-apres-des-coups-de-feu-le-5-fevrier-2024-2028373.jpg" />]]></description>
            <enclosure url="https://images.bfmtv.com/y3LCv208nsYxaWD0Rml5krL8tfQ=/0x106:2048x1258/800x0/images/La-police-deployee-pres-de-la-station-de-metro-Clemenceau-a-Bruxelles-apres-des-coups-de-feu-le-5-fevrier-2024-2028373.jpg" length="0" type="image/jpg"/>
        </item>
        <item>
            <title><![CDATA[Fusillade en Suède: des armes retrouvées dans le centre d'enseignement où ont eu lieu les tirs]]></title>
            <link>https://www.bfmtv.com/international/europe/fusillade-en-suede-des-armes-retrouvees-dans-le-centre-d-enseignement-ou-ont-lieu-les-tirs_AD-202502060256.html</link>
            <guid>https://www.bfmtv.com/international/europe/fusillade-en-suede-des-armes-retrouvees-dans-le-centre-d-enseignement-ou-ont-lieu-les-tirs_AD-202502060256.html</guid>
            <pubDate>Thu, 06 Feb 2025 07:53:17 GMT</pubDate>
            <description><![CDATA[Un homme inconnu des services de police a tué au moins dix personnes par balles dans un établissement de la ville d’Örebro, à l'ouest de Stockholm en Suède, mardi 4 février. <br /><br /><img src="https://images.bfmtv.com/lLnioP-b1tQVMpspndJ-UJ5-1Gc=/0x212:2048x1364/800x0/images/SUEDE-FUSILLADE-2027619.jpg" />]]></description>
            <enclosure url="https://images.bfmtv.com/lLnioP-b1tQVMpspndJ-UJ5-1Gc=/0x212:2048x1364/800x0/images/SUEDE-FUSILLADE-2027619.jpg" length="0" type="image/jpg"/>
        </item>
        <item>
            <title><![CDATA[Italie: trois morts dans la chute d'un hélicoptère]]></title>
            <link>https://www.bfmtv.com/international/europe/italie/italie-trois-morts-dans-la-chute-d-un-helicoptere_AD-202502051006.html</link>
            <guid>https://www.bfmtv.com/international/europe/italie/italie-trois-morts-dans-la-chute-d-un-helicoptere_AD-202502051006.html</guid>
            <pubDate>Wed, 05 Feb 2025 23:14:08 GMT</pubDate>
            <description><![CDATA[Trois personnes sont mortes ce mercredi dans la chute d'un hélicoptère survenue dans le nord de l'Italie. Parmi les victimes figure le dirigeant d'une entreprise de charcuterie qui emploie 1.000 personnes dans le monde.<br /><br /><img src="https://images.bfmtv.com/N7pa9dgChB23XSoIfvm51vq418w=/4x21:996x579/800x0/images/-205595.jpg" />]]></description>
            <enclosure url="https://images.bfmtv.com/N7pa9dgChB23XSoIfvm51vq418w=/4x21:996x579/800x0/images/-205595.jpg" length="0" type="image/jpg"/>
        </item>
        <item>
            <title><![CDATA[Traversée de la Manche, Syrie... Une téléréalité britannique polémique met les candidats dans la peau de migrants]]></title>
            <link>https://www.bfmtv.com/international/europe/angleterre/traversee-de-la-manche-syrie-une-telerealite-britannique-polemique-met-les-candidats-dans-la-peau-de-migrants_AN-202502050668.html</link>
            <guid>https://www.bfmtv.com/international/europe/angleterre/traversee-de-la-manche-syrie-une-telerealite-britannique-polemique-met-les-candidats-dans-la-peau-de-migrants_AN-202502050668.html</guid>
            <pubDate>Wed, 05 Feb 2025 16:04:51 GMT</pubDate>
            <description><![CDATA[Une téléréalité britannique baptisée "Retourne d'où tu viens" met en scène six candidats dans la peau de migrants fuyant la guerre et la misère.<br /><br /><img src="https://images.bfmtv.com/DVfCfcfD44Ub5C36YFEpvB7rNRI=/0x105:2048x1257/800x0/images/Des-migrants-s-appretent-a-monter-a-bord-d-un-bateau-de-passeurs-pour-tenter-de-traverser-la-Manche-a-Audresselles-dans-le-nord-de-la-France-le-25-octobre-2024-2027909.jpg" />]]></description>
            <enclosure url="https://images.bfmtv.com/DVfCfcfD44Ub5C36YFEpvB7rNRI=/0x105:2048x1257/800x0/images/Des-migrants-s-appretent-a-monter-a-bord-d-un-bateau-de-passeurs-pour-tenter-de-traverser-la-Manche-a-Audresselles-dans-le-nord-de-la-France-le-25-octobre-2024-2027909.jpg" length="0" type="image/jpg"/>
        </item>
        <item>
            <title><![CDATA[Donald Trump Jr a été filmé en train de tuer des espèces protégées de canards dans la région de Venise]]></title>
            <link>https://www.bfmtv.com/international/europe/italie/donald-trump-jr-a-ete-filme-en-train-de-tuer-des-especes-protegees-de-canards-dans-la-region-de-venise_VN-202502050631.html</link>
            <guid>https://www.bfmtv.com/international/europe/italie/donald-trump-jr-a-ete-filme-en-train-de-tuer-des-especes-protegees-de-canards-dans-la-region-de-venise_VN-202502050631.html</guid>
            <pubDate>Wed, 05 Feb 2025 15:20:49 GMT</pubDate>
            <description><![CDATA[Donald Trump Junior a été filmé en train de tuer des espèces protégées de canards dans la région de Venise, en Italie. Andrea Zanoni, un conseiller régional italien a publié ce 4 février sur Facebook la capture d’écran d’une vidéo montrant le fils du président américain entouré de canards morts. Selon ce conseiller, le canard au premier plan est un tadorne casarca: une espèce protégée.<br /><br /><img src="https://images.bfmtv.com/PQGv7nXMRIxx7dV3jaDrRSudqLk=/0x0:1280x720/800x0/images/Donald-Trump-Jr-a-ete-filme-en-train-de-tuer-des-especes-protegees-de-canards-dans-la-region-de-Venise-2027894.jpg" />]]></description>
            <enclosure url="https://images.bfmtv.com/PQGv7nXMRIxx7dV3jaDrRSudqLk=/0x0:1280x720/800x0/images/Donald-Trump-Jr-a-ete-filme-en-train-de-tuer-des-especes-protegees-de-canards-dans-la-region-de-Venise-2027894.jpg" length="0" type="image/jpg"/>
        </item>
        <item>
            <title><![CDATA[Volodymyr Zelensky]]></title>
            <link>https://www.bfmtv.com/international/europe/volodymyr-zelensky-president-de-l-ukraine_DN-202212210320.html</link>
            <guid>https://www.bfmtv.com/international/europe/volodymyr-zelensky-president-de-l-ukraine_DN-202212210320.html</guid>
            <pubDate>Wed, 05 Feb 2025 13:57:58 GMT</pubDate>
            <description><![CDATA[Né le 25 janvier 1978 à Kryvyï Rig, une ville industrielle ukrainienne au cœur d'une région majoritairement russophone, Volodymyr Zelensky a succédé à Petro Porochenko et est devenu président de l'Ukraine le 20 mai 2019.  Avant de se lancer en politique, il s'était forgé une belle carrière dans la comédie - en Ukraine, comme en Russie d'ailleurs. 
À partir de 2015, il interprète dans Le Serviteur du peuple, une série à succès, un professeur d'histoire honnête mais naïf qui devient par hasard président de l'Ukraine. 
La fiction rattrape donc la réalité avec son élection en 2019 par des Ukrainiens fatigués de leur classe politique corrompue et de leur président milliardaire, Petro Porochenko.  Si Volodymyr Zelesnky n'a pas su répondre aux attentes de ses électeurs au début de son mandat, la guerre a tout changé.
Quelques semaines avant l'invasion russe du 24 février 2022, sa présidence semblait en perte de vitesse, l'ancien comédien peinant à tenir ses promesses électorales dans un pays rongé par la pauvreté et la corruption.  Facile alors pour ses rivaux de dire que le costume présidentiel est trop grand pour un amuseur public. Et aux Occidentaux de se désoler que le nouveau dirigeant ukrainien se montre incapable de réformer le pays.
Quand, à l'aube du 24 février 2022, Vladimir Poutine lance l'invasion de l'Ukraine, Moscou est convaincu que l'offensive sera courte, que le faible pouvoir ukrainien s'écroulera.  Kiev, Kharkiv, Lviv, Dnipro, Odessa: toutes les grandes villes ukrainiennes sont frappées, l'armée russe se dirige vers la capitale ukrainienne.
Volodymyr Zelensky marque les esprits, apparaissant dans une vidéo filmée devant les bâtiments de l'administration présidentielle, en plein centre de Kiev, flanqué de ses conseillers. 
Depuis, Volodymyr Zelensky et son armée ont infligé des humiliations surprises à Vladimir Poutine: en avril 2022, le Kremlin renonce à Kiev, en septembre il perd la région de Kharkiv puis en novembre Kherson, capitale de la région éponyme. Faisant de lui son homme de l'année, le quotidien britannique Financial Times n'hésite pas à le comparer à Winston Churchill, chef de guerre britannique face aux nazis.
Lui-même présente régulièrement son pays comme un rempart face à l'impérialisme russe, en défenseur des valeurs démocratiques, comme en juin, lorsqu'il dit devant les députés tchèques que Moscou vise "un vaste territoire de Varsovie à Sofia, de Prague à Tallinn".<br /><br /><img src="https://images.bfmtv.com/TzPkIi50usaQmJbPDzMyhqaRqMo=/0x0:1920x1080/800x0/images/Le-president-ukrainien-Volodymyr-Zelensky-le-20-decembre-2022-1544492.jpg" />]]></description>
            <enclosure url="https://images.bfmtv.com/TzPkIi50usaQmJbPDzMyhqaRqMo=/0x0:1920x1080/800x0/images/Le-president-ukrainien-Volodymyr-Zelensky-le-20-decembre-2022-1544492.jpg" length="0" type="image/jpg"/>
        </item>
    </channel>
</rss>