<?xml version="1.0" encoding="utf-8"?>
<rss version="2.0" xmlns:atom="http://www.w3.org/2005/Atom">
    <channel>
        <title>Home Nancy - actualités</title>
        <link>https://www.bfmtv.com/nancy/</link>
        <description>Suivez toute l'actualité politique, économique, météo, sportive et sociale de Nancy et ses alentours en temps réel</description>
        <lastBuildDate>Mon, 10 Feb 2025 12:41:15 GMT</lastBuildDate>
        <docs>http://blogs.law.harvard.edu/tech/rss</docs>
        <generator>BFMTV</generator>
        <language>fr</language>
        <image>
            <title>Home Nancy - actualités</title>
            <url>https://www.bfmtv.com/assets/v11/images/BFMTV_default_16x9.8715a163008e9f3fc3799c8e2c6ebafa.jpg</url>
            <link>https://www.bfmtv.com/nancy/</link>
        </image>
        <copyright>Copyright BFMTV</copyright>
        <category>Home Nancy - actualités</category>
        <atom:link href="https://www.bfmtv.com/nancy/" rel="self" type="application/rss+xml"/>
        <item>
            <title><![CDATA[Nancy: les cures thermales contraintes de fermer "pour une durée indéterminée" à cause d'un problème d'eau]]></title>
            <link>https://www.bfmtv.com/nancy/nancy-les-cures-thermales-contraintes-de-fermer-pour-une-duree-indeterminee-a-cause-d-un-probleme-d-eau_AD-202308180429.html</link>
            <guid>https://www.bfmtv.com/nancy/nancy-les-cures-thermales-contraintes-de-fermer-pour-une-duree-indeterminee-a-cause-d-un-probleme-d-eau_AD-202308180429.html</guid>
            <pubDate>Fri, 18 Aug 2023 15:05:20 GMT</pubDate>
            <description><![CDATA[Seulement ouvertes mi-juillet, les cures thermales nancéennes doivent déjà fermer leurs portes dès samedi pour des problèmes de maintien de la qualité de l'eau, une difficulté à l'origine du report de son inauguration.<br /><br /><img src="https://images.bfmtv.com/XkX-bbUPLVXqbvRcw91ybW_tksM=/7x111:2039x1254/800x0/images/Le-complexe-Nancy-Thermal-le-30-mars-2023-1691072.jpg" />]]></description>
            <enclosure url="https://images.bfmtv.com/XkX-bbUPLVXqbvRcw91ybW_tksM=/7x111:2039x1254/800x0/images/Le-complexe-Nancy-Thermal-le-30-mars-2023-1691072.jpg" length="0" type="image/jpg"/>
        </item>
        <item>
            <title><![CDATA[A Nancy, le Saint-Nicolas milite pour les gestes barrières et se fait huer par la foule]]></title>
            <link>https://www.bfmtv.com/nancy/a-nancy-le-saint-nicolas-milite-pour-les-gestes-barrieres-et-se-fait-huer-par-la-foule_AN-202112060338.html</link>
            <guid>https://www.bfmtv.com/nancy/a-nancy-le-saint-nicolas-milite-pour-les-gestes-barrieres-et-se-fait-huer-par-la-foule_AN-202112060338.html</guid>
            <pubDate>Mon, 06 Dec 2021 16:15:23 GMT</pubDate>
            <description><![CDATA[À l'approche des fêtes de fin d'année, la mairie de Nancy a tenté de faire de la prévention vis-à-vis de la pandémie de Covid-19 en utilisant l'image de Saint-Nicolas. Mais une partie des spectateurs n'a pas apprécié ce message. <br /><br /><img src="https://images.bfmtv.com/5cMcoTcX-1vyeNhqEyNmYlmaWrI=/0x106:2048x1258/800x0/images/Saint-Nicolas-au-balcon-de-la-mairie-de-Nancy-en-decembre-2018-1182750.jpg" />]]></description>
            <enclosure url="https://images.bfmtv.com/5cMcoTcX-1vyeNhqEyNmYlmaWrI=/0x106:2048x1258/800x0/images/Saint-Nicolas-au-balcon-de-la-mairie-de-Nancy-en-decembre-2018-1182750.jpg" length="0" type="image/jpg"/>
        </item>
        <item>
            <title><![CDATA[La place Stanislas à Nancy élue monument préféré des Français]]></title>
            <link>https://www.bfmtv.com/nancy/la-place-stanislas-a-nancy-elue-monument-prefere-des-francais_AN-202109160074.html</link>
            <guid>https://www.bfmtv.com/nancy/la-place-stanislas-a-nancy-elue-monument-prefere-des-francais_AN-202109160074.html</guid>
            <pubDate>Thu, 16 Sep 2021 06:18:27 GMT</pubDate>
            <description><![CDATA[L'émission "Le Monument préféré des Français" vient de sacrer la place Stanislas de Nancy. Cette récompense devrait avoir d'importantes retombées touristiques.<br /><br /><img src="https://images.bfmtv.com/X1nQiabau_FaZQbC_jvMTf9SCtk=/4x3:996x561/800x0/images/-76782.jpg" />]]></description>
            <enclosure url="https://images.bfmtv.com/X1nQiabau_FaZQbC_jvMTf9SCtk=/4x3:996x561/800x0/images/-76782.jpg" length="0" type="image/jpg"/>
        </item>
        <item>
            <title><![CDATA[Nancy: un policier traîné par des fuyards sur près d'un kilomètre]]></title>
            <link>https://www.bfmtv.com/nancy/nancy-un-policier-traine-par-des-fuyards-sur-pres-d-un-kilometre_AD-202008280180.html</link>
            <guid>https://www.bfmtv.com/nancy/nancy-un-policier-traine-par-des-fuyards-sur-pres-d-un-kilometre_AD-202008280180.html</guid>
            <pubDate>Fri, 28 Aug 2020 12:15:54 GMT</pubDate>
            <description><![CDATA[Après une nuit passée à l'hôpital, l'agent des forces de l'ordre a pu regagner son domicile ce vendredi matin. Quatre jeunes ont par ailleurs été interpellés à l'issue de la course-poursuite.<br /><br /><img src="https://images.bfmtv.com/EUCa69JVfnyJwBS-gCjXEGJqnas=/0x0:800x450/800x0/images/police-384752.jpg" />]]></description>
            <enclosure url="https://images.bfmtv.com/EUCa69JVfnyJwBS-gCjXEGJqnas=/0x0:800x450/800x0/images/police-384752.jpg" length="0" type="image/jpg"/>
        </item>
    </channel>
</rss>