<?xml version="1.0" encoding="utf-8"?>
<rss version="2.0" xmlns:atom="http://www.w3.org/2005/Atom">
    <channel>
        <title>Home Grenoble - actualités</title>
        <link>https://www.bfmtv.com/grenoble/</link>
        <description>Suivez toute l'actualité politique, économique, météo, sportive et sociale de Grenoble et ses alentours en temps réel</description>
        <lastBuildDate>Mon, 10 Feb 2025 12:41:14 GMT</lastBuildDate>
        <docs>http://blogs.law.harvard.edu/tech/rss</docs>
        <generator>BFMTV</generator>
        <language>fr</language>
        <image>
            <title>Home Grenoble - actualités</title>
            <url>https://www.bfmtv.com/assets/v11/images/BFMTV_default_16x9.8715a163008e9f3fc3799c8e2c6ebafa.jpg</url>
            <link>https://www.bfmtv.com/grenoble/</link>
        </image>
        <copyright>Copyright BFMTV</copyright>
        <category>Home Grenoble - actualités</category>
        <atom:link href="https://www.bfmtv.com/grenoble/" rel="self" type="application/rss+xml"/>
        <item>
            <title><![CDATA[Cannabis: Retailleau rejette en bloc l'idée d'un référendum sur la légalisation proposé par le maire de Grenoble]]></title>
            <link>https://www.bfmtv.com/grenoble/cannabis-retailleau-rejette-en-bloc-l-idee-d-un-referendum-sur-la-legalisation-propose-par-le-maire-de-grenoble_AN-202501240936.html</link>
            <guid>https://www.bfmtv.com/grenoble/cannabis-retailleau-rejette-en-bloc-l-idee-d-un-referendum-sur-la-legalisation-propose-par-le-maire-de-grenoble_AN-202501240936.html</guid>
            <pubDate>Fri, 24 Jan 2025 19:08:15 GMT</pubDate>
            <description><![CDATA[Le ministre de l'Intérieur s'oppose ce vendredi au maire de Grenoble, Éric Piolle, qui réclame un référendum sur la dépénalisation du cannabis <br /><br /><img src="https://images.bfmtv.com/bodMpJ8MB1k2RmT_TqlYC4WSUWg=/0x0:2048x1152/800x0/images/Le-ministre-de-l-Interieur-Bruno-Retailleau-le-11-octobre-2024-lors-de-sa-visite-au-centre-de-retention-administrative-au-Mesnil-Amelot-Seine-et-Marne-1956701.jpg" />]]></description>
            <enclosure url="https://images.bfmtv.com/bodMpJ8MB1k2RmT_TqlYC4WSUWg=/0x0:2048x1152/800x0/images/Le-ministre-de-l-Interieur-Bruno-Retailleau-le-11-octobre-2024-lors-de-sa-visite-au-centre-de-retention-administrative-au-Mesnil-Amelot-Seine-et-Marne-1956701.jpg" length="0" type="image/jpg"/>
        </item>
        <item>
            <title><![CDATA["Je la reconnais tout de suite": il retrouve sa moto volée sur Leboncoin 24 ans après sa disparition]]></title>
            <link>https://www.bfmtv.com/grenoble/je-la-reconnais-tout-de-suite-il-retrouve-sa-moto-volee-sur-leboncoin-24-ans-apres-sa-disparition_AN-202412010211.html</link>
            <guid>https://www.bfmtv.com/grenoble/je-la-reconnais-tout-de-suite-il-retrouve-sa-moto-volee-sur-leboncoin-24-ans-apres-sa-disparition_AN-202412010211.html</guid>
            <pubDate>Sun, 01 Dec 2024 09:21:21 GMT</pubDate>
            <description><![CDATA[Un Isérois a retrouvé sa moto sur un site de revente en ligne, 24 ans après qu'elle avait été volée. L'engin était une possession familiale, achetée en 1929. <br /><br /><img src="https://images.bfmtv.com/H5XKYOpskpb6qkyCJzNmqWHaIJQ=/403x441:2035x1359/800x0/images/Une-motarde-1988388.jpg" />]]></description>
            <enclosure url="https://images.bfmtv.com/H5XKYOpskpb6qkyCJzNmqWHaIJQ=/403x441:2035x1359/800x0/images/Une-motarde-1988388.jpg" length="0" type="image/jpg"/>
        </item>
        <item>
            <title><![CDATA["Guerre des gangs" à Grenoble: un témoin des fusillades raconte des "tirs en rafale"]]></title>
            <link>https://www.bfmtv.com/grenoble/guerre-des-gangs-a-grenoble-un-temoin-des-fusillades-raconte-des-tirs-en-rafale_AN-202408160129.html</link>
            <guid>https://www.bfmtv.com/grenoble/guerre-des-gangs-a-grenoble-un-temoin-des-fusillades-raconte-des-tirs-en-rafale_AN-202408160129.html</guid>
            <pubDate>Fri, 16 Aug 2024 05:47:15 GMT</pubDate>
            <description><![CDATA[Des tirs ont fait un blessé dans la nuit de mercredi à jeudi 15 août à Grenoble (Isère). C'est la cinquième fusillade en deux semaines dans la 15e ville la plus peuplée de France.<br /><br /><img src="https://images.bfmtv.com/tJwBKOovPM0FF-q1FwvTYQM-gX0=/0x106:2048x1258/800x0/images/Des-gendarmes-francais-patrouillent-dans-le-quartier-Mistral-a-Grenoble-le-26-aout-2020-1920394.jpg" />]]></description>
            <enclosure url="https://images.bfmtv.com/tJwBKOovPM0FF-q1FwvTYQM-gX0=/0x106:2048x1258/800x0/images/Des-gendarmes-francais-patrouillent-dans-le-quartier-Mistral-a-Grenoble-le-26-aout-2020-1920394.jpg" length="0" type="image/jpg"/>
        </item>
        <item>
            <title><![CDATA[Nouvelle fusillade à Grenoble: le parquet dénonce une "guerre des gangs" dans la ville]]></title>
            <link>https://www.bfmtv.com/grenoble/nouvelle-fusillade-a-grenoble-le-parquet-denonce-une-guerre-des-gangs-dans-la-ville_AD-202408150548.html</link>
            <guid>https://www.bfmtv.com/grenoble/nouvelle-fusillade-a-grenoble-le-parquet-denonce-une-guerre-des-gangs-dans-la-ville_AD-202408150548.html</guid>
            <pubDate>Thu, 15 Aug 2024 20:33:47 GMT</pubDate>
            <description><![CDATA[Alors qu'un nouveau jeune homme a été blessé dans la nuit de mercredi à jeudi dans la ville iséroise, le procureur de la République s'est alarmé de la situation. <br /><br /><img src="https://images.bfmtv.com/T_Q1cg2QE8NVDZxF9s5Zm8ABj7w=/0x107:2048x1259/800x0/images/Des-gendarmes-patrouillent-dans-le-quartier-du-Mistral-a-Grenoble-le-26-aout-2020-1920339.jpg" />]]></description>
            <enclosure url="https://images.bfmtv.com/T_Q1cg2QE8NVDZxF9s5Zm8ABj7w=/0x107:2048x1259/800x0/images/Des-gendarmes-patrouillent-dans-le-quartier-du-Mistral-a-Grenoble-le-26-aout-2020-1920339.jpg" length="0" type="image/jpg"/>
        </item>
        <item>
            <title><![CDATA[Grenoble: ce que l'on sait de "l'homme à la trottinette" recherché pour plusieurs viols et agressions]]></title>
            <link>https://www.bfmtv.com/grenoble/grenoble-ce-que-l-on-sait-de-l-homme-a-la-trottinette-recherche-pour-plusieurs-viols-et-agressions_AN-202403260683.html</link>
            <guid>https://www.bfmtv.com/grenoble/grenoble-ce-que-l-on-sait-de-l-homme-a-la-trottinette-recherche-pour-plusieurs-viols-et-agressions_AN-202403260683.html</guid>
            <pubDate>Tue, 26 Mar 2024 16:06:02 GMT</pubDate>
            <description><![CDATA[Les services de la police judiciaire de Grenoble (Isère) enquêtent sur un "homme à la trottinette" soupçonné de plusieurs faits de violences, agressions sexuelles et viol depuis le 22 janvier. <br /><br /><img src="https://images.bfmtv.com/O8pGQb17_wHJ-qsDdmHB490VBmQ=/0x0:1920x1080/800x0/images/Un-officier-de-police-judiciaire-francais-a-Saint-Etienne-du-Rouvray-pres-de-Rouen-dans-le-nord-ouest-de-la-France-le-30-juin-2023-1832430.jpg" />]]></description>
            <enclosure url="https://images.bfmtv.com/O8pGQb17_wHJ-qsDdmHB490VBmQ=/0x0:1920x1080/800x0/images/Un-officier-de-police-judiciaire-francais-a-Saint-Etienne-du-Rouvray-pres-de-Rouen-dans-le-nord-ouest-de-la-France-le-30-juin-2023-1832430.jpg" length="0" type="image/jpg"/>
        </item>
        <item>
            <title><![CDATA[Grenoble: un "violeur en série" activement recherché par la police]]></title>
            <link>https://www.bfmtv.com/grenoble/grenoble-un-violeur-en-serie-activement-recherche-par-la-police_AN-202403250539.html</link>
            <guid>https://www.bfmtv.com/grenoble/grenoble-un-violeur-en-serie-activement-recherche-par-la-police_AN-202403250539.html</guid>
            <pubDate>Mon, 25 Mar 2024 13:51:43 GMT</pubDate>
            <description><![CDATA[Depuis plusieurs semaines, les services de police de l'agglomération grenobloise recherchent un homme accusé de plusieurs agressions sexuelles et viols. Au moins huit victimes se seraient déjà manifestées.<br /><br /><img src="https://images.bfmtv.com/iA3lo62X4-hXeEHf0GNNyEKd_Ak=/5x253:4805x2953/800x0/images/-197542.jpg" />]]></description>
            <enclosure url="https://images.bfmtv.com/iA3lo62X4-hXeEHf0GNNyEKd_Ak=/5x253:4805x2953/800x0/images/-197542.jpg" length="0" type="image/jpg"/>
        </item>
        <item>
            <title><![CDATA[Grenoble: 8 établissements scolaires fermés après des alertes à la bombe]]></title>
            <link>https://www.bfmtv.com/grenoble/grenoble-8-etablissements-scolaires-fermes-apres-des-alertes-a-la-bombe_AD-202310050364.html</link>
            <guid>https://www.bfmtv.com/grenoble/grenoble-8-etablissements-scolaires-fermes-apres-des-alertes-a-la-bombe_AD-202310050364.html</guid>
            <pubDate>Thu, 05 Oct 2023 08:21:55 GMT</pubDate>
            <description><![CDATA[Huit établissements scolaires de Grenoble ont été fermés par les autorités ce jeudi après des alertes à la bombe. De telles alertes, ont touché plus de 160 établissements depuis le début de l'année et se sont à chaque fois révélées fausses.<br /><br /><img src="https://images.bfmtv.com/n39CwMQAnjOSk-B9e071S5cFQew=/0x66:2048x1218/800x0/images/La-ville-de-Grenoble-Photo-d-illustration-1538915.jpg" />]]></description>
            <enclosure url="https://images.bfmtv.com/n39CwMQAnjOSk-B9e071S5cFQew=/0x66:2048x1218/800x0/images/La-ville-de-Grenoble-Photo-d-illustration-1538915.jpg" length="0" type="image/jpg"/>
        </item>
        <item>
            <title><![CDATA[Isère: vol de bijoux de la princesse Mathilde Bonaparte au musée Hébert]]></title>
            <link>https://www.bfmtv.com/grenoble/isere-vol-de-bijoux-de-la-princesse-mathilde-bonaparte-au-musee-hebert_AD-202301220242.html</link>
            <guid>https://www.bfmtv.com/grenoble/isere-vol-de-bijoux-de-la-princesse-mathilde-bonaparte-au-musee-hebert_AD-202301220242.html</guid>
            <pubDate>Sun, 22 Jan 2023 15:36:53 GMT</pubDate>
            <description><![CDATA[Prêtés par le musée d'Orsay, et pièces de l'exposition permanente du musée Hébert de la Tronche près de Grenoble, les bijoux de la princesse Mathilde Bonaparte y ont été dérobés ce dimanche au petit matin. <br /><br /><img src="https://images.bfmtv.com/s7yiK71VZLMFOGxOmI8Xtx0XobY=/0x150:1600x1050/800x0/images/musee-hebert-1562430.jpg" />]]></description>
            <enclosure url="https://images.bfmtv.com/s7yiK71VZLMFOGxOmI8Xtx0XobY=/0x150:1600x1050/800x0/images/musee-hebert-1562430.jpg" length="0" type="image/jpg"/>
        </item>
        <item>
            <title><![CDATA[Grenoble: de l'alcool dans un tiramisu servi à la cantine suscite la colère des parents d'élèves]]></title>
            <link>https://www.bfmtv.com/grenoble/grenoble-de-l-alcool-dans-un-tiramisu-servi-a-la-cantine-suscite-la-colere-des-parents-d-eleves_AN-202206160307.html</link>
            <guid>https://www.bfmtv.com/grenoble/grenoble-de-l-alcool-dans-un-tiramisu-servi-a-la-cantine-suscite-la-colere-des-parents-d-eleves_AN-202206160307.html</guid>
            <pubDate>Thu, 16 Jun 2022 10:32:15 GMT</pubDate>
            <description><![CDATA[La municipalité a présenté ses excuses, alors que le dessert aurait dû contenir des extraits d'alcool, et non de l'alcool véritable. <br /><br /><img src="https://images.bfmtv.com/1gCe2YV-VXSGyPah2j7k1CdIL2U=/2x48:898x552/800x0/images/1258274.jpg" />]]></description>
            <enclosure url="https://images.bfmtv.com/1gCe2YV-VXSGyPah2j7k1CdIL2U=/2x48:898x552/800x0/images/1258274.jpg" length="0" type="image/jpg"/>
        </item>
        <item>
            <title><![CDATA[Grenoble: le conseil municipal donne son feu vert au burkini dans les piscines]]></title>
            <link>https://www.bfmtv.com/grenoble/burkini-dans-les-piscines-feu-vert-du-conseil-municipal-de-grenoble_AD-202205160668.html</link>
            <guid>https://www.bfmtv.com/grenoble/burkini-dans-les-piscines-feu-vert-du-conseil-municipal-de-grenoble_AD-202205160668.html</guid>
            <pubDate>Mon, 16 May 2022 18:58:33 GMT</pubDate>
            <description><![CDATA[Le conseil municipal a approuvé ce lundi au terme d'un vote serré la mesure portée par le maire écologiste Éric Piolle.<br /><br /><img src="https://images.bfmtv.com/sC6_6S78XmnjcEcJCZLs-FFS3dc=/0x105:2048x1257/800x0/images/Une-piscine-a-Grenoble-le-19-aout-2012-illustration-1414075.jpg" />]]></description>
            <enclosure url="https://images.bfmtv.com/sC6_6S78XmnjcEcJCZLs-FFS3dc=/0x105:2048x1257/800x0/images/Une-piscine-a-Grenoble-le-19-aout-2012-illustration-1414075.jpg" length="0" type="image/jpg"/>
        </item>
        <item>
            <title><![CDATA["Je suis au service de la justice": Éric Piolle, soupçonné de favoritisme, s'exprime après sa garde à vue]]></title>
            <link>https://www.bfmtv.com/grenoble/je-suis-au-service-de-la-justice-eric-piolle-soupconne-de-favoritisme-s-exprime-apres-sa-garde-a-vue_AV-202106010461.html</link>
            <guid>https://www.bfmtv.com/grenoble/je-suis-au-service-de-la-justice-eric-piolle-soupconne-de-favoritisme-s-exprime-apres-sa-garde-a-vue_AV-202106010461.html</guid>
            <pubDate>Tue, 01 Jun 2021 18:21:45 GMT</pubDate>
            <description><![CDATA[Le maire EELV sera resté près de dix heures en garde à vue dans les locaux de la police judiciaire de Valence (Drôme) dans le cadre d'une enquête préliminaire pour "favoritisme".<br /><br /><img src="https://images.bfmtv.com/bzOy3OIvSTUkqRmnby8nM5MWJ4s=/0x0:1920x1080/800x0/images/Eric-Piolle-Valence-1er-juin-2021-1038822.jpg" />]]></description>
            <enclosure url="https://images.bfmtv.com/bzOy3OIvSTUkqRmnby8nM5MWJ4s=/0x0:1920x1080/800x0/images/Eric-Piolle-Valence-1er-juin-2021-1038822.jpg" length="0" type="image/jpg"/>
        </item>
        <item>
            <title><![CDATA[Le maire EELV de Grenoble Eric Piolle placé en garde à vue pour soupçons de favoritisme]]></title>
            <link>https://www.bfmtv.com/grenoble/le-maire-eelv-de-grenoble-eric-piolle-place-en-garde-a-vue-pour-soupcons-de-favoritisme_AN-202106010167.html</link>
            <guid>https://www.bfmtv.com/grenoble/le-maire-eelv-de-grenoble-eric-piolle-place-en-garde-a-vue-pour-soupcons-de-favoritisme_AN-202106010167.html</guid>
            <pubDate>Tue, 01 Jun 2021 09:05:26 GMT</pubDate>
            <description><![CDATA[L'édile écologiste est actuellement entendu dans les locaux de la police judiciaire de Valence, dans le cadre de l'enquête sur les conditions d'attribution de l'organisation de la Fête des Tuiles.<br /><br /><img src="https://images.bfmtv.com/R7PQlAizhosvXOnJBpaOfQSsGQg=/0x40:768x472/800x0/images/Le-maire-ecologiste-de-Grenoble-Eric-Piolle-a-Grenoble-le-18-fevrier-2020-373939.jpg" />]]></description>
            <enclosure url="https://images.bfmtv.com/R7PQlAizhosvXOnJBpaOfQSsGQg=/0x40:768x472/800x0/images/Le-maire-ecologiste-de-Grenoble-Eric-Piolle-a-Grenoble-le-18-fevrier-2020-373939.jpg" length="0" type="image/jpg"/>
        </item>
    </channel>
</rss>