<?xml version="1.0" encoding="utf-8"?>
<rss version="2.0" xmlns:atom="http://www.w3.org/2005/Atom">
    <channel>
        <title>Home Voyage - actualités</title>
        <link>https://www.bfmtv.com/voyage/</link>
        <description>Suivez toute l’actualité voyage en France et à l’étranger: recommandation de lieux, sélection de nouveautés, d’itinéraires, aide à la préparation de voyages, astuces, infos pratiques et bons plans.</description>
        <lastBuildDate>Mon, 10 Feb 2025 12:40:31 GMT</lastBuildDate>
        <docs>http://blogs.law.harvard.edu/tech/rss</docs>
        <generator>BFMTV</generator>
        <language>fr</language>
        <image>
            <title>Home Voyage - actualités</title>
            <url>https://www.bfmtv.com/assets/v11/images/BFMTV_default_16x9.8715a163008e9f3fc3799c8e2c6ebafa.jpg</url>
            <link>https://www.bfmtv.com/voyage/</link>
        </image>
        <copyright>Copyright BFMTV</copyright>
        <category>Home Voyage - actualités</category>
        <atom:link href="https://www.bfmtv.com/voyage/" rel="self" type="application/rss+xml"/>
        <item>
            <title><![CDATA[Porto, Istanbul, Marrakech.... Voici les destinations de vacances les plus avantageuses en septembre]]></title>
            <link>https://www.bfmtv.com/voyage/porto-istanbul-marrakech-voici-les-destinations-de-vacances-les-plus-avantageuses-en-septembre_AN-202409020653.html</link>
            <guid>https://www.bfmtv.com/voyage/porto-istanbul-marrakech-voici-les-destinations-de-vacances-les-plus-avantageuses-en-septembre_AN-202409020653.html</guid>
            <pubDate>Mon, 02 Sep 2024 15:00:35 GMT</pubDate>
            <description><![CDATA[Alors que la rentrée sonne pour nombre d'élèves et de travailleurs, des chanceux profitent des lieux de vacances moins courtisés et moins chers au mois de septembre, permettant un gain d'argent considérable par rapport au mois d'août, comme le confirme le comparateur de vols Kayak.<br /><br /><img src="https://images.bfmtv.com/Ph6YKh2kw5UuVGe2jM-AmGEibt0=/0x39:768x471/800x0/images/Un-avion-de-la-compagnie-aerienne-Transavia-le-26-janvier-2015-a-Paris-Orly-1914356.jpg" />]]></description>
            <enclosure url="https://images.bfmtv.com/Ph6YKh2kw5UuVGe2jM-AmGEibt0=/0x39:768x471/800x0/images/Un-avion-de-la-compagnie-aerienne-Transavia-le-26-janvier-2015-a-Paris-Orly-1914356.jpg" length="0" type="image/jpg"/>
        </item>
        <item>
            <title><![CDATA[Comment économiser sur ses frais de data à l’étranger avec Explod ?]]></title>
            <link>https://www.bfmtv.com/voyage/comment-economiser-sur-ses-frais-de-data-a-l-etranger-avec-explod_AB-202408280446.html</link>
            <guid>https://www.bfmtv.com/voyage/comment-economiser-sur-ses-frais-de-data-a-l-etranger-avec-explod_AB-202408280446.html</guid>
            <pubDate>Wed, 28 Aug 2024 11:07:00 GMT</pubDate>
            <description><![CDATA[En voyage, profiter d’un accès internet partout est un vrai confort. Seulement voilà, les frais peuvent exploser rapidement avec votre forfait français selon les destinations. Heureusement, il existe des solutions qui permettent d’économiser facilement sur vos données mobiles à l’étranger. <br /><br /><img src="https://images.bfmtv.com/X282VKqaVQJ8fPoTx1khlRrXLXo=/0x106:2048x1258/800x0/images/frais-de-data-a-l-etranger-avec-Explod-1918812.jpg" />]]></description>
            <enclosure url="https://images.bfmtv.com/X282VKqaVQJ8fPoTx1khlRrXLXo=/0x106:2048x1258/800x0/images/frais-de-data-a-l-etranger-avec-Explod-1918812.jpg" length="0" type="image/jpg"/>
        </item>
        <item>
            <title><![CDATA["J'étais sur mes gardes": face à l'homophobie, les touristes LGBT contraints à repenser leurs vacances]]></title>
            <link>https://www.bfmtv.com/voyage/j-etais-sur-mes-gardes-face-a-l-homophobie-les-touristes-lgbt-contraints-a-repenser-leurs-vacances_GN-202406290027.html</link>
            <guid>https://www.bfmtv.com/voyage/j-etais-sur-mes-gardes-face-a-l-homophobie-les-touristes-lgbt-contraints-a-repenser-leurs-vacances_GN-202406290027.html</guid>
            <pubDate>Sat, 29 Jun 2024 04:49:00 GMT</pubDate>
            <description><![CDATA[Itinéraire, hébergement, moyens de transport... Préparer des vacances à l'étranger n'est une mince affaire pour personne. Mais la tâche se révèle bien plus fastidieuse encore pour les personnes LGBT+, qui ne peuvent pas se rendre partout sans risque. Ce qui oblige certains à cacher leur orientation sexuelle dans certaines destinations.<br /><br /><img src="https://images.bfmtv.com/_k5NrBfGm9fR4DWRNuVKY1psSZU=/0x0:1024x576/800x0/images/Au-moment-de-choisir-leur-destination-de-vacances-les-personnes-LGBT-doivent-souvent-composer-avec-les-legislations-homophobes-de-certains-pays-1892693.jpg" />]]></description>
            <enclosure url="https://images.bfmtv.com/_k5NrBfGm9fR4DWRNuVKY1psSZU=/0x0:1024x576/800x0/images/Au-moment-de-choisir-leur-destination-de-vacances-les-personnes-LGBT-doivent-souvent-composer-avec-les-legislations-homophobes-de-certains-pays-1892693.jpg" length="0" type="image/jpg"/>
        </item>
        <item>
            <title><![CDATA["On n'a pas pu être remboursés": en vacances aux Saintes, en Guadeloupe, il réalise qu'il a réservé un hôtel en Charente-Maritime]]></title>
            <link>https://www.bfmtv.com/voyage/on-n-a-pas-pu-etre-rembourses-en-vacances-aux-saintes-en-guadeloupe-il-realise-qu-il-a-reserve-un-hotel-en-charente-maritime_AN-202403180579.html</link>
            <guid>https://www.bfmtv.com/voyage/on-n-a-pas-pu-etre-rembourses-en-vacances-aux-saintes-en-guadeloupe-il-realise-qu-il-a-reserve-un-hotel-en-charente-maritime_AN-202403180579.html</guid>
            <pubDate>Mon, 18 Mar 2024 15:49:12 GMT</pubDate>
            <description><![CDATA[Un couple de Bretons arrivés à Saintes en Guadeloupe a réalisé trop tard que l'hôtel réservé pour les vacances se trouvait en réalité... en Charente-Maritime.<br /><br /><img src="https://images.bfmtv.com/Viy3YZbIs33RH55iclwSnB5xQ5s=/6x83:886x578/800x0/images/Les-iles-des-Saintes-vues-depuis-la-Guadeloupe-continentale-Photo-d-illustration-1827405.jpg" />]]></description>
            <enclosure url="https://images.bfmtv.com/Viy3YZbIs33RH55iclwSnB5xQ5s=/6x83:886x578/800x0/images/Les-iles-des-Saintes-vues-depuis-la-Guadeloupe-continentale-Photo-d-illustration-1827405.jpg" length="0" type="image/jpg"/>
        </item>
        <item>
            <title><![CDATA[Les vacances à l'hôtel: ces 9 comportements qui exaspèrent les gérants]]></title>
            <link>https://www.bfmtv.com/voyage/les-vacances-a-l-hotel-ces-9-comportements-qui-exasperent-les-gerants_AV-202308050002.html</link>
            <guid>https://www.bfmtv.com/voyage/les-vacances-a-l-hotel-ces-9-comportements-qui-exasperent-les-gerants_AV-202308050002.html</guid>
            <pubDate>Sat, 05 Aug 2023 04:00:00 GMT</pubDate>
            <description><![CDATA[LES BONNES MANIÈRES EN VACANCES (5/6) - L'été est une période cruciale pour les hôteliers, mais la saison occasionne aussi son lot de frustrations pour les gérants des établissements. Plusieurs d'entre eux listent les comportements à éviter pour s'assurer un séjour des plus idylliques.<br /><br /><img src="https://images.bfmtv.com/plK2zZnUWkOErWR4zGc1zBMz9DE=/0x86:768x518/800x0/images/En-difficulte-a-cause-des-restrictions-sanitaires-70-des-hotels-parisiens-independants-pourraient-fermer-a-nouveau-leurs-portes-au-mois-d-aout-1070354.jpg" />]]></description>
            <enclosure url="https://images.bfmtv.com/plK2zZnUWkOErWR4zGc1zBMz9DE=/0x86:768x518/800x0/images/En-difficulte-a-cause-des-restrictions-sanitaires-70-des-hotels-parisiens-independants-pourraient-fermer-a-nouveau-leurs-portes-au-mois-d-aout-1070354.jpg" length="0" type="image/jpg"/>
        </item>
        <item>
            <title><![CDATA[Les vacances au restaurant: ces 9 comportements qui exaspèrent les serveurs et gérants]]></title>
            <link>https://www.bfmtv.com/voyage/les-vacances-au-restaurant-ces-9-comportements-qui-exasperent-les-serveurs-et-gerants_AV-202307290002.html</link>
            <guid>https://www.bfmtv.com/voyage/les-vacances-au-restaurant-ces-9-comportements-qui-exasperent-les-serveurs-et-gerants_AV-202307290002.html</guid>
            <pubDate>Sat, 29 Jul 2023 04:00:00 GMT</pubDate>
            <description><![CDATA[LES BONNES MANIÈRES EN VACANCES (4/6) - Comme à l'été 2022, c'est avec un manque de bras considérable que les restaurateurs affrontent la saison. Alors que les terrasses sont déjà noires de monde, serveurs et responsables d'établissements listent les comportements des clients qui les exaspèrent le plus en période estivale.<br /><br /><img src="https://images.bfmtv.com/mTQtUsNMd6ma3bVeeU5o-5yK8TA=/0x51:1024x627/800x0/images/Des-touristes-assis-a-la-terrasse-d-un-restaurant-du-port-de-Gruissan-dans-l-Aude-en-juillet-2014-1672755.jpg" />]]></description>
            <enclosure url="https://images.bfmtv.com/mTQtUsNMd6ma3bVeeU5o-5yK8TA=/0x51:1024x627/800x0/images/Des-touristes-assis-a-la-terrasse-d-un-restaurant-du-port-de-Gruissan-dans-l-Aude-en-juillet-2014-1672755.jpg" length="0" type="image/jpg"/>
        </item>
        <item>
            <title><![CDATA[Les vacances en avion: ces 9 comportements qui exaspèrent les stewards et hôtesses de l'air]]></title>
            <link>https://www.bfmtv.com/voyage/les-vacances-en-avion-ces-9-comportements-qui-exasperent-stewards-et-hotesses-de-l-air_AV-202307220006.html</link>
            <guid>https://www.bfmtv.com/voyage/les-vacances-en-avion-ces-9-comportements-qui-exasperent-stewards-et-hotesses-de-l-air_AV-202307220006.html</guid>
            <pubDate>Sat, 22 Jul 2023 04:00:00 GMT</pubDate>
            <description><![CDATA[LES BONNES MANIÈRES EN VACANCES (3/6) - Les voyageurs se bousculent dans les avions cet été. En cette période de forte affluence, les stewards et hôtesses de l'air doivent faire preuve de patience pour gérer au mieux les exigences et caprices parfois démesurés des passagers. <br /><br /><img src="https://images.bfmtv.com/0FFDRzRvoVhM3gFVNwD1IYk9NGw=/0x106:1024x682/800x0/images/Un-voyageur-dans-le-hall-d-un-aeroport-en-Virginie-aux-Etats-Unis-le-1er-juillet-2023-1672681.jpg" />]]></description>
            <enclosure url="https://images.bfmtv.com/0FFDRzRvoVhM3gFVNwD1IYk9NGw=/0x106:1024x682/800x0/images/Un-voyageur-dans-le-hall-d-un-aeroport-en-Virginie-aux-Etats-Unis-le-1er-juillet-2023-1672681.jpg" length="0" type="image/jpg"/>
        </item>
        <item>
            <title><![CDATA["Les écrans sont des faux amis": comment occuper ses enfants sur la route des vacances?]]></title>
            <link>https://www.bfmtv.com/voyage/les-ecrans-sont-des-faux-amis-comment-occuper-ses-enfants-sur-la-route-des-vacances_AN-202307210382.html</link>
            <guid>https://www.bfmtv.com/voyage/les-ecrans-sont-des-faux-amis-comment-occuper-ses-enfants-sur-la-route-des-vacances_AN-202307210382.html</guid>
            <pubDate>Fri, 21 Jul 2023 10:53:57 GMT</pubDate>
            <description><![CDATA[Les longs trajets en voiture synonymes de vacances d'été peuvent mettre les nerfs des parents à rude épreuve. Voici les astuces et idées de spécialistes pour un moment plus agréable. <br /><br /><img src="https://images.bfmtv.com/qmn_z0ZEgW5b7mqLQqsoEE-fZxk=/0x106:2048x1258/800x0/images/Grandes-vacances-comment-preparer-sa-voiture-380945.jpg" />]]></description>
            <enclosure url="https://images.bfmtv.com/qmn_z0ZEgW5b7mqLQqsoEE-fZxk=/0x106:2048x1258/800x0/images/Grandes-vacances-comment-preparer-sa-voiture-380945.jpg" length="0" type="image/jpg"/>
        </item>
        <item>
            <title><![CDATA[Hôtel, Airbnb... Comment repérer les punaises de lit sur son lieu de vacances]]></title>
            <link>https://www.bfmtv.com/voyage/hotel-airbnb-comment-reperer-les-punaises-de-lit-sur-son-lieu-de-vacances_AN-202307170477.html</link>
            <guid>https://www.bfmtv.com/voyage/hotel-airbnb-comment-reperer-les-punaises-de-lit-sur-son-lieu-de-vacances_AN-202307170477.html</guid>
            <pubDate>Mon, 17 Jul 2023 15:02:20 GMT</pubDate>
            <description><![CDATA[Véritable fléau des vacanciers, les punaises de lit ont de quoi ruiner un voyage. Quelques précautions permettent de s'en prémunir. <br /><br /><img src="https://images.bfmtv.com/hQQGqgR72uApYEj8DvJ-VMgWel0=/7x64:1111x685/800x0/images/1106378.jpg" />]]></description>
            <enclosure url="https://images.bfmtv.com/hQQGqgR72uApYEj8DvJ-VMgWel0=/7x64:1111x685/800x0/images/1106378.jpg" length="0" type="image/jpg"/>
        </item>
        <item>
            <title><![CDATA[Casa Batlló à Barcelone, la nouvelle visite immersive qui fait un carton]]></title>
            <link>https://www.bfmtv.com/voyage/casa-batllo-a-barcelone-la-nouvelle-visite-immersive-qui-fait-un-carton_AB-202210240001.html</link>
            <guid>https://www.bfmtv.com/voyage/casa-batllo-a-barcelone-la-nouvelle-visite-immersive-qui-fait-un-carton_AB-202210240001.html</guid>
            <pubDate>Mon, 24 Oct 2022 06:29:00 GMT</pubDate>
            <description><![CDATA[Qui aurait cru que le 43 du Paseo de Gracia si vous visitez Barcelone deviendrait en 2022 un lieu réputé. Que s’est-il passé pour voir Casa Battló classée au Patrimoine Mondial de l'Unesco? <br /><br /><img src="https://images.bfmtv.com/6T92w_ZI_jGDnUsvNUJgT1RNZ40=/0x152:2048x1304/800x0/images/Casa-Batllo-a-Barcelone-la-nouvelle-visite-immersive-qui-fait-un-carton-1495857.jpg" />]]></description>
            <enclosure url="https://images.bfmtv.com/6T92w_ZI_jGDnUsvNUJgT1RNZ40=/0x152:2048x1304/800x0/images/Casa-Batllo-a-Barcelone-la-nouvelle-visite-immersive-qui-fait-un-carton-1495857.jpg" length="0" type="image/jpg"/>
        </item>
        <item>
            <title><![CDATA[La Casa Batlló à Barcelone, meilleure visite culturelle au monde pour son expérience immersive]]></title>
            <link>https://www.bfmtv.com/voyage/la-casa-batllo-a-barcelone-meilleure-visite-culturelle-au-monde-pour-son-experience-immersive_AB-202207250001.html</link>
            <guid>https://www.bfmtv.com/voyage/la-casa-batllo-a-barcelone-meilleure-visite-culturelle-au-monde-pour-son-experience-immersive_AB-202207250001.html</guid>
            <pubDate>Mon, 25 Jul 2022 07:02:00 GMT</pubDate>
            <description><![CDATA[Découvrez l’un des monuments emblématiques de Barcelone et plongez au cœur d’une expérience immersive. <br /><br /><img src="https://images.bfmtv.com/OnIWDiBEcSEVuY8L8FgQtd0lVDI=/0x106:2048x1258/800x0/images/La-Casa-Batllo-a-Barcelone-meilleure-visite-culturelle-au-monde-pour-son-experience-immersive-1449072.jpg" />]]></description>
            <enclosure url="https://images.bfmtv.com/OnIWDiBEcSEVuY8L8FgQtd0lVDI=/0x106:2048x1258/800x0/images/La-Casa-Batllo-a-Barcelone-meilleure-visite-culturelle-au-monde-pour-son-experience-immersive-1449072.jpg" length="0" type="image/jpg"/>
        </item>
        <item>
            <title><![CDATA[Quarantaine au Royaume-Uni pour les Français vaccinés: Beaune dénonce une mesure "discriminatoire"]]></title>
            <link>https://www.bfmtv.com/pratique/voyage/quarantaine-au-royaume-uni-pour-les-francais-vaccines-beaune-denonce-une-mesure-discriminatoire_AD-202107290211.html</link>
            <guid>https://www.bfmtv.com/pratique/voyage/quarantaine-au-royaume-uni-pour-les-francais-vaccines-beaune-denonce-une-mesure-discriminatoire_AD-202107290211.html</guid>
            <pubDate>Thu, 29 Jul 2021 11:06:05 GMT</pubDate>
            <description><![CDATA[Le secrétaire d'État aux Affaires européennes a jugé "incompréhensible" et "discriminatoire" la décision du gouvernement britannique de ne pas lever la quarantaine pour les Français vaccinés.<br /><br /><img src="https://images.bfmtv.com/5XOMgb_CoI0EtNut-GVUsJCh3ns=/4x67:1252x769/800x0/images/Clement-Beaune-secretaire-dEtat-aux-Affaires-europeennes-413707.jpg" />]]></description>
            <enclosure url="https://images.bfmtv.com/5XOMgb_CoI0EtNut-GVUsJCh3ns=/4x67:1252x769/800x0/images/Clement-Beaune-secretaire-dEtat-aux-Affaires-europeennes-413707.jpg" length="0" type="image/jpg"/>
        </item>
        <item>
            <title><![CDATA[Covid: un test de moins de 24h bientôt requis pour les non-vaccinés au retour d'Espagne et du Portugal]]></title>
            <link>https://www.bfmtv.com/voyage/vacances-un-test-de-moins-de-24h-bientot-requis-pour-les-non-vaccines-au-retour-d-espagne-et-du-portugal_AN-202107150141.html</link>
            <guid>https://www.bfmtv.com/voyage/vacances-un-test-de-moins-de-24h-bientot-requis-pour-les-non-vaccines-au-retour-d-espagne-et-du-portugal_AN-202107150141.html</guid>
            <pubDate>Thu, 15 Jul 2021 07:49:40 GMT</pubDate>
            <description><![CDATA[La mesure devrait entrer en vigueur ce week-end, a annoncé le secrétaire d'État aux Affaires européennes Clément Beaune.<br /><br /><img src="https://images.bfmtv.com/mSqXpLu-E8KjYZPwY9qSO2kqr-o=/0x40:768x472/800x0/images/Des-touristes-a-Lisbonne-le-18-juin-2021-au-Portugal-1050947.jpg" />]]></description>
            <enclosure url="https://images.bfmtv.com/mSqXpLu-E8KjYZPwY9qSO2kqr-o=/0x40:768x472/800x0/images/Des-touristes-a-Lisbonne-le-18-juin-2021-au-Portugal-1050947.jpg" length="0" type="image/jpg"/>
        </item>
        <item>
            <title><![CDATA[Covid-19: la France va placer la Tunisie sur sa liste rouge le 16 juillet, les voyages très limités]]></title>
            <link>https://www.bfmtv.com/voyage/covid-19-la-france-va-placer-la-tunisie-sur-sa-liste-rouge-les-voyages-extremement-limites_AV-202107130236.html</link>
            <guid>https://www.bfmtv.com/voyage/covid-19-la-france-va-placer-la-tunisie-sur-sa-liste-rouge-les-voyages-extremement-limites_AV-202107130236.html</guid>
            <pubDate>Tue, 13 Jul 2021 11:35:55 GMT</pubDate>
            <description><![CDATA[Les personnes n'ayant pas "un schéma vaccinal complet" ne pourront ni se rendre ou en revenir sans un motif impérieux. Un test négatif de moins de 48 heures sera exigé pour les voyageurs, ainsi qu'un isolement obligatoire de 10 jours.<br /><br /><img src="https://images.bfmtv.com/OaOYDEOBAxUh9m3PLsv6NyklJO0=/0x0:1024x576/800x0/images/Gabriel-Attal-porte-parole-du-gouvernement-le-13-juillet-2021-a-l-issue-du-Conseil-des-ministres-1067172.jpg" />]]></description>
            <enclosure url="https://images.bfmtv.com/OaOYDEOBAxUh9m3PLsv6NyklJO0=/0x0:1024x576/800x0/images/Gabriel-Attal-porte-parole-du-gouvernement-le-13-juillet-2021-a-l-issue-du-Conseil-des-ministres-1067172.jpg" length="0" type="image/jpg"/>
        </item>
        <item>
            <title><![CDATA[Covid-19: où peut-on partir pour les vacances d'été? Les règles en vigueur pour les voyages]]></title>
            <link>https://www.bfmtv.com/voyage/covid-19-quelles-regles-a-suivre-pour-voyager-en-outre-mer-et-a-l-etranger-cet-ete_AN-202106180205.html</link>
            <guid>https://www.bfmtv.com/voyage/covid-19-quelles-regles-a-suivre-pour-voyager-en-outre-mer-et-a-l-etranger-cet-ete_AN-202106180205.html</guid>
            <pubDate>Fri, 18 Jun 2021 10:43:12 GMT</pubDate>
            <description><![CDATA[Des tests PCR à l'interdiction totale d'entrée sur le territoire, en passant par le certificat de vaccination, pour franchir une frontière cet été, il faudra s'assurer d'être bien renseigné.<br /><br /><img src="https://images.bfmtv.com/KUc_N0m9mNPnLyc8IofFwJOxDR4=/0x52:1024x628/800x0/images/Air-France-avion-1029201.jpg" />]]></description>
            <enclosure url="https://images.bfmtv.com/KUc_N0m9mNPnLyc8IofFwJOxDR4=/0x52:1024x628/800x0/images/Air-France-avion-1029201.jpg" length="0" type="image/jpg"/>
        </item>
        <item>
            <title><![CDATA[CARTE. Voyage à l'étranger cet été: voici les conditions imposées aux touristes français dans chaque pays]]></title>
            <link>https://www.bfmtv.com/voyage/carte-voyage-a-l-etranger-cet-ete-voici-les-conditions-imposees-aux-touristes-francais-dans-chaque-pays_AN-202106090318.html</link>
            <guid>https://www.bfmtv.com/voyage/carte-voyage-a-l-etranger-cet-ete-voici-les-conditions-imposees-aux-touristes-francais-dans-chaque-pays_AN-202106090318.html</guid>
            <pubDate>Wed, 09 Jun 2021 13:58:25 GMT</pubDate>
            <description><![CDATA[Les informations de cet article datent du 9 juin 2021 et sont susceptibles de varier au fil des semaines, notamment en fonction de la situation sanitaire en France.<br /><br /><img src="https://images.bfmtv.com/A4ZZk60d3LmSoZasbcV2gIXgcT0=/156x4:1100x535/800x0/images/CARTE-Voyage-a-l-etranger-cet-ete-voici-les-conditions-imposees-aux-touristes-francais-dans-chaque-pays-1044178.jpg" />]]></description>
            <enclosure url="https://images.bfmtv.com/A4ZZk60d3LmSoZasbcV2gIXgcT0=/156x4:1100x535/800x0/images/CARTE-Voyage-a-l-etranger-cet-ete-voici-les-conditions-imposees-aux-touristes-francais-dans-chaque-pays-1044178.jpg" length="0" type="image/jpg"/>
        </item>
        <item>
            <title><![CDATA[CARTE. Test PCR, quarantaine... Les conditions imposées aux touristes étrangers cet été pays par pays]]></title>
            <link>https://www.bfmtv.com/voyage/carte-test-pcr-quarantaine-les-conditions-imposees-aux-touristes-etrangers-cet-ete-pays-par-pays_AN-202106040249.html</link>
            <guid>https://www.bfmtv.com/voyage/carte-test-pcr-quarantaine-les-conditions-imposees-aux-touristes-etrangers-cet-ete-pays-par-pays_AN-202106040249.html</guid>
            <pubDate>Fri, 04 Jun 2021 12:36:19 GMT</pubDate>
            <description><![CDATA[Les règles seront différentes d'un pays à l'autre en fonction de la situation sanitaire du pays et de la vaccination. BFMTV.com fait le point, pays par pays.<br /><br /><img src="https://images.bfmtv.com/SRzdoktp_yoqdLCeP26-c3KMYWo=/0x8:944x539/800x0/images/CARTE-Test-PCR-quarantaine-Les-conditions-imposees-aux-touristes-etrangers-cet-ete-pays-par-pays-1040898.jpg" />]]></description>
            <enclosure url="https://images.bfmtv.com/SRzdoktp_yoqdLCeP26-c3KMYWo=/0x8:944x539/800x0/images/CARTE-Test-PCR-quarantaine-Les-conditions-imposees-aux-touristes-etrangers-cet-ete-pays-par-pays-1040898.jpg" length="0" type="image/jpg"/>
        </item>
        <item>
            <title><![CDATA[Paris, destination favorite des Français pour Noël cette année]]></title>
            <link>https://www.bfmtv.com/voyage/paris-destination-favorite-des-francais-pour-noel-cette-annee_AN-202012130026.html</link>
            <guid>https://www.bfmtv.com/voyage/paris-destination-favorite-des-francais-pour-noel-cette-annee_AN-202012130026.html</guid>
            <pubDate>Sun, 13 Dec 2020 08:12:19 GMT</pubDate>
            <description><![CDATA[Selon une étude de la plateforme de voyage Omio, quatre villes françaises se hissent dans le top 10 des destinations privilégiées par les Français pour les vacances de Noël.<br /><br /><img src="https://images.bfmtv.com/kUABC1AAoU2BEXFyPEbZEMam5EE=/0x30:2048x1182/800x0/images/Trois-autres-villes-francaises-figurent-dans-ce-classement-Strasbourg-Lyon-et-Nice-491607.jpg" />]]></description>
            <enclosure url="https://images.bfmtv.com/kUABC1AAoU2BEXFyPEbZEMam5EE=/0x30:2048x1182/800x0/images/Trois-autres-villes-francaises-figurent-dans-ce-classement-Strasbourg-Lyon-et-Nice-491607.jpg" length="0" type="image/jpg"/>
        </item>
        <item>
            <title><![CDATA[Vacances de Noël: que faire à la montagne si on ne peut pas skier?]]></title>
            <link>https://www.bfmtv.com/voyage/vacances-de-noel-que-faire-a-la-montagne-si-on-ne-peut-pas-skier_AN-202012060107.html</link>
            <guid>https://www.bfmtv.com/voyage/vacances-de-noel-que-faire-a-la-montagne-si-on-ne-peut-pas-skier_AN-202012060107.html</guid>
            <pubDate>Sun, 06 Dec 2020 15:29:17 GMT</pubDate>
            <description><![CDATA[Les stations de sports d'hiver n'ont cessé de diversifier leurs offres ces dernières années pour sortir du "tout-ski". Voici 5 activités originales à pratiquer à la montagne, sans avoir besoin de remontées mécaniques.<br /><br /><img src="https://images.bfmtv.com/Y8PyY7c_CmvGUZbVCCr9KHGmEF4=/0x239:1872x1292/800x0/images/Seance-de-ski-joering-a-Vallorcine-en-Haute-Savoie-491604.jpg" />]]></description>
            <enclosure url="https://images.bfmtv.com/Y8PyY7c_CmvGUZbVCCr9KHGmEF4=/0x239:1872x1292/800x0/images/Seance-de-ski-joering-a-Vallorcine-en-Haute-Savoie-491604.jpg" length="0" type="image/jpg"/>
        </item>
        <item>
            <title><![CDATA[Covid: ces pays où une assurance voyage spécifique est désormais obligatoire]]></title>
            <link>https://www.bfmtv.com/voyage/covid-ces-pays-ou-une-assurance-voyage-specifique-est-desormais-obligatoire_AN-202010240006.html</link>
            <guid>https://www.bfmtv.com/voyage/covid-ces-pays-ou-une-assurance-voyage-specifique-est-desormais-obligatoire_AN-202010240006.html</guid>
            <pubDate>Sat, 24 Oct 2020 06:00:00 GMT</pubDate>
            <description><![CDATA[Outre les résultats négatifs de tests PCR, de plus en plus de pays imposent aux voyageurs de souscrire une assurance voyage spéciale Covid-19 couvrant les frais de santé consécutifs à une éventuelle contamination sur leur territoire.<br /><br /><img src="https://images.bfmtv.com/IxyYnJksVyYUBTxZL2EPr19Zozw=/0x82:1024x658/800x0/images/Une-vingtaine-de-pays-imposent-la-souscription-dune-assurance-voyage-pour-entrer-sur-leur-territoire-415294.jpg" />]]></description>
            <enclosure url="https://images.bfmtv.com/IxyYnJksVyYUBTxZL2EPr19Zozw=/0x82:1024x658/800x0/images/Une-vingtaine-de-pays-imposent-la-souscription-dune-assurance-voyage-pour-entrer-sur-leur-territoire-415294.jpg" length="0" type="image/jpg"/>
        </item>
        <item>
            <title><![CDATA[Vacances de la Toussaint: où trouver un peu de soleil?]]></title>
            <link>https://www.bfmtv.com/pratique/voyage/vacances-de-la-toussaint-ou-trouver-un-peu-de-soleil_AN-202010180142.html</link>
            <guid>https://www.bfmtv.com/pratique/voyage/vacances-de-la-toussaint-ou-trouver-un-peu-de-soleil_AN-202010180142.html</guid>
            <pubDate>Sun, 18 Oct 2020 15:38:40 GMT</pubDate>
            <description><![CDATA[Malgré des averses fréquentes ces quinze prochains jours, le soleil devrait faire son apparition dans le Sud-Ouest, sur la Côte d’Azur et en Bourgogne, au moins pour quelques jours.<br /><br /><img src="https://images.bfmtv.com/PunakZunX6HQi27gH1ABcEIEtNk=/0x106:2048x1258/800x0/images/La-promenade-des-Anglais-a-Nice-en-novembre-2015-412695.jpg" />]]></description>
            <enclosure url="https://images.bfmtv.com/PunakZunX6HQi27gH1ABcEIEtNk=/0x106:2048x1258/800x0/images/La-promenade-des-Anglais-a-Nice-en-novembre-2015-412695.jpg" length="0" type="image/jpg"/>
        </item>
        <item>
            <title><![CDATA[Un week-end au Havre, nos bonnes adresses]]></title>
            <link>https://www.bfmtv.com/voyage/un-week-end-au-havre-nos-bonnes-adresses_AN-202010130010.html</link>
            <guid>https://www.bfmtv.com/voyage/un-week-end-au-havre-nos-bonnes-adresses_AN-202010130010.html</guid>
            <pubDate>Tue, 13 Oct 2020 05:30:00 GMT</pubDate>
            <description><![CDATA[Au port industriel à sa longue plage au look vintage, en passant par le centre-ville remodelé par Auguste Perret, suivez nos pas dans la cité portuaire normande. <br /><br /><img src="https://images.bfmtv.com/zovAIIaJY8JaxjA--Dig7XBj_vQ=/0x106:2048x1258/800x0/images/Vue-sur-les-toits-du-Havre-409983.jpg" />]]></description>
            <enclosure url="https://images.bfmtv.com/zovAIIaJY8JaxjA--Dig7XBj_vQ=/0x106:2048x1258/800x0/images/Vue-sur-les-toits-du-Havre-409983.jpg" length="0" type="image/jpg"/>
        </item>
        <item>
            <title><![CDATA[Toussaint: cinq idées de week-ends en France]]></title>
            <link>https://www.bfmtv.com/voyage/toussaint-cinq-idees-de-week-ends-en-france_AN-202010080213.html</link>
            <guid>https://www.bfmtv.com/voyage/toussaint-cinq-idees-de-week-ends-en-france_AN-202010080213.html</guid>
            <pubDate>Thu, 08 Oct 2020 10:46:53 GMT</pubDate>
            <description><![CDATA[De Lille à Marseille, en passant par Le Havre, Lyon et Paris, voici cinq propositions de destinations pour les vacances de la Toussaint avec, pour chacune d’entre elles, une expo événement à ne pas manquer.<br /><br /><img src="https://images.bfmtv.com/hIS5N6eAtF4QqOSzgbZBdwRWVlU=/4x96:1796x1104/800x0/images/MARS_53-Marseille-2020-408091.jpg" />]]></description>
            <enclosure url="https://images.bfmtv.com/hIS5N6eAtF4QqOSzgbZBdwRWVlU=/4x96:1796x1104/800x0/images/MARS_53-Marseille-2020-408091.jpg" length="0" type="image/jpg"/>
        </item>
        <item>
            <title><![CDATA[Vacances de la Toussaint: où partir en famille?]]></title>
            <link>https://www.bfmtv.com/voyage/vacances-de-la-toussaint-ou-partir-en-famille_AN-202010030001.html</link>
            <guid>https://www.bfmtv.com/voyage/vacances-de-la-toussaint-ou-partir-en-famille_AN-202010030001.html</guid>
            <pubDate>Sat, 03 Oct 2020 06:00:00 GMT</pubDate>
            <description><![CDATA[Des châteaux de la Loire aux volcans d’Auvergne en passant par une nuit en forêt dans l’Oise, voici trois idées d’escapades en famille pour les vacances de la Toussaint. <br /><br /><img src="https://images.bfmtv.com/MwppkSWHMxY9Fd-f6DkbkdRHboI=/0x106:2048x1258/800x0/images/Voici-trois-idees-de-sejours-en-famille-pour-les-vacances-de-la-Toussaint-405506.jpg" />]]></description>
            <enclosure url="https://images.bfmtv.com/MwppkSWHMxY9Fd-f6DkbkdRHboI=/0x106:2048x1258/800x0/images/Voici-trois-idees-de-sejours-en-famille-pour-les-vacances-de-la-Toussaint-405506.jpg" length="0" type="image/jpg"/>
        </item>
        <item>
            <title><![CDATA[Gastronomie: trois bouchons où déguster les spécialités (vraiment) lyonnaises]]></title>
            <link>https://www.bfmtv.com/voyage/gastronomie-trois-bouchons-ou-deguster-les-specialites-vraiment-lyonnaises_AN-202010020188.html</link>
            <guid>https://www.bfmtv.com/voyage/gastronomie-trois-bouchons-ou-deguster-les-specialites-vraiment-lyonnaises_AN-202010020188.html</guid>
            <pubDate>Fri, 02 Oct 2020 10:42:51 GMT</pubDate>
            <description><![CDATA[Quenelles, ris de veau, poulet aux morilles, tarte à la praline… Partez à la découverte des spécialités de la gastronomie lyonnaise dans ces trois bouchons historiques.<br /><br /><img src="https://images.bfmtv.com/f4TV2L2wsBayQnhl_jXX1zsFwqY=/0x0:2048x1152/800x0/images/La-salade-lyonnaise-une-entree-incontournable-des-restaurants-traditionnels-405511.jpg" />]]></description>
            <enclosure url="https://images.bfmtv.com/f4TV2L2wsBayQnhl_jXX1zsFwqY=/0x0:2048x1152/800x0/images/La-salade-lyonnaise-une-entree-incontournable-des-restaurants-traditionnels-405511.jpg" length="0" type="image/jpg"/>
        </item>
        <item>
            <title><![CDATA[L'automne à Paris en 10 activités]]></title>
            <link>https://www.bfmtv.com/voyage/l-automne-a-paris-en-10-activites_AN-202009260004.html</link>
            <guid>https://www.bfmtv.com/voyage/l-automne-a-paris-en-10-activites_AN-202009260004.html</guid>
            <pubDate>Sat, 26 Sep 2020 06:00:00 GMT</pubDate>
            <description><![CDATA[De Montmartre au Père Lachaise, en passant par les discrets salons des hôtels parisiens et par des salles de spectacles étonnantes, voici notre sélection des 10 activités à faire à Paris entre octobre et décembre.<br /><br /><img src="https://images.bfmtv.com/ABYOouOuXVNvVaIFRBwSYnAN4_s=/0x106:2048x1258/800x0/images/Vue-sur-la-tour-Eiffel-au-coucher-du-soleil-401505.jpg" />]]></description>
            <enclosure url="https://images.bfmtv.com/ABYOouOuXVNvVaIFRBwSYnAN4_s=/0x106:2048x1258/800x0/images/Vue-sur-la-tour-Eiffel-au-coucher-du-soleil-401505.jpg" length="0" type="image/jpg"/>
        </item>
        <item>
            <title><![CDATA[Vacances de la Toussaint: où peut-on partir?]]></title>
            <link>https://www.bfmtv.com/voyage/vacances-de-la-toussaint-ou-peut-on-partir_AN-202009200060.html</link>
            <guid>https://www.bfmtv.com/voyage/vacances-de-la-toussaint-ou-peut-on-partir_AN-202009200060.html</guid>
            <pubDate>Sun, 20 Sep 2020 05:00:00 GMT</pubDate>
            <description><![CDATA[Si certains pays ont décidé de rouvrir leurs frontières aux touristes français, la situation en Europe reste délicate et de nouvelles mesures de restrictions pourraient être annoncées. <br /><br /><img src="https://images.bfmtv.com/LBZU70h0xgew6TpGSG2lNQVyn4c=/0x107:2048x1259/800x0/images/Un-test-negatif-datant-de-moins-de-48h-est-obligatoire-pour-entrer-dans-de-nombreux-pays-398369.jpg" />]]></description>
            <enclosure url="https://images.bfmtv.com/LBZU70h0xgew6TpGSG2lNQVyn4c=/0x107:2048x1259/800x0/images/Un-test-negatif-datant-de-moins-de-48h-est-obligatoire-pour-entrer-dans-de-nombreux-pays-398369.jpg" length="0" type="image/jpg"/>
        </item>
        <item>
            <title><![CDATA[Des vacances au rythme de l'eau sur les canaux de France]]></title>
            <link>https://www.bfmtv.com/voyage/des-vacances-au-rythme-de-l-eau-sur-les-canaux-de-france_AN-202008310198.html</link>
            <guid>https://www.bfmtv.com/voyage/des-vacances-au-rythme-de-l-eau-sur-les-canaux-de-france_AN-202008310198.html</guid>
            <pubDate>Mon, 31 Aug 2020 12:20:42 GMT</pubDate>
            <description><![CDATA[Dotée du plus vaste réseau fluvial d'Europe, la France offre d'innombrables possibilités pour une croisière sur ses canaux et rivières.<br /><br /><img src="https://images.bfmtv.com/rk21pDbhapbJS1BOfI2cdqlcG-s=/7x3:2039x1146/800x0/images/Croisiere-fluviale-sur-le-Canal-du-Midi-390595.jpg" />]]></description>
            <enclosure url="https://images.bfmtv.com/rk21pDbhapbJS1BOfI2cdqlcG-s=/7x3:2039x1146/800x0/images/Croisiere-fluviale-sur-le-Canal-du-Midi-390595.jpg" length="0" type="image/jpg"/>
        </item>
        <item>
            <title><![CDATA[5 idées de vacances à la montagne, pour ceux qui partent en retard]]></title>
            <link>https://www.bfmtv.com/voyage/5-idees-de-vacances-a-la-montagne-pour-ceux-qui-partent-en-septembre_AN-202008310189.html</link>
            <guid>https://www.bfmtv.com/voyage/5-idees-de-vacances-a-la-montagne-pour-ceux-qui-partent-en-septembre_AN-202008310189.html</guid>
            <pubDate>Mon, 31 Aug 2020 11:31:20 GMT</pubDate>
            <description><![CDATA[Après trois mois de confinement et un virus toujours présent sur le territoire, la montagne se révèle être la destination de l’été 2020. Cap sur cinq stations attractives et dynamiques qui proposent de nombreuses activités aux familles, couples et groupes d'amis.<br /><br /><img src="https://images.bfmtv.com/B9fh7yjOq1u7lRYA9OHnTrHCVfg=/0x92:2048x1244/800x0/images/Le-pic-de-Jallouvre-dans-les-environs-du-Grand-Bornand-390550.jpg" />]]></description>
            <enclosure url="https://images.bfmtv.com/B9fh7yjOq1u7lRYA9OHnTrHCVfg=/0x92:2048x1244/800x0/images/Le-pic-de-Jallouvre-dans-les-environs-du-Grand-Bornand-390550.jpg" length="0" type="image/jpg"/>
        </item>
        <item>
            <title><![CDATA[Les cabanes dans les arbres, destination idéale pour un retour aux sources]]></title>
            <link>https://www.bfmtv.com/voyage/les-cabanes-dans-les-arbres-destination-ideale-pour-un-retour-aux-sources_AN-202008230003.html</link>
            <guid>https://www.bfmtv.com/voyage/les-cabanes-dans-les-arbres-destination-ideale-pour-un-retour-aux-sources_AN-202008230003.html</guid>
            <pubDate>Sun, 23 Aug 2020 05:00:00 GMT</pubDate>
            <description><![CDATA[Perchées à plusieurs mètres de hauteur dans des forêts préservées, les cabanes dans les arbres attirent de plus en plus de vacanciers, à la recherche d’intimité et de contact avec la nature.<br /><br /><img src="https://images.bfmtv.com/reMxUgN5FxBsvNo_NN8vdQ5RwHo=/12x39:1804x1047/800x0/images/La-cabane-spa-Cocoon-Plume-au-domaine-du-Bois-de-Rosoy-dans-lOise-386644.jpg" />]]></description>
            <enclosure url="https://images.bfmtv.com/reMxUgN5FxBsvNo_NN8vdQ5RwHo=/12x39:1804x1047/800x0/images/La-cabane-spa-Cocoon-Plume-au-domaine-du-Bois-de-Rosoy-dans-lOise-386644.jpg" length="0" type="image/jpg"/>
        </item>
    </channel>
</rss>