<?xml version="1.0" encoding="utf-8"?>
<rss version="2.0" xmlns:atom="http://www.w3.org/2005/Atom">
    <channel>
        <title>Home Mode - actualités</title>
        <link>https://www.bfmtv.com/people/mode/</link>
        <description>Vêtements, lingerie, accessoires, créations... Retrouvez toute l'actu fashion et les dernières tendances à la mode pour être à la pointe de la mode</description>
        <lastBuildDate>Mon, 10 Feb 2025 12:39:33 GMT</lastBuildDate>
        <docs>http://blogs.law.harvard.edu/tech/rss</docs>
        <generator>BFMTV</generator>
        <language>fr</language>
        <image>
            <title>Home Mode - actualités</title>
            <url>https://www.bfmtv.com/assets/v11/images/BFMTV_default_16x9.8715a163008e9f3fc3799c8e2c6ebafa.jpg</url>
            <link>https://www.bfmtv.com/people/mode/</link>
        </image>
        <copyright>Copyright BFMTV</copyright>
        <category>Home Mode - actualités</category>
        <atom:link href="https://www.bfmtv.com/people/mode/" rel="self" type="application/rss+xml"/>
        <item>
            <title><![CDATA["J'ai encore beaucoup à accomplir": Anna Wintour ne veut pas entendre parler de retraite]]></title>
            <link>https://www.bfmtv.com/people/mode/j-ai-encore-beaucoup-a-accomplir-anna-wintour-ne-veut-pas-entendre-parler-de-retraite_AD-202502070725.html</link>
            <guid>https://www.bfmtv.com/people/mode/j-ai-encore-beaucoup-a-accomplir-anna-wintour-ne-veut-pas-entendre-parler-de-retraite_AD-202502070725.html</guid>
            <pubDate>Fri, 07 Feb 2025 16:58:41 GMT</pubDate>
            <description><![CDATA[La rédactrice en chef du magazine Vogue américain, qui a été décorée par le roi Charles III au palais de Buckingham, s'est confiée sur sa volonté de prendre sa retraite.<br /><br /><img src="https://images.bfmtv.com/J_38DgWs5feSvnEtANmIuZtaDho=/0x172:2048x1324/800x0/images/La-redactrice-en-chef-du-magazine-Vogue-americain-Anna-Wintour-decoree-par-le-roi-Charles-III-au-palais-de-Buckingham-2029406.jpg" />]]></description>
            <enclosure url="https://images.bfmtv.com/J_38DgWs5feSvnEtANmIuZtaDho=/0x172:2048x1324/800x0/images/La-redactrice-en-chef-du-magazine-Vogue-americain-Anna-Wintour-decoree-par-le-roi-Charles-III-au-palais-de-Buckingham-2029406.jpg" length="0" type="image/jpg"/>
        </item>
        <item>
            <title><![CDATA[ Des vestes à l’effigie de Marine Le Pen, des casquettes “place nette” et des slogans chocs…  “Coucoubébé” s’amuse avec les codes de la mode  ]]></title>
            <link>https://www.bfmtv.com/people/mode/des-vestes-a-l-effigie-de-marine-le-pen-des-casquettes-place-nette-et-des-slogans-chocs-coucoubebe-s-amuse-avec-les-codes-de-la-mode_VN-202410160822.html</link>
            <guid>https://www.bfmtv.com/people/mode/des-vestes-a-l-effigie-de-marine-le-pen-des-casquettes-place-nette-et-des-slogans-chocs-coucoubebe-s-amuse-avec-les-codes-de-la-mode_VN-202410160822.html</guid>
            <pubDate>Wed, 16 Oct 2024 17:38:09 GMT</pubDate>
            <description><![CDATA[“Coucoubébé” est un créateur parisien qui a émergé en 2020. Il crée des vêtements un peu particulier, mettant en scène des figures politiques, des logos de médias ou encore des slogans chocs. Des stars comme Madonna, 21 Savage ou encore Asap Rocky ont déjà porté des pièces du créateur. Les prix varient entre 70 euros pour une cagoule et 800 euros pour un bomber.<br /><br /><img src="https://images.bfmtv.com/ebpgF8p56gx2u2L89LBKmY_vdyI=/0x0:1280x720/800x0/images/Des-vestes-a-l-effigie-de-Marine-Le-Pen-des-casquettes-place-nette-et-des-slogans-chocs-Coucoubebe-s-amuse-avec-les-codes-de-la-mode-1957925.jpg" />]]></description>
            <enclosure url="https://images.bfmtv.com/ebpgF8p56gx2u2L89LBKmY_vdyI=/0x0:1280x720/800x0/images/Des-vestes-a-l-effigie-de-Marine-Le-Pen-des-casquettes-place-nette-et-des-slogans-chocs-Coucoubebe-s-amuse-avec-les-codes-de-la-mode-1957925.jpg" length="0" type="image/jpg"/>
        </item>
        <item>
            <title><![CDATA[Mode: le footballeur des Bleus Jules Koundé casse les codes dans la nouvelle campagne de Jacquemus ]]></title>
            <link>https://www.bfmtv.com/people/mode/mode-le-footballeur-des-bleus-jules-kounde-casse-les-codes-dans-la-nouvelle-campagne-de-jacquemus_VN-202409240702.html</link>
            <guid>https://www.bfmtv.com/people/mode/mode-le-footballeur-des-bleus-jules-kounde-casse-les-codes-dans-la-nouvelle-campagne-de-jacquemus_VN-202409240702.html</guid>
            <pubDate>Tue, 24 Sep 2024 15:15:25 GMT</pubDate>
            <description><![CDATA[Intitulé "À la maison avec Jules", le shooting met notamment en scène le joueur du FC Barcelone devant un manoir, effectuant des tâches du quotidien. On le voit passer l'aspirateur sur une pelouse, un grand sourire déployé sur les lèvres. <br /><br /><img src="https://images.bfmtv.com/-mn4gFCSKf8gAW6g_q-jJYuNv1I=/0x0:1280x720/800x0/images/Mode-le-footballeur-des-Bleus-Jules-Kounde-casse-les-codes-dans-la-nouvelle-campagne-de-Jacquemus-1943380.jpg" />]]></description>
            <enclosure url="https://images.bfmtv.com/-mn4gFCSKf8gAW6g_q-jJYuNv1I=/0x0:1280x720/800x0/images/Mode-le-footballeur-des-Bleus-Jules-Kounde-casse-les-codes-dans-la-nouvelle-campagne-de-Jacquemus-1943380.jpg" length="0" type="image/jpg"/>
        </item>
        <item>
            <title><![CDATA["Arrêtez de soutenir l'abattage d'animaux pour la mode", une militante Peta interpelle Pharrell Williams]]></title>
            <link>https://www.bfmtv.com/people/mode/arretez-de-soutenir-l-abattage-d-animaux-pour-la-mode-une-militante-peta-interpelle-pharrell-williams_AN-202409110710.html</link>
            <guid>https://www.bfmtv.com/people/mode/arretez-de-soutenir-l-abattage-d-animaux-pour-la-mode-une-militante-peta-interpelle-pharrell-williams_AN-202409110710.html</guid>
            <pubDate>Wed, 11 Sep 2024 15:47:14 GMT</pubDate>
            <description><![CDATA[Une militante de l'association de défense des animaux a brièvement interrompu la présentation du film de Pharrell Williams au festival du film de Toronto, mardi.<br /><br /><img src="https://images.bfmtv.com/8eaZL-xivuMWCvbo25-cGdq3lHI=/6x93:1718x1056/800x0/images/Pharrell-Williams-au-festival-du-film-de-Toronto-le-10-septembre-2024-1935020.jpg" />]]></description>
            <enclosure url="https://images.bfmtv.com/8eaZL-xivuMWCvbo25-cGdq3lHI=/6x93:1718x1056/800x0/images/Pharrell-Williams-au-festival-du-film-de-Toronto-le-10-septembre-2024-1935020.jpg" length="0" type="image/jpg"/>
        </item>
        <item>
            <title><![CDATA[Mostra de Venise: Lady Gaga enchante le tapis rouge avec sa robe]]></title>
            <link>https://www.bfmtv.com/people/mode/mostra-de-venise-lady-gaga-enchante-le-tapis-rouge-avec-sa-robe_VN-202409050491.html</link>
            <guid>https://www.bfmtv.com/people/mode/mostra-de-venise-lady-gaga-enchante-le-tapis-rouge-avec-sa-robe_VN-202409050491.html</guid>
            <pubDate>Thu, 05 Sep 2024 10:44:36 GMT</pubDate>
            <description><![CDATA[Pour l'avant-première mondiale du film "Joker : Folie à Deux" à la Mostra de Venise, Lady Gaga est apparue ce mercredi dans une robe noire monumentale. Elle interprètera Harley Queen dans le film, aux côtés de Joaquin Phoenix, qui sortira le 2 octobre prochain.<br /><br /><img src="https://images.bfmtv.com/7vh_c7xqXl615Q1r--zUkoAXt7Y=/0x0:1280x720/800x0/images/Mostra-de-Venise-Lady-Gaga-enchante-le-tapis-rouge-avec-sa-robe-1931193.jpg" />]]></description>
            <enclosure url="https://images.bfmtv.com/7vh_c7xqXl615Q1r--zUkoAXt7Y=/0x0:1280x720/800x0/images/Mostra-de-Venise-Lady-Gaga-enchante-le-tapis-rouge-avec-sa-robe-1931193.jpg" length="0" type="image/jpg"/>
        </item>
        <item>
            <title><![CDATA[Qu’est-ce que le phénomène du “Brat summer”? ]]></title>
            <link>https://www.bfmtv.com/people/mode/qu-est-ce-que-le-phenomene-du-brat-summer_VN-202408020587.html</link>
            <guid>https://www.bfmtv.com/people/mode/qu-est-ce-que-le-phenomene-du-brat-summer_VN-202408020587.html</guid>
            <pubDate>Fri, 02 Aug 2024 19:44:34 GMT</pubDate>
            <description><![CDATA[Le mot “Brat”, qui peut être traduit par “sale gosse” en français, revient partout sur les réseaux depuis le mois de juin. Il émane du dernier album de la chanteuse britannique Charli XCX, qui connaît un grand succès. La pochette très minimaliste teintée d’un vert fluo a marqué les esprits. Sur les réseaux sociaux, le “Brat Summer” connaît un énorme succès avec des milliers de choré, de vidéos avec le hashtag “Brat”.<br /><br /><img src="https://images.bfmtv.com/5GR8YSHVavBT7qhHRT1oRNt-RMw=/0x0:1280x720/800x0/images/Qu-est-ce-que-le-phenomene-du-Brat-summer-1914160.jpg" />]]></description>
            <enclosure url="https://images.bfmtv.com/5GR8YSHVavBT7qhHRT1oRNt-RMw=/0x0:1280x720/800x0/images/Qu-est-ce-que-le-phenomene-du-Brat-summer-1914160.jpg" length="0" type="image/jpg"/>
        </item>
        <item>
            <title><![CDATA[Omar Sy: son fils Tidiane, mannequin à la Fashion Week de Paris]]></title>
            <link>https://www.bfmtv.com/people/mode/omar-sy-son-fils-tidiane-mannequin-a-la-fashion-week-de-paris_AN-202406230266.html</link>
            <guid>https://www.bfmtv.com/people/mode/omar-sy-son-fils-tidiane-mannequin-a-la-fashion-week-de-paris_AN-202406230266.html</guid>
            <pubDate>Sun, 23 Jun 2024 13:01:10 GMT</pubDate>
            <description><![CDATA[Tidiane Sy, fils de l'acteur Omar Sy, a défilé samedi dans le cadre de la Fashion Week à Paris, pour la marque 3.paradis. <br /><br /><img src="https://images.bfmtv.com/iTlnR0p0plRRv4OILIAcOmMJIQs=/0x60:1920x1140/800x0/images/Tidiane-Sy-au-defile-de-3-Paradis-1889797.jpg" />]]></description>
            <enclosure url="https://images.bfmtv.com/iTlnR0p0plRRv4OILIAcOmMJIQs=/0x60:1920x1140/800x0/images/Tidiane-Sy-au-defile-de-3-Paradis-1889797.jpg" length="0" type="image/jpg"/>
        </item>
        <item>
            <title><![CDATA[A Paris, le rappeur Asap Rocky présente une première collection surprise]]></title>
            <link>https://www.bfmtv.com/people/mode/a-paris-le-rappeur-asap-rocky-presente-une-premiere-collection-surprise_AD-202406220306.html</link>
            <guid>https://www.bfmtv.com/people/mode/a-paris-le-rappeur-asap-rocky-presente-une-premiere-collection-surprise_AD-202406220306.html</guid>
            <pubDate>Sat, 22 Jun 2024 13:56:52 GMT</pubDate>
            <description><![CDATA[Le rappeur Asap Rocky, compagnon de Rihanna, a présenté vendredi à la Fashion Week de Paris sa première collection, intitulée "Amercian Sabotage". <br /><br /><img src="https://images.bfmtv.com/Am14xA1X4EV7lj32M1A2zkZJztU=/0x106:2048x1258/800x0/images/Asap-Rocky-et-Rihanna-1889431.jpg" />]]></description>
            <enclosure url="https://images.bfmtv.com/Am14xA1X4EV7lj32M1A2zkZJztU=/0x106:2048x1258/800x0/images/Asap-Rocky-et-Rihanna-1889431.jpg" length="0" type="image/jpg"/>
        </item>
        <item>
            <title><![CDATA["Les animaux ne sont pas du tissu": Peta perturbe le défilé de Victoria Beckham à la Fashion week]]></title>
            <link>https://www.bfmtv.com/people/mode/les-animaux-ne-sont-pas-des-tissus-peta-perturbe-le-defile-de-victoria-beckham-a-la-fashion-week_AN-202403020266.html</link>
            <guid>https://www.bfmtv.com/people/mode/les-animaux-ne-sont-pas-des-tissus-peta-perturbe-le-defile-de-victoria-beckham-a-la-fashion-week_AN-202403020266.html</guid>
            <pubDate>Sat, 02 Mar 2024 12:19:29 GMT</pubDate>
            <description><![CDATA[Des militantes de l'ONG de défense des animaux Peta, ont perturbé le défilé de Victoria Beckham qui se déroulait vendredi dans un hôtel particulier du 8e arrondissement. <br /><br /><img src="https://images.bfmtv.com/lAlUvZH8Q954BLP2wwkqK8aOCus=/0x20:2048x1172/800x0/images/Fashion-Week-1817244.jpg" />]]></description>
            <enclosure url="https://images.bfmtv.com/lAlUvZH8Q954BLP2wwkqK8aOCus=/0x20:2048x1172/800x0/images/Fashion-Week-1817244.jpg" length="0" type="image/jpg"/>
        </item>
        <item>
            <title><![CDATA[Iris Apfel, icône américaine de la mode, est morte à 102 ans]]></title>
            <link>https://www.bfmtv.com/people/mode/iris-apfel-icone-americaine-de-la-mode-est-morte-a-102-ans_AD-202403020108.html</link>
            <guid>https://www.bfmtv.com/people/mode/iris-apfel-icone-americaine-de-la-mode-est-morte-a-102-ans_AD-202403020108.html</guid>
            <pubDate>Sat, 02 Mar 2024 07:04:14 GMT</pubDate>
            <description><![CDATA[Iris Apfel, icône américaine de la mode, est morte à 102 ans. Suivie par près de 3 millions de personnes sur Instagram, elle n'avait jamais cessé de travailler et continuait à assister à des défilés de grands couturiers.<br /><br /><img src="https://images.bfmtv.com/9yn68wx13le5clSzpzOhoJ6qBU4=/0x61:1024x637/800x0/images/Iris-Apfel-celebrant-son-100e-anniversaire-a-New-York-le-9-septembre-2021-1817140.jpg" />]]></description>
            <enclosure url="https://images.bfmtv.com/9yn68wx13le5clSzpzOhoJ6qBU4=/0x61:1024x637/800x0/images/Iris-Apfel-celebrant-son-100e-anniversaire-a-New-York-le-9-septembre-2021-1817140.jpg" length="0" type="image/jpg"/>
        </item>
        <item>
            <title><![CDATA[Claude Montana, couturier star des années Palace, est mort à 76 ans]]></title>
            <link>https://www.bfmtv.com/people/mode/mort-de-claude-montana-couturier-star-des-annees-palace_AD-202402230640.html</link>
            <guid>https://www.bfmtv.com/people/mode/mort-de-claude-montana-couturier-star-des-annees-palace_AD-202402230640.html</guid>
            <pubDate>Fri, 23 Feb 2024 15:18:00 GMT</pubDate>
            <description><![CDATA[ Le couturier qui s'était imposé comme une figure de la mode des années 80 est mort vendredi à l'âge de 76 ans à Paris selon son entourage.<br /><br /><img src="https://images.bfmtv.com/LB2X_l6PSszAMXQNWzzlQxokVug=/0x83:2048x1235/800x0/images/Claude-Montana-1812136.jpg" />]]></description>
            <enclosure url="https://images.bfmtv.com/LB2X_l6PSszAMXQNWzzlQxokVug=/0x83:2048x1235/800x0/images/Claude-Montana-1812136.jpg" length="0" type="image/jpg"/>
        </item>
        <item>
            <title><![CDATA[Cabaret: 120 costumes de maisons historiques exposés dans un musée]]></title>
            <link>https://www.bfmtv.com/people/mode/cabaret-120-costumes-de-maisons-historiques-exposes-dans-un-musee_VN-202312300258.html</link>
            <guid>https://www.bfmtv.com/people/mode/cabaret-120-costumes-de-maisons-historiques-exposes-dans-un-musee_VN-202312300258.html</guid>
            <pubDate>Sat, 30 Dec 2023 15:51:06 GMT</pubDate>
            <description><![CDATA[Plumes, strass, capes... Pas moins de 120 costumes de maisons historiques sont exposés au Centre national du costume et de la scène, à Moulins, dans l'Allier. L'exposition "Cabaret", se tient jusqu'au 30 avril prochain.<br /><br /><img src="https://images.bfmtv.com/rZFhHR3Rkzyh7LZXjlUGFga1xP0=/0x0:1280x720/800x0/images/Cabaret-120-costumes-de-maisons-historiques-exposes-dans-un-musee-1776572.jpg" />]]></description>
            <enclosure url="https://images.bfmtv.com/rZFhHR3Rkzyh7LZXjlUGFga1xP0=/0x0:1280x720/800x0/images/Cabaret-120-costumes-de-maisons-historiques-exposes-dans-un-musee-1776572.jpg" length="0" type="image/jpg"/>
        </item>
        <item>
            <title><![CDATA[ Le créateur de la robe-table de Miss Lorraine explique sa création ]]></title>
            <link>https://www.bfmtv.com/people/mode/le-createur-de-la-robe-table-de-miss-lorraine-explique-sa-creation_VN-202312190953.html</link>
            <guid>https://www.bfmtv.com/people/mode/le-createur-de-la-robe-table-de-miss-lorraine-explique-sa-creation_VN-202312190953.html</guid>
            <pubDate>Tue, 19 Dec 2023 20:35:13 GMT</pubDate>
            <description><![CDATA[Maël Charton, un créateur de mode lorrain, a été choisi par le comité Miss France pour confectionner le costume régional de Miss Lorraine. Il a décidé de s’inspirer de la gastronomie locale pour confectionner une robe-table. Il nous explique son processus de création.<br /><br /><img src="https://images.bfmtv.com/3bEjWXLQ0t_yZjtYR70zAWlNU_o=/0x0:1280x720/800x0/images/Le-createur-de-la-robe-table-de-Miss-Lorraine-explique-sa-creation-1771568.jpg" />]]></description>
            <enclosure url="https://images.bfmtv.com/3bEjWXLQ0t_yZjtYR70zAWlNU_o=/0x0:1280x720/800x0/images/Le-createur-de-la-robe-table-de-Miss-Lorraine-explique-sa-creation-1771568.jpg" length="0" type="image/jpg"/>
        </item>
        <item>
            <title><![CDATA[Amazon réduit le prix de cette doudoune The North Face pendant très peu de temps]]></title>
            <link>https://www.bfmtv.com/people/mode/amazon-fracasse-le-prix-de-cette-doudoune-the-north-face-pendant-tres-peu-de-temps_AB-202311260017.html</link>
            <guid>https://www.bfmtv.com/people/mode/amazon-fracasse-le-prix-de-cette-doudoune-the-north-face-pendant-tres-peu-de-temps_AB-202311260017.html</guid>
            <pubDate>Sun, 26 Nov 2023 06:22:00 GMT</pubDate>
            <description><![CDATA[ Alors que les températures baissent, Amazon fait chuter le prix de la doudoune The  North Face avec une réduction de 41%.  <br /><br /><img src="https://images.bfmtv.com/ccEIDwgEwC-6DfNxdzdzy0UmgUM=/0x0:1600x900/800x0/images/Amazon-fracasse-le-prix-de-cette-doudoune-The-North-Face-pendant-tres-peu-de-temps-1753198.jpg" />]]></description>
            <enclosure url="https://images.bfmtv.com/ccEIDwgEwC-6DfNxdzdzy0UmgUM=/0x0:1600x900/800x0/images/Amazon-fracasse-le-prix-de-cette-doudoune-The-North-Face-pendant-tres-peu-de-temps-1753198.jpg" length="0" type="image/jpg"/>
        </item>
        <item>
            <title><![CDATA[Le prix de cette montre Casio G-Shock est des plus intéressants sur ce site]]></title>
            <link>https://www.bfmtv.com/people/mode/le-prix-de-cette-montre-casio-g-shock-est-des-plus-interessants-sur-ce-site_AB-202311210055.html</link>
            <guid>https://www.bfmtv.com/people/mode/le-prix-de-cette-montre-casio-g-shock-est-des-plus-interessants-sur-ce-site_AB-202311210055.html</guid>
            <pubDate>Tue, 21 Nov 2023 08:58:00 GMT</pubDate>
            <description><![CDATA[Si vous cherchez une montre à la fois élégante et précise, pensez à cette montre Casio G-Shock dont le prix dégringole sur le site d’Amazon pendant ces prochains jours.<br /><br /><img src="https://images.bfmtv.com/zHte6lUPMGJrapykpNzIEgoN9Uo=/0x0:1600x900/800x0/images/Profitez-d-une-montre-Casio-G-Shock-a-prix-avantageux-sur-ce-site-web-1738410.jpg" />]]></description>
            <enclosure url="https://images.bfmtv.com/zHte6lUPMGJrapykpNzIEgoN9Uo=/0x0:1600x900/800x0/images/Profitez-d-une-montre-Casio-G-Shock-a-prix-avantageux-sur-ce-site-web-1738410.jpg" length="0" type="image/jpg"/>
        </item>
        <item>
            <title><![CDATA[Ces chaussures Nike Jumpman MVP profitent d'un prix à ne pas manquer]]></title>
            <link>https://www.bfmtv.com/people/mode/ces-chaussures-nike-jumpman-mvp-profitent-d-un-prix-a-ne-pas-manquer_AB-202311180090.html</link>
            <guid>https://www.bfmtv.com/people/mode/ces-chaussures-nike-jumpman-mvp-profitent-d-un-prix-a-ne-pas-manquer_AB-202311180090.html</guid>
            <pubDate>Sat, 18 Nov 2023 10:30:00 GMT</pubDate>
            <description><![CDATA[Pour Nike, les fêtes de fin d’année riment souvent avec grosses promotions. Aujourd’hui, ces promotions sont aussi bien présentes sur des modèles comme la Nike Jumpman MVP qui rend hommage au plus grand basketteur de tous les temps : Michael Jordan.<br /><br /><img src="https://images.bfmtv.com/afDod89sVYfoxQx7743BOIYVGnI=/0x0:1600x900/800x0/images/Ces-chaussures-Nike-Jumpman-MVP-profitent-d-un-prix-a-ne-pas-manquer-1750096.jpg" />]]></description>
            <enclosure url="https://images.bfmtv.com/afDod89sVYfoxQx7743BOIYVGnI=/0x0:1600x900/800x0/images/Ces-chaussures-Nike-Jumpman-MVP-profitent-d-un-prix-a-ne-pas-manquer-1750096.jpg" length="0" type="image/jpg"/>
        </item>
        <item>
            <title><![CDATA[Cette astuce gratuite vous permet d'obtenir 25% de remise sur une multitude de produits]]></title>
            <link>https://www.bfmtv.com/people/mode/cette-astuce-gratuite-vous-permet-d-obtenir-25-de-remise-sur-une-multitude-de-produits_AB-202311180078.html</link>
            <guid>https://www.bfmtv.com/people/mode/cette-astuce-gratuite-vous-permet-d-obtenir-25-de-remise-sur-une-multitude-de-produits_AB-202311180078.html</guid>
            <pubDate>Sat, 18 Nov 2023 06:36:00 GMT</pubDate>
            <description><![CDATA[Pour quelques jours, Nike propose une offre spéciale à tous ses membres, grâce à un code promotionnel exclusif. <br /><br /><img src="https://images.bfmtv.com/xkDmZAeTN564hZLQkqVEZ2mV4Sg=/0x0:1600x900/800x0/images/Bon-plan-Nike-on-vous-a-deniche-5-paires-de-sneakers-iconiques-de-la-marque-a-prix-mini-1710223.jpg" />]]></description>
            <enclosure url="https://images.bfmtv.com/xkDmZAeTN564hZLQkqVEZ2mV4Sg=/0x0:1600x900/800x0/images/Bon-plan-Nike-on-vous-a-deniche-5-paires-de-sneakers-iconiques-de-la-marque-a-prix-mini-1710223.jpg" length="0" type="image/jpg"/>
        </item>
        <item>
            <title><![CDATA[Quel est ce polo Levis à moins de 30 euros à l'occasion du Prime Day d'Octobre ?]]></title>
            <link>https://www.bfmtv.com/people/mode/quel-est-ce-polo-levis-a-moins-de-30-euros-a-l-occasion-du-prime-day-d-octobre_AB-202310100012.html</link>
            <guid>https://www.bfmtv.com/people/mode/quel-est-ce-polo-levis-a-moins-de-30-euros-a-l-occasion-du-prime-day-d-octobre_AB-202310100012.html</guid>
            <pubDate>Tue, 10 Oct 2023 10:17:00 GMT</pubDate>
            <description><![CDATA[Savez-vous qu'un polo de qualité doit répondre à un cahier des charges bien précis ? C'est le cas de ce modèle de grande marque dont le prix est tout petit à l'occasion du Prime Day.<br /><br /><img src="https://images.bfmtv.com/3lfhVJBsapnD7X-AEVcj3lI85pg=/0x0:1600x900/800x0/images/Ce-polo-Levi-s-est-parfait-pour-la-saison-en-plus-son-prix-baisse-sur-ce-site-connu-1687955.jpg" />]]></description>
            <enclosure url="https://images.bfmtv.com/3lfhVJBsapnD7X-AEVcj3lI85pg=/0x0:1600x900/800x0/images/Ce-polo-Levi-s-est-parfait-pour-la-saison-en-plus-son-prix-baisse-sur-ce-site-connu-1687955.jpg" length="0" type="image/jpg"/>
        </item>
        <item>
            <title><![CDATA[3 doudounes sans manche pour affronter l'automne qui arrive]]></title>
            <link>https://www.bfmtv.com/people/mode/3-doudounes-sans-manche-pour-affronter-l-automne-qui-arrive_AB-202309300002.html</link>
            <guid>https://www.bfmtv.com/people/mode/3-doudounes-sans-manche-pour-affronter-l-automne-qui-arrive_AB-202309300002.html</guid>
            <pubDate>Sat, 30 Sep 2023 05:19:00 GMT</pubDate>
            <description><![CDATA[L’arrivée de l’automne vous fait frissonner ? Avec cette sélection de doudounes vendues par Amazon, vous allez rester bien au chaud ! <br /><br /><img src="https://images.bfmtv.com/vTV1kFkvqjGbRDlosVRbLg7sBzg=/0x0:1600x900/800x0/images/3-doudounes-sans-manche-pour-affronter-l-automne-qui-arrive-1710905.jpg" />]]></description>
            <enclosure url="https://images.bfmtv.com/vTV1kFkvqjGbRDlosVRbLg7sBzg=/0x0:1600x900/800x0/images/3-doudounes-sans-manche-pour-affronter-l-automne-qui-arrive-1710905.jpg" length="0" type="image/jpg"/>
        </item>
        <item>
            <title><![CDATA[Fashion Week: les images du défilé Balmain, dix jours après le vol de la collection]]></title>
            <link>https://www.bfmtv.com/people/mode/fashion-week-les-images-du-defile-balmain-dix-jours-apres-le-vol-de-la-collection_VN-202309280159.html</link>
            <guid>https://www.bfmtv.com/people/mode/fashion-week-les-images-du-defile-balmain-dix-jours-apres-le-vol-de-la-collection_VN-202309280159.html</guid>
            <pubDate>Thu, 28 Sep 2023 05:27:50 GMT</pubDate>
            <description><![CDATA[Véritable défi, le show Balmain printemps-été 2024, dévoilé ce mercredi soir à Paris, a été un parfait exemple de résilience. En effet, après s'être faite voler une cinquantaine de pièces mi-septembre, la maison Balmain a prouvé qu'elle était capable de maintenir le spectacle. <br /><br /><img src="https://images.bfmtv.com/lX_9Sp9Y5D7bQhuRk_4vSugAm6Q=/0x0:1280x720/800x0/images/Fashion-Week-les-images-du-defile-Balmain-dix-jours-apres-le-vol-de-la-collection-1715416.jpg" />]]></description>
            <enclosure url="https://images.bfmtv.com/lX_9Sp9Y5D7bQhuRk_4vSugAm6Q=/0x0:1280x720/800x0/images/Fashion-Week-les-images-du-defile-Balmain-dix-jours-apres-le-vol-de-la-collection-1715416.jpg" length="0" type="image/jpg"/>
        </item>
        <item>
            <title><![CDATA[Fashion Week: Corona, chanteuse de The "Rythm of the night", invitée surprise du défilé Etam]]></title>
            <link>https://www.bfmtv.com/people/mode/corona-chanteuse-de-the-rythm-of-the-night-invitee-surprise-du-defile-etam_AV-202309270413.html</link>
            <guid>https://www.bfmtv.com/people/mode/corona-chanteuse-de-the-rythm-of-the-night-invitee-surprise-du-defile-etam_AV-202309270413.html</guid>
            <pubDate>Wed, 27 Sep 2023 09:44:27 GMT</pubDate>
            <description><![CDATA[Le défilé de lingerie Etam s'est déroulé mercredi soir, dans une ambiance années 1980-90, dans la boîte parisienne mythique Le Palace. <br /><br /><img src="https://images.bfmtv.com/8ajX07NfohuTwu14bvkXfAlDGaQ=/12x4:1292x724/800x0/images/Defile-Etam-1714991.jpg" />]]></description>
            <enclosure url="https://images.bfmtv.com/8ajX07NfohuTwu14bvkXfAlDGaQ=/12x4:1292x724/800x0/images/Defile-Etam-1714991.jpg" length="0" type="image/jpg"/>
        </item>
        <item>
            <title><![CDATA[Ambiance club au défilé Etam, pluie de stars chez Dior et décor monumental pour Saint Laurent: la fashion week est lancée]]></title>
            <link>https://www.bfmtv.com/people/mode/ambiance-club-au-defile-etam-pluie-de-stars-chez-dior-et-decor-monumental-pour-saint-laurent-la-fashion-week-est-lancee_VN-202309270227.html</link>
            <guid>https://www.bfmtv.com/people/mode/ambiance-club-au-defile-etam-pluie-de-stars-chez-dior-et-decor-monumental-pour-saint-laurent-la-fashion-week-est-lancee_VN-202309270227.html</guid>
            <pubDate>Wed, 27 Sep 2023 06:17:22 GMT</pubDate>
            <description><![CDATA[Ambiance club au défilé Etam, pluie de stars chez Dior et décor monumental pour Saint Laurent: la fashion week est lancée.<br /><br /><img src="https://images.bfmtv.com/f5nido5u7KZf7KYWKhY38wQqe6A=/0x0:1280x720/800x0/images/Ambiance-club-au-defile-Etam-pluie-de-stars-chez-Dior-et-decor-monumental-pour-Saint-Laurent-la-fashion-week-est-lancee-1714714.jpg" />]]></description>
            <enclosure url="https://images.bfmtv.com/f5nido5u7KZf7KYWKhY38wQqe6A=/0x0:1280x720/800x0/images/Ambiance-club-au-defile-Etam-pluie-de-stars-chez-Dior-et-decor-monumental-pour-Saint-Laurent-la-fashion-week-est-lancee-1714714.jpg" length="0" type="image/jpg"/>
        </item>
        <item>
            <title><![CDATA[Irina Shayk et d'autres mannequins font polémique en défilant avec de faux coquards]]></title>
            <link>https://www.bfmtv.com/people/mode/irina-shayk-et-d-autres-mannequins-font-polemique-en-defilant-avec-de-faux-coquards_VN-202309210718.html</link>
            <guid>https://www.bfmtv.com/people/mode/irina-shayk-et-d-autres-mannequins-font-polemique-en-defilant-avec-de-faux-coquards_VN-202309210718.html</guid>
            <pubDate>Thu, 21 Sep 2023 16:09:41 GMT</pubDate>
            <description><![CDATA[Le défilé de la créatrice Mowalola Ogunlesi intitulé “Crash”, d’après le film de David Cronenberg, mettait en scène différents mannequins couverts de faux bleus et coupures. Selon la maquilleuse, le but était de donner aux modèles l’apparence de victimes d’accidents de voiture. De nombreux internautes ont dénoncé une glamourisation des blessures physiques et plus largement des violences faites aux femmes.<br /><br /><img src="https://images.bfmtv.com/FLUwyMexBDMLh2ytQAXwjuYW974=/0x0:1280x720/800x0/images/Irina-Shayk-et-d-autres-mannequins-font-polemique-en-defilant-avec-de-faux-coquards-1711222.jpg" />]]></description>
            <enclosure url="https://images.bfmtv.com/FLUwyMexBDMLh2ytQAXwjuYW974=/0x0:1280x720/800x0/images/Irina-Shayk-et-d-autres-mannequins-font-polemique-en-defilant-avec-de-faux-coquards-1711222.jpg" length="0" type="image/jpg"/>
        </item>
        <item>
            <title><![CDATA[Fashion Week: le défilé Balmain maintenu malgré le vol de plusieurs pièces de la collection]]></title>
            <link>https://www.bfmtv.com/people/mode/fashion-week-le-defile-balmain-maintenu-malgre-le-vol-de-plusieurs-pieces-de-la-collection_VN-202309190148.html</link>
            <guid>https://www.bfmtv.com/people/mode/fashion-week-le-defile-balmain-maintenu-malgre-le-vol-de-plusieurs-pieces-de-la-collection_VN-202309190148.html</guid>
            <pubDate>Tue, 19 Sep 2023 05:19:33 GMT</pubDate>
            <description><![CDATA[Plus de 50 pièces de la prochaine collection de la maison Balmain samedi. Le défilé est tout de même maintenu le 27 septembre prochain. Une enquête a été ouverte pour vol en bande organisée. <br /><br /><img src="https://images.bfmtv.com/2QjDHmz2bv_lP9nEKo1KQNPEO2U=/0x0:1280x720/800x0/images/Fashion-Week-le-defile-Balmain-maintenu-malgre-le-vol-de-plusieurs-pieces-de-la-collection-1709077.jpg" />]]></description>
            <enclosure url="https://images.bfmtv.com/2QjDHmz2bv_lP9nEKo1KQNPEO2U=/0x0:1280x720/800x0/images/Fashion-Week-le-defile-Balmain-maintenu-malgre-le-vol-de-plusieurs-pieces-de-la-collection-1709077.jpg" length="0" type="image/jpg"/>
        </item>
        <item>
            <title><![CDATA["Nous sommes en train de tout refaire": Olivier Rousteing écœuré du vol de plus de 50 pièces Balmain]]></title>
            <link>https://www.bfmtv.com/people/mode/nous-sommes-en-train-de-tout-refaire-olivier-rousteing-ecoeure-du-vol-de-plus-de-50-pieces-balmain_AN-202309170245.html</link>
            <guid>https://www.bfmtv.com/people/mode/nous-sommes-en-train-de-tout-refaire-olivier-rousteing-ecoeure-du-vol-de-plus-de-50-pieces-balmain_AN-202309170245.html</guid>
            <pubDate>Sun, 17 Sep 2023 11:01:55 GMT</pubDate>
            <description><![CDATA[Olivier Rousteing, directeur artistique de Balmain, dénonce sur Instagram, le vol de sa nouvelle collection, dérobée avec le camion qui la transportait, cette nuit. <br /><br /><img src="https://images.bfmtv.com/JF_5xh002P5yrdg7-qMM4rrzpN8=/0x106:2048x1258/800x0/images/Olivier-Rousteing-1708024.jpg" />]]></description>
            <enclosure url="https://images.bfmtv.com/JF_5xh002P5yrdg7-qMM4rrzpN8=/0x106:2048x1258/800x0/images/Olivier-Rousteing-1708024.jpg" length="0" type="image/jpg"/>
        </item>
        <item>
            <title><![CDATA[Le célèbre pull à moutons de Lady Diana s’est vendu aux enchères pour plus d'un million de dollars  ]]></title>
            <link>https://www.bfmtv.com/people/mode/le-celebre-pull-a-moutons-de-lady-diana-s-est-vendu-aux-encheres-pour-plus-d-un-million-de-dollars_VN-202309150633.html</link>
            <guid>https://www.bfmtv.com/people/mode/le-celebre-pull-a-moutons-de-lady-diana-s-est-vendu-aux-encheres-pour-plus-d-un-million-de-dollars_VN-202309150633.html</guid>
            <pubDate>Fri, 15 Sep 2023 14:53:39 GMT</pubDate>
            <description><![CDATA[À New York, une vente aux enchères en ligne du fameux pull rouge à moutons de Lady Diana a eu lieu. Estimé à 80.000 $, l'emblématique Black Sheep Jumper a été vendu au prix d'1,1 million de dollars. Lady Di le portait peu après ses fiançailles avec le Prince Charles, lors d’un match de polo en juin 1981. <br /><br /><img src="https://images.bfmtv.com/Rw6__UUc1jbnwWP9GEsct1oeajo=/0x0:1280x720/800x0/images/Le-celebre-pull-a-moutons-de-Lady-Diana-s-est-vendu-aux-encheres-pour-plus-d-un-million-de-dollars-1707293.jpg" />]]></description>
            <enclosure url="https://images.bfmtv.com/Rw6__UUc1jbnwWP9GEsct1oeajo=/0x0:1280x720/800x0/images/Le-celebre-pull-a-moutons-de-Lady-Diana-s-est-vendu-aux-encheres-pour-plus-d-un-million-de-dollars-1707293.jpg" length="0" type="image/jpg"/>
        </item>
        <item>
            <title><![CDATA[Un homme s'infiltre à la Fashion Week de New York et défile vêtu d'un sac poubelle]]></title>
            <link>https://www.bfmtv.com/people/mode/un-homme-s-infiltre-a-la-fashion-week-de-new-york-et-defile-vetu-d-un-sac-poubelle_AN-202309130845.html</link>
            <guid>https://www.bfmtv.com/people/mode/un-homme-s-infiltre-a-la-fashion-week-de-new-york-et-defile-vetu-d-un-sac-poubelle_AN-202309130845.html</guid>
            <pubDate>Wed, 13 Sep 2023 18:05:50 GMT</pubDate>
            <description><![CDATA[Un YouTubeur a défilé lors de la Fashion Week vêtu d'un sac poubelle. Une séquence devenue virale.<br /><br /><img src="https://images.bfmtv.com/pQSeeoEAHZ-Fj76NCp8ObjNw8YU=/0x20:592x353/800x0/images/Un-individu-s-est-infiltre-lors-de-la-Fashion-Week-le-9-septembre-dernier-1705840.jpg" />]]></description>
            <enclosure url="https://images.bfmtv.com/pQSeeoEAHZ-Fj76NCp8ObjNw8YU=/0x20:592x353/800x0/images/Un-individu-s-est-infiltre-lors-de-la-Fashion-Week-le-9-septembre-dernier-1705840.jpg" length="0" type="image/jpg"/>
        </item>
        <item>
            <title><![CDATA[Ces Air Force 1 signée Nike sont à petit prix grâce aux soldes officiels]]></title>
            <link>https://www.bfmtv.com/people/mode/ces-air-force-1-signee-nike-sont-a-petit-prix-grace-aux-soldes-officiels_AB-202307050042.html</link>
            <guid>https://www.bfmtv.com/people/mode/ces-air-force-1-signee-nike-sont-a-petit-prix-grace-aux-soldes-officiels_AB-202307050042.html</guid>
            <pubDate>Wed, 05 Jul 2023 13:31:00 GMT</pubDate>
            <description><![CDATA[Les célèbres chaussures conçues et fabriquées par Nike sont proposées à un prix défiant toute concurrence sur le site officiel du fabricant. <br /><br /><img src="https://images.bfmtv.com/U1cdLoREdFtBgxtpvDdYhyGFPGc=/0x0:1600x900/800x0/images/Ces-Air-Force-1-signee-Nike-sont-a-petit-prix-grace-aux-soldes-officiels-1668778.jpg" />]]></description>
            <enclosure url="https://images.bfmtv.com/U1cdLoREdFtBgxtpvDdYhyGFPGc=/0x0:1600x900/800x0/images/Ces-Air-Force-1-signee-Nike-sont-a-petit-prix-grace-aux-soldes-officiels-1668778.jpg" length="0" type="image/jpg"/>
        </item>
        <item>
            <title><![CDATA[Le premier défilé de Pharrell Williams pour Louis Vuitton a amené près de 1750 invités sur le Pont-Neuf à Paris]]></title>
            <link>https://www.bfmtv.com/people/mode/le-premier-defile-de-pharrell-williams-pour-louis-vuitton-a-amene-pres-de-1750-invites-sur-le-pont-neuf-a-paris_VN-202306210202.html</link>
            <guid>https://www.bfmtv.com/people/mode/le-premier-defile-de-pharrell-williams-pour-louis-vuitton-a-amene-pres-de-1750-invites-sur-le-pont-neuf-a-paris_VN-202306210202.html</guid>
            <pubDate>Wed, 21 Jun 2023 06:06:52 GMT</pubDate>
            <description><![CDATA[Le tout premier défilé de Pharrell Williams en tant que directeur artistique de la maison Louis Vuitton a eu lieu le 20 juin sur le Pont-Neuf à Paris. Cet évènement a amené près de 1750 invités de marque: Beyoncé, Zendaya, Lenny Kravitz, Lebron James ou encore Leonardo DiCaprio. C'est la première fois qu'une maison de luxe fait appel à une star pour la mettre à la tête de la direction artistique de la marque. <br /><br /><img src="https://images.bfmtv.com/DnClWyTOfurdbQI2DnVyD2J880Q=/0x0:1280x720/800x0/images/Le-premier-defile-de-Pharrell-Williams-pour-Louis-Vuitton-a-amene-pres-de-1750-invites-sur-le-Pont-Neuf-a-Paris-1660427.jpg" />]]></description>
            <enclosure url="https://images.bfmtv.com/DnClWyTOfurdbQI2DnVyD2J880Q=/0x0:1280x720/800x0/images/Le-premier-defile-de-Pharrell-Williams-pour-Louis-Vuitton-a-amene-pres-de-1750-invites-sur-le-Pont-Neuf-a-Paris-1660427.jpg" length="0" type="image/jpg"/>
        </item>
        <item>
            <title><![CDATA[La Langa, royame de la noisette et du vin]]></title>
            <link>https://www.bfmtv.com/people/mode/la-langa-royame-de-la-noisette-et-du-vin_AN-201410090074.html</link>
            <guid>https://www.bfmtv.com/people/mode/la-langa-royame-de-la-noisette-et-du-vin_AN-201410090074.html</guid>
            <pubDate>Wed, 14 Jun 2023 13:59:28 GMT</pubDate>
            <description><![CDATA[ La Langa, dans le Piémont, classée au patrimoine mondial. Vignoble et noisettes font sa renommée gastronomique. <br /><br /><img src="https://images.bfmtv.com/fkgTqpHjGmDQCB4UFTVQVJjuDfM=/0x67:1280x787/800x0/images/-348440.jpg" />]]></description>
            <enclosure url="https://images.bfmtv.com/fkgTqpHjGmDQCB4UFTVQVJjuDfM=/0x67:1280x787/800x0/images/-348440.jpg" length="0" type="image/jpg"/>
        </item>
    </channel>
</rss>