<?xml version="1.0" encoding="utf-8"?>
<rss version="2.0" xmlns:atom="http://www.w3.org/2005/Atom">
    <channel>
        <title>Home Poitiers - actualités</title>
        <link>https://www.bfmtv.com/poitiers/</link>
        <description>Suivez toute l'actualité politique, économique, météo, sportive et sociale de Poitiers et ses alentours en temps réel</description>
        <lastBuildDate>Mon, 10 Feb 2025 12:41:15 GMT</lastBuildDate>
        <docs>http://blogs.law.harvard.edu/tech/rss</docs>
        <generator>BFMTV</generator>
        <language>fr</language>
        <image>
            <title>Home Poitiers - actualités</title>
            <url>https://www.bfmtv.com/assets/v11/images/BFMTV_default_16x9.8715a163008e9f3fc3799c8e2c6ebafa.jpg</url>
            <link>https://www.bfmtv.com/poitiers/</link>
        </image>
        <copyright>Copyright BFMTV</copyright>
        <category>Home Poitiers - actualités</category>
        <atom:link href="https://www.bfmtv.com/poitiers/" rel="self" type="application/rss+xml"/>
        <item>
            <title><![CDATA[Environ 900 adresses poitevines répertoriées dans la nouvelle édition du Petit futé Poitiers]]></title>
            <link>https://www.bfmtv.com/poitiers/environ-900-adresses-poitevines-repertoriees-dans-la-nouvelle-edition-du-petit-fute-poitiers_AN-202412030994.html</link>
            <guid>https://www.bfmtv.com/poitiers/environ-900-adresses-poitevines-repertoriees-dans-la-nouvelle-edition-du-petit-fute-poitiers_AN-202412030994.html</guid>
            <pubDate>Tue, 03 Dec 2024 09:02:00 GMT</pubDate>
            <description><![CDATA[Comme chaque année, le Petit Futé publie un city guide des bons plans à retrouver. À Poitiers, ce sont des centaines d’escapades et adresses gourmandes, culturelles et de bien-être qui ont été rassemblées.<br /><br /><img src="https://images.bfmtv.com/0AvvIcQ9-xyXCLPjNny1AbH_5qE=/4x59:1044x644/800x0/images/La-place-Charles-de-Gaulle-a-Poitiers-en-octobre-2017-1989628.jpg" />]]></description>
            <enclosure url="https://images.bfmtv.com/0AvvIcQ9-xyXCLPjNny1AbH_5qE=/4x59:1044x644/800x0/images/La-place-Charles-de-Gaulle-a-Poitiers-en-octobre-2017-1989628.jpg" length="0" type="image/jpg"/>
        </item>
        <item>
            <title><![CDATA[Poitiers: l’extinction nocturne de l’éclairage public fait économiser 1 million d’euros par an]]></title>
            <link>https://www.bfmtv.com/poitiers/poitiers-l-extinction-nocturne-de-l-eclairage-public-fait-economiser-1-million-d-euros-par-an_AN-202411290721.html</link>
            <guid>https://www.bfmtv.com/poitiers/poitiers-l-extinction-nocturne-de-l-eclairage-public-fait-economiser-1-million-d-euros-par-an_AN-202411290721.html</guid>
            <pubDate>Fri, 29 Nov 2024 10:30:00 GMT</pubDate>
            <description><![CDATA[La préfecture de la Vienne a expérimenté pour la première fois l’extinction de l’éclairage public en 2021. Près de quatre ans plus tard, la mesure satisfait toujours. <br /><br /><img src="https://images.bfmtv.com/0LppXFYlURSLV80NeLP8h4LS_eQ=/0x100:1920x1180/800x0/images/Lampadaire-1154359.jpg" />]]></description>
            <enclosure url="https://images.bfmtv.com/0LppXFYlURSLV80NeLP8h4LS_eQ=/0x100:1920x1180/800x0/images/Lampadaire-1154359.jpg" length="0" type="image/jpg"/>
        </item>
        <item>
            <title><![CDATA[Ces élèves de seconde de Poitiers se préparent pour le Goncourt des lycéens]]></title>
            <link>https://www.bfmtv.com/poitiers/ces-eleves-de-seconde-de-poitiers-se-preparent-pour-le-goncourt-des-lyceens_AN-202411260856.html</link>
            <guid>https://www.bfmtv.com/poitiers/ces-eleves-de-seconde-de-poitiers-se-preparent-pour-le-goncourt-des-lyceens_AN-202411260856.html</guid>
            <pubDate>Tue, 26 Nov 2024 08:15:22 GMT</pubDate>
            <description><![CDATA[Les élèves de Seconde du lycée Aliénor d’Aquitaine de Poitiers ont pris part à la sélection du prix Goncourt des lycéens.<br /><br /><img src="https://images.bfmtv.com/RTMdtT_61aekLyaZr6J1xHus9r8=/0x96:2048x1248/800x0/images/college-1680428.jpg" />]]></description>
            <enclosure url="https://images.bfmtv.com/RTMdtT_61aekLyaZr6J1xHus9r8=/0x96:2048x1248/800x0/images/college-1680428.jpg" length="0" type="image/jpg"/>
        </item>
        <item>
            <title><![CDATA[Transports à Poitiers: une hausse record de fréquentation sur les lignes de bus en 2024]]></title>
            <link>https://www.bfmtv.com/poitiers/transports-a-poitiers-une-hausse-record-de-frequentation-sur-les-lignes-de-bus-en-2024_AN-202411250533.html</link>
            <guid>https://www.bfmtv.com/poitiers/transports-a-poitiers-une-hausse-record-de-frequentation-sur-les-lignes-de-bus-en-2024_AN-202411250533.html</guid>
            <pubDate>Mon, 25 Nov 2024 09:18:58 GMT</pubDate>
            <description><![CDATA[Le réseau Vitalis et Grand Poitiers ont communiqué leurs données de fréquentation sur le réseau de transports en commun. Depuis la rentrée de septembre, le nombre de voyageurs est en hausse. <br /><br /><img src="https://images.bfmtv.com/A1ZFj0dCrdhZSKxwzJCmnSBDCFU=/0x0:1920x1080/800x0/images/Un-bus-qui-ne-prend-pas-de-voyageurs-a-Cergy-Pontoise-1977243.jpg" />]]></description>
            <enclosure url="https://images.bfmtv.com/A1ZFj0dCrdhZSKxwzJCmnSBDCFU=/0x0:1920x1080/800x0/images/Un-bus-qui-ne-prend-pas-de-voyageurs-a-Cergy-Pontoise-1977243.jpg" length="0" type="image/jpg"/>
        </item>
        <item>
            <title><![CDATA[Pict’Asia 2025 annulé: créateurs et exposants réclament des comptes]]></title>
            <link>https://www.bfmtv.com/poitiers/pict-asia-2025-annule-createurs-et-exposants-reclament-des-comptes_AN-202411220955.html</link>
            <guid>https://www.bfmtv.com/poitiers/pict-asia-2025-annule-createurs-et-exposants-reclament-des-comptes_AN-202411220955.html</guid>
            <pubDate>Fri, 22 Nov 2024 14:52:00 GMT</pubDate>
            <description><![CDATA[L’édition 2025 du salon consacré à la culture japonaise a été annulée par surprise, après que l’association organisatrice a été dissoute à la suite de problèmes de trésorerie. <br /><br /><img src="https://images.bfmtv.com/YQNi3GU1alMwnMHvCZ6Cquw1oPg=/94x0:1214x630/800x0/images/Le-parc-des-expositions-de-Grand-Poitiers-1978654.jpg" />]]></description>
            <enclosure url="https://images.bfmtv.com/YQNi3GU1alMwnMHvCZ6Cquw1oPg=/94x0:1214x630/800x0/images/Le-parc-des-expositions-de-Grand-Poitiers-1978654.jpg" length="0" type="image/jpg"/>
        </item>
        <item>
            <title><![CDATA[Noël à Poitiers: marché, petit train et balades en poney au programme des festivités]]></title>
            <link>https://www.bfmtv.com/poitiers/noel-a-poitiers-marche-petit-train-et-balades-en-poney-au-programme-des-festivites_AN-202411191089.html</link>
            <guid>https://www.bfmtv.com/poitiers/noel-a-poitiers-marche-petit-train-et-balades-en-poney-au-programme-des-festivites_AN-202411191089.html</guid>
            <pubDate>Tue, 19 Nov 2024 15:13:23 GMT</pubDate>
            <description><![CDATA[Noël approche. Poitiers se prépare célébrer les fêtes de fin d’année. Pour l’occasion, la place du Maréchal Leclerc va se muer en marché de Noël.<br /><br /><img src="https://images.bfmtv.com/AXwiKQ1X15nFVRBRs6hJa692hVI=/0x67:1280x787/800x0/images/Quand-acheter-ses-cadeaux-de-Noel-pour-ne-pas-se-ruiner-1956829.jpg" />]]></description>
            <enclosure url="https://images.bfmtv.com/AXwiKQ1X15nFVRBRs6hJa692hVI=/0x67:1280x787/800x0/images/Quand-acheter-ses-cadeaux-de-Noel-pour-ne-pas-se-ruiner-1956829.jpg" length="0" type="image/jpg"/>
        </item>
        <item>
            <title><![CDATA[Les policiers municipaux de Poitiers bientôt en grève ? L’Unsa réclame l’armement des agents]]></title>
            <link>https://www.bfmtv.com/poitiers/les-policiers-municipaux-de-poitiers-bientot-en-greve-l-unsa-reclame-l-armement-des-agents_AN-202411191086.html</link>
            <guid>https://www.bfmtv.com/poitiers/les-policiers-municipaux-de-poitiers-bientot-en-greve-l-unsa-reclame-l-armement-des-agents_AN-202411191086.html</guid>
            <pubDate>Tue, 19 Nov 2024 10:28:06 GMT</pubDate>
            <description><![CDATA[L’Unsa appelle les policiers municipaux à se mettre en grève du 1er au 31 décembre 2024. Le syndicat réclame l’armement des agents.<br /><br /><img src="https://images.bfmtv.com/-LD6uvyanXkDSsm7b5eTuRaNI4o=/4x3:1252x705/800x0/images/-79611.jpg" />]]></description>
            <enclosure url="https://images.bfmtv.com/-LD6uvyanXkDSsm7b5eTuRaNI4o=/4x3:1252x705/800x0/images/-79611.jpg" length="0" type="image/jpg"/>
        </item>
        <item>
            <title><![CDATA[Poitiers: le Grand salon de la gastronomie a attiré des milliers de visiteurs]]></title>
            <link>https://www.bfmtv.com/poitiers/poitiers-le-grand-salon-de-la-gastronomie-a-attire-des-milliers-de-visiteurs_AN-202411181114.html</link>
            <guid>https://www.bfmtv.com/poitiers/poitiers-le-grand-salon-de-la-gastronomie-a-attire-des-milliers-de-visiteurs_AN-202411181114.html</guid>
            <pubDate>Mon, 18 Nov 2024 09:21:00 GMT</pubDate>
            <description><![CDATA[Un nouveau record de fréquentation a été enregistré lors de la cinquième édition du Grand salon de la Gastronomie, avec 16.500 visiteurs recensés lors du week-end.<br /><br /><img src="https://images.bfmtv.com/YQNi3GU1alMwnMHvCZ6Cquw1oPg=/94x0:1214x630/800x0/images/Le-parc-des-expositions-de-Grand-Poitiers-1978654.jpg" />]]></description>
            <enclosure url="https://images.bfmtv.com/YQNi3GU1alMwnMHvCZ6Cquw1oPg=/94x0:1214x630/800x0/images/Le-parc-des-expositions-de-Grand-Poitiers-1978654.jpg" length="0" type="image/jpg"/>
        </item>
        <item>
            <title><![CDATA[Poitiers: un bureau de poste va fermer ses portes, malgré la mobilisation de la population]]></title>
            <link>https://www.bfmtv.com/poitiers/poitiers-un-bureau-de-poste-va-fermer-ses-portes-malgre-la-mobilisation-de-la-population_AN-202411130920.html</link>
            <guid>https://www.bfmtv.com/poitiers/poitiers-un-bureau-de-poste-va-fermer-ses-portes-malgre-la-mobilisation-de-la-population_AN-202411130920.html</guid>
            <pubDate>Wed, 13 Nov 2024 09:26:00 GMT</pubDate>
            <description><![CDATA[La Poste située avenue du 8 mai 1945, à Poitiers, va fermer fin janvier à cause d’une fréquentation jugée trop faible. Elle sera remplacée par un relais commerçant, a annoncé le groupe.<br /><br /><img src="https://images.bfmtv.com/EfMuAK9gMgcHPvnjH1BllhWvKRc=/55x2:1335x722/800x0/images/Le-bureau-de-Poste-de-Poitiers-Sud-situe-avenue-du-8-mai-1945-1975500.jpg" />]]></description>
            <enclosure url="https://images.bfmtv.com/EfMuAK9gMgcHPvnjH1BllhWvKRc=/55x2:1335x722/800x0/images/Le-bureau-de-Poste-de-Poitiers-Sud-situe-avenue-du-8-mai-1945-1975500.jpg" length="0" type="image/jpg"/>
        </item>
        <item>
            <title><![CDATA[Succès populaire pour 'La Ferme s'invite' à Poitiers, 40.000 visiteurs au rendez-vous]]></title>
            <link>https://www.bfmtv.com/poitiers/succes-populaire-pour-la-ferme-s-invite-a-poitiers-40-000-visiteurs-au-rendez-vous_AN-202411120862.html</link>
            <guid>https://www.bfmtv.com/poitiers/succes-populaire-pour-la-ferme-s-invite-a-poitiers-40-000-visiteurs-au-rendez-vous_AN-202411120862.html</guid>
            <pubDate>Tue, 12 Nov 2024 10:52:00 GMT</pubDate>
            <description><![CDATA[Le parc des expositions de Poitiers a fait le plein à l'occasion de "La Ferme s'invite" pendant trois jours. Lundi, le bilan faisait état de plus de 40.000 visiteurs venus rencontrer les agriculteurs et surtout... leurs animaux.<br /><br /><img src="https://images.bfmtv.com/8TmRzwopfFomV9FDRe2VTVt5Ve0=/0x106:2048x1258/800x0/images/Des-visiteurs-passent-devant-des-vaches-limousines-lors-du-60e-Salon-international-de-l-agriculture-le-deuxieme-jour-de-son-ouverture-a-Paris-le-25-fevrier-2024-1813489.jpg" />]]></description>
            <enclosure url="https://images.bfmtv.com/8TmRzwopfFomV9FDRe2VTVt5Ve0=/0x106:2048x1258/800x0/images/Des-visiteurs-passent-devant-des-vaches-limousines-lors-du-60e-Salon-international-de-l-agriculture-le-deuxieme-jour-de-son-ouverture-a-Paris-le-25-fevrier-2024-1813489.jpg" length="0" type="image/jpg"/>
        </item>
        <item>
            <title><![CDATA[Vienne: le corps d’un jeune homme disparu à Poitiers, retrouvé dans le Clain, neuf jours plus tard]]></title>
            <link>https://www.bfmtv.com/poitiers/vienne-le-corps-d-un-jeune-homme-disparu-a-poitiers-retrouve-dans-le-clain-neuf-jours-plus-tard_AN-202411110391.html</link>
            <guid>https://www.bfmtv.com/poitiers/vienne-le-corps-d-un-jeune-homme-disparu-a-poitiers-retrouve-dans-le-clain-neuf-jours-plus-tard_AN-202411110391.html</guid>
            <pubDate>Mon, 11 Nov 2024 09:40:00 GMT</pubDate>
            <description><![CDATA[Le jeune homme de 23 ans avait disparu dans la soirée du mardi 29 octobre. C’est un promeneur qui a découvert son corps dans la rivière.<br /><br /><img src="https://images.bfmtv.com/0mBaBV7586UeoNG5PjCxWJ15Fsk=/65x0:1281x684/800x0/images/Le-corps-du-jeune-homme-a-ete-retrouve-dans-le-Clain-a-Poitiers-1974076.jpg" />]]></description>
            <enclosure url="https://images.bfmtv.com/0mBaBV7586UeoNG5PjCxWJ15Fsk=/65x0:1281x684/800x0/images/Le-corps-du-jeune-homme-a-ete-retrouve-dans-le-Clain-a-Poitiers-1974076.jpg" length="0" type="image/jpg"/>
        </item>
        <item>
            <title><![CDATA[Un ex-dirigeant de la police de Poitiers condamné pour des agressions sexuelles sur d’anciens scouts]]></title>
            <link>https://www.bfmtv.com/poitiers/un-ex-dirigeant-de-la-police-de-poitiers-condamne-pour-des-agressions-sexuelles-sur-d-anciens-scouts_AD-202411070856.html</link>
            <guid>https://www.bfmtv.com/poitiers/un-ex-dirigeant-de-la-police-de-poitiers-condamne-pour-des-agressions-sexuelles-sur-d-anciens-scouts_AD-202411070856.html</guid>
            <pubDate>Thu, 07 Nov 2024 09:04:08 GMT</pubDate>
            <description><![CDATA[L’ancien numéro 2 de la police de Poitiers et ex-responsable des Scouts de France était jugé en appel pour des attouchements sur trois anciens scouts. <br /><br /><img src="https://images.bfmtv.com/PeXALISYKQ8kt-Bgtfh95O-HVs8=/72x0:1208x639/800x0/images/1265236.jpg" />]]></description>
            <enclosure url="https://images.bfmtv.com/PeXALISYKQ8kt-Bgtfh95O-HVs8=/72x0:1208x639/800x0/images/1265236.jpg" length="0" type="image/jpg"/>
        </item>
        <item>
            <title><![CDATA[Vienne: la billetterie pour l’élection de Miss France au Futuroscope est ouverte]]></title>
            <link>https://www.bfmtv.com/poitiers/vienne-la-billetterie-pour-l-election-de-miss-france-au-futuroscope-est-ouverte_AN-202411040864.html</link>
            <guid>https://www.bfmtv.com/poitiers/vienne-la-billetterie-pour-l-election-de-miss-france-au-futuroscope-est-ouverte_AN-202411040864.html</guid>
            <pubDate>Mon, 04 Nov 2024 14:20:11 GMT</pubDate>
            <description><![CDATA[La vente des billets a commencé ce lundi 4 novembre. L’élection Miss France aura lieu au Futuroscope, le 14 décembre prochain. <br /><br /><img src="https://images.bfmtv.com/-gX9904DmOfbUD8PRNW8OKaZqWs=/0x105:2048x1257/800x0/images/L-election-Miss-France-2024-le-16-decembre-2023-a-Dijon-1926934.jpg" />]]></description>
            <enclosure url="https://images.bfmtv.com/-gX9904DmOfbUD8PRNW8OKaZqWs=/0x105:2048x1257/800x0/images/L-election-Miss-France-2024-le-16-decembre-2023-a-Dijon-1926934.jpg" length="0" type="image/jpg"/>
        </item>
        <item>
            <title><![CDATA[Le salon de l’univers du chiot pose ses valises au parc des expositions de Poitiers ce week-end]]></title>
            <link>https://www.bfmtv.com/poitiers/le-salon-de-l-univers-du-chiot-pose-ses-valises-au-parc-des-expositions-de-poitiers-ce-week-end_AN-202411010502.html</link>
            <guid>https://www.bfmtv.com/poitiers/le-salon-de-l-univers-du-chiot-pose-ses-valises-au-parc-des-expositions-de-poitiers-ce-week-end_AN-202411010502.html</guid>
            <pubDate>Fri, 01 Nov 2024 13:05:32 GMT</pubDate>
            <description><![CDATA[Le parc des expositions de Poitiers accueillera les 2 et 3 novembre le salon de l’univers du chiot. Les curieux pourront découvrir 430 chiots et une cinquantaine de chatons, tous nés en France.<br /><br /><img src="https://images.bfmtv.com/ONycRJUvUSh1aKPpZlqOs-kkqpE=/0x106:2048x1258/800x0/images/Les-chiots-offerts-a-l-ex-president-sud-coreen-Moon-Jae-in-par-le-dirigeant-nord-coree-Kim-Jong-Un-ici-en-2018-1516209.jpg" />]]></description>
            <enclosure url="https://images.bfmtv.com/ONycRJUvUSh1aKPpZlqOs-kkqpE=/0x106:2048x1258/800x0/images/Les-chiots-offerts-a-l-ex-president-sud-coreen-Moon-Jae-in-par-le-dirigeant-nord-coree-Kim-Jong-Un-ici-en-2018-1516209.jpg" length="0" type="image/jpg"/>
        </item>
        <item>
            <title><![CDATA["La jeunesse des personnes impliquées est préoccupante": après une fusillade, la maire de Poitiers dénonce un "épisode de violence inacceptable"]]></title>
            <link>https://www.bfmtv.com/poitiers/la-jeunesse-des-personnes-impliquees-est-preoccupante-apres-une-fusillade-la-maire-de-poitiers-denonce-un-episode-de-violence-inacceptable_AN-202411010353.html</link>
            <guid>https://www.bfmtv.com/poitiers/la-jeunesse-des-personnes-impliquees-est-preoccupante-apres-une-fusillade-la-maire-de-poitiers-denonce-un-episode-de-violence-inacceptable_AN-202411010353.html</guid>
            <pubDate>Fri, 01 Nov 2024 09:40:15 GMT</pubDate>
            <description><![CDATA[Alors qu’une fusillade a fait cinq blessés à Poitiers ce jeudi 31 octobre au soir, la maire de la ville  déplore un "épisode de violence inacceptable", avec une implication particulière importante de jeunes personnes. <br /><br /><img src="https://images.bfmtv.com/uEFPAkTCFXJBqhV4n2-9YG1VyyU=/0x106:2048x1258/800x0/images/Leonore-Moncond-huy-maire-de-Poitiers-1968258.jpg" />]]></description>
            <enclosure url="https://images.bfmtv.com/uEFPAkTCFXJBqhV4n2-9YG1VyyU=/0x106:2048x1258/800x0/images/Leonore-Moncond-huy-maire-de-Poitiers-1968258.jpg" length="0" type="image/jpg"/>
        </item>
        <item>
            <title><![CDATA[Le Poitiers Volley Ball reçoit Nice… et son ancien entraîneur]]></title>
            <link>https://www.bfmtv.com/poitiers/le-poitiers-volley-ball-recoit-nice-et-son-ancien-entraineur_AN-202411010455.html</link>
            <guid>https://www.bfmtv.com/poitiers/le-poitiers-volley-ball-recoit-nice-et-son-ancien-entraineur_AN-202411010455.html</guid>
            <pubDate>Fri, 01 Nov 2024 09:18:22 GMT</pubDate>
            <description><![CDATA[Poitiers affronte Nice pour le compte de la 7e journée de la Ligue A masculine de volley, ce samedi 2 novembre. Les Poitevins vont retrouver leur ancien coach pendant onze ans, Brice Donat.<br /><br /><img src="https://images.bfmtv.com/reA0cTjSGtGjejdBPwxwdhwtIYk=/0x5:1904x1076/800x0/images/Earvin-Ngapeth-1838144.jpg" />]]></description>
            <enclosure url="https://images.bfmtv.com/reA0cTjSGtGjejdBPwxwdhwtIYk=/0x5:1904x1076/800x0/images/Earvin-Ngapeth-1838144.jpg" length="0" type="image/jpg"/>
        </item>
        <item>
            <title><![CDATA[Futuroscope: la nouvelle attraction, Aquascope, élue "meilleure nouvelle attraction européenne"]]></title>
            <link>https://www.bfmtv.com/poitiers/futuroscope-la-nouvelle-attraction-aquascope-elue-meilleure-nouvelle-attraction-europeenne_AN-202410290437.html</link>
            <guid>https://www.bfmtv.com/poitiers/futuroscope-la-nouvelle-attraction-aquascope-elue-meilleure-nouvelle-attraction-europeenne_AN-202410290437.html</guid>
            <pubDate>Tue, 29 Oct 2024 10:25:42 GMT</pubDate>
            <description><![CDATA[L'Aquascope, un parc aquatique nouvelle génération, a été élu "meilleure nouvelle attraction européenne" aux Parksmania Awards 2024. L’attraction du Futuroscope a déjà été récompensée à Las Vegas.<br /><br /><img src="https://images.bfmtv.com/HbV3S7TsQ5q7n7mfm1yGf1FszcA=/0x210:2048x1362/800x0/images/Le-Futuroscope-1966107.jpg" />]]></description>
            <enclosure url="https://images.bfmtv.com/HbV3S7TsQ5q7n7mfm1yGf1FszcA=/0x210:2048x1362/800x0/images/Le-Futuroscope-1966107.jpg" length="0" type="image/jpg"/>
        </item>
        <item>
            <title><![CDATA[Vienne: une rave party sauvage réunit plus de 300 participants à Saint-Pierre-d'Exidueil]]></title>
            <link>https://www.bfmtv.com/poitiers/vienne-une-rave-party-sauvage-reunit-plus-de-300-participants-a-saint-pierre-d-exidueil_AN-202410280734.html</link>
            <guid>https://www.bfmtv.com/poitiers/vienne-une-rave-party-sauvage-reunit-plus-de-300-participants-a-saint-pierre-d-exidueil_AN-202410280734.html</guid>
            <pubDate>Mon, 28 Oct 2024 13:32:24 GMT</pubDate>
            <description><![CDATA[Environ 300 personnes ont participé, samedi 26 octobre, à une rave party sauvage à Saint-Pierre-d'Exidueil, près de Civray (Vienne). La préfecture avait interdit tout rassemblement festif dans le département. <br /><br /><img src="https://images.bfmtv.com/4RemIr11tvRq7HLz8YhMGaTIsGI=/4x3:1252x705/800x0/images/-157799.jpg" />]]></description>
            <enclosure url="https://images.bfmtv.com/4RemIr11tvRq7HLz8YhMGaTIsGI=/4x3:1252x705/800x0/images/-157799.jpg" length="0" type="image/jpg"/>
        </item>
        <item>
            <title><![CDATA[Dans la Vienne, les entreprises se portent mieux que sur le reste du territoire]]></title>
            <link>https://www.bfmtv.com/poitiers/dans-la-vienne-les-entreprises-se-portent-mieux-que-sur-le-reste-du-territoire_AN-202410280726.html</link>
            <guid>https://www.bfmtv.com/poitiers/dans-la-vienne-les-entreprises-se-portent-mieux-que-sur-le-reste-du-territoire_AN-202410280726.html</guid>
            <pubDate>Mon, 28 Oct 2024 10:47:18 GMT</pubDate>
            <description><![CDATA[La Banque de France et la Chambre de commerce et d’industrie de la Vienne ont dévoilé les résultats de leurs enquêtes auprès des différents acteurs économiques du territoire. Ils sont bons mais certains secteurs sont en difficulté.<br /><br /><img src="https://images.bfmtv.com/X-4_-P3CDZjwZI4Zdo4Z0jVXM5c=/2x83:1250x785/800x0/images/-486204.jpg" />]]></description>
            <enclosure url="https://images.bfmtv.com/X-4_-P3CDZjwZI4Zdo4Z0jVXM5c=/2x83:1250x785/800x0/images/-486204.jpg" length="0" type="image/jpg"/>
        </item>
        <item>
            <title><![CDATA[Volley: le Poitiers de Earvin Ngapeth affronte Tours ce vendredi soir]]></title>
            <link>https://www.bfmtv.com/poitiers/volley-le-poitiers-de-earvin-ngapeth-affronte-tours-ce-vendredi-soir_AN-202410250683.html</link>
            <guid>https://www.bfmtv.com/poitiers/volley-le-poitiers-de-earvin-ngapeth-affronte-tours-ce-vendredi-soir_AN-202410250683.html</guid>
            <pubDate>Fri, 25 Oct 2024 13:19:35 GMT</pubDate>
            <description><![CDATA[Le club de volleyball de Poitiers se rend à Tours ce vendredi 25 octobre au soir. L’attraction de la soirée sera le double champion olympique et star de l’Équipe de France Earvin Ngapeth.<br /><br /><img src="https://images.bfmtv.com/mm05tuApGn1a8fdYmJDo9klrg0w=/14x0:2046x1143/800x0/images/Earvin-NGAPETH-1701958.jpg" />]]></description>
            <enclosure url="https://images.bfmtv.com/mm05tuApGn1a8fdYmJDo9klrg0w=/14x0:2046x1143/800x0/images/Earvin-NGAPETH-1701958.jpg" length="0" type="image/jpg"/>
        </item>
        <item>
            <title><![CDATA[Poitiers: à quoi va servir le réseau de chaleur dont les travaux viennent de démarrer?]]></title>
            <link>https://www.bfmtv.com/poitiers/poitiers-a-quoi-va-servir-le-reseau-de-chaleur-dont-les-travaux-viennent-de-demarrer_AN-202410250673.html</link>
            <guid>https://www.bfmtv.com/poitiers/poitiers-a-quoi-va-servir-le-reseau-de-chaleur-dont-les-travaux-viennent-de-demarrer_AN-202410250673.html</guid>
            <pubDate>Fri, 25 Oct 2024 07:27:22 GMT</pubDate>
            <description><![CDATA[Les travaux pour étendre le réseau de chaleur à Poitiers ont débuté. Ils doivent permettre, à terme, de réduire les émissions des gaz à effet de serre.<br /><br /><img src="https://images.bfmtv.com/Zk3gtq1ttvaEhRFaVRNFQONLhLU=/0x0:1600x900/800x0/images/raccordement-reseau-de-chaleur-copropriete-hellio-1616446.jpg" />]]></description>
            <enclosure url="https://images.bfmtv.com/Zk3gtq1ttvaEhRFaVRNFQONLhLU=/0x0:1600x900/800x0/images/raccordement-reseau-de-chaleur-copropriete-hellio-1616446.jpg" length="0" type="image/jpg"/>
        </item>
        <item>
            <title><![CDATA[Qui est Frédéric Périssat, le nouveau recteur de l’académie de Poitiers?]]></title>
            <link>https://www.bfmtv.com/poitiers/qui-est-frederic-perissat-le-nouveau-recteur-de-l-academie-de-poitiers_AN-202410250674.html</link>
            <guid>https://www.bfmtv.com/poitiers/qui-est-frederic-perissat-le-nouveau-recteur-de-l-academie-de-poitiers_AN-202410250674.html</guid>
            <pubDate>Fri, 25 Oct 2024 07:07:24 GMT</pubDate>
            <description><![CDATA[Frédéric Périssat a été nommé recteur de l’académie de Poitiers, par décret du président de la République, mercredi 23 octobre, en conseil des ministres. Il succède à Bénédicte Robert. <br /><br /><img src="https://images.bfmtv.com/LGmmkm_BgG2iJXmZjpee6DcZ_ww=/0x5:2048x1157/800x0/images/Frederic-Perissat-lors-d-une-de-ses-dernieres-apparitions-comme-prefet-de-la-Manche-le-26-juillet-2023-1963583.jpg" />]]></description>
            <enclosure url="https://images.bfmtv.com/LGmmkm_BgG2iJXmZjpee6DcZ_ww=/0x5:2048x1157/800x0/images/Frederic-Perissat-lors-d-une-de-ses-dernieres-apparitions-comme-prefet-de-la-Manche-le-26-juillet-2023-1963583.jpg" length="0" type="image/jpg"/>
        </item>
        <item>
            <title><![CDATA["Il est temps": Braun-Pivet appelle le Parlement à "se saisir" du sujet de la fin de vie]]></title>
            <link>https://www.bfmtv.com/poitiers/il-est-temps-braun-pivet-appelle-le-parlement-a-se-saisir-du-sujet-de-la-fin-de-vie_AD-202403060316.html</link>
            <guid>https://www.bfmtv.com/poitiers/il-est-temps-braun-pivet-appelle-le-parlement-a-se-saisir-du-sujet-de-la-fin-de-vie_AD-202403060316.html</guid>
            <pubDate>Wed, 06 Mar 2024 09:02:08 GMT</pubDate>
            <description><![CDATA[La présidente de l'Assemblée nationale a dit attendre "fermement avant l'été" ce texte maintes fois reporté par l'Élysée. <br /><br /><img src="https://images.bfmtv.com/MVwmRp6N6BhE46vyb-hgaF0YB2s=/0x68:2048x1220/800x0/images/La-presidente-de-l-Assemblee-nationale-Yael-Braun-Pivet-le-14-novembre-2023-1765477.jpg" />]]></description>
            <enclosure url="https://images.bfmtv.com/MVwmRp6N6BhE46vyb-hgaF0YB2s=/0x68:2048x1220/800x0/images/La-presidente-de-l-Assemblee-nationale-Yael-Braun-Pivet-le-14-novembre-2023-1765477.jpg" length="0" type="image/jpg"/>
        </item>
        <item>
            <title><![CDATA[49 députés Nupes exigent des "mesures radicales et immédiates" pour l'environnement]]></title>
            <link>https://www.bfmtv.com/poitiers/49-deputes-nupes-exigent-des-mesures-radicales-et-immediates-pour-l-environnement_AD-202210150332.html</link>
            <guid>https://www.bfmtv.com/poitiers/49-deputes-nupes-exigent-des-mesures-radicales-et-immediates-pour-l-environnement_AD-202210150332.html</guid>
            <pubDate>Sat, 15 Oct 2022 21:10:17 GMT</pubDate>
            <description><![CDATA[Parmi les signataires, l'écologiste Marie Pochon, à l'initiative de la tribune, le Premier secrétaire du PS Olivier Faure, la cheffe des députés écologistes Cyrielle Chatelain, l'ancien secrétaire national d'EELV Julien Bayou ou encore les députés LFI Aymeric Caron et Clémence Guetté.<br /><br /><img src="https://images.bfmtv.com/5syHvrxPqe9LeTvd99-1hKbF1vo=/0x39:768x471/800x0/images/Le-logo-de-la-Nupes-Nouvelle-Union-Populaire-Ecologique-et-Sociale-le-7-juin-2022-1495569.jpg" />]]></description>
            <enclosure url="https://images.bfmtv.com/5syHvrxPqe9LeTvd99-1hKbF1vo=/0x39:768x471/800x0/images/Le-logo-de-la-Nupes-Nouvelle-Union-Populaire-Ecologique-et-Sociale-le-7-juin-2022-1495569.jpg" length="0" type="image/jpg"/>
        </item>
    </channel>
</rss>