<?xml version="1.0" encoding="utf-8"?>
<rss version="2.0" xmlns:atom="http://www.w3.org/2005/Atom">
    <channel>
        <title>Home Sciences - actualités</title>
        <link>https://www.bfmtv.com/sciences/</link>
        <description>Actualité sciences, espaces et technologies: Suivez les dernières découvertes scientifiques, avancées technologiques en temps réel</description>
        <lastBuildDate>Mon, 10 Feb 2025 12:41:01 GMT</lastBuildDate>
        <docs>http://blogs.law.harvard.edu/tech/rss</docs>
        <generator>BFMTV</generator>
        <language>fr</language>
        <image>
            <title>Home Sciences - actualités</title>
            <url>https://www.bfmtv.com/assets/v11/images/BFMTV_default_16x9.8715a163008e9f3fc3799c8e2c6ebafa.jpg</url>
            <link>https://www.bfmtv.com/sciences/</link>
        </image>
        <copyright>Copyright BFMTV</copyright>
        <category>Home Sciences - actualités</category>
        <atom:link href="https://www.bfmtv.com/sciences/" rel="self" type="application/rss+xml"/>
        <item>
            <title><![CDATA[Qu'est-ce que la Lune des neiges, deuxième pleine lune de 2025, qui sera visible ce mercredi?]]></title>
            <link>https://www.bfmtv.com/sciences/qu-est-ce-que-la-lune-des-neiges-deuxieme-pleine-lune-de-2025-qui-sera-visible-ce-mercredi_AN-202502100413.html</link>
            <guid>https://www.bfmtv.com/sciences/qu-est-ce-que-la-lune-des-neiges-deuxieme-pleine-lune-de-2025-qui-sera-visible-ce-mercredi_AN-202502100413.html</guid>
            <pubDate>Mon, 10 Feb 2025 10:56:59 GMT</pubDate>
            <description><![CDATA[Cette année, à la faveur d'une conjonction rare, la planète Mars s'invite au spectacle et devrait être visible à proximité du satellite de la Terre. <br /><br /><img src="https://images.bfmtv.com/vYmXtgcXsQzC0cQx1blMAZelum4=/0x106:2048x1258/800x0/images/La-pleine-lune-1976620.jpg" />]]></description>
            <enclosure url="https://images.bfmtv.com/vYmXtgcXsQzC0cQx1blMAZelum4=/0x106:2048x1258/800x0/images/La-pleine-lune-1976620.jpg" length="0" type="image/jpg"/>
        </item>
        <item>
            <title><![CDATA[Le "deepfake"  et la question de la désinformation, un des sujets du sommet sur l'intelligence artificielle]]></title>
            <link>https://www.bfmtv.com/sciences/le-deepfake-et-la-question-de-la-desinformation-un-des-sujets-du-sommet-sur-l-intelligence-artificielle_VN-202502100206.html</link>
            <guid>https://www.bfmtv.com/sciences/le-deepfake-et-la-question-de-la-desinformation-un-des-sujets-du-sommet-sur-l-intelligence-artificielle_VN-202502100206.html</guid>
            <pubDate>Mon, 10 Feb 2025 07:10:39 GMT</pubDate>
            <description><![CDATA[Paris accueille un sommet sur l'intelligence artificielle ces lundi 10 et mardi 11 février. Un événement qui réunira des chefs d'État, des experts, ainsi que des personnalités du secteur, comme Sam Altman, le patron d'OpenAI.<br /><br /><img src="https://images.bfmtv.com/SvRgF9Tv7VMz7ijU1sogEgx4QjA=/0x0:1280x720/800x0/images/Le-deepfake-et-la-question-de-la-desinformation-un-des-sujets-du-sommet-sur-l-intelligence-artificielle-2030406.jpg" />]]></description>
            <enclosure url="https://images.bfmtv.com/SvRgF9Tv7VMz7ijU1sogEgx4QjA=/0x0:1280x720/800x0/images/Le-deepfake-et-la-question-de-la-desinformation-un-des-sujets-du-sommet-sur-l-intelligence-artificielle-2030406.jpg" length="0" type="image/jpg"/>
        </item>
        <item>
            <title><![CDATA[Un astéroïde va-t-il vraiment frapper la Terre en 2032? Pourquoi il ne faut pas (encore) s'inquiéter]]></title>
            <link>https://www.bfmtv.com/sciences/un-asteroide-va-t-il-vraiment-frapper-la-terre-en-2032-pourquoi-il-ne-faut-pas-encore-s-inquieter_AV-202502090031.html</link>
            <guid>https://www.bfmtv.com/sciences/un-asteroide-va-t-il-vraiment-frapper-la-terre-en-2032-pourquoi-il-ne-faut-pas-encore-s-inquieter_AV-202502090031.html</guid>
            <pubDate>Sun, 09 Feb 2025 04:49:00 GMT</pubDate>
            <description><![CDATA[L'astéroïde YR4 a été découvert en décembre 2024 lors d'observations menées au Chili. Il présente 2,3% de risques de frapper la Terre en 2032, un chiffre faible, mais inédit. Des spécialistes <br /><br /><img src="https://images.bfmtv.com/KMvi_tOWEs1BhMS4svgVoN8aRI0=/0x38:1920x1118/800x0/images/L-asteroide-YR4-2028558.jpg" />]]></description>
            <enclosure url="https://images.bfmtv.com/KMvi_tOWEs1BhMS4svgVoN8aRI0=/0x38:1920x1118/800x0/images/L-asteroide-YR4-2028558.jpg" length="0" type="image/jpg"/>
        </item>
        <item>
            <title><![CDATA["Je ne pense pas être abandonnée": une des astronautes coincés dans l'ISS répond à Donald Trump]]></title>
            <link>https://www.bfmtv.com/sciences/je-ne-pense-pas-etre-abandonnee-une-des-astronautes-coinces-dans-l-iss-repond-a-donald-trump_AN-202502080314.html</link>
            <guid>https://www.bfmtv.com/sciences/je-ne-pense-pas-etre-abandonnee-une-des-astronautes-coinces-dans-l-iss-repond-a-donald-trump_AN-202502080314.html</guid>
            <pubDate>Sat, 08 Feb 2025 16:11:34 GMT</pubDate>
            <description><![CDATA[Deux astronautes de la Nasa sont bloqués dans la Station spatiale internationale (ISS) depuis juin 2024 en raison de problèmes techniques. Leur séjour était censé durer 8 jours au départ.<br /><br /><img src="https://images.bfmtv.com/TdDH2xyblQlOHVhvlPs62p0qkto=/0x28:2048x1180/800x0/images/Les-astronautes-Butch-Wilmore-et-Suni-Williams-dans-leur-vaisseau-Starliner-arrime-a-l-ISS-le-2-juillet-2024-1901675.jpg" />]]></description>
            <enclosure url="https://images.bfmtv.com/TdDH2xyblQlOHVhvlPs62p0qkto=/0x28:2048x1180/800x0/images/Les-astronautes-Butch-Wilmore-et-Suni-Williams-dans-leur-vaisseau-Starliner-arrime-a-l-ISS-le-2-juillet-2024-1901675.jpg" length="0" type="image/jpg"/>
        </item>
        <item>
            <title><![CDATA[Les ossements de la célèbre australopithèque Lucy vont être exposés pour la première fois en Europe]]></title>
            <link>https://www.bfmtv.com/sciences/les-ossements-de-la-celebre-australopitheque-lucy-vont-etre-exposes-pour-la-premiere-fois-en-europe_AD-202502040573.html</link>
            <guid>https://www.bfmtv.com/sciences/les-ossements-de-la-celebre-australopitheque-lucy-vont-etre-exposes-pour-la-premiere-fois-en-europe_AD-202502040573.html</guid>
            <pubDate>Tue, 04 Feb 2025 14:39:04 GMT</pubDate>
            <description><![CDATA[Les ossements de la célèbre australopithèque Lucy, découverts il y a cinquante ans en Éthiopie, vont être exposés au Musée national de Prague l'été prochain. Longtemps décrite comme "la grand-mère de l'Humanité", Lucy est aujourd'hui plutôt considérée comme une tante ou une cousine, sa filiation directe avec l'Homme étant contestée.<br /><br /><img src="https://images.bfmtv.com/PiC1_yf2U-9AcEgE9FRXSGtumoU=/0x53:1024x629/800x0/images/Des-fragments-d-os-du-squelette-fossile-de-Lucy-exposes-au-Musee-national-d-Ethiopie-a-Addis-Abeba-le-19-novembre-2024-2027113.jpg" />]]></description>
            <enclosure url="https://images.bfmtv.com/PiC1_yf2U-9AcEgE9FRXSGtumoU=/0x53:1024x629/800x0/images/Des-fragments-d-os-du-squelette-fossile-de-Lucy-exposes-au-Musee-national-d-Ethiopie-a-Addis-Abeba-le-19-novembre-2024-2027113.jpg" length="0" type="image/jpg"/>
        </item>
        <item>
            <title><![CDATA[7 MINUTES POUR COMPRENDRE - Comment l'intelligence artificielle va continuer à s'installer dans nos vies]]></title>
            <link>https://www.bfmtv.com/sciences/7-minutes-pour-comprendre-comment-l-intelligence-artificielle-va-continuer-a-s-installer-dans-nos-vies_VN-202502040223.html</link>
            <guid>https://www.bfmtv.com/sciences/7-minutes-pour-comprendre-comment-l-intelligence-artificielle-va-continuer-a-s-installer-dans-nos-vies_VN-202502040223.html</guid>
            <pubDate>Tue, 04 Feb 2025 07:29:50 GMT</pubDate>
            <description><![CDATA[Plusieurs dirigeants politiques et de la tech sont attendus à Paris les 10 et 11 février pour assister au sommet pour l'action sur l'intelligence artificielle. La France souhaite lancer un "réveil européen" dans le domaine, face aux investissements américains et chinois, alors que l'IA devrait prendre de plus en plus de place dans nos vies.<br /><br /><img src="https://images.bfmtv.com/DcqeTvYASHKSPjKy5Fq_3P1VZ90=/0x0:1280x720/800x0/images/7-MINUTES-POUR-COMPRENDRE-Comment-l-intelligence-artificielle-va-continuer-a-s-installer-dans-nos-vies-2026866.jpg" />]]></description>
            <enclosure url="https://images.bfmtv.com/DcqeTvYASHKSPjKy5Fq_3P1VZ90=/0x0:1280x720/800x0/images/7-MINUTES-POUR-COMPRENDRE-Comment-l-intelligence-artificielle-va-continuer-a-s-installer-dans-nos-vies-2026866.jpg" length="0" type="image/jpg"/>
        </item>
        <item>
            <title><![CDATA[Un "immense progrès": des composés indispensables à la vie découverts sur l'astéroïde Bennu]]></title>
            <link>https://www.bfmtv.com/sciences/un-immense-progres-des-composes-indispensables-a-la-vie-decouverts-sur-l-asteroide-bennu_AD-202501310819.html</link>
            <guid>https://www.bfmtv.com/sciences/un-immense-progres-des-composes-indispensables-a-la-vie-decouverts-sur-l-asteroide-bennu_AD-202501310819.html</guid>
            <pubDate>Fri, 31 Jan 2025 17:03:49 GMT</pubDate>
            <description><![CDATA[Des échantillons de l'astéroïde Bennu ont été prélevés par le vaisseau de la Nasa Osiris-Rex en 2020. Ils ont depuis été préservés soigneusement et étudiés. <br /><br /><img src="https://images.bfmtv.com/5Rlv5gFWt_n_HcLEhYJIWwSlZ1U=/6x129:1510x975/800x0/images/Cette-image-de-la-NASA-obtenue-le-21-octobre-2020-montre-Bennu-actuellement-a-plus-de-200-millions-de-miles-321-millions-de-kilometres-de-la-Terre-2025016.jpg" />]]></description>
            <enclosure url="https://images.bfmtv.com/5Rlv5gFWt_n_HcLEhYJIWwSlZ1U=/6x129:1510x975/800x0/images/Cette-image-de-la-NASA-obtenue-le-21-octobre-2020-montre-Bennu-actuellement-a-plus-de-200-millions-de-miles-321-millions-de-kilometres-de-la-Terre-2025016.jpg" length="0" type="image/jpg"/>
        </item>
        <item>
            <title><![CDATA[L'astéroïde 2024 YR4 a 1 chance sur 83 de toucher la Terre en 2032 selon la NASA]]></title>
            <link>https://www.bfmtv.com/sciences/l-asteroide-2024-yr4-a-1-chance-sur-83-de-toucher-la-terre-en-2032-selon-la-nasa_VN-202501290941.html</link>
            <guid>https://www.bfmtv.com/sciences/l-asteroide-2024-yr4-a-1-chance-sur-83-de-toucher-la-terre-en-2032-selon-la-nasa_VN-202501290941.html</guid>
            <pubDate>Wed, 29 Jan 2025 20:00:07 GMT</pubDate>
            <description><![CDATA[Découvert il y a un mois, 2024 YR4 pourrait se retrouver à 106.200 kilomètres de notre planète à l'horizon de décembre 2032, avec une probabilité d'une chance sur 83 de toucher la Terre.<br /><br /><img src="https://images.bfmtv.com/kmBv7newKBguXbs-ZEu6kXN7hII=/0x0:1280x720/800x0/images/L-asteroide-2024-YR4-a-1-chance-sur-83-de-toucher-la-Terre-en-2032-selon-la-NASA-2023640.jpg" />]]></description>
            <enclosure url="https://images.bfmtv.com/kmBv7newKBguXbs-ZEu6kXN7hII=/0x0:1280x720/800x0/images/L-asteroide-2024-YR4-a-1-chance-sur-83-de-toucher-la-Terre-en-2032-selon-la-NASA-2023640.jpg" length="0" type="image/jpg"/>
        </item>
        <item>
            <title><![CDATA[L'astéroide 2024 YR4 a 1% de chances de toucher la Terre en 2032, une chance très faible mais inédite]]></title>
            <link>https://www.bfmtv.com/sciences/l-asteroide-2024-yr4-a-1-de-chances-de-toucher-la-terre-en-2032-une-chance-tres-faible-mais-inedite_AN-202501290369.html</link>
            <guid>https://www.bfmtv.com/sciences/l-asteroide-2024-yr4-a-1-de-chances-de-toucher-la-terre-en-2032-une-chance-tres-faible-mais-inedite_AN-202501290369.html</guid>
            <pubDate>Wed, 29 Jan 2025 09:33:04 GMT</pubDate>
            <description><![CDATA[Découvert il y a un mois, 2024 YR4 pourrait se retrouver 106.200 kilomètres de notre planète à l'horizon de décembre 2032.  <br /><br /><img src="https://images.bfmtv.com/TnqA9bqGySZPhHo3ilIsSzLfd-Q=/4x302:4900x3056/800x0/images/-193340.jpg" />]]></description>
            <enclosure url="https://images.bfmtv.com/TnqA9bqGySZPhHo3ilIsSzLfd-Q=/4x302:4900x3056/800x0/images/-193340.jpg" length="0" type="image/jpg"/>
        </item>
        <item>
            <title><![CDATA[La position du pôle nord magnétique de la Terre se déplace et se rapproche de la Russie]]></title>
            <link>https://www.bfmtv.com/sciences/la-position-du-pole-nord-magnetique-de-la-terre-se-deplace-et-se-rapproche-de-la-russie_AN-202501220578.html</link>
            <guid>https://www.bfmtv.com/sciences/la-position-du-pole-nord-magnetique-de-la-terre-se-deplace-et-se-rapproche-de-la-russie_AN-202501220578.html</guid>
            <pubDate>Wed, 22 Jan 2025 14:00:28 GMT</pubDate>
            <description><![CDATA[La position du pôle nord magnétique de la Terre a été actualisée par les scientifiques. Il se déplace d'années en années vers la Russie. <br /><br /><img src="https://images.bfmtv.com/lXHJSiKWy1gmI9-gkuA04a9k9_Q=/0x25:2000x1150/800x0/images/L-Arctique-vue-depuis-l-espace-le-13-septembre-2010-2018590.jpg" />]]></description>
            <enclosure url="https://images.bfmtv.com/lXHJSiKWy1gmI9-gkuA04a9k9_Q=/0x25:2000x1150/800x0/images/L-Arctique-vue-depuis-l-espace-le-13-septembre-2010-2018590.jpg" length="0" type="image/jpg"/>
        </item>
        <item>
            <title><![CDATA[Mars, Vénus, Saturne... Un grand "alignement" de six planètes est à admirer dans le ciel cette semaine]]></title>
            <link>https://www.bfmtv.com/sciences/mars-venus-saturne-un-grand-alignement-de-six-planetes-est-a-admirer-dans-le-ciel-cette-semaine_AV-202501220475.html</link>
            <guid>https://www.bfmtv.com/sciences/mars-venus-saturne-un-grand-alignement-de-six-planetes-est-a-admirer-dans-le-ciel-cette-semaine_AV-202501220475.html</guid>
            <pubDate>Wed, 22 Jan 2025 11:17:56 GMT</pubDate>
            <description><![CDATA[Un "grand alignement des planètes" a lieu jusqu'à ce samedi 25 janvier dans le ciel. Après le coucher du soleil, il est possible d'observer Vénus, Mars, Jupiter et Saturne à l'oeil nu, ainsi qu'Uranus et Neptune avec un équipement. <br /><br /><img src="https://images.bfmtv.com/2pNAVE4zzVakQGn_1YKW7SAyBBY=/0x0:2048x1152/800x0/images/Illustration-du-systeme-solaire-2018466.jpg" />]]></description>
            <enclosure url="https://images.bfmtv.com/2pNAVE4zzVakQGn_1YKW7SAyBBY=/0x0:2048x1152/800x0/images/Illustration-du-systeme-solaire-2018466.jpg" length="0" type="image/jpg"/>
        </item>
        <item>
            <title><![CDATA["Ça se produit qu'environ toutes les quelques décennies": six planètes du système solaire se sont alignées depuis ce 21 janvier]]></title>
            <link>https://www.bfmtv.com/sciences/ca-se-produit-qu-environ-toutes-les-quelques-decennies-six-planetes-du-systeme-solaire-se-sont-alignees-ce-mardi-21-janvier_VN-202501220368.html</link>
            <guid>https://www.bfmtv.com/sciences/ca-se-produit-qu-environ-toutes-les-quelques-decennies-six-planetes-du-systeme-solaire-se-sont-alignees-ce-mardi-21-janvier_VN-202501220368.html</guid>
            <pubDate>Wed, 22 Jan 2025 10:48:23 GMT</pubDate>
            <description><![CDATA[Le 21 janvier, six planètes du système solaire sur huit étaient alignées. Mars, Vénus, Saturne, Jupiter, Uranus et Neptune. Un évènement rare que l'on pourra revoir dès le 28 février avec un alignement de sept planètes, avec Mercure en plus.<br /><br /><img src="https://images.bfmtv.com/BON_cAt_x2s0lpPCoIPg_RPnjxs=/0x0:1280x720/800x0/images/Ca-se-produit-qu-environ-toutes-les-quelques-decennies-six-planetes-du-systeme-solaire-se-sont-alignees-ce-mardi-21-janvier-2018437.jpg" />]]></description>
            <enclosure url="https://images.bfmtv.com/BON_cAt_x2s0lpPCoIPg_RPnjxs=/0x0:1280x720/800x0/images/Ca-se-produit-qu-environ-toutes-les-quelques-decennies-six-planetes-du-systeme-solaire-se-sont-alignees-ce-mardi-21-janvier-2018437.jpg" length="0" type="image/jpg"/>
        </item>
        <item>
            <title><![CDATA[Parviendrez-vous à décoder ces symboles vieux de 5.000 ans? Une récompense d'un million de dollars à la clé en Inde]]></title>
            <link>https://www.bfmtv.com/sciences/inde-un-million-de-dollars-pour-celui-qui-dechiffrera-des-symboles-anciens-vieux-de-5-000-ans_AN-202501210836.html</link>
            <guid>https://www.bfmtv.com/sciences/inde-un-million-de-dollars-pour-celui-qui-dechiffrera-des-symboles-anciens-vieux-de-5-000-ans_AN-202501210836.html</guid>
            <pubDate>Tue, 21 Jan 2025 18:19:13 GMT</pubDate>
            <description><![CDATA[Le ministre en chef du Tamil Nadu (Inde) promet d'offrir un million de dollars à celui ou celle qui réussira à décrypter des écritures vielles de plusieurs milliers d'années et découvertes sur un site d'archéologie au nord-ouest du pays. Un défi qui attire les curieux du monde entier.<br /><br /><img src="https://images.bfmtv.com/g3XzTx-71i_Ccul0YynOFzLqyXQ=/0x0:1920x1080/800x0/images/X-de-NarudaaArnaud-Sur-l-image-on-apercoit-des-symboles-Indus-aujourd-hui-encore-indechiffrables-par-les-chercheurs-et-scientifiques-du-monde-entier-2017911.jpg" />]]></description>
            <enclosure url="https://images.bfmtv.com/g3XzTx-71i_Ccul0YynOFzLqyXQ=/0x0:1920x1080/800x0/images/X-de-NarudaaArnaud-Sur-l-image-on-apercoit-des-symboles-Indus-aujourd-hui-encore-indechiffrables-par-les-chercheurs-et-scientifiques-du-monde-entier-2017911.jpg" length="0" type="image/jpg"/>
        </item>
        <item>
            <title><![CDATA[ Canada: le propriétaire d'une maison capte le son de la chute d'une météorite, une première selon les scientifiques ]]></title>
            <link>https://www.bfmtv.com/sciences/canada-le-proprietaire-d-une-maison-capte-le-son-de-la-chute-d-une-meteorite-une-premiere-selon-les-scientifiques_VN-202501170456.html</link>
            <guid>https://www.bfmtv.com/sciences/canada-le-proprietaire-d-une-maison-capte-le-son-de-la-chute-d-une-meteorite-une-premiere-selon-les-scientifiques_VN-202501170456.html</guid>
            <pubDate>Fri, 17 Jan 2025 10:59:39 GMT</pubDate>
            <description><![CDATA[Le propriétaire d'une maison sur l'Ile-du-Prince-Edouard a capté le son de la chute d'une météorite devant chez lui. Après avoir collecté les débris, des échantillons ont été transmis à des scientifiques. L'un d'entre eux a déclaré que c'était "la première fois que l'on enregistre la chute d'une météorite".<br /><br /><img src="https://images.bfmtv.com/MJCAIEuSitshYWjx-GUxrL8K1kQ=/0x0:1280x720/800x0/images/Canada-le-proprietaire-d-une-maison-capte-le-son-de-la-chute-d-une-meteorite-une-premiere-selon-les-scientifiques-2015494.jpg" />]]></description>
            <enclosure url="https://images.bfmtv.com/MJCAIEuSitshYWjx-GUxrL8K1kQ=/0x0:1280x720/800x0/images/Canada-le-proprietaire-d-une-maison-capte-le-son-de-la-chute-d-une-meteorite-une-premiere-selon-les-scientifiques-2015494.jpg" length="0" type="image/jpg"/>
        </item>
        <item>
            <title><![CDATA[Cap Canaveral: nouveau lancement de Starship, fusée de Space X]]></title>
            <link>https://www.bfmtv.com/sciences/cap-canaveral-nouveau-lancement-de-starship-fusee-de-space-x_VN-202501160998.html</link>
            <guid>https://www.bfmtv.com/sciences/cap-canaveral-nouveau-lancement-de-starship-fusee-de-space-x_VN-202501160998.html</guid>
            <pubDate>Thu, 16 Jan 2025 22:14:11 GMT</pubDate>
            <description><![CDATA[SpaceX s’apprête à faire voler sa fusée Starship pour la septième fois, ce jeudi, à Cap Canaveral, en Floride.<br /><br /><img src="https://images.bfmtv.com/oZCvLIshXpadYevEHQLQwGG25xY=/0x0:1280x720/800x0/images/Cap-Canaveral-nouveau-lancement-de-Starship-fusee-de-Space-X-2015133.jpg" />]]></description>
            <enclosure url="https://images.bfmtv.com/oZCvLIshXpadYevEHQLQwGG25xY=/0x0:1280x720/800x0/images/Cap-Canaveral-nouveau-lancement-de-Starship-fusee-de-Space-X-2015133.jpg" length="0" type="image/jpg"/>
        </item>
        <item>
            <title><![CDATA[Plus lumineuse et plus proche: pourquoi il faut profiter de ce jeudi soir pour observer la planète Mars]]></title>
            <link>https://www.bfmtv.com/sciences/plus-lumineuse-et-plus-proche-pourquoi-il-faut-profiter-de-ce-jeudi-soir-pour-observer-la-planete-mars_AN-202501160888.html</link>
            <guid>https://www.bfmtv.com/sciences/plus-lumineuse-et-plus-proche-pourquoi-il-faut-profiter-de-ce-jeudi-soir-pour-observer-la-planete-mars_AN-202501160888.html</guid>
            <pubDate>Thu, 16 Jan 2025 19:16:07 GMT</pubDate>
            <description><![CDATA[La soirée de ce jeudi est idéale pour observer Mars. La planète rouge est en ce moment à son point le plus proche de la Terre, et des conditions aussi favorables ne se produiront pas avant 2031.<br /><br /><img src="https://images.bfmtv.com/Y_ZXMNTptag7ze1bvH0QZarld4o=/2x1:978x550/800x0/images/-72295.jpg" />]]></description>
            <enclosure url="https://images.bfmtv.com/Y_ZXMNTptag7ze1bvH0QZarld4o=/2x1:978x550/800x0/images/-72295.jpg" length="0" type="image/jpg"/>
        </item>
        <item>
            <title><![CDATA[Espace: première sortie extravéhiculaire de l'année pour deux astronautes de la Nasa]]></title>
            <link>https://www.bfmtv.com/sciences/espace-premiere-sortie-extravehiculaire-de-l-annee-pour-deux-astronautes-de-la-nasa_VN-202501160558.html</link>
            <guid>https://www.bfmtv.com/sciences/espace-premiere-sortie-extravehiculaire-de-l-annee-pour-deux-astronautes-de-la-nasa_VN-202501160558.html</guid>
            <pubDate>Thu, 16 Jan 2025 14:14:21 GMT</pubDate>
            <description><![CDATA[Deux astronautes de la Nasa effectuent ce jeudi une sortie extravéhiculaire de l'ISS, la première de l'année 2025. Décryptage sur BFM2 avec Marie-Ange Sanguy, rédactrice en chef du magazine Espace et Exploration.<br /><br /><img src="https://images.bfmtv.com/ZOJGt4TiyZgCVkWkJ9UHdbhm00M=/0x0:1280x720/800x0/images/Espace-premiere-sortie-extravehiculaire-de-l-annee-pour-deux-astronautes-de-la-Nasa-2014802.jpg" />]]></description>
            <enclosure url="https://images.bfmtv.com/ZOJGt4TiyZgCVkWkJ9UHdbhm00M=/0x0:1280x720/800x0/images/Espace-premiere-sortie-extravehiculaire-de-l-annee-pour-deux-astronautes-de-la-Nasa-2014802.jpg" length="0" type="image/jpg"/>
        </item>
        <item>
            <title><![CDATA[Sortie extravéhiculaire de deux astronautes dont Suni Williams, coincée dans l'ISS depuis six mois]]></title>
            <link>https://www.bfmtv.com/sciences/sortie-extravehiculaire-de-deux-astronautes-dont-suni-williams-coincee-dans-l-iss-depuis-six-mois_VN-202501160554.html</link>
            <guid>https://www.bfmtv.com/sciences/sortie-extravehiculaire-de-deux-astronautes-dont-suni-williams-coincee-dans-l-iss-depuis-six-mois_VN-202501160554.html</guid>
            <pubDate>Thu, 16 Jan 2025 14:09:31 GMT</pubDate>
            <description><![CDATA[Deux astronautes de la Nasa effectuent une sortie extravéhiculaire, dont Suni Williams qui est coincée dans l'ISS depuis six mois. "Ce n'est pas franchement une contrainte pour eux de rester", explique sur BFM2 Marie-Ange Sanguy, rédactrice en chef du magazine Espace et Exploration.<br /><br /><img src="https://images.bfmtv.com/0okYhh5zwXp1XS9C53aX6OHNuxU=/0x0:1280x720/800x0/images/Sortie-extravehiculaire-de-deux-astronautes-dont-Suni-Williams-coincee-dans-l-ISS-depuis-six-mois-2014797.jpg" />]]></description>
            <enclosure url="https://images.bfmtv.com/0okYhh5zwXp1XS9C53aX6OHNuxU=/0x0:1280x720/800x0/images/Sortie-extravehiculaire-de-deux-astronautes-dont-Suni-Williams-coincee-dans-l-ISS-depuis-six-mois-2014797.jpg" length="0" type="image/jpg"/>
        </item>
        <item>
            <title><![CDATA["Des tatouages exceptionnels" et complexes découverts sur des momies péruviennes vieille de 880 ans]]></title>
            <link>https://www.bfmtv.com/sciences/des-tatouages-exceptionnels-et-complexes-decouverts-sur-des-momies-peruviennes-vieille-de-880-ans_AN-202501150960.html</link>
            <guid>https://www.bfmtv.com/sciences/des-tatouages-exceptionnels-et-complexes-decouverts-sur-des-momies-peruviennes-vieille-de-880-ans_AN-202501150960.html</guid>
            <pubDate>Wed, 15 Jan 2025 21:19:46 GMT</pubDate>
            <description><![CDATA[Grâce à des lasers, des scientifiques ont révélé ce lundi, sur des momies péruviennes, des tatouages d'une précision "exceptionnelle", datant de 1.250 après Jésus-Christ. <br /><br /><img src="https://images.bfmtv.com/Ez6Q8Ps7_50xRUS6tmZnSiNRFoI=/0x178:2048x1330/800x0/images/Des-tatouages-de-la-culture-precolombienne-Chancay-de-la-cote-peruvienne-reveles-ce-lundi-13-janvier-2014119.jpg" />]]></description>
            <enclosure url="https://images.bfmtv.com/Ez6Q8Ps7_50xRUS6tmZnSiNRFoI=/0x178:2048x1330/800x0/images/Des-tatouages-de-la-culture-precolombienne-Chancay-de-la-cote-peruvienne-reveles-ce-lundi-13-janvier-2014119.jpg" length="0" type="image/jpg"/>
        </item>
        <item>
            <title><![CDATA[États-Unis: deux nouvelles sondes mettent le cap sur la Lune]]></title>
            <link>https://www.bfmtv.com/sciences/etats-unis-deux-nouvelles-sondes-mettent-le-cap-sur-la-lune_AD-202501150413.html</link>
            <guid>https://www.bfmtv.com/sciences/etats-unis-deux-nouvelles-sondes-mettent-le-cap-sur-la-lune_AD-202501150413.html</guid>
            <pubDate>Wed, 15 Jan 2025 10:41:06 GMT</pubDate>
            <description><![CDATA[La société SpaceX a lancé deux atterrisseurs lunaires, l'un américain et l'autre japonais, ce mercredi 15 janvier. Les appareils se poseront dans quelques jours sur la Lune dans le cadre de futurs vols privés lunaires.<br /><br /><img src="https://images.bfmtv.com/EbyeUDxqGcUIry-if8GCTiPoL7g=/0x53:2032x1196/800x0/images/Une-fusee-Falcon-9-de-SpaceX-transportant-les-atterrisseurs-lunaires-Blue-Ghost-de-Firefly-Aerospace-Etats-Unis-et-Resilience-d-ispace-Japon-Janvier-2025-2013865.jpg" />]]></description>
            <enclosure url="https://images.bfmtv.com/EbyeUDxqGcUIry-if8GCTiPoL7g=/0x53:2032x1196/800x0/images/Une-fusee-Falcon-9-de-SpaceX-transportant-les-atterrisseurs-lunaires-Blue-Ghost-de-Firefly-Aerospace-Etats-Unis-et-Resilience-d-ispace-Japon-Janvier-2025-2013865.jpg" length="0" type="image/jpg"/>
        </item>
        <item>
            <title><![CDATA[Lancement par SpaceX de deux atterrisseurs lunaires d'entreprises privées japonaise et américaine]]></title>
            <link>https://www.bfmtv.com/sciences/lancement-par-space-x-de-deux-atterrisseurs-lunaires-d-entreprises-privees-japonaise-et-americaine_VN-202501150146.html</link>
            <guid>https://www.bfmtv.com/sciences/lancement-par-space-x-de-deux-atterrisseurs-lunaires-d-entreprises-privees-japonaise-et-americaine_VN-202501150146.html</guid>
            <pubDate>Wed, 15 Jan 2025 06:21:56 GMT</pubDate>
            <description><![CDATA[SpaceX, la société d'Elon Musk, a lancé avec succès deux atterrisseurs lunaires grâce à son Falcon 9 ce mercredi 15 janvier. Les deux atterrisseurs lunaires se poseront dans quelques jours sur la lune dans le cadre de futurs vols privés lunaires. <br /><br /><img src="https://images.bfmtv.com/fMsjDgKlsZtgEKdhBayFGQD_i9s=/0x0:1280x720/800x0/images/Lancement-par-SpaceX-de-deux-atterrisseurs-lunaires-d-entreprises-privees-japonaise-et-americaine-2013702.jpg" />]]></description>
            <enclosure url="https://images.bfmtv.com/fMsjDgKlsZtgEKdhBayFGQD_i9s=/0x0:1280x720/800x0/images/Lancement-par-SpaceX-de-deux-atterrisseurs-lunaires-d-entreprises-privees-japonaise-et-americaine-2013702.jpg" length="0" type="image/jpg"/>
        </item>
        <item>
            <title><![CDATA["Pleine Lune du Loup": les superbes images de la première pleine Lune de l'année]]></title>
            <link>https://www.bfmtv.com/sciences/pleine-lune-du-loup-les-superbes-images-de-la-premiere-pleine-lune-de-l-annee_AN-202501140450.html</link>
            <guid>https://www.bfmtv.com/sciences/pleine-lune-du-loup-les-superbes-images-de-la-premiere-pleine-lune-de-l-annee_AN-202501140450.html</guid>
            <pubDate>Tue, 14 Jan 2025 11:30:13 GMT</pubDate>
            <description><![CDATA[En France, dans la nuit du 13 au 14 janvier 2025, a eu lieu la première pleine lune de l'année. Nommée "Pleine Lune du Loup", elle a été immortalisée par les passionnés d'astronomie du monde entier. <br /><br /><img src="https://images.bfmtv.com/al3L_uD_-uZZ5nmtDgEIoFKSNZU=/0x4:2048x1156/800x0/images/Pleine-Lune-du-Loup-2013084.jpg" />]]></description>
            <enclosure url="https://images.bfmtv.com/al3L_uD_-uZZ5nmtDgEIoFKSNZU=/0x4:2048x1156/800x0/images/Pleine-Lune-du-Loup-2013084.jpg" length="0" type="image/jpg"/>
        </item>
        <item>
            <title><![CDATA[Qu'est-ce que la pleine Lune du Loup, la première de 2025?]]></title>
            <link>https://www.bfmtv.com/sciences/qu-est-ce-que-la-pleine-lune-du-loup-la-premiere-de-2025_AN-202501130661.html</link>
            <guid>https://www.bfmtv.com/sciences/qu-est-ce-que-la-pleine-lune-du-loup-la-premiere-de-2025_AN-202501130661.html</guid>
            <pubDate>Mon, 13 Jan 2025 16:18:10 GMT</pubDate>
            <description><![CDATA[La première pleine Lune de l'année aura lieu ce lundi soir est celle du Loup. Un nom qui vient des États-Unis et qui remonte aux années 1930.<br /><br /><img src="https://images.bfmtv.com/Xl85_m99l1gIJPBCDv76q0K0Aak=/0x106:2048x1258/800x0/images/La-derniere-pleine-lune-de-2024-photographiee-depuis-Buenos-Aires-le-15-decembre-2024-2012502.jpg" />]]></description>
            <enclosure url="https://images.bfmtv.com/Xl85_m99l1gIJPBCDv76q0K0Aak=/0x106:2048x1258/800x0/images/La-derniere-pleine-lune-de-2024-photographiee-depuis-Buenos-Aires-le-15-decembre-2024-2012502.jpg" length="0" type="image/jpg"/>
        </item>
        <item>
            <title><![CDATA[Inondations dans l'Eure: "On a été surpris de la rapidité et de la force de l'eau qui est arrivée dans la ville"]]></title>
            <link>https://www.bfmtv.com/sciences/inondations-dans-l-eure-on-a-ete-surpris-de-la-rapidite-et-de-la-force-de-l-eau-qui-est-arrivee-dans-la-ville_VN-202501110165.html</link>
            <guid>https://www.bfmtv.com/sciences/inondations-dans-l-eure-on-a-ete-surpris-de-la-rapidite-et-de-la-force-de-l-eau-qui-est-arrivee-dans-la-ville_VN-202501110165.html</guid>
            <pubDate>Sat, 11 Jan 2025 09:12:35 GMT</pubDate>
            <description><![CDATA[José Cerqueira, maire de Gisors (Eure), s'exprime suite aux inondations. Les autorités réfléchissent à des aménagements pour prévenir de futurs désastres.<br /><br /><img src="https://images.bfmtv.com/rbd98cVrIwZxWGj7b--2tO1wtBw=/0x0:1280x720/800x0/images/Inondations-dans-l-Eure-On-a-ete-surpris-de-la-rapidite-et-de-la-force-de-l-eau-qui-est-arrivee-dans-la-ville-2011457.jpg" />]]></description>
            <enclosure url="https://images.bfmtv.com/rbd98cVrIwZxWGj7b--2tO1wtBw=/0x0:1280x720/800x0/images/Inondations-dans-l-Eure-On-a-ete-surpris-de-la-rapidite-et-de-la-force-de-l-eau-qui-est-arrivee-dans-la-ville-2011457.jpg" length="0" type="image/jpg"/>
        </item>
        <item>
            <title><![CDATA[Crue historique à Gisors: "On se dit 'zone inondable', mais on ne pense pas à ça tout de suite"]]></title>
            <link>https://www.bfmtv.com/sciences/crue-historique-a-gisors-on-se-dit-zone-inondable-mais-on-ne-pense-pas-a-ca-tout-de-suite_VN-202501110152.html</link>
            <guid>https://www.bfmtv.com/sciences/crue-historique-a-gisors-on-se-dit-zone-inondable-mais-on-ne-pense-pas-a-ca-tout-de-suite_VN-202501110152.html</guid>
            <pubDate>Sat, 11 Jan 2025 08:49:16 GMT</pubDate>
            <description><![CDATA[À Gisors, des habitants comme Édouard font face à des inondations inattendues après une crue record depuis 1999. La municipalité appelle à la prudence alors qu'un risque de neige et verglas s'ajoute à la situation. <br /><br /><img src="https://images.bfmtv.com/Cfumu3DPXrzkTT_ranHkqtsjTus=/0x0:1280x720/800x0/images/Crue-historique-a-Gisors-On-se-dit-zone-inondable-mais-on-ne-pense-pas-a-ca-tout-de-suite-2011448.jpg" />]]></description>
            <enclosure url="https://images.bfmtv.com/Cfumu3DPXrzkTT_ranHkqtsjTus=/0x0:1280x720/800x0/images/Crue-historique-a-Gisors-On-se-dit-zone-inondable-mais-on-ne-pense-pas-a-ca-tout-de-suite-2011448.jpg" length="0" type="image/jpg"/>
        </item>
        <item>
            <title><![CDATA["La chasse à courre doit évoluer": Yann Arthus-Bertrand contre la chasse à courre]]></title>
            <link>https://www.bfmtv.com/sciences/la-chasse-a-cour-doit-evoluer-yann-arthus-bertrand-contre-la-chasse-a-cour_VN-202501110146.html</link>
            <guid>https://www.bfmtv.com/sciences/la-chasse-a-cour-doit-evoluer-yann-arthus-bertrand-contre-la-chasse-a-cour_VN-202501110146.html</guid>
            <pubDate>Sat, 11 Jan 2025 08:28:44 GMT</pubDate>
            <description><![CDATA[La chasse à courre suscite de vives réactions en France, où une pétition lancée par Yann Arthus-Bertrand, a recueilli près de 60.000 signatures pour son interdiction.<br /><br /><img src="https://images.bfmtv.com/i5UiTLslp13NTT77OLk3ecZ9v_M=/0x0:1280x720/800x0/images/La-chasse-a-cour-doit-evoluer-Yann-Arthus-Bertrand-contre-la-chasse-a-cour-2011446.jpg" />]]></description>
            <enclosure url="https://images.bfmtv.com/i5UiTLslp13NTT77OLk3ecZ9v_M=/0x0:1280x720/800x0/images/La-chasse-a-cour-doit-evoluer-Yann-Arthus-Bertrand-contre-la-chasse-a-cour-2011446.jpg" length="0" type="image/jpg"/>
        </item>
        <item>
            <title><![CDATA[Pétition de Yann Arthus-Bertrand contre la chasse à courre: près de 60.000 signatures]]></title>
            <link>https://www.bfmtv.com/sciences/petition-de-yann-arthus-bertrand-contre-la-chasse-a-cour-pres-de-60-000-signatures_VN-202501110113.html</link>
            <guid>https://www.bfmtv.com/sciences/petition-de-yann-arthus-bertrand-contre-la-chasse-a-cour-pres-de-60-000-signatures_VN-202501110113.html</guid>
            <pubDate>Sat, 11 Jan 2025 07:16:49 GMT</pubDate>
            <description><![CDATA[Une pétition contre la chasse à courre en France a recueilli près de 60.000 signatures.<br /><br /><img src="https://images.bfmtv.com/3wsKGh4Oqg7bEU0YVe__9j0xRmQ=/0x0:1280x720/800x0/images/Petition-de-Yann-Arthus-Bertrand-contre-la-chasse-a-cour-pres-de-60-000-signatures-2011421.jpg" />]]></description>
            <enclosure url="https://images.bfmtv.com/3wsKGh4Oqg7bEU0YVe__9j0xRmQ=/0x0:1280x720/800x0/images/Petition-de-Yann-Arthus-Bertrand-contre-la-chasse-a-cour-pres-de-60-000-signatures-2011421.jpg" length="0" type="image/jpg"/>
        </item>
        <item>
            <title><![CDATA[Réserve de réensauvegement: débat entre chasse et réserve naturelle près de Rambouillet]]></title>
            <link>https://www.bfmtv.com/sciences/reserve-de-reensauvegement-debat-entre-chasse-et-reserve-naturelle-pres-de-rambouillet_VN-202501110092.html</link>
            <guid>https://www.bfmtv.com/sciences/reserve-de-reensauvegement-debat-entre-chasse-et-reserve-naturelle-pres-de-rambouillet_VN-202501110092.html</guid>
            <pubDate>Sat, 11 Jan 2025 06:19:05 GMT</pubDate>
            <description><![CDATA[Un sanctuaire de 26 hectares en forêt de Rambouillet a permis une augmentation de 33% de la biodiversité, favorisant la sérénité des animaux. <br /><br /><img src="https://images.bfmtv.com/qdNlDqUIOYP-xYILciNNDMmG6NA=/0x0:1280x720/800x0/images/Reserve-de-reensauvegement-debat-entre-chasse-et-reserve-naturelle-pres-de-Rambouillet-2011411.jpg" />]]></description>
            <enclosure url="https://images.bfmtv.com/qdNlDqUIOYP-xYILciNNDMmG6NA=/0x0:1280x720/800x0/images/Reserve-de-reensauvegement-debat-entre-chasse-et-reserve-naturelle-pres-de-Rambouillet-2011411.jpg" length="0" type="image/jpg"/>
        </item>
        <item>
            <title><![CDATA["C'est un bonheur d'être ici": les deux astronautes coincés dans l'ISS depuis six mois témoignent]]></title>
            <link>https://www.bfmtv.com/sciences/c-est-un-bonheur-d-etre-ici-les-deux-astronautes-coinces-dans-l-iss-depuis-six-mois-temoignent_AN-202501090355.html</link>
            <guid>https://www.bfmtv.com/sciences/c-est-un-bonheur-d-etre-ici-les-deux-astronautes-coinces-dans-l-iss-depuis-six-mois-temoignent_AN-202501090355.html</guid>
            <pubDate>Thu, 09 Jan 2025 09:24:48 GMT</pubDate>
            <description><![CDATA[Butch Wilmore et Suni Williams sont arrivés dans l'espace en juin 2024 pour n'y rester qu'une seule semaine. C'était sans compter sur la panne du vaisseau Boeing à bord duquel ils ont voyagé depuis la Terre. Bloqués dans l'ISS, ils ne devraient rentrer qu'en mars prochain.<br /><br /><img src="https://images.bfmtv.com/YdJ-ALbwGiyz0JcEwF5Svka4mtU=/6x66:1494x903/800x0/images/Astronautes-de-la-NASA-2009994.jpg" />]]></description>
            <enclosure url="https://images.bfmtv.com/YdJ-ALbwGiyz0JcEwF5Svka4mtU=/6x66:1494x903/800x0/images/Astronautes-de-la-NASA-2009994.jpg" length="0" type="image/jpg"/>
        </item>
        <item>
            <title><![CDATA[Dengue, paludisme: des moustiques génétiquement modifiés au sperme "toxique" pour lutter contre les maladies tropicales]]></title>
            <link>https://www.bfmtv.com/sciences/dengue-paludisme-des-moustiques-genetiquement-modifies-au-sperme-toxique-pour-lutter-contre-les-maladies-tropicales_AD-202501080550.html</link>
            <guid>https://www.bfmtv.com/sciences/dengue-paludisme-des-moustiques-genetiquement-modifies-au-sperme-toxique-pour-lutter-contre-les-maladies-tropicales_AD-202501080550.html</guid>
            <pubDate>Wed, 08 Jan 2025 12:50:23 GMT</pubDate>
            <description><![CDATA[Des scientifiques australiens démontrent dans une étude publiée ce mardi 7 janvier que des moustiques au sperme génétiquement modifiés pourraient permettre de lutter contre la propagation d'arboviroses, dont la dengue.<br /><br /><img src="https://images.bfmtv.com/p4W3TUxnCSP_WBss-aof0G_vWrI=/0x192:2048x1344/800x0/images/Moustique-1891807.jpg" />]]></description>
            <enclosure url="https://images.bfmtv.com/p4W3TUxnCSP_WBss-aof0G_vWrI=/0x192:2048x1344/800x0/images/Moustique-1891807.jpg" length="0" type="image/jpg"/>
        </item>
    </channel>
</rss>