<?xml version="1.0" encoding="utf-8"?>
<rss version="2.0" xmlns:atom="http://www.w3.org/2005/Atom">
    <channel>
        <title>Home Food - actualités</title>
        <link>https://www.bfmtv.com/cuisine/</link>
        <description>Retrouvez toute l'actualité gastronomique: les tendances culinaires, les dernières nouveautés des livres de cuisine, des recettes tendances et du terroir</description>
        <lastBuildDate>Mon, 10 Feb 2025 12:40:31 GMT</lastBuildDate>
        <docs>http://blogs.law.harvard.edu/tech/rss</docs>
        <generator>BFMTV</generator>
        <language>fr</language>
        <image>
            <title>Home Food - actualités</title>
            <url>https://www.bfmtv.com/assets/v11/images/BFMTV_default_16x9.8715a163008e9f3fc3799c8e2c6ebafa.jpg</url>
            <link>https://www.bfmtv.com/cuisine/</link>
        </image>
        <copyright>Copyright BFMTV</copyright>
        <category>Home Food - actualités</category>
        <atom:link href="https://www.bfmtv.com/cuisine/" rel="self" type="application/rss+xml"/>
        <item>
            <title><![CDATA[Les pommes de terres germent plus vite depuis l'interdiction du chlorprophame en 2020]]></title>
            <link>https://www.bfmtv.com/cuisine/les-pommes-de-terres-germent-plus-vite-depuis-l-interdiction-du-chlorprophame-en-2020_VN-202502030093.html</link>
            <guid>https://www.bfmtv.com/cuisine/les-pommes-de-terres-germent-plus-vite-depuis-l-interdiction-du-chlorprophame-en-2020_VN-202502030093.html</guid>
            <pubDate>Mon, 03 Feb 2025 05:53:03 GMT</pubDate>
            <description><![CDATA[Très utilisée par les agriculteurs cette molécules, interdite depuis 2020, permettait de lutter contre la germination des pommes de terre pendant leur stockage.<br /><br /><img src="https://images.bfmtv.com/UumvE7SP8J53Dl-cb5cLCizUQEU=/0x0:1280x720/800x0/images/Les-pommes-de-terres-germent-plus-vite-depuis-l-interdiction-du-chlorprophame-en-2020-2026015.jpg" />]]></description>
            <enclosure url="https://images.bfmtv.com/UumvE7SP8J53Dl-cb5cLCizUQEU=/0x0:1280x720/800x0/images/Les-pommes-de-terres-germent-plus-vite-depuis-l-interdiction-du-chlorprophame-en-2020-2026015.jpg" length="0" type="image/jpg"/>
        </item>
        <item>
            <title><![CDATA[Le Japon sacré Champion du monde de la pâtisserie, la France arrive deuxième position]]></title>
            <link>https://www.bfmtv.com/cuisine/le-japon-sacre-champion-du-monde-de-la-patisserie-la-france-arrive-deuxieme-position_VN-202501260399.html</link>
            <guid>https://www.bfmtv.com/cuisine/le-japon-sacre-champion-du-monde-de-la-patisserie-la-france-arrive-deuxieme-position_VN-202501260399.html</guid>
            <pubDate>Sun, 26 Jan 2025 19:25:41 GMT</pubDate>
            <description><![CDATA[Pour la deuxième fois consécutive, le Japon a remporté le championnat du monde pâtisserie qui se tenait à Lyon ce samedi. "C'est dur", a confié le coach de l'équipe de France, arrivée deuxième.<br /><br /><img src="https://images.bfmtv.com/3PwJQ309oFVGLnQlKxUON79Gqk0=/0x0:1280x720/800x0/images/Le-Japon-sacre-Champion-du-monde-de-la-patisserie-la-France-arrive-deuxieme-position-2021328.jpg" />]]></description>
            <enclosure url="https://images.bfmtv.com/3PwJQ309oFVGLnQlKxUON79Gqk0=/0x0:1280x720/800x0/images/Le-Japon-sacre-Champion-du-monde-de-la-patisserie-la-France-arrive-deuxieme-position-2021328.jpg" length="0" type="image/jpg"/>
        </item>
        <item>
            <title><![CDATA[Dry January: comment faire un bon cocktail sans alcool? ]]></title>
            <link>https://www.bfmtv.com/cuisine/dry-january-comment-faire-un-bon-cocktail-sans-alcool_VN-202501240831.html</link>
            <guid>https://www.bfmtv.com/cuisine/dry-january-comment-faire-un-bon-cocktail-sans-alcool_VN-202501240831.html</guid>
            <pubDate>Fri, 24 Jan 2025 17:30:59 GMT</pubDate>
            <description><![CDATA[Tarek Nini est chef cocktail chez Colada et donne des cours spécialisés de mocktails. Comme il l'explique, il s'agit de trouver l'équilibre entre le sucré et l'acide. En ce mois de janvier, dédié pour certains à la sobriété, les mocktails apparaissent comme une bonne alternative pour participer à une fête sans ivresse.<br /><br /><img src="https://images.bfmtv.com/kdaBVqYKtSJUpUEjvVK7GLJtdQg=/0x0:1280x720/800x0/images/Dry-January-comment-faire-un-bon-cocktail-sans-alcool-2020506.jpg" />]]></description>
            <enclosure url="https://images.bfmtv.com/kdaBVqYKtSJUpUEjvVK7GLJtdQg=/0x0:1280x720/800x0/images/Dry-January-comment-faire-un-bon-cocktail-sans-alcool-2020506.jpg" length="0" type="image/jpg"/>
        </item>
        <item>
            <title><![CDATA[Désigné meilleur fromage de France, l'Ossau-Iraty voit ses ventes exploser]]></title>
            <link>https://www.bfmtv.com/cuisine/designe-meilleur-fromage-de-france-l-ossau-iraty-voit-ses-ventes-exploser_VN-202501220350.html</link>
            <guid>https://www.bfmtv.com/cuisine/designe-meilleur-fromage-de-france-l-ossau-iraty-voit-ses-ventes-exploser_VN-202501220350.html</guid>
            <pubDate>Wed, 22 Jan 2025 09:16:50 GMT</pubDate>
            <description><![CDATA[Désigné meilleur fromage de France lors des World Cheese Awards, le fromage basque Ossau-Iraty connaît une explosion de ses ventes. En décembre, les ventes du fromage ont augmenté de 43%.<br /><br /><img src="https://images.bfmtv.com/SxBGnOHX6822JuEgG5KhempxWj0=/0x0:1280x720/800x0/images/Designe-meilleur-fromage-de-France-l-Ossau-Iraty-voit-ses-ventes-exploser-2018430.jpg" />]]></description>
            <enclosure url="https://images.bfmtv.com/SxBGnOHX6822JuEgG5KhempxWj0=/0x0:1280x720/800x0/images/Designe-meilleur-fromage-de-France-l-Ossau-Iraty-voit-ses-ventes-exploser-2018430.jpg" length="0" type="image/jpg"/>
        </item>
        <item>
            <title><![CDATA[Un plat pour les "monstres": ce restaurant anglais facture 120 euros sa pizza à l'ananas]]></title>
            <link>https://www.bfmtv.com/cuisine/un-plat-pour-les-monstres-ce-restaurant-anglais-facture-120-euros-sa-pizza-a-l-ananas_AD-202501160590.html</link>
            <guid>https://www.bfmtv.com/cuisine/un-plat-pour-les-monstres-ce-restaurant-anglais-facture-120-euros-sa-pizza-a-l-ananas_AD-202501160590.html</guid>
            <pubDate>Thu, 16 Jan 2025 14:58:27 GMT</pubDate>
            <description><![CDATA[Lorsqu'il s'agit de pizza à l'ananas, les avis semblent diverger inévitablement. Un pizzaïolo anglais à, quant à lui, décidé d'intégrer cette option à la carte de son restaurant - mais pour la modique somme de 100 livres sterling. <br /><br /><img src="https://images.bfmtv.com/2-wM1l-OOsL1xskuaukmxFe1WWM=/0x0:2048x1152/800x0/images/Un-pizza-a-l-ananas-photo-d-illustration-1495098.jpg" />]]></description>
            <enclosure url="https://images.bfmtv.com/2-wM1l-OOsL1xskuaukmxFe1WWM=/0x0:2048x1152/800x0/images/Un-pizza-a-l-ananas-photo-d-illustration-1495098.jpg" length="0" type="image/jpg"/>
        </item>
        <item>
            <title><![CDATA[The Fork révèle son classement 2024 des 100 meilleurs restaurants de France]]></title>
            <link>https://www.bfmtv.com/cuisine/the-fork-revele-son-classement-2024-des-100-meilleurs-restaurants-de-france_AN-202501080448.html</link>
            <guid>https://www.bfmtv.com/cuisine/the-fork-revele-son-classement-2024-des-100-meilleurs-restaurants-de-france_AN-202501080448.html</guid>
            <pubDate>Wed, 08 Jan 2025 10:50:11 GMT</pubDate>
            <description><![CDATA[L'application de réservation de restaurants vient de dévoiler son classement 2024 des meilleures tables de France. Neuf établissements parisiens occupent le top 10.<br /><br /><img src="https://images.bfmtv.com/3cudPtCAhidEFBY0DNvTzi_ScKw=/0x65:1280x785/800x0/images/restaurant-2009382.jpg" />]]></description>
            <enclosure url="https://images.bfmtv.com/3cudPtCAhidEFBY0DNvTzi_ScKw=/0x65:1280x785/800x0/images/restaurant-2009382.jpg" length="0" type="image/jpg"/>
        </item>
        <item>
            <title><![CDATA[Frangipane, aux pommes, bricohée... la grande bataille des galettes des locales BFM]]></title>
            <link>https://www.bfmtv.com/cuisine/frangipane-aux-pommes-bricohee-la-grande-bataille-des-galettes-des-locales-bfm_VN-202501060056.html</link>
            <guid>https://www.bfmtv.com/cuisine/frangipane-aux-pommes-bricohee-la-grande-bataille-des-galettes-des-locales-bfm_VN-202501060056.html</guid>
            <pubDate>Mon, 06 Jan 2025 05:38:10 GMT</pubDate>
            <description><![CDATA[À la frangipane, au chocolat, à l’andouille et au camembert, chaque région possède sa spécialité. Elles se disputent le titre de galette préférée des Français. Le grand vainqueur sera dévoilé le lundi 20 janvier, après deux semaines de votes, lors d’une annonce spéciale diffusée sur l’ensemble des chaînes locales. <br /><br /><img src="https://images.bfmtv.com/E7FU3l0ogDgjSnWoxGCkh6dt63c=/0x0:1280x720/800x0/images/Frangipane-aux-pommes-bricohee-la-grande-bataille-des-galettes-des-locales-BFM-2007567.jpg" />]]></description>
            <enclosure url="https://images.bfmtv.com/E7FU3l0ogDgjSnWoxGCkh6dt63c=/0x0:1280x720/800x0/images/Frangipane-aux-pommes-bricohee-la-grande-bataille-des-galettes-des-locales-BFM-2007567.jpg" length="0" type="image/jpg"/>
        </item>
        <item>
            <title><![CDATA[Le gâteau des rois: une institution en Provence]]></title>
            <link>https://www.bfmtv.com/cuisine/le-gateau-des-rois-une-institution-en-provence_VN-202501020076.html</link>
            <guid>https://www.bfmtv.com/cuisine/le-gateau-des-rois-une-institution-en-provence_VN-202501020076.html</guid>
            <pubDate>Thu, 02 Jan 2025 06:09:31 GMT</pubDate>
            <description><![CDATA[Le gâteau des rois, une brioche garnie de fruits confits, est un incontournable en Provence. Ilravit petits et grands, avec une fève à dénicher. Pour savourer cette douceur, comptez 22 euros pour 4 personnes. <br /><br /><img src="https://images.bfmtv.com/wGs5nzoRWYTjKqrL_DorUtV2Ki0=/0x0:1280x720/800x0/images/Le-gateau-des-rois-une-institution-en-Provence-2005977.jpg" />]]></description>
            <enclosure url="https://images.bfmtv.com/wGs5nzoRWYTjKqrL_DorUtV2Ki0=/0x0:1280x720/800x0/images/Le-gateau-des-rois-une-institution-en-Provence-2005977.jpg" length="0" type="image/jpg"/>
        </item>
        <item>
            <title><![CDATA[Repas de fêtes: quel vin servir avec vos plats ? ]]></title>
            <link>https://www.bfmtv.com/cuisine/repas-de-fetes-quel-vin-servir-avec-vos-plats_VN-202501010141.html</link>
            <guid>https://www.bfmtv.com/cuisine/repas-de-fetes-quel-vin-servir-avec-vos-plats_VN-202501010141.html</guid>
            <pubDate>Wed, 01 Jan 2025 08:04:49 GMT</pubDate>
            <description><![CDATA[Le chef Maxime Vergely, du restaurant la Halle aux Grains, cuisine un dos de biche et une purée de coing. Philippe Toinard conseille de déguster avec un verre de Côtes de Duras rouge. <br /><br /><img src="https://images.bfmtv.com/pv4u8JEGDzceq31jjz3iXg8a_KA=/0x0:1280x720/800x0/images/Repas-de-fetes-quel-vin-servir-avec-vos-plats-2005693.jpg" />]]></description>
            <enclosure url="https://images.bfmtv.com/pv4u8JEGDzceq31jjz3iXg8a_KA=/0x0:1280x720/800x0/images/Repas-de-fetes-quel-vin-servir-avec-vos-plats-2005693.jpg" length="0" type="image/jpg"/>
        </item>
        <item>
            <title><![CDATA[Pour le Nouvel an, des Saint-Jacques au caviar accompagnées de champagne]]></title>
            <link>https://www.bfmtv.com/cuisine/pour-le-nouvel-an-des-saint-jacques-au-caviar-accompagnees-de-champagne_VN-202412310192.html</link>
            <guid>https://www.bfmtv.com/cuisine/pour-le-nouvel-an-des-saint-jacques-au-caviar-accompagnees-de-champagne_VN-202412310192.html</guid>
            <pubDate>Tue, 31 Dec 2024 08:01:42 GMT</pubDate>
            <description><![CDATA[Accorder des Saint-Jacques avec du caviar et du champagne, c'est la recette proposée par le chef Grégory Garimbay, du restaurant Bellefeuille. <br /><br /><img src="https://images.bfmtv.com/DNlg1dN23ihSob6wCKO9YORlRns=/0x0:1280x720/800x0/images/Pour-le-Nouvel-an-des-Saint-Jacques-au-caviar-accompagnees-de-champagne-2005297.jpg" />]]></description>
            <enclosure url="https://images.bfmtv.com/DNlg1dN23ihSob6wCKO9YORlRns=/0x0:1280x720/800x0/images/Pour-le-Nouvel-an-des-Saint-Jacques-au-caviar-accompagnees-de-champagne-2005297.jpg" length="0" type="image/jpg"/>
        </item>
        <item>
            <title><![CDATA[Repas de fêtes: nos conseils pour réussir du cerf aux trompettes de la mort]]></title>
            <link>https://www.bfmtv.com/cuisine/repas-de-fetes-nos-conseils-pour-reussir-du-cerf-aux-trompettes-de-la-mort_VN-202412300185.html</link>
            <guid>https://www.bfmtv.com/cuisine/repas-de-fetes-nos-conseils-pour-reussir-du-cerf-aux-trompettes-de-la-mort_VN-202412300185.html</guid>
            <pubDate>Mon, 30 Dec 2024 07:54:31 GMT</pubDate>
            <description><![CDATA[Le chef Victor Mercier du restaurant Fief cuisine du cerf aux trompettes de la mort et pommes gaufrette que Philippe Toinard conseille de déguster avec un verre de Côtes du Vivarais.<br /><br /><img src="https://images.bfmtv.com/kur3kJIt6l02SCTb3yjRwQwJ1k4=/0x0:1280x720/800x0/images/Repas-de-fetes-nos-conseils-pour-reussir-du-cerf-aux-trompettes-de-la-mort-2004863.jpg" />]]></description>
            <enclosure url="https://images.bfmtv.com/kur3kJIt6l02SCTb3yjRwQwJ1k4=/0x0:1280x720/800x0/images/Repas-de-fetes-nos-conseils-pour-reussir-du-cerf-aux-trompettes-de-la-mort-2004863.jpg" length="0" type="image/jpg"/>
        </item>
        <item>
            <title><![CDATA[CUISINEZ FÊTES - Comment réussir son cerf aux poivres]]></title>
            <link>https://www.bfmtv.com/cuisine/cuisinez-fetes-comment-reussir-son-cerf-aux-poivres_VN-202412290237.html</link>
            <guid>https://www.bfmtv.com/cuisine/cuisinez-fetes-comment-reussir-son-cerf-aux-poivres_VN-202412290237.html</guid>
            <pubDate>Sun, 29 Dec 2024 14:52:19 GMT</pubDate>
            <description><![CDATA[Pour les fêtes de fin d'années, on vous propose de tester de nouvelles recettes pour ravir vos papilles et celles de vos invités. Ce 29 décembre, on vous propose une recette de cerf aux poivres.<br /><br /><img src="https://images.bfmtv.com/ZRoifl5xgT1_bKmf6cn79TtvKJ8=/0x0:1280x720/800x0/images/CUISINEZ-FETES-Comment-reussir-son-cerf-aux-poivres-2004632.jpg" />]]></description>
            <enclosure url="https://images.bfmtv.com/ZRoifl5xgT1_bKmf6cn79TtvKJ8=/0x0:1280x720/800x0/images/CUISINEZ-FETES-Comment-reussir-son-cerf-aux-poivres-2004632.jpg" length="0" type="image/jpg"/>
        </item>
        <item>
            <title><![CDATA[Pour les fêtes, voici comment accompagner au mieux vos plats]]></title>
            <link>https://www.bfmtv.com/cuisine/pour-les-fetes-voici-comment-accompagner-au-mieux-vos-plats_VN-202412280082.html</link>
            <guid>https://www.bfmtv.com/cuisine/pour-les-fetes-voici-comment-accompagner-au-mieux-vos-plats_VN-202412280082.html</guid>
            <pubDate>Sat, 28 Dec 2024 07:54:20 GMT</pubDate>
            <description><![CDATA[En pleine période de fêtes de fin d'année, BFMTV est partie rencontrer le chef Clément Leroy pour cuisiner un croque-monsieur à l'huître. <br /><br /><img src="https://images.bfmtv.com/n_pxRbKWsjoFjnzdlNlOeOP-vQ0=/0x0:1280x720/800x0/images/Pour-les-fetes-voici-comment-accompagner-au-mieux-vos-plats-2004303.jpg" />]]></description>
            <enclosure url="https://images.bfmtv.com/n_pxRbKWsjoFjnzdlNlOeOP-vQ0=/0x0:1280x720/800x0/images/Pour-les-fetes-voici-comment-accompagner-au-mieux-vos-plats-2004303.jpg" length="0" type="image/jpg"/>
        </item>
        <item>
            <title><![CDATA[CUISINEZ FÊTES - L'île flottante à la marmelade de clémentines corses]]></title>
            <link>https://www.bfmtv.com/cuisine/cuisinez-fetes-l-ile-flottante-a-la-marmelade-de-clementines-corses_VN-202412270127.html</link>
            <guid>https://www.bfmtv.com/cuisine/cuisinez-fetes-l-ile-flottante-a-la-marmelade-de-clementines-corses_VN-202412270127.html</guid>
            <pubDate>Fri, 27 Dec 2024 07:14:53 GMT</pubDate>
            <description><![CDATA[Pour les fêtes de fin d'années, on vous propose de tester de nouvelles recettes pour ravir vos papilles et celles de vos invités. Ce 27 décembre, on vous propose une recette d'île flottante à la marmelade.<br /><br /><img src="https://images.bfmtv.com/4kyxk7C-o5JcxcFkYl19L0CIPwo=/0x0:1280x720/800x0/images/CUISINEZ-FETES-L-ile-flottante-a-la-marmelade-de-clementines-corses-2003948.jpg" />]]></description>
            <enclosure url="https://images.bfmtv.com/4kyxk7C-o5JcxcFkYl19L0CIPwo=/0x0:1280x720/800x0/images/CUISINEZ-FETES-L-ile-flottante-a-la-marmelade-de-clementines-corses-2003948.jpg" length="0" type="image/jpg"/>
        </item>
        <item>
            <title><![CDATA[CUISINEZ FÊTES - Le chevreuil en croûte façon Wellington]]></title>
            <link>https://www.bfmtv.com/cuisine/cuisinez-fetes-le-chevreuil-en-croute-facon-wellington_VN-202412260150.html</link>
            <guid>https://www.bfmtv.com/cuisine/cuisinez-fetes-le-chevreuil-en-croute-facon-wellington_VN-202412260150.html</guid>
            <pubDate>Thu, 26 Dec 2024 07:15:31 GMT</pubDate>
            <description><![CDATA[Pour les fêtes de fin d'années, on vous propose de tester de nouvelles recettes pour ravir vos papilles et celles de vos invités. Ce 26 décembre, on vous propose une recette de chevreuil en croûte façon Wellington. <br /><br /><img src="https://images.bfmtv.com/0wxD9kkGo7u6PhBEVJMjymWNM04=/0x0:1280x720/800x0/images/CUISINEZ-FETES-Le-chevreuil-en-croute-facon-Wellington-2003564.jpg" />]]></description>
            <enclosure url="https://images.bfmtv.com/0wxD9kkGo7u6PhBEVJMjymWNM04=/0x0:1280x720/800x0/images/CUISINEZ-FETES-Le-chevreuil-en-croute-facon-Wellington-2003564.jpg" length="0" type="image/jpg"/>
        </item>
        <item>
            <title><![CDATA[CUISINEZ FÊTES - Une délicieuse recette de noix de Saint-Jacques au kumquat]]></title>
            <link>https://www.bfmtv.com/cuisine/cuisinez-fetes-une-delicieuse-recette-de-noix-de-saint-jacques-au-kumquat_VN-202412250122.html</link>
            <guid>https://www.bfmtv.com/cuisine/cuisinez-fetes-une-delicieuse-recette-de-noix-de-saint-jacques-au-kumquat_VN-202412250122.html</guid>
            <pubDate>Wed, 25 Dec 2024 07:13:55 GMT</pubDate>
            <description><![CDATA[Pour les fêtes de fin d'années, on vous propose de tester de nouvelles recettes pour ravir vos papilles et celles de vos invités. Ce 25 décembre, on vous propose une recette de noix de Saint-Jacques au kumquat, à déguster avec un vin blanc corse (l'alcool est à consommer avec modération).<br /><br /><img src="https://images.bfmtv.com/BaGNGdiPn9Nzbrt17FaayN6OrjM=/0x0:1280x720/800x0/images/CUISINEZ-FETES-Une-delicieuse-recette-de-noix-de-Saint-Jacques-au-kumquat-2003230.jpg" />]]></description>
            <enclosure url="https://images.bfmtv.com/BaGNGdiPn9Nzbrt17FaayN6OrjM=/0x0:1280x720/800x0/images/CUISINEZ-FETES-Une-delicieuse-recette-de-noix-de-Saint-Jacques-au-kumquat-2003230.jpg" length="0" type="image/jpg"/>
        </item>
        <item>
            <title><![CDATA[Civet de chevreuil, galette et muscat... Les spécialités occitanes mises en avant aux halles de Narbonne pour les fêtes de Noël]]></title>
            <link>https://www.bfmtv.com/cuisine/civet-de-chevreuil-galette-et-muscat-les-specialites-occitanes-mises-en-avant-aux-halles-de-narbonne-pour-les-fetes-de-noel_VN-202412220097.html</link>
            <guid>https://www.bfmtv.com/cuisine/civet-de-chevreuil-galette-et-muscat-les-specialites-occitanes-mises-en-avant-aux-halles-de-narbonne-pour-les-fetes-de-noel_VN-202412220097.html</guid>
            <pubDate>Sun, 22 Dec 2024 07:18:14 GMT</pubDate>
            <description><![CDATA[À l'approche des fêtes, les traiteurs se préparent pour le Réveillon. Le civet de chevreuil, mariné et mijoté, est le plat phare, tandis que les bûches du fournil de Gilles, à partir de 23 euros, séduisent les gourmands. La galette occitane et le muscat de Noël complètent ce festin.<br /><br /><img src="https://images.bfmtv.com/ODh8cOfGgUCRg8mBZ9KY5M-HWhk=/0x0:1280x720/800x0/images/Civet-de-chevreuil-galette-et-muscat-Les-specialites-occitanes-mises-en-avant-aux-halles-de-Narbonne-pour-les-fetes-de-Noel-2001904.jpg" />]]></description>
            <enclosure url="https://images.bfmtv.com/ODh8cOfGgUCRg8mBZ9KY5M-HWhk=/0x0:1280x720/800x0/images/Civet-de-chevreuil-galette-et-muscat-Les-specialites-occitanes-mises-en-avant-aux-halles-de-Narbonne-pour-les-fetes-de-Noel-2001904.jpg" length="0" type="image/jpg"/>
        </item>
        <item>
            <title><![CDATA[Saumon, coquilles Saint-Jacques... Quels sont les produits stars par des repas de Noël?]]></title>
            <link>https://www.bfmtv.com/cuisine/saumon-coquilles-saint-jacques-quels-sont-les-produits-stars-par-des-repas-de-noel_VN-202412220074.html</link>
            <guid>https://www.bfmtv.com/cuisine/saumon-coquilles-saint-jacques-quels-sont-les-produits-stars-par-des-repas-de-noel_VN-202412220074.html</guid>
            <pubDate>Sun, 22 Dec 2024 06:16:13 GMT</pubDate>
            <description><![CDATA[Pour Noël 2024, le saumon Gravlax fait sensation, tandis que la lotte, les noix de Saint-Jacques et les huîtres s'imposent comme les meilleures ventes dans les halles de Narbonne. <br /><br /><img src="https://images.bfmtv.com/VC1j96Hwv4jad0aKKfO_fXBKb3A=/0x0:1280x720/800x0/images/Saumon-coquilles-Saint-Jacques-Quels-sont-les-produits-stars-par-des-repas-de-Noel-2001888.jpg" />]]></description>
            <enclosure url="https://images.bfmtv.com/VC1j96Hwv4jad0aKKfO_fXBKb3A=/0x0:1280x720/800x0/images/Saumon-coquilles-Saint-Jacques-Quels-sont-les-produits-stars-par-des-repas-de-Noel-2001888.jpg" length="0" type="image/jpg"/>
        </item>
        <item>
            <title><![CDATA[Aux halles de Narbonne, les Français préfèrent le chapon à la dinde pour les fêtes de Noël]]></title>
            <link>https://www.bfmtv.com/cuisine/aux-halles-de-narbonne-les-francais-preferent-le-chapon-a-la-dinde-pour-les-fetes-de-noel_VN-202412220049.html</link>
            <guid>https://www.bfmtv.com/cuisine/aux-halles-de-narbonne-les-francais-preferent-le-chapon-a-la-dinde-pour-les-fetes-de-noel_VN-202412220049.html</guid>
            <pubDate>Sun, 22 Dec 2024 05:20:47 GMT</pubDate>
            <description><![CDATA[Les fêtes de fin d'année approchent et les Français courent dans les magasins pour les derniers préparatifs. Mais quels seront les plats au menu pour les fêtes de Noël? À Narbonne, le chapon et le cassoulet sont mis en avant par les commerçants pour des plats conviviaux et réconfortants. <br /><br /><img src="https://images.bfmtv.com/CjW8GwmtDXwwknkjR9gi8W7cJiQ=/0x0:1280x720/800x0/images/Aux-halles-de-Narbonne-les-Francais-preferent-le-chapon-a-la-dinde-pour-les-fetes-de-Noel-2001873.jpg" />]]></description>
            <enclosure url="https://images.bfmtv.com/CjW8GwmtDXwwknkjR9gi8W7cJiQ=/0x0:1280x720/800x0/images/Aux-halles-de-Narbonne-les-Francais-preferent-le-chapon-a-la-dinde-pour-les-fetes-de-Noel-2001873.jpg" length="0" type="image/jpg"/>
        </item>
        <item>
            <title><![CDATA[Qui fera le meilleur pâte-croûte? Notre reporter est au championnat du monde à Lyon]]></title>
            <link>https://www.bfmtv.com/cuisine/qui-fera-le-meilleur-pate-croute-notre-reporter-est-au-championnat-du-monde-a-lyon_VN-202412020456.html</link>
            <guid>https://www.bfmtv.com/cuisine/qui-fera-le-meilleur-pate-croute-notre-reporter-est-au-championnat-du-monde-a-lyon_VN-202412020456.html</guid>
            <pubDate>Mon, 02 Dec 2024 10:42:06 GMT</pubDate>
            <description><![CDATA[Le championnat du monde de pâté-croûte s'ouvre aujourd'hui à Lyon pour sa 15e édition. Un concours très sérieux qui a permis de remettre en avant un produit parfois laissé de côté dans les charcuteries.<br /><br /><img src="https://images.bfmtv.com/DQWsSRY0fziiAeWdxg34-MOv2PI=/0x0:1280x720/800x0/images/Qui-fera-le-meilleur-pate-croute-Notre-reporter-est-au-championnat-du-monde-a-Lyon-1988933.jpg" />]]></description>
            <enclosure url="https://images.bfmtv.com/DQWsSRY0fziiAeWdxg34-MOv2PI=/0x0:1280x720/800x0/images/Qui-fera-le-meilleur-pate-croute-Notre-reporter-est-au-championnat-du-monde-a-Lyon-1988933.jpg" length="0" type="image/jpg"/>
        </item>
        <item>
            <title><![CDATA[Championnat du monde de pâté-croûte: notre reporter n'a pas résisté]]></title>
            <link>https://www.bfmtv.com/cuisine/championnat-du-monde-de-pate-croute-notre-reporter-n-a-pas-resiste_VN-202412020275.html</link>
            <guid>https://www.bfmtv.com/cuisine/championnat-du-monde-de-pate-croute-notre-reporter-n-a-pas-resiste_VN-202412020275.html</guid>
            <pubDate>Mon, 02 Dec 2024 07:18:28 GMT</pubDate>
            <description><![CDATA[La 15ᵉ édition du championnat du monde de pâté-croûte se déroule le 2 décembre à La Sucrière. Les participants viennent des quatre coins du monde, comme par exemple le chef japonais Seigio Ishimoto. Les pâté-croûte vont être jugés à leur croustillants, à leur gelée, au positionnement des morceaux de viande à l'intérieur du mets. Cette année, deux Lyonnais participeront à ces championnats. <br /><br /><img src="https://images.bfmtv.com/ogjKZNZFYCzTGVDYNCAJbNQ16BU=/0x0:1280x720/800x0/images/Championnat-du-monde-de-pate-croute-notre-reporter-n-a-pas-resiste-1988777.jpg" />]]></description>
            <enclosure url="https://images.bfmtv.com/ogjKZNZFYCzTGVDYNCAJbNQ16BU=/0x0:1280x720/800x0/images/Championnat-du-monde-de-pate-croute-notre-reporter-n-a-pas-resiste-1988777.jpg" length="0" type="image/jpg"/>
        </item>
        <item>
            <title><![CDATA[Les championnats du monde de pâté-croûte se déroulent ce lundi 2 décembre à Lyon]]></title>
            <link>https://www.bfmtv.com/cuisine/les-championnats-du-monde-de-pate-croute-se-deroulent-ce-lundi-2-decembre-a-lyon_VN-202412020194.html</link>
            <guid>https://www.bfmtv.com/cuisine/les-championnats-du-monde-de-pate-croute-se-deroulent-ce-lundi-2-decembre-a-lyon_VN-202412020194.html</guid>
            <pubDate>Mon, 02 Dec 2024 06:16:42 GMT</pubDate>
            <description><![CDATA[La 15ᵉ édition du championnat du monde de pâté-croûte se déroule le 2 décembre à La Sucrière. Les participants viennent des quatre coins du monde, comme par exemple le chef japonais Seigio Ishimoto. Les pâté-croûte vont être jugés à leur croustillants, à leur gelée, au positionnement des morceaux de viande à l'intérieur du mets. Cette année, deux Lyonnais participeront à ces championnats. <br /><br /><img src="https://images.bfmtv.com/ZUfIL85_hIxInjg7Q6khY29vW70=/0x0:1280x720/800x0/images/Les-championnats-du-monde-de-pate-croute-se-deroulent-ce-lundi-2-decembre-a-Lyon-1988713.jpg" />]]></description>
            <enclosure url="https://images.bfmtv.com/ZUfIL85_hIxInjg7Q6khY29vW70=/0x0:1280x720/800x0/images/Les-championnats-du-monde-de-pate-croute-se-deroulent-ce-lundi-2-decembre-a-Lyon-1988713.jpg" length="0" type="image/jpg"/>
        </item>
        <item>
            <title><![CDATA[Guy Savoy, meilleur chef du monde pour la 8e année consécutive selon La Liste]]></title>
            <link>https://www.bfmtv.com/cuisine/guy-savoy-meilleur-chef-du-monde-pour-la-8e-annee-consecutive-selon-la-liste_AD-202411250848.html</link>
            <guid>https://www.bfmtv.com/cuisine/guy-savoy-meilleur-chef-du-monde-pour-la-8e-annee-consecutive-selon-la-liste_AD-202411250848.html</guid>
            <pubDate>Mon, 25 Nov 2024 17:16:36 GMT</pubDate>
            <description><![CDATA[Le chef français Guy Savoy, est pour la huitième année consécutive le meilleur chef du monde, selon le "classement des classements" gastronomique.<br /><br /><img src="https://images.bfmtv.com/N2b1DGSHC_YNm3jSMGU4HjydXPw=/0x40:768x472/800x0/images/Le-chef-francais-Guy-Savoy-dans-son-restaurant-a-Paris-le-29-novembre-2022-1749427.jpg" />]]></description>
            <enclosure url="https://images.bfmtv.com/N2b1DGSHC_YNm3jSMGU4HjydXPw=/0x40:768x472/800x0/images/Le-chef-francais-Guy-Savoy-dans-son-restaurant-a-Paris-le-29-novembre-2022-1749427.jpg" length="0" type="image/jpg"/>
        </item>
        <item>
            <title><![CDATA[En Dordogne, la saison de la truffe est lancée avec l’ouverture du premier marché]]></title>
            <link>https://www.bfmtv.com/cuisine/en-dordogne-la-saison-de-la-truffe-est-lancee-avec-l-ouverture-du-premier-marche_VN-202411250339.html</link>
            <guid>https://www.bfmtv.com/cuisine/en-dordogne-la-saison-de-la-truffe-est-lancee-avec-l-ouverture-du-premier-marche_VN-202411250339.html</guid>
            <pubDate>Mon, 25 Nov 2024 07:22:29 GMT</pubDate>
            <description><![CDATA[En Dordogne le premier marché au truffes de la saison a ouvert ses portes à Val-de-Louyre-et-Caudeau.<br /><br /><img src="https://images.bfmtv.com/cyL4z2X7yCbUpnG7x544zR3Qxa0=/0x0:1280x720/800x0/images/En-Dordogne-la-saison-de-la-truffe-est-lancee-avec-l-ouverture-du-premier-marche-1983807.jpg" />]]></description>
            <enclosure url="https://images.bfmtv.com/cyL4z2X7yCbUpnG7x544zR3Qxa0=/0x0:1280x720/800x0/images/En-Dordogne-la-saison-de-la-truffe-est-lancee-avec-l-ouverture-du-premier-marche-1983807.jpg" length="0" type="image/jpg"/>
        </item>
        <item>
            <title><![CDATA[Frédéric Anton cuisinier de l'année 2025, selon le guide Gault et Millau]]></title>
            <link>https://www.bfmtv.com/cuisine/frederic-anton-cuisinier-de-l-annee-2025-selon-le-guide-gault-et-millau_AD-202411190260.html</link>
            <guid>https://www.bfmtv.com/cuisine/frederic-anton-cuisinier-de-l-annee-2025-selon-le-guide-gault-et-millau_AD-202411190260.html</guid>
            <pubDate>Tue, 19 Nov 2024 07:34:41 GMT</pubDate>
            <description><![CDATA[Le chef parisien du Pré Catelan et du restaurant Jules Verne à la Tour Eiffel, a été désigné cuisinier de l'année 2025 par le guide Gault et Millau. Il succède à Yoann Conte.<br /><br /><img src="https://images.bfmtv.com/7kRhinDr5Segax8TvN1UmcIRcgU=/0x0:2048x1152/800x0/images/Frederic-Anton-1979692.jpg" />]]></description>
            <enclosure url="https://images.bfmtv.com/7kRhinDr5Segax8TvN1UmcIRcgU=/0x0:2048x1152/800x0/images/Frederic-Anton-1979692.jpg" length="0" type="image/jpg"/>
        </item>
        <item>
            <title><![CDATA[Guide Fooding 2025: le palmarès complet dévoilé, priorité aux petites tables régionales]]></title>
            <link>https://www.bfmtv.com/cuisine/guide-fooding-2025-le-palmares-complet-devoile-priorite-aux-petites-tables-regionales_AD-202411181063.html</link>
            <guid>https://www.bfmtv.com/cuisine/guide-fooding-2025-le-palmares-complet-devoile-priorite-aux-petites-tables-regionales_AD-202411181063.html</guid>
            <pubDate>Mon, 18 Nov 2024 21:31:50 GMT</pubDate>
            <description><![CDATA[Les prix du guide culinaire Fooding 2025 ont été dévoilés ce lundi. Ils sont axés sur les "petites tables "sincères et humaines" en régions.<br /><br /><img src="https://images.bfmtv.com/7_t2WlpDdJ5SfmUhQ8CjcGQnJkA=/0x0:1920x1080/800x0/images/Fooding-2025-1979488.jpg" />]]></description>
            <enclosure url="https://images.bfmtv.com/7_t2WlpDdJ5SfmUhQ8CjcGQnJkA=/0x0:1920x1080/800x0/images/Fooding-2025-1979488.jpg" length="0" type="image/jpg"/>
        </item>
        <item>
            <title><![CDATA[Grand Prix de la pâtisserie: les coulisses de la dégustation avec Pierre Hermé]]></title>
            <link>https://www.bfmtv.com/cuisine/grand-prix-de-la-patisserie-les-coulisses-de-la-degustation-avec-pierre-herme_VN-202411150961.html</link>
            <guid>https://www.bfmtv.com/cuisine/grand-prix-de-la-patisserie-les-coulisses-de-la-degustation-avec-pierre-herme_VN-202411150961.html</guid>
            <pubDate>Fri, 15 Nov 2024 19:57:54 GMT</pubDate>
            <description><![CDATA[La quatrième édition du Grand Prix de la pâtisserie de Paris se déroulait ce vendredi au syndicat des boulangers-pâtissiers du Grand Paris. Pierre Hermé est l'un des organisateurs de ce concours avec la Ville de Paris. C'est le pâtissier Mathieu Leveque qui a été récompensé. <br /><br /><img src="https://images.bfmtv.com/tH3QV3tXtNJWmevn9KzqJgVsWn0=/0x0:1280x720/800x0/images/Grand-Prix-de-la-patisserie-les-coulisses-de-la-degustation-avec-Pierre-Herme-1977689.jpg" />]]></description>
            <enclosure url="https://images.bfmtv.com/tH3QV3tXtNJWmevn9KzqJgVsWn0=/0x0:1280x720/800x0/images/Grand-Prix-de-la-patisserie-les-coulisses-de-la-degustation-avec-Pierre-Herme-1977689.jpg" length="0" type="image/jpg"/>
        </item>
        <item>
            <title><![CDATA[Guy Savoy, premier chef étoilé élu à l'Académie française des beaux-arts]]></title>
            <link>https://www.bfmtv.com/cuisine/guy-savoy-premier-chef-etoile-elu-a-l-academie-francaise-des-beaux-arts_AD-202411140530.html</link>
            <guid>https://www.bfmtv.com/cuisine/guy-savoy-premier-chef-etoile-elu-a-l-academie-francaise-des-beaux-arts_AD-202411140530.html</guid>
            <pubDate>Thu, 14 Nov 2024 11:57:49 GMT</pubDate>
            <description><![CDATA[Guy Savoy a été élu mercredi à l'Académie française des beaux-art, devenant ainsi le premier chef étoilé à intégrer l'institution. <br /><br /><img src="https://images.bfmtv.com/oKuk7lMuJyFotba1twUp9ZyYuis=/0x40:768x472/800x0/images/Le-chef-Guy-Savoy-dans-son-restaurant-dans-le-6e-arrondissement-de-Paris-le-29-novembre-2022-1586473.jpg" />]]></description>
            <enclosure url="https://images.bfmtv.com/oKuk7lMuJyFotba1twUp9ZyYuis=/0x40:768x472/800x0/images/Le-chef-Guy-Savoy-dans-son-restaurant-dans-le-6e-arrondissement-de-Paris-le-29-novembre-2022-1586473.jpg" length="0" type="image/jpg"/>
        </item>
        <item>
            <title><![CDATA[  Un chef étoilé à la tête d'un restaurant routier ]]></title>
            <link>https://www.bfmtv.com/cuisine/un-chef-etoile-a-la-tete-d-un-restaurant-routier_VN-202410220815.html</link>
            <guid>https://www.bfmtv.com/cuisine/un-chef-etoile-a-la-tete-d-un-restaurant-routier_VN-202410220815.html</guid>
            <pubDate>Tue, 22 Oct 2024 17:05:32 GMT</pubDate>
            <description><![CDATA[Dans le Pas-de-Calais un relais routier situé sur la départementale 939 entre Arras et Le Touquet vient de rouvrir. L'ambiance y est chaleureuse et les prix, petits. Tous les codes du routier sont réunis, à ceci près qu'en cuisine, c'est un chef étoilé qui est à l'œuvre.  <br /><br /><img src="https://images.bfmtv.com/afibPwt5RnegeQwiDTXnAdNLIH8=/0x0:1280x720/800x0/images/Un-chef-etoile-a-la-tete-d-un-restaurant-routier-1961630.jpg" />]]></description>
            <enclosure url="https://images.bfmtv.com/afibPwt5RnegeQwiDTXnAdNLIH8=/0x0:1280x720/800x0/images/Un-chef-etoile-a-la-tete-d-un-restaurant-routier-1961630.jpg" length="0" type="image/jpg"/>
        </item>
        <item>
            <title><![CDATA[Faut-il saler sa viande avant la cuisson ou après la cuisson?]]></title>
            <link>https://www.bfmtv.com/cuisine/faut-il-saler-sa-viande-avant-la-cuisson-ou-apres-la-cuisson_VN-202410190126.html</link>
            <guid>https://www.bfmtv.com/cuisine/faut-il-saler-sa-viande-avant-la-cuisson-ou-apres-la-cuisson_VN-202410190126.html</guid>
            <pubDate>Sat, 19 Oct 2024 06:13:33 GMT</pubDate>
            <description><![CDATA[Les conseils de Philippe Toinard pour saler parfaitement sa viande. <br /><br /><img src="https://images.bfmtv.com/d7fDwsWIIsjsBN75qgZKR7w-Syk=/0x0:1280x720/800x0/images/Faut-il-saler-sa-viande-avant-la-cuisson-ou-apres-la-cuisson-1959592.jpg" />]]></description>
            <enclosure url="https://images.bfmtv.com/d7fDwsWIIsjsBN75qgZKR7w-Syk=/0x0:1280x720/800x0/images/Faut-il-saler-sa-viande-avant-la-cuisson-ou-apres-la-cuisson-1959592.jpg" length="0" type="image/jpg"/>
        </item>
    </channel>
</rss>