<?xml version="1.0" encoding="utf-8"?>
<rss version="2.0" xmlns:atom="http://www.w3.org/2005/Atom">
    <channel>
        <title>Home Crypto - actualités</title>
        <link>https://www.bfmtv.com/crypto/</link>
        <description>Retrouvez toutes les actualités liées aux cryptomonnaies : Bitcoin, Ethereum, NFTs, Blockchain, Metavers, crypto actifs, etc.</description>
        <lastBuildDate>Mon, 10 Feb 2025 12:40:15 GMT</lastBuildDate>
        <docs>http://blogs.law.harvard.edu/tech/rss</docs>
        <generator>BFMTV</generator>
        <language>fr</language>
        <image>
            <title>Home Crypto - actualités</title>
            <url>https://www.bfmtv.com/assets/v11/images/BFM_Crypto_default_16x9.37ef49225a2d3ac3916131a9d4485da9.jpg</url>
            <link>https://www.bfmtv.com/crypto/</link>
        </image>
        <copyright>Copyright BFMTV</copyright>
        <category>Home Crypto - actualités</category>
        <atom:link href="https://www.bfmtv.com/crypto/" rel="self" type="application/rss+xml"/>
        <item>
            <title><![CDATA["J'ai payé un lourd tribut": quand les memecoins ruinent les investisseurs crypto]]></title>
            <link>https://www.bfmtv.com/crypto/j-ai-paye-un-lourd-tribut-quand-les-memecoins-ruinent-les-investisseurs-crypto_AD-202502090203.html</link>
            <guid>https://www.bfmtv.com/crypto/j-ai-paye-un-lourd-tribut-quand-les-memecoins-ruinent-les-investisseurs-crypto_AD-202502090203.html</guid>
            <pubDate>Sun, 09 Feb 2025 10:50:54 GMT</pubDate>
            <description><![CDATA[Ballotées entre les promesses pro-cryptos de Donald Trump depuis sa réélection et ses annonces tous azimuts qui ébranlent l'économie mondiale, les devises numériques, notamment les memecoins, connaissent ces derniers mois des variations brutales.<br /><br /><img src="https://images.bfmtv.com/MENVwdT1h-7oKBVeJie_ri9TvGg=/0x106:2048x1258/800x0/images/Cryptomonnaies-2029202.jpg" />]]></description>
            <enclosure url="https://images.bfmtv.com/MENVwdT1h-7oKBVeJie_ri9TvGg=/0x106:2048x1258/800x0/images/Cryptomonnaies-2029202.jpg" length="0" type="image/jpg"/>
        </item>
        <item>
            <title><![CDATA[États-Unis : un cadre pour les stablecoins ]]></title>
            <link>https://www.bfmtv.com/crypto/etats-unis-un-cadre-pour-les-stablecoins_VN-202502070698.html</link>
            <guid>https://www.bfmtv.com/crypto/etats-unis-un-cadre-pour-les-stablecoins_VN-202502070698.html</guid>
            <pubDate>Fri, 07 Feb 2025 16:39:04 GMT</pubDate>
            <description><![CDATA["A priori il y aura une réglementation américaine sur les stablecoin, je pense qu'elle va être relativement pro-business"

Claire Balva, sur le plateau des Pros des Cryptos, présenté par Guillaume Sommerer<br /><br /><img src="https://images.bfmtv.com/KALfshUVbh2DLSQmAmdwB3wR_Yg=/0x0:1280x720/800x0/images/Etats-Unis-un-cadre-pour-les-stablecoins-2029388.jpg" />]]></description>
            <enclosure url="https://images.bfmtv.com/KALfshUVbh2DLSQmAmdwB3wR_Yg=/0x0:1280x720/800x0/images/Etats-Unis-un-cadre-pour-les-stablecoins-2029388.jpg" length="0" type="image/jpg"/>
        </item>
        <item>
            <title><![CDATA[Les stablecoins Euros peuvent-ils rattraper les stablecoins Dollars]]></title>
            <link>https://www.bfmtv.com/crypto/les-stablecoins-euros-peuvent-ils-rattraper-les-stablecoins-dollars_VL-202502070567.html</link>
            <guid>https://www.bfmtv.com/crypto/les-stablecoins-euros-peuvent-ils-rattraper-les-stablecoins-dollars_VL-202502070567.html</guid>
            <pubDate>Fri, 07 Feb 2025 14:01:39 GMT</pubDate>
            <description><![CDATA[Pour en parler, Claire Balva et Thibaut Boutrou sont sur le plateau des Pros des Cryptos, présenté par Guillaume Sommerer<br /><br /><img src="https://images.bfmtv.com/t6TX7vD9EUpSBletz4tcqkINMZM=/0x0:1280x720/800x0/images/Les-stablecoins-Euros-peuvent-ils-rattraper-les-stablecoins-Dollars-2029300.jpg" />]]></description>
            <enclosure url="https://images.bfmtv.com/t6TX7vD9EUpSBletz4tcqkINMZM=/0x0:1280x720/800x0/images/Les-stablecoins-Euros-peuvent-ils-rattraper-les-stablecoins-Dollars-2029300.jpg" length="0" type="image/jpg"/>
        </item>
        <item>
            <title><![CDATA[Comment Ethereum ambitionne de devenir un internet décentralisé ? ]]></title>
            <link>https://www.bfmtv.com/crypto/ethereum/comment-ethereum-ambitionne-de-devenir-un-internet-decentralise_VN-202502060794.html</link>
            <guid>https://www.bfmtv.com/crypto/ethereum/comment-ethereum-ambitionne-de-devenir-un-internet-decentralise_VN-202502060794.html</guid>
            <pubDate>Thu, 06 Feb 2025 17:35:21 GMT</pubDate>
            <description><![CDATA["Ethereum, ce qui le distingue c'est d'avoir des applications décentralisées, d'avoir des smart contract"


Maurgane Rose NLandu sur le plateau de BFM Crypto, présenté par Sandra Gandoin <br /><br /><img src="https://images.bfmtv.com/C4OBEXuO357wQxn9f9AqElkohNA=/0x0:1280x720/800x0/images/Comment-Ethereum-ambitionne-de-devenir-un-internet-decentralise-2028731.jpg" />]]></description>
            <enclosure url="https://images.bfmtv.com/C4OBEXuO357wQxn9f9AqElkohNA=/0x0:1280x720/800x0/images/Comment-Ethereum-ambitionne-de-devenir-un-internet-decentralise-2028731.jpg" length="0" type="image/jpg"/>
        </item>
        <item>
            <title><![CDATA[Investir dans les cryptos, quels sont les obstacles ?]]></title>
            <link>https://www.bfmtv.com/crypto/investir-dans-les-cryptos-quels-sont-les-obstacles_VL-202502060578.html</link>
            <guid>https://www.bfmtv.com/crypto/investir-dans-les-cryptos-quels-sont-les-obstacles_VL-202502060578.html</guid>
            <pubDate>Thu, 06 Feb 2025 14:03:12 GMT</pubDate>
            <description><![CDATA[
Pour en parler Stephane Ifrah et Maurgane Rose NLandu sont sur le plateau de BFM Crypto, présenté par Sandra Gandoin <br /><br /><img src="https://images.bfmtv.com/IVctijz6n1cgabSHS-MGr4OA6eU=/0x0:1280x720/800x0/images/Investir-dans-les-cryptos-quels-sont-les-obstacles-2028570.jpg" />]]></description>
            <enclosure url="https://images.bfmtv.com/IVctijz6n1cgabSHS-MGr4OA6eU=/0x0:1280x720/800x0/images/Investir-dans-les-cryptos-quels-sont-les-obstacles-2028570.jpg" length="0" type="image/jpg"/>
        </item>
        <item>
            <title><![CDATA[L'écosystème Web3 en France]]></title>
            <link>https://www.bfmtv.com/crypto/l-ecosysteme-web3-en-france_VN-202502050662.html</link>
            <guid>https://www.bfmtv.com/crypto/l-ecosysteme-web3-en-france_VN-202502050662.html</guid>
            <pubDate>Wed, 05 Feb 2025 15:55:55 GMT</pubDate>
            <description><![CDATA["Il y a un manque de formation et de talents sur les domaines du web3"


Cyril Armange, sur le plateau de BFM Crypto, présenté par Sandra Gandoin<br /><br /><img src="https://images.bfmtv.com/J0IWOpDGbHv11M5jrubXPHrv7_g=/0x0:1280x720/800x0/images/L-ecosysteme-Web3-en-France-2027920.jpg" />]]></description>
            <enclosure url="https://images.bfmtv.com/J0IWOpDGbHv11M5jrubXPHrv7_g=/0x0:1280x720/800x0/images/L-ecosysteme-Web3-en-France-2027920.jpg" length="0" type="image/jpg"/>
        </item>
        <item>
            <title><![CDATA[Règlementation : l'Europe face aux USA ]]></title>
            <link>https://www.bfmtv.com/crypto/reglementation-l-europe-face-aux-usa_VN-202502050656.html</link>
            <guid>https://www.bfmtv.com/crypto/reglementation-l-europe-face-aux-usa_VN-202502050656.html</guid>
            <pubDate>Wed, 05 Feb 2025 15:51:08 GMT</pubDate>
            <description><![CDATA["Quand Christine Lagarde continue a dire que bitcoin c'est l'argent du crime, on se dit qu'il y a quelque chose qui ne va pas en Europe"


Nathalie Janson, sur le plateau de BFM Crypto, présenté par Sandra Gandoin <br /><br /><img src="https://images.bfmtv.com/ggp6LdwsAB_JCrKkNi06PafxXmg=/0x0:1280x720/800x0/images/Reglementation-l-Europe-face-aux-USA-2027916.jpg" />]]></description>
            <enclosure url="https://images.bfmtv.com/ggp6LdwsAB_JCrKkNi06PafxXmg=/0x0:1280x720/800x0/images/Reglementation-l-Europe-face-aux-USA-2027916.jpg" length="0" type="image/jpg"/>
        </item>
        <item>
            <title><![CDATA[Crypto : vers une prise en main des banques ? ]]></title>
            <link>https://www.bfmtv.com/crypto/crypto-vers-une-prise-en-main-des-banques_VN-202502040796.html</link>
            <guid>https://www.bfmtv.com/crypto/crypto-vers-une-prise-en-main-des-banques_VN-202502040796.html</guid>
            <pubDate>Tue, 04 Feb 2025 17:45:13 GMT</pubDate>
            <description><![CDATA["Il ne peut pas y avoir deux régimes judiciaires. S'il y a eu des choses condamnables chez FTX, Sam Bankman-Fried doit être condamné"


Louis Alexandre de Froissard, sur le plateau de BFM Crypto, présenté par Sandra Gandoin<br /><br /><img src="https://images.bfmtv.com/8QmzmWjro49gK4iKrjBdNk92-Ns=/0x0:1280x720/800x0/images/Crypto-vers-une-prise-en-main-des-banques-2027276.jpg" />]]></description>
            <enclosure url="https://images.bfmtv.com/8QmzmWjro49gK4iKrjBdNk92-Ns=/0x0:1280x720/800x0/images/Crypto-vers-une-prise-en-main-des-banques-2027276.jpg" length="0" type="image/jpg"/>
        </item>
        <item>
            <title><![CDATA[L'Europe va-t-elle dans le bon sens ? ]]></title>
            <link>https://www.bfmtv.com/crypto/l-europe-va-t-elle-dans-le-bon-sens_VL-202502040553.html</link>
            <guid>https://www.bfmtv.com/crypto/l-europe-va-t-elle-dans-le-bon-sens_VL-202502040553.html</guid>
            <pubDate>Tue, 04 Feb 2025 14:03:47 GMT</pubDate>
            <description><![CDATA[Louis Alexandre de Froissard est sur le plateau de BFM Crypto, présenté par Sandra Gandoin <br /><br /><img src="https://images.bfmtv.com/L7f9JTnpEMGaG-hGw2TfyoirEMg=/0x0:1280x720/800x0/images/L-Europe-va-t-elle-dans-le-bon-sens-2027116.jpg" />]]></description>
            <enclosure url="https://images.bfmtv.com/L7f9JTnpEMGaG-hGw2TfyoirEMg=/0x0:1280x720/800x0/images/L-Europe-va-t-elle-dans-le-bon-sens-2027116.jpg" length="0" type="image/jpg"/>
        </item>
        <item>
            <title><![CDATA[ "Bitcoinville" : Berlín, bastion de la crypto au Salvador ]]></title>
            <link>https://www.bfmtv.com/crypto/bitcoin/bitcoinville-berlin-bastion-de-la-crypto-au-salvador_VN-202502040185.html</link>
            <guid>https://www.bfmtv.com/crypto/bitcoin/bitcoinville-berlin-bastion-de-la-crypto-au-salvador_VN-202502040185.html</guid>
            <pubDate>Tue, 04 Feb 2025 07:00:08 GMT</pubDate>
            <description><![CDATA[Alors que le Salvador fait marche arrière sur le bitcoin, la ville de Berlín mise tout sur la cryptomonnaie pour dynamiser son économie et attirer des habitants.

une vidéo d'Alexandra Paget<br /><br /><img src="https://images.bfmtv.com/9FIUECTXWWoq_DnL-tXjRDYWl4A=/0x0:1280x720/800x0/images/Bitcoinville-Berlin-bastion-de-la-crypto-au-Salvador-2026836.jpg" />]]></description>
            <enclosure url="https://images.bfmtv.com/9FIUECTXWWoq_DnL-tXjRDYWl4A=/0x0:1280x720/800x0/images/Bitcoinville-Berlin-bastion-de-la-crypto-au-Salvador-2026836.jpg" length="0" type="image/jpg"/>
        </item>
        <item>
            <title><![CDATA[Trump : les attentes sont-elles trop élevées ? ]]></title>
            <link>https://www.bfmtv.com/crypto/trump-les-attentes-sont-elles-trop-elevees_VN-202502030792.html</link>
            <guid>https://www.bfmtv.com/crypto/trump-les-attentes-sont-elles-trop-elevees_VN-202502030792.html</guid>
            <pubDate>Mon, 03 Feb 2025 17:31:50 GMT</pubDate>
            <description><![CDATA[Lilian Aliaga, sur le plateau de BFM Crypto, présenté par Sandra Gandoin<br /><br /><img src="https://images.bfmtv.com/DiWlZFen_ylASJ28-qrCk0-Z8Go=/0x0:1280x720/800x0/images/Trump-les-attentes-sont-elles-trop-elevees-2026535.jpg" />]]></description>
            <enclosure url="https://images.bfmtv.com/DiWlZFen_ylASJ28-qrCk0-Z8Go=/0x0:1280x720/800x0/images/Trump-les-attentes-sont-elles-trop-elevees-2026535.jpg" length="0" type="image/jpg"/>
        </item>
        <item>
            <title><![CDATA[Budget 2025: cet impôt auquel les détenteurs fortunés de cryptomonnaies échappent]]></title>
            <link>https://www.bfmtv.com/crypto/budget-2025-cet-impot-auquel-les-detenteurs-fortunes-de-cryptomonnaies-echappent_AN-202502030632.html</link>
            <guid>https://www.bfmtv.com/crypto/budget-2025-cet-impot-auquel-les-detenteurs-fortunes-de-cryptomonnaies-echappent_AN-202502030632.html</guid>
            <pubDate>Mon, 03 Feb 2025 15:10:45 GMT</pubDate>
            <description><![CDATA[L’impôt sur la fortune improductive, qui contraignait les détenteurs de cryptomonnaies fortunés à payer une taxe sur leurs plus-values latentes, a été supprimé du projet de loi de finances de 2025.<br /><br /><img src="https://images.bfmtv.com/uayZSoiMThmCaUeLspumO3CQQEo=/96x4:1504x796/800x0/images/Le-marche-des-cryptomonnaies-atteint-2000-milliards-de-dollars-1006205.jpg" />]]></description>
            <enclosure url="https://images.bfmtv.com/uayZSoiMThmCaUeLspumO3CQQEo=/96x4:1504x796/800x0/images/Le-marche-des-cryptomonnaies-atteint-2000-milliards-de-dollars-1006205.jpg" length="0" type="image/jpg"/>
        </item>
        <item>
            <title><![CDATA[Retrouvez sur BFM Crypto avec Sandra Gandoin ]]></title>
            <link>https://www.bfmtv.com/crypto/retrouvez-sur-bfm-crypto-avec-sandra-gandoin_VL-202502030590.html</link>
            <guid>https://www.bfmtv.com/crypto/retrouvez-sur-bfm-crypto-avec-sandra-gandoin_VL-202502030590.html</guid>
            <pubDate>Mon, 03 Feb 2025 14:01:32 GMT</pubDate>
            <description><![CDATA[Retrouvez sur BFM Crypto avec Sandra Gandoin et ses invités <br /><br /><img src="https://images.bfmtv.com/B1d6VmBvd7cV_lATfpTF1BCTelo=/0x0:1280x720/800x0/images/Retrouvez-sur-BFM-Crypto-avec-Sandra-Gandoin-2026386.jpg" />]]></description>
            <enclosure url="https://images.bfmtv.com/B1d6VmBvd7cV_lATfpTF1BCTelo=/0x0:1280x720/800x0/images/Retrouvez-sur-BFM-Crypto-avec-Sandra-Gandoin-2026386.jpg" length="0" type="image/jpg"/>
        </item>
        <item>
            <title><![CDATA[Le gouvernement salvadorien veut poursuivre son pari sur le bitcoin]]></title>
            <link>https://www.bfmtv.com/crypto/bitcoin/le-gouvernement-salvadorien-veut-poursuivre-son-pari-sur-le-bitcoin_AD-202502030404.html</link>
            <guid>https://www.bfmtv.com/crypto/bitcoin/le-gouvernement-salvadorien-veut-poursuivre-son-pari-sur-le-bitcoin_AD-202502030404.html</guid>
            <pubDate>Mon, 03 Feb 2025 10:42:09 GMT</pubDate>
            <description><![CDATA[Malgré la fin du bitcoin comme monnaie légale au Salvador, le gouvernement continuera d'acheter des bitcoins et de détenir des réserves dans cette cryptomonnaie. <br /><br /><img src="https://images.bfmtv.com/6B_oMouRVRN0XFFjty61URgpax0=/0x53:768x485/800x0/images/Un-panneau-vantant-le-bitcoin-sur-une-route-d-El-Zonte-au-Salvador-le-9-juin-2021-1045832.jpg" />]]></description>
            <enclosure url="https://images.bfmtv.com/6B_oMouRVRN0XFFjty61URgpax0=/0x53:768x485/800x0/images/Un-panneau-vantant-le-bitcoin-sur-une-route-d-El-Zonte-au-Salvador-le-9-juin-2021-1045832.jpg" length="0" type="image/jpg"/>
        </item>
        <item>
            <title><![CDATA[Le bitcoin et l'ether chutent, fortement plombés par le spectre d'une guerre commerciale]]></title>
            <link>https://www.bfmtv.com/crypto/bitcoin/le-bitcoin-et-l-ether-chutent-fortement-plombes-par-le-spectre-d-une-guerre-commerciale_AD-202502030296.html</link>
            <guid>https://www.bfmtv.com/crypto/bitcoin/le-bitcoin-et-l-ether-chutent-fortement-plombes-par-le-spectre-d-une-guerre-commerciale_AD-202502030296.html</guid>
            <pubDate>Mon, 03 Feb 2025 08:41:08 GMT</pubDate>
            <description><![CDATA[Ce lundi, le marché des cryptomonnaies a chuté sur les marchés asiatiques face au risque d'emballement d'une guerre commerciale.<br /><br /><img src="https://images.bfmtv.com/uayZSoiMThmCaUeLspumO3CQQEo=/96x4:1504x796/800x0/images/Le-marche-des-cryptomonnaies-atteint-2000-milliards-de-dollars-1006205.jpg" />]]></description>
            <enclosure url="https://images.bfmtv.com/uayZSoiMThmCaUeLspumO3CQQEo=/96x4:1504x796/800x0/images/Le-marche-des-cryptomonnaies-atteint-2000-milliards-de-dollars-1006205.jpg" length="0" type="image/jpg"/>
        </item>
        <item>
            <title><![CDATA[Trump Bouscule le cycle crypto]]></title>
            <link>https://www.bfmtv.com/crypto/bitcoin/trump-bouscule-le-cycle-crypto_VN-202501310833.html</link>
            <guid>https://www.bfmtv.com/crypto/bitcoin/trump-bouscule-le-cycle-crypto_VN-202501310833.html</guid>
            <pubDate>Fri, 31 Jan 2025 17:11:50 GMT</pubDate>
            <description><![CDATA["Je me méfie de propos qui arrivent et qui peuvent être démentis, il suffit d'une mauvaise nouvelle sur bitcoin pour qu'on revienne à un cycle traditionnel"

Stanislas Barthélémi, senior manager crypto chez KPMG, sur le plateau des Pros des Cryptos, présenté par Guillaume Sommerer<br /><br /><img src="https://images.bfmtv.com/OZ59jM4aKne-Y8ThzVp91GV4wrY=/0x0:1280x720/800x0/images/Trump-Bouscule-le-cycle-crypto-2025054.jpg" />]]></description>
            <enclosure url="https://images.bfmtv.com/OZ59jM4aKne-Y8ThzVp91GV4wrY=/0x0:1280x720/800x0/images/Trump-Bouscule-le-cycle-crypto-2025054.jpg" length="0" type="image/jpg"/>
        </item>
        <item>
            <title><![CDATA[Altcoins : il n'y a plus de saisons ]]></title>
            <link>https://www.bfmtv.com/crypto/altcoins-il-n-y-a-plus-de-saisons_VN-202501310821.html</link>
            <guid>https://www.bfmtv.com/crypto/altcoins-il-n-y-a-plus-de-saisons_VN-202501310821.html</guid>
            <pubDate>Fri, 31 Jan 2025 17:04:31 GMT</pubDate>
            <description><![CDATA["Comparé aux débuts de l'industrie, il y a aujourd'hui tellement de projets de cryptomonnaies et de token, ce qui fait que la liquidité ne va pas irriguer toutes les capitalisations"


Owen Simonin sur le plateau des Pros des Cryptos, présenté par Guillaume Sommerer<br /><br /><img src="https://images.bfmtv.com/Fn-8jgY0k1mJFBYZPwt9edwV-fM=/0x0:1280x720/800x0/images/Altcoins-il-n-y-a-plus-de-saisons-2025047.jpg" />]]></description>
            <enclosure url="https://images.bfmtv.com/Fn-8jgY0k1mJFBYZPwt9edwV-fM=/0x0:1280x720/800x0/images/Altcoins-il-n-y-a-plus-de-saisons-2025047.jpg" length="0" type="image/jpg"/>
        </item>
        <item>
            <title><![CDATA[Les parents de Sam Bankman-Fried veulent convaincre Donald Trump de libérer leur fils]]></title>
            <link>https://www.bfmtv.com/crypto/les-parents-de-sam-bankman-fried-veulent-convaincre-donald-trump-de-liberer-leur-fils_AN-202501310738.html</link>
            <guid>https://www.bfmtv.com/crypto/les-parents-de-sam-bankman-fried-veulent-convaincre-donald-trump-de-liberer-leur-fils_AN-202501310738.html</guid>
            <pubDate>Fri, 31 Jan 2025 15:54:12 GMT</pubDate>
            <description><![CDATA[L'ancien patron de FTX purge une peine de 25 ans de prison aux États-Unis pour avoir orchestré l'une des plus grosses fraudes de l'histoire des cryptomonnaies. <br /><br /><img src="https://images.bfmtv.com/J_gNYRl4LLPGL9QiOGUtJKvhvwE=/0x107:2048x1259/800x0/images/Sam-Bankman-Fried-le-8-decembre-2021-a-Washington-1834079.jpg" />]]></description>
            <enclosure url="https://images.bfmtv.com/J_gNYRl4LLPGL9QiOGUtJKvhvwE=/0x107:2048x1259/800x0/images/Sam-Bankman-Fried-le-8-decembre-2021-a-Washington-1834079.jpg" length="0" type="image/jpg"/>
        </item>
        <item>
            <title><![CDATA[Réserves stratégiques de cryptos : Quelle proportion sera consacrée au Bitcoin ?]]></title>
            <link>https://www.bfmtv.com/crypto/reserves-strategiques-de-cryptos-quelle-proportion-sera-consacree-au-bitcoin_VL-202501310654.html</link>
            <guid>https://www.bfmtv.com/crypto/reserves-strategiques-de-cryptos-quelle-proportion-sera-consacree-au-bitcoin_VL-202501310654.html</guid>
            <pubDate>Fri, 31 Jan 2025 14:02:54 GMT</pubDate>
            <description><![CDATA[

Pour en parler Owen Simonin et Stanislas Barthélémi sont sur le plateau des Pros des Cryptos, présenté par Guillaume Sommerer<br /><br /><img src="https://images.bfmtv.com/KP84LJTsKmDx_FSNbEinqyRNVQM=/0x0:1280x720/800x0/images/Reserves-strategiques-de-cryptos-Quelle-proportion-sera-consacree-au-Bitcoin-2025108.jpg" />]]></description>
            <enclosure url="https://images.bfmtv.com/KP84LJTsKmDx_FSNbEinqyRNVQM=/0x0:1280x720/800x0/images/Reserves-strategiques-de-cryptos-Quelle-proportion-sera-consacree-au-Bitcoin-2025108.jpg" length="0" type="image/jpg"/>
        </item>
        <item>
            <title><![CDATA["Tant que les banques gèrent les risques…": Jerome Powell change de ton à l'égard des cryptomonnaies]]></title>
            <link>https://www.bfmtv.com/crypto/tant-que-les-banques-gerent-les-risques-jerome-powell-change-de-ton-a-l-egard-des-cryptomonnaies_AN-202501310420.html</link>
            <guid>https://www.bfmtv.com/crypto/tant-que-les-banques-gerent-les-risques-jerome-powell-change-de-ton-a-l-egard-des-cryptomonnaies_AN-202501310420.html</guid>
            <pubDate>Fri, 31 Jan 2025 09:56:04 GMT</pubDate>
            <description><![CDATA[Le patron de la Réserve fédérale américaine a déclaré que les banques peuvent servir des clients cryptos, conformément au souhait de Donald Trump.<br /><br /><img src="https://images.bfmtv.com/1k7eGricBc3Rh6m-K9R1bbWfCnM=/4x3:1908x1074/800x0/images/Jerome-Powell-FED-1117056.jpg" />]]></description>
            <enclosure url="https://images.bfmtv.com/1k7eGricBc3Rh6m-K9R1bbWfCnM=/4x3:1908x1074/800x0/images/Jerome-Powell-FED-1117056.jpg" length="0" type="image/jpg"/>
        </item>
        <item>
            <title><![CDATA[Christine Lagarde s'oppose à des réserves nationales de bitcoins en Europe]]></title>
            <link>https://www.bfmtv.com/crypto/bitcoin/christine-lagarde-s-oppose-a-des-reserves-nationales-de-bitcoins-en-europe_AV-202501300643.html</link>
            <guid>https://www.bfmtv.com/crypto/bitcoin/christine-lagarde-s-oppose-a-des-reserves-nationales-de-bitcoins-en-europe_AV-202501300643.html</guid>
            <pubDate>Thu, 30 Jan 2025 15:01:26 GMT</pubDate>
            <description><![CDATA[Pour la présidence de la Banque centrale européenne, les banques centrales en Europe n'ont pas d'intérêt à détenir des bitcoins dans leurs réserves.<br /><br /><img src="https://images.bfmtv.com/CzE6YsuYeYdFO6oWulufzLqcK1c=/0x0:1248x702/800x0/images/Christine-Lagarde-le-6-juin-2024-a-la-BCE-Francfort-1878310.jpg" />]]></description>
            <enclosure url="https://images.bfmtv.com/CzE6YsuYeYdFO6oWulufzLqcK1c=/0x0:1248x702/800x0/images/Christine-Lagarde-le-6-juin-2024-a-la-BCE-Francfort-1878310.jpg" length="0" type="image/jpg"/>
        </item>
        <item>
            <title><![CDATA["Ici, on vit avec le bitcoin": la ville de Berlín, au Salvador, résiste à la pression du FMI]]></title>
            <link>https://www.bfmtv.com/crypto/bitcoin/ici-on-vit-avec-le-bitcoin-la-ville-berlin-au-salvador-resiste-a-la-pression-du-fmi_AD-202501300432.html</link>
            <guid>https://www.bfmtv.com/crypto/bitcoin/ici-on-vit-avec-le-bitcoin-la-ville-berlin-au-salvador-resiste-a-la-pression-du-fmi_AD-202501300432.html</guid>
            <pubDate>Thu, 30 Jan 2025 10:45:26 GMT</pubDate>
            <description><![CDATA[Bastion du bitcoin, la ville de 18.000 habitants voit comme une aubaine l'arrivée de Donald Trump au pouvoir.<br /><br /><img src="https://images.bfmtv.com/9TsKQZm9nFi2A5lqKsYe18QnPEQ=/0x0:1280x720/800x0/images/Lancement-d-un-premier-ETF-dedie-au-bitcoin-sur-Euronext-1082561.jpg" />]]></description>
            <enclosure url="https://images.bfmtv.com/9TsKQZm9nFi2A5lqKsYe18QnPEQ=/0x0:1280x720/800x0/images/Lancement-d-un-premier-ETF-dedie-au-bitcoin-sur-Euronext-1082561.jpg" length="0" type="image/jpg"/>
        </item>
        <item>
            <title><![CDATA[Voici tout ce qui change au Salvador avec la fin du bitcoin comme monnaie légale]]></title>
            <link>https://www.bfmtv.com/crypto/bitcoin/voici-tout-ce-qui-change-au-salvador-avec-la-fin-du-bitcoin-comme-monnaie-legale_AD-202501300379.html</link>
            <guid>https://www.bfmtv.com/crypto/bitcoin/voici-tout-ce-qui-change-au-salvador-avec-la-fin-du-bitcoin-comme-monnaie-legale_AD-202501300379.html</guid>
            <pubDate>Thu, 30 Jan 2025 09:40:21 GMT</pubDate>
            <description><![CDATA[Ce mercredi, le Salvador a mis fin à l'obligation d'accepter le bitcoin comme moyen de paiement, dans le cadre d'un accord passé avec le FMI pour réduire ses finances publiques.<br /><br /><img src="https://images.bfmtv.com/FnWre44WxYB5rpZ4rkSiJhkYRuM=/0x64:768x496/800x0/images/Un-jeuen-homme-fait-ses-courses-dans-un-magasin-qui-accpete-le-bitcoin-a-El-Zonte-au-Salvador-le-9-juin-2021-1045830.jpg" />]]></description>
            <enclosure url="https://images.bfmtv.com/FnWre44WxYB5rpZ4rkSiJhkYRuM=/0x64:768x496/800x0/images/Un-jeuen-homme-fait-ses-courses-dans-un-magasin-qui-accpete-le-bitcoin-a-El-Zonte-au-Salvador-le-9-juin-2021-1045830.jpg" length="0" type="image/jpg"/>
        </item>
        <item>
            <title><![CDATA[Un mois avant les élections fédérales allemandes, le bitcoin devient un enjeu stratégique]]></title>
            <link>https://www.bfmtv.com/crypto/bitcoin/un-mois-avant-les-elections-federales-allemandes-le-bitcoin-devient-un-enjeu-strategique_AN-202501300080.html</link>
            <guid>https://www.bfmtv.com/crypto/bitcoin/un-mois-avant-les-elections-federales-allemandes-le-bitcoin-devient-un-enjeu-strategique_AN-202501300080.html</guid>
            <pubDate>Thu, 30 Jan 2025 05:19:53 GMT</pubDate>
            <description><![CDATA[En campagne électorale, l'ex-ministre allemand des Finances Christian Linder a appelé à la création d'une réserve nationale de bitcoins en Allemagne.<br /><br /><img src="https://images.bfmtv.com/2nPtCCmcwWjp-CW-2O3KbCaPW50=/0x106:2048x1258/800x0/images/Christian-Lindner-1892980.jpg" />]]></description>
            <enclosure url="https://images.bfmtv.com/2nPtCCmcwWjp-CW-2O3KbCaPW50=/0x106:2048x1258/800x0/images/Christian-Lindner-1892980.jpg" length="0" type="image/jpg"/>
        </item>
        <item>
            <title><![CDATA[Le directeur de campagne de Trump et une ex-sénatrice rejoignent la bourse crypto Coinbase]]></title>
            <link>https://www.bfmtv.com/crypto/le-directeur-de-campagne-de-trump-et-une-ex-senatrice-rejoignent-la-bourse-crypto-coinbase_AN-202501290709.html</link>
            <guid>https://www.bfmtv.com/crypto/le-directeur-de-campagne-de-trump-et-une-ex-senatrice-rejoignent-la-bourse-crypto-coinbase_AN-202501290709.html</guid>
            <pubDate>Wed, 29 Jan 2025 16:26:10 GMT</pubDate>
            <description><![CDATA[Coinbase, qui a accueilli l'arrivée de Donald Trump de manière favorable pour l'industrie crypto, fait rentrer des proches de Donald Trump dans son conseil consultatif.<br /><br /><img src="https://images.bfmtv.com/kFm76zQUrYDm4s5wsHxrLT7fvZs=/0x106:2048x1258/800x0/images/Donald-Trump-lors-de-la-troisieme-journee-de-la-conference-Bitcoin-2024-au-Music-City-Center-le-27-juillet-2024-a-Nashville-dans-le-Tennessee-1911022.jpg" />]]></description>
            <enclosure url="https://images.bfmtv.com/kFm76zQUrYDm4s5wsHxrLT7fvZs=/0x106:2048x1258/800x0/images/Donald-Trump-lors-de-la-troisieme-journee-de-la-conference-Bitcoin-2024-au-Music-City-Center-le-27-juillet-2024-a-Nashville-dans-le-Tennessee-1911022.jpg" length="0" type="image/jpg"/>
        </item>
        <item>
            <title><![CDATA[Bien transmettre son portefeuille crypto]]></title>
            <link>https://www.bfmtv.com/crypto/bien-transmettre-son-portefeuille-crypto_VN-202501290653.html</link>
            <guid>https://www.bfmtv.com/crypto/bien-transmettre-son-portefeuille-crypto_VN-202501290653.html</guid>
            <pubDate>Wed, 29 Jan 2025 15:31:37 GMT</pubDate>
            <description><![CDATA[justine destobbeleire, directrice general asset chez SIA, sur le plateau de BFM Crypto, présenté par Sandra Gandoin<br /><br /><img src="https://images.bfmtv.com/DlEr78vKScQvDTovzhmyfRG0mmM=/0x0:1280x720/800x0/images/Bien-transmettre-son-portefeuille-crypto-2023427.jpg" />]]></description>
            <enclosure url="https://images.bfmtv.com/DlEr78vKScQvDTovzhmyfRG0mmM=/0x0:1280x720/800x0/images/Bien-transmettre-son-portefeuille-crypto-2023427.jpg" length="0" type="image/jpg"/>
        </item>
        <item>
            <title><![CDATA[Bitpanda, OKX et crypto. com conformes à Mica]]></title>
            <link>https://www.bfmtv.com/crypto/bitpanda-okx-et-crypto-com-conformes-a-mica_VN-202501290652.html</link>
            <guid>https://www.bfmtv.com/crypto/bitpanda-okx-et-crypto-com-conformes-a-mica_VN-202501290652.html</guid>
            <pubDate>Wed, 29 Jan 2025 15:27:29 GMT</pubDate>
            <description><![CDATA["Depuis le 30 décembre, il faut une certification de prestataire de service sur cryptoactif pour exercer sur le sol européen."


Maxime Heuzé, sur le plateau de BFM Crypto, présenté Sandra Gandoin<br /><br /><img src="https://images.bfmtv.com/V2bORnuo7n6ON1qIvPzCwcUVjQs=/0x0:1280x720/800x0/images/Bitpanda-OKX-et-crypto-com-conformes-a-Mica-2023425.jpg" />]]></description>
            <enclosure url="https://images.bfmtv.com/V2bORnuo7n6ON1qIvPzCwcUVjQs=/0x0:1280x720/800x0/images/Bitpanda-OKX-et-crypto-com-conformes-a-Mica-2023425.jpg" length="0" type="image/jpg"/>
        </item>
        <item>
            <title><![CDATA[Les bonnes résolutions crypto par Meria ]]></title>
            <link>https://www.bfmtv.com/crypto/les-bonnes-resolutions-crypto-par-meria_VN-202501290638.html</link>
            <guid>https://www.bfmtv.com/crypto/les-bonnes-resolutions-crypto-par-meria_VN-202501290638.html</guid>
            <pubDate>Wed, 29 Jan 2025 15:14:43 GMT</pubDate>
            <description><![CDATA["Meria depuis 2017, on essaie d'avoir une approche pédagogique et éducative vis-à-vis du secteur crypto. Ce guide de résolutions est à destination des néophytes mais pas seulement"


Louis Laszlo, directeur technique & produit chez Meria, sur le plateau de BFM Crypto, présenté par Sandra Gandoin<br /><br /><img src="https://images.bfmtv.com/kXF_o2GuybvHBcvAlVH4_2g8GXk=/0x0:1280x720/800x0/images/Les-bonnes-resolutions-crypto-par-Meria-2023415.jpg" />]]></description>
            <enclosure url="https://images.bfmtv.com/kXF_o2GuybvHBcvAlVH4_2g8GXk=/0x0:1280x720/800x0/images/Les-bonnes-resolutions-crypto-par-Meria-2023415.jpg" length="0" type="image/jpg"/>
        </item>
        <item>
            <title><![CDATA[De Reconquête à l'AfD, l'extrême droite surfe sur la liberté financière du bitcoin]]></title>
            <link>https://www.bfmtv.com/crypto/bitcoin/de-reconquete-a-l-af-d-l-extreme-droite-surfe-sur-la-liberte-financiere-du-bitcoin_AN-202501290495.html</link>
            <guid>https://www.bfmtv.com/crypto/bitcoin/de-reconquete-a-l-af-d-l-extreme-droite-surfe-sur-la-liberte-financiere-du-bitcoin_AN-202501290495.html</guid>
            <pubDate>Wed, 29 Jan 2025 11:38:56 GMT</pubDate>
            <description><![CDATA[Depuis l'élection de Donald Trump, des députés européens souverainistes affichent  leur soutien au bitcoin. Le dernier en date: René Aust du parti d'extrême droite allemand AfD.<br /><br /><img src="https://images.bfmtv.com/P_IPaVh5YyvmoN6ZUeGTsJL7gvw=/0x106:2048x1258/800x0/images/Les-eurodeputes-nouvellement-elus-arrivent-au-Parlement-europeen-a-Strasbourg-le-16-juillet-2024-1904420.jpg" />]]></description>
            <enclosure url="https://images.bfmtv.com/P_IPaVh5YyvmoN6ZUeGTsJL7gvw=/0x106:2048x1258/800x0/images/Les-eurodeputes-nouvellement-elus-arrivent-au-Parlement-europeen-a-Strasbourg-le-16-juillet-2024-1904420.jpg" length="0" type="image/jpg"/>
        </item>
        <item>
            <title><![CDATA["De longues heures que je n'oublierai jamais": Eric Larchevêque revient sur l'enlèvement de son associé de Ledger]]></title>
            <link>https://www.bfmtv.com/crypto/de-longues-heures-que-je-n-oublierai-jamais-eric-larcheveque-revient-sur-l-enlevement-de-son-associe-de-ledger_AV-202501290399.html</link>
            <guid>https://www.bfmtv.com/crypto/de-longues-heures-que-je-n-oublierai-jamais-eric-larcheveque-revient-sur-l-enlevement-de-son-associe-de-ledger_AV-202501290399.html</guid>
            <pubDate>Wed, 29 Jan 2025 10:02:57 GMT</pubDate>
            <description><![CDATA[Invité de RTL ce matin, Eric Larchevêque, co-fondateur de Ledger, est revenu sur la prise d’otage de son associé David Balland et de la compagne de celui-ci, qui a eu lieu entre les 21 et 24 janvier. C'est lui qui a donné l'alerte.<br /><br /><img src="https://images.bfmtv.com/_4MjTnA2IHt6KjIadqYVfXIKCxk=/2x6:786x447/800x0/images/Eric-Larcheveque-de-pro-de-poker-a-serial-entrepreneur-1595846.jpg" />]]></description>
            <enclosure url="https://images.bfmtv.com/_4MjTnA2IHt6KjIadqYVfXIKCxk=/2x6:786x447/800x0/images/Eric-Larcheveque-de-pro-de-poker-a-serial-entrepreneur-1595846.jpg" length="0" type="image/jpg"/>
        </item>
    </channel>
</rss>