<!DOCTYPE html><html lang="fr" prefix="og: http://ogp.me/ns#"><head><meta charset="UTF-8"><title>Actualités en continu et info en direct et replay - BFMTV</title><link rel="icon" href="/favicon.ico"><link rel="icon" type="image/png" href="/favicon.png"><link rel="icon" type="image/png" sizes="192x192" href="/android-icon-192x192.png"><link rel="apple-touch-icon-precomposed" sizes="76x76" href="/apple-icon-76x76.png"><link rel="apple-touch-icon-precomposed" sizes="120x120" href="/apple-icon-120x120.png"><link rel="apple-touch-icon-precomposed" sizes="152x152" href="/apple-icon-152x152.png"><link rel="apple-touch-icon-precomposed" sizes="180x180" href="/apple-icon-180x180.png"><link rel="apple-touch-icon-precomposed" sizes="228x228" href="/apple-icon-228x228.png"><meta name="description" content="BFMTV - 1ère sur l&#39;info. Retrouvez toute l&#39;actualité en direct, en photo et en vidéo sur l&#39;info politique, sociale, économique, sportive et internationale."><link rel="canonical" href="https://www.bfmtv.com/rss/"><meta name="robots" content="index, follow, noarchive, max-snippet:-1, max-image-preview:large, max-video-preview:10"><meta name="viewport" content="width=device-width,initial-scale=1"><link rel="stylesheet" href="/assets/v11/css/global.0d6d846e67d093b09245.css"><link rel="stylesheet" href="/assets/v11/css/smartadserver.46fde1b8c71a46ead3e8.css"><link rel="stylesheet" href="/assets/v11/css/double_col.fc8a1e8cf76f65bdad8c.css"><script>window.didomiNextConsent=function(vendorId,callback){window.didomiOnReady=window.didomiOnReady||[];window.didomiOnReady.push((function(Didomi){if(typeof Didomi!==undefined){__tcfapi("addEventListener",2,(tcData,success)=>{if(tcData&&(tcData.eventStatus==="tcloaded"||tcData.eventStatus==="useractioncomplete")){callback()}},[vendorId])}}))};</script><script>(function(h,o,u,n,d){h=h[d]=h[d]||{q:[],onReady:function(c){h.q.push(c)}};d=o.createElement(u);d.async=1;d.src=n;n=o.getElementsByTagName(u)[0];n.parentNode.insertBefore(d,n)})(window,document,"script","https://www.datadoghq-browser-agent.com/us1/v5/datadog-rum.js","DD_RUM");window.DD_RUM.onReady((function(){window.DD_RUM.init({clientToken:"pub20ccf26843dc6a436d492382a1474bf4",applicationId:"5244f97d-1e7e-4b37-bbb8-6ae9ce3ce190",site:"datadoghq.com",service:"cleo-site",env:"production-cleo-bfmtv",sessionSampleRate:1,sessionReplaySampleRate:10,trackUserInteractions:true,trackResources:true,trackLongTasks:true,defaultPrivacyLevel:"mask-user-input"})}));</script><script type="application/javascript" src="/assets/v11/js/global_top.0f75a716e5135b1856ef.js"></script><script>window.nextScriptsToExecute=[]</script><script type="text/javascript">var tc_vars={env_work:"prod",site_name:"bfmtv_portail_responsive",version_responsive:window.deviceName,verticale:"bfmtv",marque:"bfmtv",cookie_consent:"0",amp:"0",chapitre1:"rss",nbr_paragraphes:0,nbr_posts:0,nombre_mots:0,level2:"BFM Actu",embeded_element:0,pagename:"rss",type_page:"annexe",type_contenu:"",URL_complet:"https://www.bfmtv.com/rss/",application:"bfm_actu",marque_web:"bfm_actu"};</script><script type="text/javascript" src="/assets/v11/js/tc_NextInteractive_33.134ac5f969d72178f8c89e1106d349b1.js"></script><meta property="og:site_name" content="BFMTV"><meta property="og:locale" content="fr_FR"><meta property="fb:app_id" content="1763937827231648"><meta property="fb:pages" content="114880941889932"><meta property="fb:pages" content="443782185986987"><meta property="fb:pages" content="384738301607338"><meta property="fb:pages" content="263983707533681"><meta property="fb:pages" content="111611498853031"><meta property="fb:pages" content="1097986846959406"><meta property="fb:pages" content="874043412667840"><meta property="fb:pages" content="886247048130648"><meta property="fb:pages" content="43896752783"><meta property="fb:pages" content="298338800285256"><meta property="fb:pages" content="141447529235003"><meta property="fb:pages" content="539674919756797"><meta property="fb:pages" content="8384653093"><meta property="fb:pages" content="209759635733736"><meta property="fb:pages" content="149720398400279"><meta property="fb:pages" content="366964557189705"><meta property="fb:pages" content="296734273808293"><meta property="fb:pages" content="1460664010617764"><meta property="fb:pages" content="101328520006729"><meta property="fb:pages" content="136162090180795"><meta property="fb:pages" content="70966532326"><meta property="fb:pages" content="494811200728309"><meta property="fb:pages" content="112685096883287"><meta property="fb:pages" content="462018900512409"><meta property="fb:pages" content="125223790865023"><meta property="fb:pages" content="1573347402976353"><meta property="fb:pages" content="455263041345446"><meta property="fb:pages" content="238464408651"><meta property="fb:pages" content="206476639374883"><meta property="fb:pages" content="105613852147466"><meta property="fb:pages" content="105239862441523"><meta property="og:url" content="https://www.bfmtv.com/rss/"><meta property="og:type" content="website"><meta property="og:title" content="Actualités en continu et info en direct et replay - BFMTV"><meta property="og:description" content="BFMTV - 1ère sur l&#39;info. Retrouvez toute l&#39;actualité en direct, en photo et en vidéo sur l&#39;info politique, sociale, économique, sportive et internationale."><meta property="og:image" content="https://www.bfmtv.com/assets/v11/images/BFMTV_cover.0e59683edc272142050866a07606bbba.jpg"><meta property="og:image:type" content="image/jpeg"><meta property="og:image:height" content="628"><meta property="og:image:width" content="1200"><meta name="twitter:card" content="summary_large_image"><meta name="twitter:site" content="@BFMTV"><meta name="twitter:creator" content="@BFMTV"><meta name="apple-itunes-app" content="app-id=325658560"><meta name="google-play-app" content="app-id=com.nextradiotv.bfmtvandroid"><noscript><link rel="stylesheet" href="/assets/v11/css/no_script.946be4948d357521d1fb.css"></noscript></head><body class="bfmtv"><header class="main_header" id="main_header"><div class="header_top" id="header_top"><button class="header_menu" id="header_menu_show">Menu</button> <a href="/" title="BFMTV" class="header_brand"><img src="/assets/v11/images/BFMTV-header.030eba2d277d5b5fc0df00daebd9ff70.svg" alt="BFMTV" title="BFMTV"></a><div class="header_direct"><a class="header_replay" href="https://www.rmcbfmplay.com/chaine/bfm-tv?subMenuId=RefMenuItem::rmcgo_home_bfmtv" title="Replay" target="_blank">Replay</a> <a class="direct_radio" href="/en-direct/bfm-radio/" title="Direct Radio" onclick="return tc_events_31(this,'click-navigation',{'clicktype':'click.navigation','clickchapter1':'header', 'clickchapter2':'CTA-direct', 'clickname':'radio_bfmtv'});"><div class="direct_radio_bouton"><img width="21" height="20" src="/assets/v11/images/radio.dee6a7c951465a8cbb208e64f4c09ff6.svg" alt="Direct Radio"></div>Radio </a><a class="direct_tv" href="/en-direct/" title="Direct tv" onclick="return tc_events_31(this,'click-navigation',{'clicktype':'click.navigation', 'clickchapter1':'header', 'clickchapter2':'CTA-direct', 'clickname':'direct-tv_bfmtv'});"><div class="direct_tv_bouton"><img width="16" height="14" src="/assets/v11/images/direct_tv.a04f54365fdb12eef5ce900c03db08d4.svg" alt="Direct tv"></div><span class="span_tv">Direct</span></a></div></div><nav role="primary" class="nav_primary"><ul><li><a href="/videos/" title="Vidéos">Vidéos</a></li><li><a href="/politique/" title="Politique">Politique</a></li><li><a href="/police-justice/" title="Police-Justice">Police-Justice</a></li><li><a href="/international/" title="International">International</a></li><li><a href="/societe/" title="Société">Société</a></li><li><a href="/economie/" title="Économie">Économie</a></li><li><a href="/tech/" title="Tech">Tech</a></li><li><a href="/auto/" title="Auto">Auto</a></li><li><a href="https://rmcsport.bfmtv.com" title="Sport">Sport</a></li><li><a href="/sante/" title="Santé">Santé</a></li><li><a href="/people/" title="People">People</a></li><li><a href="/regions/" title="Régions">Régions</a></li><li><a href="https://meteo.bfmtv.com/" title="Météo">Météo</a></li><li><a href="/newsletters/" title="Newsletters"><span>Newsletters</span></a></li><li class="nav_service"><a href="/code-promo/" title="Code promo"><span>Code promo</span></a></li></ul></nav><div class="main_menu_nav" id="main_menu_nav"><div class="menu_nav"><div class="menu_right"><div class="menu_center_left"><div class="menu_center_left_radio"><a href="/en-direct/" title="Regarder BFMTV" onclick="return tc_events_31(this,'click-navigation',{'clicktype':'click.navigation','clickchapter1':'menu-burger', 'clickchapter2':'CTA-direct', 'clickname':'direct-tv_bfmtv'});"><div class="menu_center_left_radio_img"><img width="32" height="26" src="/assets/v11/images/BFMTV.848c19e09c92f3ced2163a1a0399be11.svg" alt="Regarder BFMTV"></div><span>Regarder BFMTV</span><div class="menu_center_left_radio_picto"><svg width="10" height="11" fill="#FF2A00"><use xlink:href="/assets/v11/images/play.a1d51b9aa213d4bf8f86450c6ce71797.svg#play"></use></svg></div></a><a class="menu_center_left_radio_bfm2" href="/en-direct/bfm2/" title="Regarder BFM2" onclick="return tc_events_31(this,'click-navigation',{'clicktype':'click.navigation','clickchapter1':'menu-burger', 'clickchapter2':'CTA-direct', 'clickname':'direct-tv_bfm2'});"><div class="menu_center_left_radio_img"><img width="32" height="26" src="/assets/v11/images/bfm2_direct_logo.bfd86ff55d6f8abea0d6bf696cc89388.svg" alt="Regarder BFM2"></div><span>Regarder BFM2</span><div class="menu_center_left_radio_picto"><svg width="10" height="11" fill="#000069"><use xlink:href="/assets/v11/images/play.a1d51b9aa213d4bf8f86450c6ce71797.svg#play"></use></svg></div></a><span class="live_wrapper_infos" data-hls-source="https://hls-bfmradio.nextradiotv.com/ssai/master.m3u8" data-epg-chaine="bfm-radio" data-direct-title="LE DIRECT BFM RADIO" data-channel-name="BFMRadio" title="Écouter BFM Radio"><div class="menu_center_left_radio_img"><img width="32" height="20" src="/assets/v11/images/BFM-Radio.2afb246578899c5f8d87d1f216c22953.svg" alt="Écouter BFM Radio"></div><span>Écouter BFM Radio</span><div class="menu_center_left_radio_picto"><svg width="10" height="11" fill="#051EFF"><use xlink:href="/assets/v11/images/play.a1d51b9aa213d4bf8f86450c6ce71797.svg#play"></use></svg></div></span><a href="https://www.rmcbfmplay.com/chaine/bfm-tv?subMenuId=RefMenuItem::rmcgo_home_bfmtv" title="Replay BFMTV" target="_blank"><div class="menu_center_left_radio_img"><img width="40" height="17" src="/assets/v11/images/RMC-BFM-Play-radio.62cafa0ab4419da4ac6039b204f52a3e.svg" alt="Replay BFMTV"></div><span>Replay BFMTV</span><div class="menu_center_left_radio_picto"><svg width="17" height="17" fill="#FFFF"><use xlink:href="/assets/v11/images/exit.52706d6bd3ab09a810a87e5603ba51b9.svg#exit"></use></svg></div></a></div><div class="menu_center__title"><span>Parcourir</span></div><ul id="menu_category_links_left"><li><a href="/videos/" title="Vidéos"><span>Vidéos</span></a></li><li><a href="/replay-emissions/" title="Émissions"><span>Émissions</span></a></li><li><a href="/podcasts/" title="Podcasts"><span>Podcasts</span></a></li><li><a href="/longs-formats/" title="Longs Formats"><span>Longs Formats</span></a></li><li><a href="/newsletters/" title="Newsletters"><span>Newsletters</span></a></li><li><a href="https://meteo.bfmtv.com/" title="Météo"><span>Météo</span></a></li><li><a href="/info-trafic/" title="Trafic"><span>Trafic</span></a></li><li><a href="/meteo-de-l-energie/" title="Météo de l'Energie"><span>Météo de l'Energie</span></a></li><li><a href="/vrai-faux/" title="Vrai/Faux"><span>Vrai/Faux</span></a></li><li><a href="/canaux-tv/" title="Canaux TV"><span>Canaux TV</span></a></li><li><div class="menu_label_header"><div class="menu_label">Services</div><span class="show_menu">Voir plus</span></div><ul class="sub_menu_list"><li><a href="/evenements/jeux-concours/" title="Jeux concours"><span>Jeux concours</span></a></li><li><a href="/programme-tv/" title="Grille TV"><span>Grille TV</span></a></li><li><a href="/bfmtv-et-vous/" title="BFMTV et vous"><span>BFMTV et vous</span></a></li><li><a href="/temoins/" title="Témoins BFMTV"><span>Témoins BFMTV</span></a></li><li><a href="/bfmtv-et-vous/making-of/l-info-en-vrai/" title="L'info en vrai"><span>L'info en vrai</span></a></li><li><a href="/pratique/" title="BFM Pratique"><span>BFM Pratique</span></a></li><li><a href="/comparateur/" title="Comparateur"><span>Comparateur</span></a></li><li><a href="/code-promo/" title="Code promo"><span>Code promo</span></a></li><li><a href="https://www.rmcbfm-ads.com/nos-marques/bfmtv.html" title="Devenir Annonceur" target="_blank"><span>Devenir Annonceur</span></a></li><li><a href="https://annonces-legales.bfmtv.com" title="Annonces légales"><span>Annonces légales</span></a></li></ul></li></ul><div class="menu_pastille"><div class="menu_pastille__title">BFM Locales</div><div class="menu_pastille__slider" id="menu_pastille__slider"><button class="menu_list__button_prev slider_prev carousel_arrow">Précédent</button><div class="slider_wrapper"><ul class="slider_container"><li class="pastille_item"><a href="/paris/" title="BFM Paris IDF"><img src="/assets/v11/images/Pastille_nav_Paris.5cb57106255258ffcae7a9b4fa5a7bde.svg" alt="BFM Paris IDF"></a></li><li class="pastille_item"><a href="/marseille/" title="BFM Marseille"><img src="/assets/v11/images/Pastille_nav_Marseille.882f303ff8e9c0df415130718e091330.svg" alt="BFM Marseille"></a></li><li class="pastille_item"><a href="/lyon/" title="BFM Lyon"><img src="/assets/v11/images/Pastille_nav_Lyon.2476b5ad68ee714438b8a95ba338ddbc.svg" alt="BFM Lyon"></a></li><li class="pastille_item"><a href="/grand-lille/" title="BFM Lille"><img src="/assets/v11/images/Pastille_nav_GrandLille.5dac2f26867e0d82f3c807884129346d.svg" alt="BFM Lille"></a></li><li class="pastille_item"><a href="/grand-littoral/" title="BFM Littoral"><img src="/assets/v11/images/Pastille_nav_GrandLittoral.8355537be320498dba3d6393a0170aea.svg" alt="BFM Littoral"></a></li><li class="pastille_item"><a href="/bfm-dici/" title="BFM DICI"><img src="/assets/v11/images/Pastille_nav_DICI.0644006a2d062f87b14ceb3b1573db28.svg" alt="BFM DICI"></a></li><li class="pastille_item"><a href="/var/" title="BFM Var"><img src="/assets/v11/images/Pastille_nav_Var.af14c97f74da293c3bd75517f9a8b9df.svg" alt="BFM Var"></a></li><li class="pastille_item"><a href="/cote-d-azur/" title="BFM Côte d'Azur"><img src="/assets/v11/images/Pastille_nav_Nice.fcc3226c1bb765efec7a5a5a0a2f2585.svg" alt="BFM Côte d'Azur"></a></li><li class="pastille_item"><a href="/alsace/" title="BFM Alsace"><img src="/assets/v11/images/Pastille_nav_Alsace.dad6587c856a70051ed7dc16d2912b23.svg" alt="BFM Alsace"></a></li><li class="pastille_item"><a href="/normandie/" title="BFM Normandie"><img src="/assets/v11/images/Pastille_nav_Normandie.421698e846327ea2b09fb1a8992761fa.svg" alt="BFM Normandie"></a></li></ul></div><button class="menu_list__button_next slider_next carousel_arrow">Suivant</button></div></div><div class="menu_center__title"><span>Rubriques</span></div><ul><li><a href="/news-24-7/" title="News 24/7"><span>News 24/7</span></a></li><li><a href="/politique/" title="Politique"><span>Politique</span></a></li><li><a href="/police-justice/" title=" Police-justice "><span>Police-justice</span></a></li><li><a href="/international/" title="International"><span>International</span></a></li><li><a href="/societe/" title="Société"><span>Société</span></a></li><li><a href="/economie/" title="Économie"><span>Économie</span></a></li><li><a href="/crypto/" title="Crypto"><span>Crypto</span></a></li><li><a href="/tech/" title="Tech & Co"><span>Tech & Co</span></a></li><li><a href="/auto/" title="Auto"><span>Auto</span></a></li><li><a href="/sante/" title="Santé"><span>Santé</span></a></li><li><a href="https://rmcsport.bfmtv.com/jeux-olympiques/" title="Paris 2024"><span>Paris 2024</span></a></li><li><a href="https://rmcsport.bfmtv.com" title="Sport"><span>Sport</span></a></li><li><a href="/environnement/" title="Environnement"><span>Environnement</span></a></li><li><a href="/people/" title="People"><span>People</span></a></li><li><a href="/culture/" title="Culture"><span>Culture</span></a></li><li><a href="/sciences/" title="Sciences "><span>Sciences</span></a></li><li><a href="/voyage/" title="Voyages"><span>Voyages</span></a></li><li><a href="/cuisine/" title="Food"><span>Food</span></a></li><li><a href="/animaux/" title="Animaux"><span>Animaux</span></a></li><li><a href="/loto/" title="Loto"><span>Loto</span></a></li></ul><div class="menu_center__title">Suivez-nous sur</div><div class="menu_share_social" id="menu_share_social"><a href="https://www.facebook.com/BFMTV" target="_blank" class="facebook" title="Facebook"><i class="icon_facebook"></i> </a><a href="https://x.com/bfmtv" target="_blank" class="twitter" title="X"></a> <a href="https://www.instagram.com/bfmtv/?hl=fr" target="_blank" class="instagram" title="Instagram"><img src="/assets/v11/images/instagram.6a7fd7797c667fbd899cd2a960baf714.svg" alt="Instagram"> </a><a href="https://www.youtube.com/c/Bfmtv-actu/videos" target="_blank" class="youtube" title="Youtube"><i class="icon_youtube"></i> </a><a href="https://fr.linkedin.com/company/bfmtv/" target="_blank" class="linkedin" title="Linkedin"><i class="icon_linkedin"></i> </a><a href="/newsletters/" class="newsletters" title="Newsletters"><img src="/assets/v11/images/newsletter.3977615e993db64e69a0a169632178b9.svg" alt="Newsletters"> </a><a href="https://app.adjust.com/2dnslix" target="_blank" class="apple" title="IOS"><img src="/assets/v11/images/apple.e139f47f38d27653ceffcdd25f755d51.svg" alt="IOS"> </a><a href="https://app.adjust.com/dsokfy1" target="_blank" class="android" title="Android"><img src="/assets/v11/images/android.1f1231e1f7b43ca8c61115c3a81a4529.svg" alt="Android"></a></div></div></div></div><div class="menu_bottom"><div class="menu_bottom__title">Les sites du groupe</div><div class="menu_bottom__slider" id="menu_bottom__slider"><button class="menu_list__button_prev slider_prev carousel_arrow">Précédent</button><div class="slider_wrapper"><ul class="slider_container"><li class="content_item"><a onclick="window.open('https://www.bfmtv.com/economie/','_self')" title="BFM Business"><svg class="sprite_menu"><use xlink:href="/assets/v11/svg/menu_sprite.7a0e1e7a7a95877e8836a5134cdd2c27.svg#BFM-Business-menu"></use></svg> <span>BFM Business</span></a></li><li class="content_item"><a onclick="window.open('https://www.bfmtv.com/regions/','_self')" title="BFM Locales"><svg class="sprite_menu"><use xlink:href="/assets/v11/svg/menu_sprite.7a0e1e7a7a95877e8836a5134cdd2c27.svg#BFM-locales-menu"></use></svg> <span>BFM Locales</span></a></li><li class="content_item"><a onclick="window.open('https://www.tradingsat.com/')" title="BFM Bourse"><svg class="sprite_menu"><use xlink:href="/assets/v11/svg/menu_sprite.7a0e1e7a7a95877e8836a5134cdd2c27.svg#BFM-Bourse-menu"></use></svg> <span>BFM Bourse</span></a></li><li class="content_item"><a onclick="window.open('https://www.bfmtv.com/tech/','_self')" title="Tech&Co"><svg class="sprite_menu"><use xlink:href="/assets/v11/svg/menu_sprite.7a0e1e7a7a95877e8836a5134cdd2c27.svg#Techandco-menu"></use></svg> <span>Tech&Co</span></a></li><li class="content_item"><a onclick="window.open('https://www.bfmtv.com/luxe/','_self')" title="Iconic Business"><img width="40" height="40" src="/assets/v11/images/BFM-iconic-business-menu.6fef2e09b7e6a3a4855e7a6f10f328e4.svg" alt="Iconic Business"> <span>Iconic Business</span></a></li><li class="content_item"><a onclick="window.open('https://rmc.bfmtv.com/','_self')" title="RMC"><svg class="sprite_menu"><use xlink:href="/assets/v11/svg/menu_sprite.7a0e1e7a7a95877e8836a5134cdd2c27.svg#RMC-menu"></use></svg> <span>RMC</span></a></li><li class="content_item"><a onclick="window.open('https://rmcsport.bfmtv.com/','_self')" title="RMC Sport"><svg class="sprite_menu"><use xlink:href="/assets/v11/svg/menu_sprite.7a0e1e7a7a95877e8836a5134cdd2c27.svg#RMC-Sport-menu"></use></svg> <span>RMC Sport</span></a></li><li class="content_item"><a onclick="window.open('https://rmc.bfmtv.com/conso/','_self')" title="RMC Conso"><svg class="sprite_menu"><use xlink:href="/assets/v11/svg/menu_sprite.7a0e1e7a7a95877e8836a5134cdd2c27.svg#RMC-Conso-menu"></use></svg> <span>RMC Conso</span></a></li><li class="content_item"><a onclick="window.open('https://www.rmcbfmplay.com/chaine/rmc-decouverte?subMenuId=RefMenuItem::rmcgo_home_rmcdecouverte')" title="RMC Découverte"><svg class="sprite_menu"><use xlink:href="/assets/v11/svg/menu_sprite.7a0e1e7a7a95877e8836a5134cdd2c27.svg#RMCD-menu"></use></svg> <span>RMC Découverte</span></a></li><li class="content_item"><a onclick="window.open('https://www.rmcbfmplay.com/chaine/rmc-story?subMenuId=RefMenuItem::rmcgo_home_rmcstory')" title="RMC Story"><svg class="sprite_menu"><use xlink:href="/assets/v11/svg/menu_sprite.7a0e1e7a7a95877e8836a5134cdd2c27.svg#RMC-Story-menu"></use></svg> <span>RMC Story</span></a></li></ul></div><button class="menu_list__button_next slider_next carousel_arrow">Suivant</button></div></div></div></header><main class="main_wrapper" id="main_wrapper"><div class="grid_wrapper"><div class="grid_column grid_column_ab padding_title" id="grid_column_ab"><article class="content content_article"><div class="content_large white_background content_body"><p></p><h1><strong>LES FLUX RSS DE BFMTV</strong></h1><br><p>Soyez informé en temps réel de l'actualité internationale, économique et sportive de BFMTV.</p><br><p><strong><a href="/rss/news-24-7/" target="_blank">Flux RSS - BFMTV - Toute l'actualité</a></strong><br><br>Toutes les actualités de BFMTV.</p><br><p><strong><a href="/rss/sante/" target="_blank">Flux RSS - BFMTV - Santé</a></strong><br><br>Retrouvez toute l'actualité santé sur BFMTV.</p><br><p><strong><a href="/rss/auto/" target="_blank">Flux RSS - BFMTV - Auto</a></strong><br><br>Retrouvez toute l'actualité auto sur BFMTV.</p><br><p><strong><a href="/rss/culture/" target="_blank">Flux RSS - BFMTV - Culture</a></strong><br><br>Retrouvez toute l'actualité culturelle sur BFMTV.</p><br><p><strong><a href="/rss/international/" target="_blank">Flux RSS - BFMTV - International</a></strong><br><br>Retrouvez en direct toute l'actualité internationale.</p><br><p><strong><a href="/rss/politique/" target="_blank">Flux RSS - BFMTV - Politique</a></strong><br><br>Toute l'actualité politique en France.</p><br><p><strong><a href="/rss/sciences/" target="_blank">Flux RSS - BFMTV - Sciences</a></strong><br><br>Retrouvez toute l'actualité scientifique sur BFMTV.</p><br><p><strong><a href="/rss/environnement/" target="_blank">Flux RSS - BFMTV - Environnement</a></strong><br><br>Toute l'actualité en continu environnement sur BFMTV.</p><br><p><strong><a href="/rss/environnement/climat/" target="_blank">Flux RSS - BFMTV - Environnement - Climat</a></strong><br><br>Toute l'actualité en continu climat sur BFMTV.</p><br><p><strong><a href="/rss/police-justice/" target="_blank">Flux RSS - BFMTV - Police-justice</a></strong><br><br>Retrouvez toute l'actualité police-justice sur BFMTV.</p><br><p><strong><a href="/rss/societe/" target="_blank">Flux RSS - BFMTV - Société</a></strong><br><br>Suivez l'actualité société en continu sur BFMTV.</p><p></p><p><br></p><p><strong><a href="/rss/voyage/" target="_blank">Flux RSS - BFMTV - Voyage</a></strong><br>Retrouvez toute l'actualité voyage sur BFMTV.</p><p></p><p><br></p><p><strong><a href="/rss/animaux/" target="_blank">Flux RSS - BFMTV - Animaux</a></strong><br>Retrouvez toute l'actualité animaux sur BFMTV.</p><br><p><strong><a href="/rss/cuisine/" target="_blank">Flux RSS - BFMTV - Cuisine</a></strong><br><br>Toute l'actualité cuisine sur BFMTV.</p><br><p><strong><a href="/rss/videos/" target="_blank">Flux RSS - BFMTV - Vidéos</a></strong><br><br>Retrouvez toute l'actualité en vidéo sur BFMTV.</p><br><br><br><br><h2>PEOPLE</h2><br><p><strong><a href="/rss/people/" target="_blank">Flux RSS - BFMTV People - Actualité people</a></strong><br><br>Retrouvez toute l'actualité People en temps réel</p><br><p><strong><a href="/rss/people/mode/" target="_blank">Flux RSS - BFMTV People - Mode</a></strong><br><br>Retrouvez toute l'actualité Mode en temps réel...</p><br><p><strong><a href="/rss/people/cinema/" target="_blank">Flux RSS - BFMTV People - Cinéma</a></strong><br><br>Retrouvez toute l'actualité du cinéma : Cannes, Hollywood...</p><br><p><strong><a href="/rss/people/musique/" target="_blank">Flux RSS - BFMTV People - Musique</a></strong><br><br>Retrouvez toute l'actualité musicale en temps réel...</p><br><p><strong><a href="/rss/people/series/" target="_blank">Flux RSS - BFMTV People - Série</a></strong><br><br>Retrouvez toute l'actualité des séries TV en temps réel...<br></p><br><br><br><br><h2>TECH</h2><br><p><strong><a href="/rss/tech/" target="_blank">Flux RSS - BFM Tech - Toutes l'actualité</a></strong><br><br>Toutes les actualités de BFM Tech.</p><br><p><strong><a href="/rss/tech/nouveautes-produits/" target="_blank">Flux RSS - BFM Tech - Nouveautés Produits</a></strong><br><br>Découvrez les tendances des produits de demain, les rumeurs, les essais, les comparatifs produits</p><br><p><strong><a href="/rss/tech/culture-web/" target="_blank">Flux RSS - BFM Tech - Culture Web</a></strong><br><br>Toute l'actualité de la culture web.</p><br><p><strong><a href="/rss/tech/vie-numerique/" target="_blank">Flux RSS - BFMTV High tech - Vie Numérique</a></strong><br><br>Toute l'actualité de la vie numérique.</p><br><br><br><br><h2>BFM BUSINESS - ÉCONOMIE</h2><p></p><p></p><p><strong><a href="/rss/economie/" target="_blank">Flux RSS - BFM BUSINESS - Toute l'actualité Éco</a></strong><br></p><p>Retrouvez toute l'actualité économique.</p><p></p><p></p><p><strong><a href="/rss/crypto/" target="_blank">Flux RSS - BFM CRYPTO - Toute l’actualité de la crypto</a></strong><br></p><p>Retrouvez toute l'actualité des cryptos.</p><p></p><p></p><p><strong><a href="https://www.tradingsat.com/rssbourse.xml" target="_blank">Flux RSS - BFM BOURSE - Toute l’actualité bourse</a></strong><br></p><p>Retrouvez toute l'actualité boursière.</p><p></p><p></p><p><strong><a href="https://www.bfmtv.com/rss/immobilier/" target="_blank">Flux RSS - BFM IMMO - Toute l’actualité immo.</a></strong><br></p><p>Retrouvez toute l’actualité immobilière.</p><p></p><p></p><p><strong><a href="/rss/economie/patrimoine/" target="_blank">Flux RSS - BFM PATRIMOINE - Tous les conseils pour gérer votre argent.</a></strong><br></p><p>Retrouvez tous nos conseils pour développer votre patrimoine.</p><p></p><p></p><p><strong><a href="/rss/economie/economie-social/" target="_blank">Flux RSS - BFM BUSINESS – Economie & Social</a></strong><br></p><p>Toute l’actualité économique et sociale sur BFM Business.</p><p></p><p></p><p><strong><a href="/rss/economie/economie-social/social/" target="_blank">Flux RSS - BFM BUSINESS – Économie sociale</a></strong><br></p><p>Toute l'actualité de l’économie sociale en France.</p><p></p><p></p><p><strong><a href="/rss/economie/economie-social/finances-publiques/" target="_blank">Flux RSS - BFM BUSINESS – Finances publiques</a></strong><br></p><p>Toute l'actualité des finances publiques en France.</p><p></p><p></p><p><strong><a href="/rss/economie/international/" target="_blank">Flux RSS - BFM BUSINESS - International</a></strong><br></p><p>Toute l'actualité économique à l’international.</p><p></p><p></p><p><strong><a href="/rss/economie/entreprises/" target="_blank">Flux RSS - BFM BUSINESS - Entreprises</a></strong><br></p><p>Toute l'actualité des entreprises sur BFM BUSINESS.</p><p></p><p></p><p><strong><a href="/rss/economie/entreprises/industries/" target="_blank">Flux RSS - BFM BUSINESS - Entreprises - Industries</a></strong><br></p><p>Toute l'actualité des entreprises de l’industrie sur BFM BUSINESS.</p><p></p><p></p><p><strong><a href="/rss/economie/entreprises/services/" target="_blank">Flux RSS - BFM BUSINESS - Entreprises - Services</a></strong><br></p><p>Toute l'actualité des entreprises du secteur tertiaire sur BFM BUSINESS.</p><p></p><p></p><p><strong><a href="/rss/economie/entreprises/transports/" target="_blank">Flux RSS - BFM BUSINESS - Entreprises - Transports</a></strong><br></p><p>Toute l'actualité des entreprises des transports sur BFM BUSINESS.</p><p></p><p></p><p><strong><a href="/rss/economie/entreprises/assurance-banque/" target="_blank">Flux RSS - BFM BUSINESS - Entreprises - Assurance & Banque</a></strong><br></p><p>Toute l'actualité du secteur des banques et assurances sur BFM BUSINESS.</p><p></p><p></p><p><strong><a href="/rss/economie/entreprises/aeronautique/" target="_blank">Flux RSS - BFM BUSINESS - Entreprises - Aéronautique</a></strong><br></p><p>Toute l'actualité des entreprises du secteur aéronautique sur BFM BUSINESS.</p><p></p><p></p><p><strong><a href="/rss/economie/entreprises/energie/" target="_blank">Flux RSS - BFM BUSINESS - Entreprises - Energie</a></strong><br></p><p>Toute l'actualité des entreprises du secteur de l’énergie sur BFM BUSINESS.</p><p></p><p></p><p><strong><a href="/rss/economie/entreprises/culture-loisirs/" target="_blank">Flux RSS - BFM BUSINESS - Entreprises - Culture & Loisirs</a></strong><br></p><p>Toute l'actualité des entreprises du secteur de la culture et des loisirs sur BFM BUSINESS.</p><p></p><p></p><p><strong><a href="/rss/economie/consommation/" target="_blank">Flux RSS - BFM BUSINESS - Consommation</a></strong><br></p><p>Toute l'actualité de la consommation sur BFM BUSINESS.</p><p></p><p></p><p><strong><a href="/rss/economie/emploi/" target="_blank">Flux RSS - BFM BUSINESS - Emploi</a></strong><br></p><p>Toute l'actualité emploi sur BFM BUSINESS.</p><p></p><p></p><p><strong><a href="/rss/economie/emploi/vie-de-bureau/" target="_blank">Flux RSS - BFM BUSINESS - Emploi - Vie de Bureau</a></strong><br></p><p>Toute l'actualité vie de bureau sur BFM BUSINESS.</p><p></p><p></p><p><strong><a href="/rss/economie/experts/" target="_blank">Flux RSS - BFM BUSINESS - Les dossiers de nos experts</a></strong><br></p><p>Tous les dossiers de nos experts sur BFM BUSINESS.</p><p></p><p></p><p><strong><a href="/rss/economie/patrimoine/immobilier/" target="_blank">Flux RSS - BFM PATRIMOINE - Immobilier</a></strong><br></p><p>Toute l’actualité et nos conseils pour développer votre patrimoine immobilier sur BFM PATRIMOINE.</p><p></p><p></p><p><strong><a href="/rss/economie/patrimoine/retraite/" target="_blank">Flux RSS - BFM PATRIMOINE - Retraite</a></strong><br></p><p>Toute l’actualité et nos conseils pour préparer votre retraite sur BFM PATRIMOINE.</p><p></p><p></p><p><strong><a href="/rss/economie/patrimoine/placements-epargne/" target="_blank">Flux RSS - BFM PATRIMOINE - Placements & Epargne</a></strong><br></p><p>Toute l’actualité et nos conseils pour mieux placer votre argent sur BFM PATRIMOINE.</p><p></p><p></p><p><strong><a href="/rss/economie/patrimoine/impots-fiscalite/" target="_blank">Flux RSS - BFM PATRIMOINE - Impôts & Fiscalité</a></strong><br></p><p>Toute l’actualité et nos conseils pour déclarer et optimiser vos impôts sur BFM PATRIMOINE.</p><p></p><p></p><p><strong><a href="/rss/economie/patrimoine/succession/" target="_blank">Flux RSS - BFM PATRIMOINE - Succession</a></strong><br></p><p>Toute l’actualité et nos conseils pour préparer une succession sur BFM PATRIMOINE.</p><br><br><br><h2>INTERNATIONAL</h2><br><p><strong><a href="/rss/international/moyen-orient/" target="_blank">Flux RSS - BFMTV - Moyen-Orient</a></strong><br><br>Toute l'actualité du Moyen-Orient sur BFMTV.</p><br><p><strong><a href="/rss/international/europe/" target="_blank">Flux RSS - BFMTV - Europe</a></strong><br><br>Toute l'actualité européenne sur BFMTV.</p><br><p><strong><a href="/rss/international/amerique-nord/" target="_blank">Flux RSS - BFMTV - Amérique du Nord</a></strong><br><br>Retrouvez toute l'actualité d'Amérique du Nord sur BFMTV.</p><br><p><strong><a href="/rss/international/amerique-latine/" target="_blank">Flux RSS - BFMTV - Amérique Latine</a></strong><br><br>Retrouvez toute l'actualité d'Amérique Latine sur BFMTV.</p><br><p><strong><a href="/rss/international/oceanie/" target="_blank">Flux RSS - BFMTV - Océanie</a></strong><br><br>Retrouvez toute l'actualité vie de bureau sur BFMTV.</p><br><p><strong><a href="/rss/international/asie/" target="_blank">Flux RSS - BFMTV - Asie</a></strong><br><br>Retrouvez toute l'actualité d'Asie sur BFMTV.</p><br><p><strong><a href="/rss/international/afrique/" target="_blank">Flux RSS - BFMTV - Afrique</a></strong><br><br>Retrouvez toute l'actualité africaine sur BFMTV.</p><br><br><br><br><h2>MÉTÉO</h2><br><p><strong><a href="/rss/temoins/meteo/" target="_blank">Flux RSS - BFMTV - Météo Témoins</a></strong><br><br>Toutes vos vidéos météo témoins.</p><br><p><strong><a href="/rss/meteo/neige/" target="_blank">Flux RSS - BFMTV - Météo - Neige</a></strong><br><br>Toutes les actualités météo des neiges de BFMTV.</p><br><p><strong><a href="/rss/meteo/inondations/" target="_blank">Flux RSS - BFMTV - Météo - Inondations</a></strong><br><br>Toutes les actualités météo des inondations par BFMTV.</p><br><p><strong><a href="/rss/meteo/canicule/" target="_blank">Flux RSS - BFMTV - Météo - Canicule</a></strong><br><br>Toutes les actualités météo canicule sur BFMTV.</p><br><p><strong><a href="/rss/meteo/intemperies/" target="_blank">Flux RSS - BFMTV - Météo - Intempéries</a></strong><br><br>Toutes les actualités météo intempéries sur BFMTV.</p><br><br><br><br><h2>VOTRE VILLE</h2><br><p><strong><a href="/rss/paris/" target="_blank">Flux RSS - BFMTV - Paris</a></strong><br><br>Retrouvez toute l'actualité de la ville de Paris en temps réel.</p><br><p><strong><a href="/rss/lyon/" target="_blank">Flux RSS - BFMTV - Lyon</a></strong><br><br>Retrouvez toute l'actualité de la ville de Lyon en temps réel.</p><br><p><strong><a href="/rss/grand-lille/" target="_blank">Flux RSS - BFMTV - Grand Lille</a></strong><br><br>Retrouvez toute l'actualité de la ville de Lille en temps réel.</p><br><p><strong><a href="/rss/grand-littoral/" target="_blank">Flux RSS - BFMTV - Grand Littoral</a></strong><br><br>Retrouvez toute l'actualité Grand Littoral en temps réel.</p><br><p><strong><a href="/rss/marseille/" target="_blank">Flux RSS - BFMTV - Marseille</a></strong></p><p><br>Retrouvez toute l'actualité de la ville de Marseille en temps réel.</p><p></p><p></p><p><strong><a href="/rss/var/" target="_blank">Flux RSS - BFMTV - Var</a></strong></p><p><br>Retrouvez toute l'actualité du Var en temps réel.</p><p></p><p></p><p><strong><a href="/rss/cote-d-azur/" target="_blank">Flux RSS - BFMTV - Côte d'Azur</a></strong></p><p><br>Retrouvez toute l'actualité de la Côte d'Azur en temps réel.</p><br><p><strong><a href="/rss/toulouse/" target="_blank">Flux RSS - BFMTV - Toulouse</a></strong><br><br>Retrouvez toute l'actualité de la ville de Toulouse en temps réel.</p><br><p><strong><a href="/rss/ajaccio/" target="_blank">Flux RSS - BFMTV - Ajaccio</a></strong><br><br>Retrouvez toute l'actualité de la ville d'Ajaccio en temps réel.</p><br><p><strong><a href="/rss/auxerre/" target="_blank">Flux RSS - BFMTV - Auxerre</a></strong><br><br>Retrouvez toute l'actualité de la ville d'Auxerre en temps réel.</p><br><p><strong><a href="/rss/bastia/" target="_blank">Flux RSS - BFMTV - Bastia</a></strong><br><br>Retrouvez toute l'actualité de la ville de Bastia en temps réel.</p><br><p><strong><a href="/rss/besancon/" target="_blank">Flux RSS - BFMTV - Besancon</a></strong><br><br>Retrouvez toute l'actualité de la ville de Besancon en temps réel.</p><br><p><strong><a href="/rss/bordeaux/" target="_blank">Flux RSS - BFMTV - Bordeaux</a></strong><br><br>Retrouvez toute l'actualité de la ville de Bordeaux en temps réel.</p><br><p><strong><a href="/rss/brest/" target="_blank">Flux RSS - BFMTV - Brest</a></strong><br><br>Retrouvez toute l'actualité de la ville de Brest en temps réel.</p><br><p><strong><a href="/rss/caen/" target="_blank">Flux RSS - BFMTV - Caen</a></strong><br><br>Retrouvez toute l'actualité de la ville de Caen en temps réel.</p><br><p><strong><a href="/rss/clermont-ferrand/" target="_blank">Flux RSS - BFMTV - Clermont-Ferrand</a></strong><br><br>Retrouvez toute l'actualité de la ville de Clermont-Ferrand en temps réel.</p><br><p><strong><a href="/rss/dijon/" target="_blank">Flux RSS - BFMTV - Dijon</a></strong><br><br>Retrouvez toute l'actualité de la ville de Dijon en temps réel.</p><br><p><strong><a href="/rss/grenoble/" target="_blank">Flux RSS - BFMTV - Grenoble</a></strong><br><br>Retrouvez toute l'actualité de la ville de Grenoble en temps réel.</p><br><p><strong><a href="/rss/la-rochelle/" target="_blank">Flux RSS - BFMTV - La Rochelle</a></strong><br><br>Retrouvez toute l'actualité de la ville de La Rochelle en temps réel.</p><br><p><strong><a href="/rss/le-havre/" target="_blank">Flux RSS - BFMTV - Le Havre</a></strong><br><br>Retrouvez toute l'actualité de la ville du Havre en temps réel.</p><br><p><strong><a href="/rss/limoges/" target="_blank">Flux RSS - BFMTV - Limoges</a></strong><br><br>Retrouvez toute l'actualité de la ville de Limoges en temps réel.</p><br><p><strong><a href="/rss/metz/" target="_blank">Flux RSS - BFMTV - Metz</a></strong><br><br>Retrouvez toute l'actualité de la ville de Metz en temps réel.</p><br><p><strong><a href="/rss/montpellier/" target="_blank">Flux RSS - BFMTV - Montpellier</a></strong><br><br>Retrouvez toute l'actualité de la ville de Montpellier en temps réel.</p><br><p><strong><a href="/rss/nancy/" target="_blank">Flux RSS - BFMTV - Nancy</a></strong><br><br>Retrouvez toute l'actualité de la ville de Nancy en temps réel.</p><br><p><strong><a href="/rss/nantes/" target="_blank">Flux RSS - BFMTV - Nantes</a></strong><br><br>Retrouvez toute l'actualité de la ville de Nantes en temps réel.</p><br><p><strong><a href="/rss/orleans/" target="_blank">Flux RSS - BFMTV - Orléans</a></strong><br><br>Retrouvez toute l'actualité de la ville d'Orléans en temps réel.</p><br><p><strong><a href="/rss/poitiers/" target="_blank">Flux RSS - BFMTV - Poitiers</a></strong><br><br>Retrouvez toute l'actualité de la ville de Poitiers en temps réel.</p><br><p><strong><a href="/rss/reims/" target="_blank">Flux RSS - BFMTV - Reims</a></strong><br><br>Retrouvez toute l'actualité de la ville de Reims en temps réel.</p><br><p><strong><a href="/rss/rennes/" target="_blank">Flux RSS - BFMTV - Rennes</a></strong><br><br>Retrouvez toute l'actualité de la ville de Rennes en temps réel.</p><br><p><strong><a href="/rss/saint-etienne/" target="_blank">Flux RSS - BFMTV - Saint Étienne</a></strong><br><br>Retrouvez toute l'actualité de la ville de Saint Étienne en temps réel.</p><br><p><strong><a href="/rss/strasbourg/" target="_blank">Flux RSS - BFMTV - Strasbourg</a></strong><br><br>Retrouvez toute l'actualité de la ville de Strasbourg en temps réel.</p><br><p><strong><a href="/rss/tours/" target="_blank">Flux RSS - BFMTV - Tours</a></strong><br><br>Retrouvez toute l'actualité de la ville de Tours en temps réel.</p><p></p></div></article><div class="block_ordered_parent" id="block_ordered_parent"><section class="block block_ordered_article"><h2 class="block_top_title">Les plus lus</h2><div class="slider_wrapper"><ol class="ordered_list" id="top_contenus_manuel_1583749885019"><li><a href="/paris/essonne/une-psychose-s-est-installee-apres-le-meurtre-de-louise-11-ans-l-angoisse-monte-chez-les-habitants-de-l-essonne_AV-202502100331.html" title="&quot;Une psychose s&#39;est installée&quot;: après le meurtre de Louise, 11 ans, l&#39;angoisse monte chez les habitants de l&#39;Essonne"><article class="content_item_ordered content_type content_type_video"><picture class="content_item_cover with-js"><source media="(min-width: 441px)" width="16" height="9" class="lozad" srcset="https://images.bfmtv.com/YIUZdxMMU484Ch4WHxB0mdfzx2I=/0x218:2048x1370/300x0/images/Des-habitants-deposent-des-fleurs-devant-le-college-Andre-Maurois-d-Epinay-sur-Orge-en-Essonne-2030476.webp, https://images.bfmtv.com/xOG-OU29-XZnkDzxDSYc3UAmVug=/0x218:2048x1370/600x0/images/Des-habitants-deposent-des-fleurs-devant-le-college-Andre-Maurois-d-Epinay-sur-Orge-en-Essonne-2030476.webp 2x" type="image/webp"><source media="(min-width: 441px)" width="16" height="9" class="lozad" srcset="https://images.bfmtv.com/n-CKaHFEERkekYQsBH6rmo5DSpM=/0x218:2048x1370/300x0/images/Des-habitants-deposent-des-fleurs-devant-le-college-Andre-Maurois-d-Epinay-sur-Orge-en-Essonne-2030476.jpg, https://images.bfmtv.com/2LU98lkE1MEJskaLv3pEz1NlrLU=/0x218:2048x1370/600x0/images/Des-habitants-deposent-des-fleurs-devant-le-college-Andre-Maurois-d-Epinay-sur-Orge-en-Essonne-2030476.jpg 2x" type="image/jpeg"><source media="(min-width: 361px)" width="16" height="9" class="lozad" srcset="https://images.bfmtv.com/HLe7JhEzFhCfPwJkUaHaGPYBJHY=/0x218:2048x1370/840x0/images/Des-habitants-deposent-des-fleurs-devant-le-college-Andre-Maurois-d-Epinay-sur-Orge-en-Essonne-2030476.webp 2x" type="image/webp"><source media="(min-width: 361px)" width="16" height="9" class="lozad" srcset="https://images.bfmtv.com/BQ_uAI_AVAlaqmw6JEEVi2DgQhA=/0x218:2048x1370/840x0/images/Des-habitants-deposent-des-fleurs-devant-le-college-Andre-Maurois-d-Epinay-sur-Orge-en-Essonne-2030476.jpg 2x" type="image/jpeg"><source media="(min-width: 321px)" width="16" height="9" class="lozad" srcset="https://images.bfmtv.com/LWSrTKxXTq3LNhvipMfDrNd4GmY=/0x218:2048x1370/736x0/images/Des-habitants-deposent-des-fleurs-devant-le-college-Andre-Maurois-d-Epinay-sur-Orge-en-Essonne-2030476.webp 2x" type="image/webp"><source media="(min-width: 321px)" width="16" height="9" class="lozad" srcset="https://images.bfmtv.com/jgZ8uP0Y_kuvHRj-9kL3E3P9jPM=/0x218:2048x1370/736x0/images/Des-habitants-deposent-des-fleurs-devant-le-college-Andre-Maurois-d-Epinay-sur-Orge-en-Essonne-2030476.jpg 2x" type="image/jpeg"><source media="(min-width: 300px)" width="16" height="9" class="lozad" srcset="https://images.bfmtv.com/BYcZMLG7tFE6CXGqkUf6ajNYkDI=/0x218:2048x1370/640x0/images/Des-habitants-deposent-des-fleurs-devant-le-college-Andre-Maurois-d-Epinay-sur-Orge-en-Essonne-2030476.webp 2x" type="image/webp"><source media="(min-width: 300px)" width="16" height="9" class="lozad" srcset="https://images.bfmtv.com/qws3v-Nxf7WRPtgIc8t-R7IdhBw=/0x218:2048x1370/640x0/images/Des-habitants-deposent-des-fleurs-devant-le-college-Andre-Maurois-d-Epinay-sur-Orge-en-Essonne-2030476.jpg 2x" type="image/jpeg"><img width="16" height="9" class="lozad" data-srcset="https://images.bfmtv.com/n-CKaHFEERkekYQsBH6rmo5DSpM=/0x218:2048x1370/300x0/images/Des-habitants-deposent-des-fleurs-devant-le-college-Andre-Maurois-d-Epinay-sur-Orge-en-Essonne-2030476.jpg" src="https://images.bfmtv.com/n-CKaHFEERkekYQsBH6rmo5DSpM=/0x218:2048x1370/300x0/images/Des-habitants-deposent-des-fleurs-devant-le-college-Andre-Maurois-d-Epinay-sur-Orge-en-Essonne-2030476.jpg" alt="Des habitants déposent des fleurs devant le collège André-Maurois, d&#39;Épinay-sur-Orge, en Essonne, après la mort de Louise, une collégienne de 11 ans scolarisée dans l&#39;établissement, le 8 février 2025"></picture><noscript><picture class="content_item_cover"><source type="image/webp" media="(min-width: 441px)" srcset="https://images.bfmtv.com/YIUZdxMMU484Ch4WHxB0mdfzx2I=/0x218:2048x1370/300x0/images/Des-habitants-deposent-des-fleurs-devant-le-college-Andre-Maurois-d-Epinay-sur-Orge-en-Essonne-2030476.webp, https://images.bfmtv.com/xOG-OU29-XZnkDzxDSYc3UAmVug=/0x218:2048x1370/600x0/images/Des-habitants-deposent-des-fleurs-devant-le-college-Andre-Maurois-d-Epinay-sur-Orge-en-Essonne-2030476.webp 2x"><source type="image/jpeg" media="(min-width: 441px)" srcset="https://images.bfmtv.com/n-CKaHFEERkekYQsBH6rmo5DSpM=/0x218:2048x1370/300x0/images/Des-habitants-deposent-des-fleurs-devant-le-college-Andre-Maurois-d-Epinay-sur-Orge-en-Essonne-2030476.jpg, https://images.bfmtv.com/2LU98lkE1MEJskaLv3pEz1NlrLU=/0x218:2048x1370/600x0/images/Des-habitants-deposent-des-fleurs-devant-le-college-Andre-Maurois-d-Epinay-sur-Orge-en-Essonne-2030476.jpg 2x"><source type="image/webp" media="(min-width: 361px)" srcset="https://images.bfmtv.com/Rc60eJDLDXyOYjXE7176rdstDno=/0x218:2048x1370/420x0/images/Des-habitants-deposent-des-fleurs-devant-le-college-Andre-Maurois-d-Epinay-sur-Orge-en-Essonne-2030476.webp, https://images.bfmtv.com/HLe7JhEzFhCfPwJkUaHaGPYBJHY=/0x218:2048x1370/840x0/images/Des-habitants-deposent-des-fleurs-devant-le-college-Andre-Maurois-d-Epinay-sur-Orge-en-Essonne-2030476.webp 2x"><source type="image/jpeg" media="(min-width: 361px)" srcset="https://images.bfmtv.com/Is_S1W5hcfBZjze0XWJ7yO_Fg-U=/0x218:2048x1370/420x0/images/Des-habitants-deposent-des-fleurs-devant-le-college-Andre-Maurois-d-Epinay-sur-Orge-en-Essonne-2030476.jpg, https://images.bfmtv.com/BQ_uAI_AVAlaqmw6JEEVi2DgQhA=/0x218:2048x1370/840x0/images/Des-habitants-deposent-des-fleurs-devant-le-college-Andre-Maurois-d-Epinay-sur-Orge-en-Essonne-2030476.jpg 2x"><source type="image/webp" media="(min-width: 321px)" srcset="https://images.bfmtv.com/SvIIRCCtSXcw1m7EZ0Lc2oiAwz8=/0x218:2048x1370/368x0/images/Des-habitants-deposent-des-fleurs-devant-le-college-Andre-Maurois-d-Epinay-sur-Orge-en-Essonne-2030476.webp, https://images.bfmtv.com/LWSrTKxXTq3LNhvipMfDrNd4GmY=/0x218:2048x1370/736x0/images/Des-habitants-deposent-des-fleurs-devant-le-college-Andre-Maurois-d-Epinay-sur-Orge-en-Essonne-2030476.webp 2x"><source type="image/jpeg" media="(min-width: 321px)" srcset="https://images.bfmtv.com/GoZXev51xAXT_SKvpW0FOfkx6oc=/0x218:2048x1370/368x0/images/Des-habitants-deposent-des-fleurs-devant-le-college-Andre-Maurois-d-Epinay-sur-Orge-en-Essonne-2030476.jpg, https://images.bfmtv.com/jgZ8uP0Y_kuvHRj-9kL3E3P9jPM=/0x218:2048x1370/736x0/images/Des-habitants-deposent-des-fleurs-devant-le-college-Andre-Maurois-d-Epinay-sur-Orge-en-Essonne-2030476.jpg 2x"><source type="image/webp" media="(min-width: 300px)" srcset="https://images.bfmtv.com/wfjRCGmPHg6OYajznbz-9WXNw1Y=/0x218:2048x1370/320x0/images/Des-habitants-deposent-des-fleurs-devant-le-college-Andre-Maurois-d-Epinay-sur-Orge-en-Essonne-2030476.webp, https://images.bfmtv.com/BYcZMLG7tFE6CXGqkUf6ajNYkDI=/0x218:2048x1370/640x0/images/Des-habitants-deposent-des-fleurs-devant-le-college-Andre-Maurois-d-Epinay-sur-Orge-en-Essonne-2030476.webp 2x"><source type="image/jpeg" media="(min-width: 300px)" srcset="https://images.bfmtv.com/dCv0GHdaxeTXWviXRs-tSxoNErw=/0x218:2048x1370/320x0/images/Des-habitants-deposent-des-fleurs-devant-le-college-Andre-Maurois-d-Epinay-sur-Orge-en-Essonne-2030476.jpg, https://images.bfmtv.com/qws3v-Nxf7WRPtgIc8t-R7IdhBw=/0x218:2048x1370/640x0/images/Des-habitants-deposent-des-fleurs-devant-le-college-Andre-Maurois-d-Epinay-sur-Orge-en-Essonne-2030476.jpg 2x"><img src="https://images.bfmtv.com/n-CKaHFEERkekYQsBH6rmo5DSpM=/0x218:2048x1370/300x0/images/Des-habitants-deposent-des-fleurs-devant-le-college-Andre-Maurois-d-Epinay-sur-Orge-en-Essonne-2030476.jpg" alt="Des habitants déposent des fleurs devant le collège André-Maurois, d&#39;Épinay-sur-Orge, en Essonne, après la mort de Louise, une collégienne de 11 ans scolarisée dans l&#39;établissement, le 8 février 2025"></picture></noscript><h3 class="content_item_title"><span>&quot;Une psychose s&#39;est installée&quot;: après le meurtre de Louise, 11 ans, l&#39;angoisse monte chez les habitants de l&#39;Essonne</span></h3></article></a></li><li><a href="/tech/intelligence-artificielle/intelligence-artificielle-cinq-questions-pour-comprendre-le-bouleversement-de-l-ia_AV-202502100025.html" title="Intelligence artificielle: cinq questions pour comprendre le bouleversement de l&#39;IA"><article class="content_item_ordered"><h3 class="content_item_title"><span>Intelligence artificielle: cinq questions pour comprendre le bouleversement de l&#39;IA</span></h3></article></a></li><li><a href="/societe/portes-arrachees-dejections-des-etudiants-belges-saccagent-une-residence-de-ski-a-la-plagne_AN-202502100292.html" title="Portes arrachées, déjections... Des étudiants belges saccagent une résidence de vacances à La Plagne"><article class="content_item_ordered"><h3 class="content_item_title"><span>Portes arrachées, déjections... Des étudiants belges saccagent une résidence de vacances à La Plagne</span></h3></article></a></li><li><a href="/people/super-bowl-2025-taylor-swift-huee-par-les-spectateurs-lors-du-match_AN-202502100210.html" title="Super Bowl 2025: Taylor Swift huée par les spectateurs pendant le match"><article class="content_item_ordered"><h3 class="content_item_title"><span>Super Bowl 2025: Taylor Swift huée par les spectateurs pendant le match</span></h3></article></a></li><li><a href="/societe/pourquoi-j-aurais-honte-contre-la-calvitie-ces-hommes-adoptent-les-protheses-capillaires_AN-202502100011.html" title="&quot;Pourquoi j&#39;aurais honte?&quot;: contre la calvitie, ces hommes adoptent les prothèses capillaires"><article class="content_item_ordered"><h3 class="content_item_title"><span>&quot;Pourquoi j&#39;aurais honte?&quot;: contre la calvitie, ces hommes adoptent les prothèses capillaires</span></h3></article></a></li></ol></div></section></div><script>window.nextScriptsToExecute&&window.nextScriptsToExecute.push((function(){resizeDisplayBlock("block_ordered_parent",".block_ordered_article","top_contenus_right","afterbegin")}));</script></div><div class="grid_column grid_column_c aside_column"><div id="top_contenus_right"></div></div><div class="breadcrumb_parent grid_column_abc" id="breadcrumb_parent"><nav role="breadcrumb" class="breadcrumb" id="breadcrumb"><ul class="list_inbl"><li class="breadcrumb_item breadbrumb_home"><a href="https://www.bfmtv.com/" title="BFMTV"><span>BFMTV</span></a></li><li class="breadcrumb_item breadcrumb_last_item"><span>rss</span></li></ul></nav></div></div></main><footer class="footer" id="footer_bottom"><div class="footer_container"><div class="footer_wrapper_top"><div class="footer_wrapper_top_content"><img width="1" height="1" src="/assets/v11/images/BFMTV.848c19e09c92f3ced2163a1a0399be11.svg" alt="BFMTV" title="BFMTV" class="footer_logo"><div class="footer_big_title">première sur l&#39;info</div><div class="footer_right_block"><ul class="footer_social_media"><li><a href="https://www.facebook.com/BFMTV" target="_blank" title="Facebook" class="icon_facebook">Facebook</a></li><li><a href="https://x.com/bfmtv" target="_blank" title="X" class="icon_twitter">X</a></li><li><a href="/rss/" title="Flux RSS" class="icon_rss">Flux RSS</a></li><li><a href="/newsletters/" title="Newsletters" class="icon_envelop">Newsletters</a></li></ul><div class="footer_middle_title">Applications mobiles</div><ul class="footer_application_icon"><li><a href="https://app.adjust.com/t45iq9u" target="_blank" title="Apple" class="icon_appleinc">Apple</a></li><li><a href="https://app.adjust.com/mqqli6u" target="_blank" title="Android" class="icon_android">Android</a></li></ul></div></div></div><div class="footer_wrapper_middle"><div class="footer_wrapper_middle_content"><div class="footer_col"><div class="footer_col_title">bfmtv</div><ul><li><a href="/en-direct/bfm2/" title="BFM2">BFM2</a></li><li><a href="/dossiers/" title="Nos dossiers">Nos dossiers</a></li><li><a href="/evenements/" title="Événements">Événements</a></li><li><a href="/evenements/partenariats/" title="Partenaires">Partenaires</a></li><li><a href="/evenements/jeux-concours/" title="Jeux-concours">Jeux-concours</a></li><li><a href="/programme-tv/" title="Programme TV">Programme TV</a></li><li><a href="/canaux-tv/" title="Canaux TV">Canaux TV</a></li><li><a href="/application/" title="Applications mobiles">Applications mobiles</a></li><li><a href="/plan-du-site/" title="Plan du site">Plan du site</a></li><li><a href="https://meteo.bfmtv.com/previsions-meteo-montagne" title="Météo des neiges">Météo des neiges</a></li></ul></div><div class="footer_col"><div class="footer_col_title">Nos services</div><ul><li><a href="/code-promo/" title="Code promo">Code promo</a></li><li><a href="/comparateur/" title="Comparateur">Comparateur</a></li><li><a href="/comparateur/meilleurs-rasoirs-electriques-test-comparatif/" title="Meilleur Rasoir électrique homme">Meilleur Rasoir électrique homme</a></li><li><a href="/comparateur/meilleurs-aspirateurs-test-comparatif/" title="Meilleur Aspirateur">Meilleur Aspirateur</a></li><li><a href="/comparateur/meilleures-alarmes-maison-test-comparatif/" title="Meilleure Alarme maison">Meilleure Alarme maison</a></li><li><a href="/comparateur/meilleures-chaises-gamer-test-comparatif/" title="Meilleur Fauteuil gamer">Meilleur Fauteuil gamer</a></li><li><a href="/comparateur/meilleurs-deshumidificateurs-test-comparatif/" title="Comparatif Déshumidificateur">Comparatif Déshumidificateur</a></li><li><a href="/pratique/comparateur-assurance/?xtatc=INT-41-[MeilleureAssurance]" title="Comparateur assurance">Comparateur assurance</a></li><li><a href="/pratique/shopping/" title="Shopping">Shopping</a></li><li><a href="https://immo-neuf.lavieimmo.com/?xtatc=INT-41-[Immoneuf]" title="Immobilier neuf" target="_blank">Immobilier neuf</a></li><li><a href="https://www.bfmtv.com/pratique/emploi-formation/missioneo_DB-202205130438.html" title="Portage Salarial" target="_blank">Portage Salarial</a></li><li><a href="/evenements/jeux-concours/reglements-jeux-concours-bfmtv_AN-202110140220.html" title="Règlements">Règlements</a></li></ul></div><div class="footer_col block_inline_col"><div class="footer_col_title">En savoir plus</div><ul><li><a href="/contacts/" title="Nous contacter">Nous contacter</a></li><li><a href="https://www.rmcbfm-ads.com/" title="Devenir Annonceur" target="_blank">Devenir Annonceur</a></li><li><a href="https://recrutement.alticemedia.com/" title="Recrutement" target="_blank">Recrutement</a></li><li><a href="/mentions-legales/" title="Mentions légales">Mentions légales</a></li><li><a href="/politique-donnees-personnelles/" title="Données personnelles">Données personnelles</a></li><li><a href="/cookies/" title="Politique Cookie">Politique Cookie</a></li><li><a href="javascript:Didomi.preferences.show()" title="Paramétrage des cookies">Paramétrage des cookies</a></li><li><a href="/cookies#utiq" title="Gérer Utiq">Gérer Utiq</a></li><li><a href="/cgu/" title="CGU">CGU</a></li><li><a href="/charte-deontologie/" title="Charte de déontologie">Charte de déontologie</a></li></ul></div><div class="footer_col block_inline_col footer_col_site"><div class="footer_col_title">Les sites du groupe</div><ul><li><a href="/economie/" title="BFM Business">BFM Business</a></li><li><a href="/economie/patrimoine/" title="BFM Patrimoine">BFM Patrimoine</a></li><li><a href="https://rmc.bfmtv.com" title="RMC" target="_blank">RMC</a></li><li><a href="/immobilier/" title="BFM Immo">BFM Immo</a></li><li><a href="https://rmcsport.bfmtv.com" title="RMC Sport" target="_blank">RMC Sport</a></li><li><a href="https://www.verif.com" title="Verif" target="_blank">Verif</a></li><li><a href="https://www.rmcbfmplay.com/chaine/bfm-regions?subMenuId=RefMenuItem::rmcgo_home_bfmregion" title="RMC BFM PLAY" target="_blank">RMC BFM PLAY</a></li><li><a href="https://www.tradingsat.com" title="BFM Bourse" target="_blank">BFM Bourse</a></li><li><a href="https://www.rmcbfmplay.com/chaine/rmc-decouverte?subMenuId=RefMenuItem::rmcgo_home_rmcdecouverte" title="RMC Découverte" target="_blank">RMC Découverte</a></li><li><a href="https://www.zone-turf.fr" title="Zone Turf" target="_blank">Zone Turf</a></li><li><a href="https://rmc.bfmtv.com/conso/" title="RMC Conso" target="_blank">RMC Conso</a></li><li><a href="http://ajila.org/associations-rmcbfm/" title="Association RMC / BFM" target="_blank">Association RMC / BFM</a></li><li><a href="/tech/" title="Tech&amp;Co">Tech&amp;Co</a></li><li><a href="/regions/" title="BFM Locales">BFM Locales</a></li><li><a href="https://www.rmcbfmplay.com/chaine/rmc-story?subMenuId=RefMenuItem::rmcgo_home_rmcstory" title="RMC Story" target="_blank">RMC Story</a></li><li><a href="/crypto/" title="BFM Crypto">BFM Crypto</a></li></ul></div></div></div><p class="footer_copyright">&copy; Copyright 2006-2025 BFMTV.com. Tous droits réservés. Site édité par NextInteractive</p></div></footer><script type="application/javascript" src="/assets/v11/js/global.ae0fbea580f2c5c6c213.js"></script><script src="/assets/v11/js/large.ee64e7c1b09cfa4ddaec.js"></script><script>window.nextScriptsToExecute&&window.nextScriptsToExecute.push((function(){audioInit()}));window.nextScriptsToExecute&&window.nextScriptsToExecute.map(s=>s());</script><script type="text/javascript">window.tagCoScriptLoaded=false;const onTagCoScriptLoaded=e=>{window.tagCoScriptLoaded=true};</script><script onload="onTagCoScriptLoaded()" type="text/javascript" src="/assets/v11/js/tc_NextInteractive_31.6e18467b1177a0b68283ea0d4f9e60b1.js"></script><script type="application/ld+json">{"@context":"https://schema.org","@type":"BreadcrumbList","itemListElement":[{"@type":"ListItem","position":1,"name":"BFMTV","item":"https://www.bfmtv.com/"},{"@type":"ListItem","position":2,"name":"rss","item":"https://www.bfmtv.com/rss/"}]}</script></body><script>didomiConsent(507, () => appendScript('https://synchrobox.adswizz.com/register2.php'));</script><script>didomiConsent(507, () => appendScript('https://delivery-cdn-cf.adswizz.com/adswizz/js/SynchroClient2.js'));</script></html>