<?xml version="1.0" encoding="utf-8"?>
<rss version="2.0" xmlns:atom="http://www.w3.org/2005/Atom">
    <channel>
        <title>Home Auxerre - actualités</title>
        <link>https://www.bfmtv.com/auxerre/</link>
        <description>Suivez toute l'actualité politique, économique,  météo, sportive et sociale d'Auxerre et ses alentours en temps réel</description>
        <lastBuildDate>Mon, 10 Feb 2025 12:39:39 GMT</lastBuildDate>
        <docs>http://blogs.law.harvard.edu/tech/rss</docs>
        <generator>BFMTV</generator>
        <language>fr</language>
        <image>
            <title>Home Auxerre - actualités</title>
            <url>https://www.bfmtv.com/assets/v11/images/BFMTV_default_16x9.8715a163008e9f3fc3799c8e2c6ebafa.jpg</url>
            <link>https://www.bfmtv.com/auxerre/</link>
        </image>
        <copyright>Copyright BFMTV</copyright>
        <category>Home Auxerre - actualités</category>
        <atom:link href="https://www.bfmtv.com/auxerre/" rel="self" type="application/rss+xml"/>
        <item>
            <title><![CDATA[Auxerre: rassemblement pour défendre la liberté d’expression après des contrôles contestés]]></title>
            <link>https://www.bfmtv.com/auxerre/auxerre-rassemblement-pour-defendre-la-liberte-d-expression-apres-des-controles-contestes_AD-202412031001.html</link>
            <guid>https://www.bfmtv.com/auxerre/auxerre-rassemblement-pour-defendre-la-liberte-d-expression-apres-des-controles-contestes_AD-202412031001.html</guid>
            <pubDate>Tue, 03 Dec 2024 14:14:00 GMT</pubDate>
            <description><![CDATA[Des militants affirment être victimes “de pressions politiques et policières” après avoir dénoncé la présence du député Daniel Grenon lors d’une commémoration officielle du 11 novembre, ce dernier ayant été condamné pour des propos racistes.<br /><br /><img src="https://images.bfmtv.com/L9CMPR20rwLq9SYc0dwiGaWO4bU=/4x433:1364x1198/800x0/images/Daniel-Grenon-depute-non-inscrit-de-l-Yonne-1989789.jpg" />]]></description>
            <enclosure url="https://images.bfmtv.com/L9CMPR20rwLq9SYc0dwiGaWO4bU=/4x433:1364x1198/800x0/images/Daniel-Grenon-depute-non-inscrit-de-l-Yonne-1989789.jpg" length="0" type="image/jpg"/>
        </item>
        <item>
            <title><![CDATA[Auxerre: les travaux du futur éco-quartier de Batardeau Montardoins débuteront en décembre]]></title>
            <link>https://www.bfmtv.com/auxerre/auxerre-les-travaux-du-futur-eco-quartier-de-batardeau-montardoins-debuteront-en-decembre_AN-202411271173.html</link>
            <guid>https://www.bfmtv.com/auxerre/auxerre-les-travaux-du-futur-eco-quartier-de-batardeau-montardoins-debuteront-en-decembre_AN-202411271173.html</guid>
            <pubDate>Wed, 27 Nov 2024 12:36:00 GMT</pubDate>
            <description><![CDATA[Deux des énormes silos à grains du quartier auxerrois seront détruits dès le 20 décembre prochain. Cela marquera le point de départ du futur éco-quartier de la ville. <br /><br /><img src="https://images.bfmtv.com/s28biE0p2RFPtBlyV1MC5jWrPTo=/110x2:1134x578/800x0/images/Le-site-agro-industriel-a-ete-rachete-par-la-Ville-d-Auxerre-en-septembre-2024-1985637.jpg" />]]></description>
            <enclosure url="https://images.bfmtv.com/s28biE0p2RFPtBlyV1MC5jWrPTo=/110x2:1134x578/800x0/images/Le-site-agro-industriel-a-ete-rachete-par-la-Ville-d-Auxerre-en-septembre-2024-1985637.jpg" length="0" type="image/jpg"/>
        </item>
        <item>
            <title><![CDATA[Yonne: le château de Guédelon a accueilli 300.000 visiteurs en 2024]]></title>
            <link>https://www.bfmtv.com/auxerre/yonne-le-chateau-de-guedelon-a-accueilli-300-000-visiteurs-en-2024_AN-202410290476.html</link>
            <guid>https://www.bfmtv.com/auxerre/yonne-le-chateau-de-guedelon-a-accueilli-300-000-visiteurs-en-2024_AN-202410290476.html</guid>
            <pubDate>Tue, 29 Oct 2024 08:54:45 GMT</pubDate>
            <description><![CDATA[Depuis le mois de mars, 300.000 personnes ont visité le site de Guédelon, chantier de construction expérimental de ce château-fort du 13ᵉ siècle démarré en 1997.<br /><br /><img src="https://images.bfmtv.com/LvI_sebO_qSTY-fZbS17MaQOzSE=/0x210:2048x1362/800x0/images/Le-chateau-de-Guedelon-Yonne-en-2020-1966043.jpg" />]]></description>
            <enclosure url="https://images.bfmtv.com/LvI_sebO_qSTY-fZbS17MaQOzSE=/0x210:2048x1362/800x0/images/Le-chateau-de-Guedelon-Yonne-en-2020-1966043.jpg" length="0" type="image/jpg"/>
        </item>
        <item>
            <title><![CDATA[Vacances de la Toussaint: et si votre enfant devenait Harry Potter?]]></title>
            <link>https://www.bfmtv.com/auxerre/vacances-de-la-toussaint-et-si-votre-enfant-devenait-harry-potter_AN-202410280770.html</link>
            <guid>https://www.bfmtv.com/auxerre/vacances-de-la-toussaint-et-si-votre-enfant-devenait-harry-potter_AN-202410280770.html</guid>
            <pubDate>Mon, 28 Oct 2024 13:20:45 GMT</pubDate>
            <description><![CDATA[Un centre de loisirs de l’Yonne propose aux enfants de 6 à 12 ans un séjour Harry Potter. Les apprentis sorciers sont plongés dans l’univers du héros de J. K. Rowling.<br /><br /><img src="https://images.bfmtv.com/yd23jGZcnJvw45YJzk25UShDDuc=/36x2:1700x938/800x0/images/Des-fans-de-Harry-Potter-rendent-hommage-le-27-septembre-2024-a-l-actrice-Maggie-Smith-l-interprete-de-McGonagall-1946037.jpg" />]]></description>
            <enclosure url="https://images.bfmtv.com/yd23jGZcnJvw45YJzk25UShDDuc=/36x2:1700x938/800x0/images/Des-fans-de-Harry-Potter-rendent-hommage-le-27-septembre-2024-a-l-actrice-Maggie-Smith-l-interprete-de-McGonagall-1946037.jpg" length="0" type="image/jpg"/>
        </item>
        <item>
            <title><![CDATA[La récolte de la truffe bourguignonne incertaine du fait des fortes précipitations]]></title>
            <link>https://www.bfmtv.com/auxerre/la-recolte-de-la-truffe-bourguignonne-incertaine-du-fait-des-fortes-precipitations_AN-202410280805.html</link>
            <guid>https://www.bfmtv.com/auxerre/la-recolte-de-la-truffe-bourguignonne-incertaine-du-fait-des-fortes-precipitations_AN-202410280805.html</guid>
            <pubDate>Mon, 28 Oct 2024 12:53:00 GMT</pubDate>
            <description><![CDATA[Les trufficulteurs présents pour la 20e édition du marché aux truffes, organisé à Noyers-sur-Serein (Yonne), déplorent une récolte en demi-teinte. <br /><br /><img src="https://images.bfmtv.com/XdeLOCMWJr5mafISqeg2fvLCIa8=/28x1:1228x676/800x0/images/-457425.jpg" />]]></description>
            <enclosure url="https://images.bfmtv.com/XdeLOCMWJr5mafISqeg2fvLCIa8=/28x1:1228x676/800x0/images/-457425.jpg" length="0" type="image/jpg"/>
        </item>
        <item>
            <title><![CDATA[Qui est Maïlys-Romane, "la Sirène d’Auxerre", élue Miss des 3 Provinces 2025]]></title>
            <link>https://www.bfmtv.com/auxerre/qui-est-mailys-romane-la-sirene-d-auxerre-elue-miss-des-3-provinces-2025_AN-202410280759.html</link>
            <guid>https://www.bfmtv.com/auxerre/qui-est-mailys-romane-la-sirene-d-auxerre-elue-miss-des-3-provinces-2025_AN-202410280759.html</guid>
            <pubDate>Mon, 28 Oct 2024 10:08:00 GMT</pubDate>
            <description><![CDATA[Maïlys-Romane, adepte du “mermaiding” qui milite pour la protection des milieux marins, a représenté la Bourgogne à l’élection nationale de Miss des 3 Provinces 2025. Un titre qu’elle a remporté. <br /><br /><img src="https://images.bfmtv.com/J7WRTfuirLTKL6Rfe-pZPRjf6mA=/0x0:2048x1152/800x0/images/Une-couronne-de-Miss-1965318.jpg" />]]></description>
            <enclosure url="https://images.bfmtv.com/J7WRTfuirLTKL6Rfe-pZPRjf6mA=/0x0:2048x1152/800x0/images/Une-couronne-de-Miss-1965318.jpg" length="0" type="image/jpg"/>
        </item>
        <item>
            <title><![CDATA[Yonne: au salon "Cité 89", les élus du département dénoncent la baisse des dotations de l’Etat]]></title>
            <link>https://www.bfmtv.com/auxerre/yonne-au-salon-cite-89-les-elus-du-departement-denoncent-la-baisse-des-dotations-de-l-etat_AN-202410240804.html</link>
            <guid>https://www.bfmtv.com/auxerre/yonne-au-salon-cite-89-les-elus-du-departement-denoncent-la-baisse-des-dotations-de-l-etat_AN-202410240804.html</guid>
            <pubDate>Thu, 24 Oct 2024 08:25:06 GMT</pubDate>
            <description><![CDATA[Réunis à l’occasion du salon des collectivités "Cité 89" à Auxerre (Yonne), les élus du département ont exprimé leur colère. Ils dénoncent la baisse annoncée dans l’enveloppe budgétaire.<br /><br /><img src="https://images.bfmtv.com/nl59LYoLqyrQ2n5ImPAW8qF6nII=/140x3:972x471/800x0/images/Le-parc-d-expositions-Auxerrexpo-1962842.jpg" />]]></description>
            <enclosure url="https://images.bfmtv.com/nl59LYoLqyrQ2n5ImPAW8qF6nII=/140x3:972x471/800x0/images/Le-parc-d-expositions-Auxerrexpo-1962842.jpg" length="0" type="image/jpg"/>
        </item>
    </channel>
</rss>