<?xml version="1.0" encoding="utf-8"?>
<rss version="2.0" xmlns:atom="http://www.w3.org/2005/Atom">
    <channel>
        <title>Home People - actualités</title>
        <link>https://www.bfmtv.com/people/</link>
        <description>Toute l'actualité culturelle de vos stars et événements préférés en photos et vidéos : cinéma, séries, télé, musique...</description>
        <lastBuildDate>Mon, 10 Feb 2025 12:40:31 GMT</lastBuildDate>
        <docs>http://blogs.law.harvard.edu/tech/rss</docs>
        <generator>BFMTV</generator>
        <language>fr</language>
        <image>
            <title>Home People - actualités</title>
            <url>https://www.bfmtv.com/assets/v11/images/BFMTV_default_16x9.8715a163008e9f3fc3799c8e2c6ebafa.jpg</url>
            <link>https://www.bfmtv.com/people/</link>
        </image>
        <copyright>Copyright BFMTV</copyright>
        <category>Home People - actualités</category>
        <atom:link href="https://www.bfmtv.com/people/" rel="self" type="application/rss+xml"/>
        <item>
            <title><![CDATA[Polémique "Emilia Pérez": Selena Gomez assure n'avoir "aucun regret"]]></title>
            <link>https://www.bfmtv.com/people/cinema/polemique-emilia-perez-selena-gomez-assure-n-avoir-aucun-regret_AN-202502100489.html</link>
            <guid>https://www.bfmtv.com/people/cinema/polemique-emilia-perez-selena-gomez-assure-n-avoir-aucun-regret_AN-202502100489.html</guid>
            <pubDate>Mon, 10 Feb 2025 12:20:49 GMT</pubDate>
            <description><![CDATA[La chanteuse, qui a été ciblée par un des messages de Karla Sofia Gascón, a réagi à la polémique.<br /><br /><img src="https://images.bfmtv.com/BoFAlQRkl0JpY2AAwLVhc16dsn4=/0x106:2048x1258/800x0/images/selena-gomez-2025465.jpg" />]]></description>
            <enclosure url="https://images.bfmtv.com/BoFAlQRkl0JpY2AAwLVhc16dsn4=/0x106:2048x1258/800x0/images/selena-gomez-2025465.jpg" length="0" type="image/jpg"/>
        </item>
        <item>
            <title><![CDATA[Inde: un concert de rue d'Ed Sheeran interrompu par la police]]></title>
            <link>https://www.bfmtv.com/people/inde-un-concert-de-rue-d-ed-sheeran-interrompu-par-la-police_VN-202502100488.html</link>
            <guid>https://www.bfmtv.com/people/inde-un-concert-de-rue-d-ed-sheeran-interrompu-par-la-police_VN-202502100488.html</guid>
            <pubDate>Mon, 10 Feb 2025 12:19:47 GMT</pubDate>
            <description><![CDATA[Le concert improvisé du chanteur, organisé ce dimanche dans une rue passante de Bangalore, a été interrompu par la police. Selon les autorités, l'artiste n'aurait pas reçu l'autorisation adéquat. Ce qu'il dément formellement.<br /><br /><img src="https://images.bfmtv.com/oUcnarltFLI9SlEn3Zp5n54MRsk=/0x0:1280x720/800x0/images/Inde-un-concert-de-rue-d-Ed-Sheeran-interrompu-par-la-police-2030648.jpg" />]]></description>
            <enclosure url="https://images.bfmtv.com/oUcnarltFLI9SlEn3Zp5n54MRsk=/0x0:1280x720/800x0/images/Inde-un-concert-de-rue-d-Ed-Sheeran-interrompu-par-la-police-2030648.jpg" length="0" type="image/jpg"/>
        </item>
        <item>
            <title><![CDATA["Mission Impossible", "F1", "Thunderbolts*"... Les blockbusters de 2025 se dévoilent lors du Super Bowl]]></title>
            <link>https://www.bfmtv.com/people/cinema/mission-impossible-f1-thunderbolts-les-blockbusters-de-2025-se-devoilent-lors-du-super-bowl_AN-202502100437.html</link>
            <guid>https://www.bfmtv.com/people/cinema/mission-impossible-f1-thunderbolts-les-blockbusters-de-2025-se-devoilent-lors-du-super-bowl_AN-202502100437.html</guid>
            <pubDate>Mon, 10 Feb 2025 11:17:22 GMT</pubDate>
            <description><![CDATA[Comme chaque année, les studios hollywoodiens ont profité de l'effervescence suscitée par la grande finale de la NFL pour dévoiler des premières images des blockbusters les plus attendus de l'année.<br /><br /><img src="https://images.bfmtv.com/hN7hsdM5EG8VYamis3uKySrJQ5o=/96x3:1504x795/800x0/images/Tom-Cruise-dans-Mission-Impossible-The-Final-Reckoning-2030621.jpg" />]]></description>
            <enclosure url="https://images.bfmtv.com/hN7hsdM5EG8VYamis3uKySrJQ5o=/96x3:1504x795/800x0/images/Tom-Cruise-dans-Mission-Impossible-The-Final-Reckoning-2030621.jpg" length="0" type="image/jpg"/>
        </item>
        <item>
            <title><![CDATA[Diana Ross va donner un concert à l'Accor Arena, son premier en 18 ans]]></title>
            <link>https://www.bfmtv.com/people/musique/diana-ross-va-donner-un-concert-a-l-accor-arena-son-premier-en-18-ans_AN-202502100379.html</link>
            <guid>https://www.bfmtv.com/people/musique/diana-ross-va-donner-un-concert-a-l-accor-arena-son-premier-en-18-ans_AN-202502100379.html</guid>
            <pubDate>Mon, 10 Feb 2025 10:27:24 GMT</pubDate>
            <description><![CDATA[L'ex-chanteuse des Supremes sera de passage dans la capitale en juillet pour un concert exceptionnel. Le premier en presque deux décennies. La billetterie ouvre ce vendredi 14 février.<br /><br /><img src="https://images.bfmtv.com/2emBlEzXATYT-2lj0RMiVB6iclU=/0x0:2048x1152/800x0/images/Diana-Ross-lors-des-Grammy-Awards-le-2-fevrier-2025-a-Los-Angeles-2030542.jpg" />]]></description>
            <enclosure url="https://images.bfmtv.com/2emBlEzXATYT-2lj0RMiVB6iclU=/0x0:2048x1152/800x0/images/Diana-Ross-lors-des-Grammy-Awards-le-2-fevrier-2025-a-Los-Angeles-2030542.jpg" length="0" type="image/jpg"/>
        </item>
        <item>
            <title><![CDATA["Pas d'autorisation, pas de concert": Ed Sheeran chante en pleine rue en Inde, la police l'interrompt]]></title>
            <link>https://www.bfmtv.com/people/musique/pas-d-autorisation-pas-de-concert-ed-sheeran-chante-en-pleine-rue-en-inde-la-police-l-interrompt_AV-202502100356.html</link>
            <guid>https://www.bfmtv.com/people/musique/pas-d-autorisation-pas-de-concert-ed-sheeran-chante-en-pleine-rue-en-inde-la-police-l-interrompt_AV-202502100356.html</guid>
            <pubDate>Mon, 10 Feb 2025 10:02:37 GMT</pubDate>
            <description><![CDATA[Un concert organisé dans une rue passante de Bangalore, en Inde, a été interrompu par la police. Le chanteur n'aurait pas eu l'autorisation, ce qu'il dément formellement.<br /><br /><img src="https://images.bfmtv.com/Vj6e2mu7YgJC3cDPF_CSlstdLSc=/0x155:2048x1307/800x0/images/Ed-Sheeran-1704690.jpg" />]]></description>
            <enclosure url="https://images.bfmtv.com/Vj6e2mu7YgJC3cDPF_CSlstdLSc=/0x155:2048x1307/800x0/images/Ed-Sheeran-1704690.jpg" length="0" type="image/jpg"/>
        </item>
        <item>
            <title><![CDATA[Concerts de Beyoncé au Stade de France: préventes, ventes... les dates à retenir]]></title>
            <link>https://www.bfmtv.com/people/musique/concerts-de-beyonce-au-stade-de-france-preventes-ventes-les-dates-a-retenir_AN-202502100319.html</link>
            <guid>https://www.bfmtv.com/people/musique/concerts-de-beyonce-au-stade-de-france-preventes-ventes-les-dates-a-retenir_AN-202502100319.html</guid>
            <pubDate>Mon, 10 Feb 2025 09:23:34 GMT</pubDate>
            <description><![CDATA[Les préventes et ventes pour les deux concerts de Beyoncé au Stade de France les 19 et 21 juin prochains se déroulent cette semaine. Voici ce qu'il faut savoir pour se frayer une place dans les files d'attente. <br /><br /><img src="https://images.bfmtv.com/j8FXDgRKeaQ2dxcLqUFmOPo7C5M=/110x30:990x525/800x0/images/Beyonce-Kendrick-Lamar-Gojira-Decouvrez-le-palmares-des-Grammy-Awards-2025-2025983.jpg" />]]></description>
            <enclosure url="https://images.bfmtv.com/j8FXDgRKeaQ2dxcLqUFmOPo7C5M=/110x30:990x525/800x0/images/Beyonce-Kendrick-Lamar-Gojira-Decouvrez-le-palmares-des-Grammy-Awards-2025-2025983.jpg" length="0" type="image/jpg"/>
        </item>
        <item>
            <title><![CDATA[Super Bowl: morceau contre Drake, duo avec SZA... Les images de la performance de Kendrick Lamar]]></title>
            <link>https://www.bfmtv.com/people/musique/super-bowl-morceau-contre-drake-duo-avec-sza-les-images-de-la-performance-de-kendrick-lamar_AD-202502100257.html</link>
            <guid>https://www.bfmtv.com/people/musique/super-bowl-morceau-contre-drake-duo-avec-sza-les-images-de-la-performance-de-kendrick-lamar_AD-202502100257.html</guid>
            <pubDate>Mon, 10 Feb 2025 07:52:16 GMT</pubDate>
            <description><![CDATA[L'artiste s'est produit ce dimanche 9 février lors du concert de la mi-temps du Super Bowl. Un show lors duquel il a notamment joué son tube "Not Like Us", à charge contre le rappeur Drake, dans une version légèrement édulcorée.<br /><br /><img src="https://images.bfmtv.com/Y5reLhDqEyON3X1XGpptIMTIGgI=/0x156:2048x1308/800x0/images/Kendrick-Lamar-2030438.jpg" />]]></description>
            <enclosure url="https://images.bfmtv.com/Y5reLhDqEyON3X1XGpptIMTIGgI=/0x156:2048x1308/800x0/images/Kendrick-Lamar-2030438.jpg" length="0" type="image/jpg"/>
        </item>
        <item>
            <title><![CDATA[Super Bowl 2025: Taylor Swift huée par les spectateurs pendant le match]]></title>
            <link>https://www.bfmtv.com/people/super-bowl-2025-taylor-swift-huee-par-les-spectateurs-lors-du-match_AN-202502100210.html</link>
            <guid>https://www.bfmtv.com/people/super-bowl-2025-taylor-swift-huee-par-les-spectateurs-lors-du-match_AN-202502100210.html</guid>
            <pubDate>Mon, 10 Feb 2025 07:14:59 GMT</pubDate>
            <description><![CDATA[Lors du Super Bowl, remporté ce dimanche 9 février par les Eagles de Philadelphie face aux Kansas City Chiefs, la chanteuse est apparue sur un écran géant et a été huée par une partie du public.<br /><br /><img src="https://images.bfmtv.com/WkhGKWruTpbuyd81yU-8aewVMFo=/0x106:2048x1258/800x0/images/Taylor-Swift-2030401.jpg" />]]></description>
            <enclosure url="https://images.bfmtv.com/WkhGKWruTpbuyd81yU-8aewVMFo=/0x106:2048x1258/800x0/images/Taylor-Swift-2030401.jpg" length="0" type="image/jpg"/>
        </item>
        <item>
            <title><![CDATA["J'en ai mal au ventre": accusés d'être des bots, des fans Oasis voient leurs billets de concert être annulés]]></title>
            <link>https://www.bfmtv.com/people/musique/j-en-ai-mal-au-ventre-accuses-d-etre-des-bots-des-fans-oasis-voient-leurs-billets-de-concert-etre-annules_AN-202502090405.html</link>
            <guid>https://www.bfmtv.com/people/musique/j-en-ai-mal-au-ventre-accuses-d-etre-des-bots-des-fans-oasis-voient-leurs-billets-de-concert-etre-annules_AN-202502090405.html</guid>
            <pubDate>Sun, 09 Feb 2025 19:16:45 GMT</pubDate>
            <description><![CDATA[Ces derniers jours, des fans d'Oasis ayant acheté des billets pour la tournée "Live '25" ont reçu un message du site Ticketmaster. Le site les accuse d'avoir obtenu ces places à l'aide de robots.<br /><br /><img src="https://images.bfmtv.com/wENICRDLmP9TBSYWyhxBnTygod4=/0x106:2048x1258/800x0/images/Un-fan-d-Oasis-tentant-de-decrocher-le-31-aout-2024-une-place-pour-la-tournee-retour-du-groupe-mythique-de-la-Britpop-1928351.jpg" />]]></description>
            <enclosure url="https://images.bfmtv.com/wENICRDLmP9TBSYWyhxBnTygod4=/0x106:2048x1258/800x0/images/Un-fan-d-Oasis-tentant-de-decrocher-le-31-aout-2024-une-place-pour-la-tournee-retour-du-groupe-mythique-de-la-Britpop-1928351.jpg" length="0" type="image/jpg"/>
        </item>
        <item>
            <title><![CDATA[Le rappeur Rilès a réussi son défi de courir pendant 24 heures d'affilée sous la menace de scies]]></title>
            <link>https://www.bfmtv.com/people/musique/le-rappeur-riles-a-reussi-son-defi-de-courir-pendant-24-heures-d-affilee-sous-la-menace-de-scies_AV-202502090317.html</link>
            <guid>https://www.bfmtv.com/people/musique/le-rappeur-riles-a-reussi-son-defi-de-courir-pendant-24-heures-d-affilee-sous-la-menace-de-scies_AV-202502090317.html</guid>
            <pubDate>Sun, 09 Feb 2025 14:46:37 GMT</pubDate>
            <description><![CDATA[Ce dimanche 9 février, peu après midi, le rappeur originaire de Rouen a atteint son objectif de courir 24 heures d'affilée sur un tapis de course et a dépassé la barre des 200 kilomètres cumulés.<br /><br /><img src="https://images.bfmtv.com/mu2xDM9PTNqkjwsAAAM93FMg9no=/0x0:1920x1080/800x0/images/Riles-2030131.jpg" />]]></description>
            <enclosure url="https://images.bfmtv.com/mu2xDM9PTNqkjwsAAAM93FMg9no=/0x0:1920x1080/800x0/images/Riles-2030131.jpg" length="0" type="image/jpg"/>
        </item>
        <item>
            <title><![CDATA["Je l'ai ratée": Marion Cotillard évoque sa mort dans "The Dark Knight Rises" pour le Papotin]]></title>
            <link>https://www.bfmtv.com/people/cinema/je-l-ai-ratee-marion-cotillard-evoque-sa-mort-dans-the-dark-knight-rises-pour-le-papotin_AN-202502090313.html</link>
            <guid>https://www.bfmtv.com/people/cinema/je-l-ai-ratee-marion-cotillard-evoque-sa-mort-dans-the-dark-knight-rises-pour-le-papotin_AN-202502090313.html</guid>
            <pubDate>Sun, 09 Feb 2025 14:36:28 GMT</pubDate>
            <description><![CDATA[Marion Cotillard était l'invitée de l'émission "Les rencontres du Papotin" ce samedi 8 février. L'occasion pour elle de revenir sur une fameuse scène lui ayant valu de nombreuses moqueries.<br /><br /><img src="https://images.bfmtv.com/a1aC-v1BUQw2c_zX6lQ1tcw2YpE=/2x0:1362x765/800x0/images/Marion-Cotillard-Cesar-2024-1812504.jpg" />]]></description>
            <enclosure url="https://images.bfmtv.com/a1aC-v1BUQw2c_zX6lQ1tcw2YpE=/2x0:1362x765/800x0/images/Marion-Cotillard-Cesar-2024-1812504.jpg" length="0" type="image/jpg"/>
        </item>
        <item>
            <title><![CDATA["Une brute" et "un gangster": Richard Gere tacle Donald Trump durant la cérémonie des Goya]]></title>
            <link>https://www.bfmtv.com/people/cinema/une-brute-et-un-gangster-richard-gere-tacle-donald-trump-durant-la-ceremonie-des-goya_AN-202502090269.html</link>
            <guid>https://www.bfmtv.com/people/cinema/une-brute-et-un-gangster-richard-gere-tacle-donald-trump-durant-la-ceremonie-des-goya_AN-202502090269.html</guid>
            <pubDate>Sun, 09 Feb 2025 12:56:35 GMT</pubDate>
            <description><![CDATA[Récipiendaire d'un Goya pour l'ensemble de sa carrière samedi 8 février, l'acteur de "Pretty Woman" a déclaré que les États-Unis se trouvent dans "une situation très sombre".<br /><br /><img src="https://images.bfmtv.com/S1UN5ObxpsHFakKJ4YynYVDKHHs=/0x79:2032x1222/800x0/images/Richard-Gere-2030026.jpg" />]]></description>
            <enclosure url="https://images.bfmtv.com/S1UN5ObxpsHFakKJ4YynYVDKHHs=/0x79:2032x1222/800x0/images/Richard-Gere-2030026.jpg" length="0" type="image/jpg"/>
        </item>
        <item>
            <title><![CDATA["Il a inspiré les pilotes de demain": Tom Cruise reçoit la Grande Médaille de l'Aéro-Club de France]]></title>
            <link>https://www.bfmtv.com/people/cinema/il-a-inspire-les-pilotes-de-demain-tom-cruise-recoit-la-grande-medaille-de-l-aero-club-de-france_AN-202502090206.html</link>
            <guid>https://www.bfmtv.com/people/cinema/il-a-inspire-les-pilotes-de-demain-tom-cruise-recoit-la-grande-medaille-de-l-aero-club-de-france_AN-202502090206.html</guid>
            <pubDate>Sun, 09 Feb 2025 10:55:59 GMT</pubDate>
            <description><![CDATA[L'acteur américain a été distingué ce samedi 8 février par l'Aéro-Club de France. Il a reçu la Grande Médaille à Paris en présence des spationautes Claudie Haigneré et Thomas Pesquet.<br /><br /><img src="https://images.bfmtv.com/5lnNFq2TPjz-ldmHGxURrc6Wj7U=/416x2:1600x668/800x0/images/Tom-Cruise-dans-Top-Gun-Maverick-1415751.jpg" />]]></description>
            <enclosure url="https://images.bfmtv.com/5lnNFq2TPjz-ldmHGxURrc6Wj7U=/416x2:1600x668/800x0/images/Tom-Cruise-dans-Top-Gun-Maverick-1415751.jpg" length="0" type="image/jpg"/>
        </item>
        <item>
            <title><![CDATA["Emilia Pérez" sacré meilleur film européen aux Goya, l'équivalent espagnol des Oscars]]></title>
            <link>https://www.bfmtv.com/people/cinema/emilia-perez-sacre-meilleur-film-europeen-aux-goya-l-equivalent-espagnol-des-oscars_AD-202502090135.html</link>
            <guid>https://www.bfmtv.com/people/cinema/emilia-perez-sacre-meilleur-film-europeen-aux-goya-l-equivalent-espagnol-des-oscars_AD-202502090135.html</guid>
            <pubDate>Sun, 09 Feb 2025 08:56:29 GMT</pubDate>
            <description><![CDATA[Le film de Jacques Audiard, pris dans la tourmente depuis une semaine en raison d'anciens message publiés par son actrice principale, a été récompensé ce samedi 8 février à Grenade. <br /><br /><img src="https://images.bfmtv.com/qaRUDVl2n4ZzQ_pr7tP2R8HMUHw=/0x65:2032x1208/800x0/images/rezrze-2029980.jpg" />]]></description>
            <enclosure url="https://images.bfmtv.com/qaRUDVl2n4ZzQ_pr7tP2R8HMUHw=/0x65:2032x1208/800x0/images/rezrze-2029980.jpg" length="0" type="image/jpg"/>
        </item>
        <item>
            <title><![CDATA[De "Not Like Us" au Super Bowl 2025: comment Kendrick Lamar passe un nouveau cap dans sa carrière]]></title>
            <link>https://www.bfmtv.com/people/musique/de-not-like-us-au-super-bowl-2025-comment-kendrick-lamar-passe-un-nouveau-cap-dans-sa-carriere_AN-202502090124.html</link>
            <guid>https://www.bfmtv.com/people/musique/de-not-like-us-au-super-bowl-2025-comment-kendrick-lamar-passe-un-nouveau-cap-dans-sa-carriere_AN-202502090124.html</guid>
            <pubDate>Sun, 09 Feb 2025 08:24:13 GMT</pubDate>
            <description><![CDATA[Après une année 2024 très prolifique, marquée notamment par son clash hyper médiatisé avec Drake, le rappeur s'apprête à confirmer son statut de star du hip-hop en assurant le show de la mi-temps du Super Bowl, ce dimanche 9 février.<br /><br /><img src="https://images.bfmtv.com/y3XFB3NzG7SYIUphGx1dbyLOMpk=/0x112:2048x1264/800x0/images/Kendrick-Lamar-2026509.jpg" />]]></description>
            <enclosure url="https://images.bfmtv.com/y3XFB3NzG7SYIUphGx1dbyLOMpk=/0x112:2048x1264/800x0/images/Kendrick-Lamar-2026509.jpg" length="0" type="image/jpg"/>
        </item>
        <item>
            <title><![CDATA[Super Bowl: pourquoi le morceau "Not Like Us" de Kendrick Lamar sera au cœur du show de la mi-temps]]></title>
            <link>https://www.bfmtv.com/people/musique/super-bowl-pourquoi-le-morceau-not-like-us-de-kendrick-lamar-sera-au-c-ur-du-show-de-la-mi-temps_AN-202502090119.html</link>
            <guid>https://www.bfmtv.com/people/musique/super-bowl-pourquoi-le-morceau-not-like-us-de-kendrick-lamar-sera-au-c-ur-du-show-de-la-mi-temps_AN-202502090119.html</guid>
            <pubDate>Sun, 09 Feb 2025 08:13:41 GMT</pubDate>
            <description><![CDATA[Véritable tube depuis sa sortie, ce morceau, qui a été le point culminant du clash entre Kendrick Lamar et Drake, est attendu par les fans lors du concert du rappeur à la mi-temps du Super Bowl, ce dimanche 9 février.<br /><br /><img src="https://images.bfmtv.com/Bf5baugnUxKSLrVT_dfVFQMZdXI=/0x27:2048x1179/800x0/images/Drake-et-Kendrick-Lamar-1855621.jpg" />]]></description>
            <enclosure url="https://images.bfmtv.com/Bf5baugnUxKSLrVT_dfVFQMZdXI=/0x27:2048x1179/800x0/images/Drake-et-Kendrick-Lamar-1855621.jpg" length="0" type="image/jpg"/>
        </item>
        <item>
            <title><![CDATA[Super Bowl 2025: Chris Hemsworth, Charli XCX et Matt Damon stars des publicités]]></title>
            <link>https://www.bfmtv.com/people/super-bowl-2025-chris-hemsworth-charli-xcx-et-matt-damon-stars-des-publicites_AN-202502090035.html</link>
            <guid>https://www.bfmtv.com/people/super-bowl-2025-chris-hemsworth-charli-xcx-et-matt-damon-stars-des-publicites_AN-202502090035.html</guid>
            <pubDate>Sun, 09 Feb 2025 06:54:00 GMT</pubDate>
            <description><![CDATA[Les annonceurs dépensent des millions de dollars pour se ménager une place sur les écrans des Américains regardant le Super Bowl. Pour leurs spots, nombreux sont ceux misant sur la présence de visages connus.<br /><br /><img src="https://images.bfmtv.com/osiNqxjPo8tfZg-yoWytZmDgkyA=/0x0:1920x1080/800x0/images/Chris-Hemsworth-est-au-casting-d-une-publicite-pour-des-lunettes-intelligentes-2029792.jpg" />]]></description>
            <enclosure url="https://images.bfmtv.com/osiNqxjPo8tfZg-yoWytZmDgkyA=/0x0:1920x1080/800x0/images/Chris-Hemsworth-est-au-casting-d-une-publicite-pour-des-lunettes-intelligentes-2029792.jpg" length="0" type="image/jpg"/>
        </item>
        <item>
            <title><![CDATA["Il a déjà assez de problèmes avec sa femme": Trump assure ne pas vouloir expulser le prince Harry]]></title>
            <link>https://www.bfmtv.com/people/tetes-couronnees/il-a-deja-assez-de-problemes-avec-sa-femme-trump-assure-ne-pas-vouloir-expulser-le-prince-harry_AN-202502080338.html</link>
            <guid>https://www.bfmtv.com/people/tetes-couronnees/il-a-deja-assez-de-problemes-avec-sa-femme-trump-assure-ne-pas-vouloir-expulser-le-prince-harry_AN-202502080338.html</guid>
            <pubDate>Sat, 08 Feb 2025 17:51:39 GMT</pubDate>
            <description><![CDATA[Donald Trump s'en est à nouveau pris au prince Harry et à Meghan Markle, dans une interview accordée à un tabloïd. Il assure toutefois ne plus vouloir l'expulser.<br /><br /><img src="https://images.bfmtv.com/VPbyIQe-Kb-8kQBZe-rF14D4BuE=/4x21:996x579/800x0/images/-320246.jpg" />]]></description>
            <enclosure url="https://images.bfmtv.com/VPbyIQe-Kb-8kQBZe-rF14D4BuE=/4x21:996x579/800x0/images/-320246.jpg" length="0" type="image/jpg"/>
        </item>
        <item>
            <title><![CDATA[Déjà tourné, le film sur Pharrell Williams réalisé par Michel Gondry ne verra jamais le jour]]></title>
            <link>https://www.bfmtv.com/people/cinema/deja-tourne-le-film-sur-pharrell-williams-realise-par-michel-gondry-ne-verra-jamais-le-jour_AN-202502080322.html</link>
            <guid>https://www.bfmtv.com/people/cinema/deja-tourne-le-film-sur-pharrell-williams-realise-par-michel-gondry-ne-verra-jamais-le-jour_AN-202502080322.html</guid>
            <pubDate>Sat, 08 Feb 2025 16:43:34 GMT</pubDate>
            <description><![CDATA[Dans une déclaration adressée à Variety, l'artiste et le metteur en scène français ont expliqué "qu'il n'était pas possible de raconter la version de l'histoire qu'(ils avaient) initialement envisagée".<br /><br /><img src="https://images.bfmtv.com/8eaZL-xivuMWCvbo25-cGdq3lHI=/6x93:1718x1056/800x0/images/Pharrell-Williams-au-festival-du-film-de-Toronto-le-10-septembre-2024-1935020.jpg" />]]></description>
            <enclosure url="https://images.bfmtv.com/8eaZL-xivuMWCvbo25-cGdq3lHI=/6x93:1718x1056/800x0/images/Pharrell-Williams-au-festival-du-film-de-Toronto-le-10-septembre-2024-1935020.jpg" length="0" type="image/jpg"/>
        </item>
        <item>
            <title><![CDATA[Aya Nakamura: 13 personnes liées à l'extrême droite seront jugées en juin pour injures racistes visant la chanteuse]]></title>
            <link>https://www.bfmtv.com/people/musique/aya-nakamura-13-personnes-liees-a-l-extreme-droite-seront-jugees-en-juin-pour-injures-racistes-visant-la-chanteuse_AD-202502080289.html</link>
            <guid>https://www.bfmtv.com/people/musique/aya-nakamura-13-personnes-liees-a-l-extreme-droite-seront-jugees-en-juin-pour-injures-racistes-visant-la-chanteuse_AD-202502080289.html</guid>
            <pubDate>Sat, 08 Feb 2025 14:07:05 GMT</pubDate>
            <description><![CDATA[Affilié à l'extrême droite identitaire, le groupe Les Natifs avait notamment diffusé sur les réseaux sociaux une banderole sur laquelle il était écrit "Y'a pas moyen Aya, ici c'est Paris, pas le marché de Bamako". <br /><br /><img src="https://images.bfmtv.com/QFYlbgnLbBkpdtxhpvLLaifo0MY=/0x47:768x479/800x0/images/La-chanteuse-Aya-Nakamura-le-2-juillet-2024-a-Paris-1898479.jpg" />]]></description>
            <enclosure url="https://images.bfmtv.com/QFYlbgnLbBkpdtxhpvLLaifo0MY=/0x47:768x479/800x0/images/La-chanteuse-Aya-Nakamura-le-2-juillet-2024-a-Paris-1898479.jpg" length="0" type="image/jpg"/>
        </item>
        <item>
            <title><![CDATA[Charles III donne un dîner avec les Beckham et Donatella Versace pour célébrer les relations italo-britanniques]]></title>
            <link>https://www.bfmtv.com/people/tetes-couronnees/charles-iii-donne-un-diner-avec-les-beckham-et-donatella-versace-pour-celebrer-les-relations-italo-britanniques_AN-202502080281.html</link>
            <guid>https://www.bfmtv.com/people/tetes-couronnees/charles-iii-donne-un-diner-avec-les-beckham-et-donatella-versace-pour-celebrer-les-relations-italo-britanniques_AN-202502080281.html</guid>
            <pubDate>Sat, 08 Feb 2025 13:33:18 GMT</pubDate>
            <description><![CDATA[Deux mois avant leur visite en Italie et au Vatican, le roi et la reine Camilla ont organisé dans leur résidence personnelle un dîner mettant à l'honneur les recettes transalpines et les produits britanniques.<br /><br /><img src="https://images.bfmtv.com/kNrqGNVgkUsg9Yp4JUVsUJVgCFY=/0x30:2048x1182/800x0/images/Charles-III-avec-David-et-Victoria-Beckham-a-Tetbury-au-Royaume-Uni-le-vendredi-7-fevrier-2025-2029728.jpg" />]]></description>
            <enclosure url="https://images.bfmtv.com/kNrqGNVgkUsg9Yp4JUVsUJVgCFY=/0x30:2048x1182/800x0/images/Charles-III-avec-David-et-Victoria-Beckham-a-Tetbury-au-Royaume-Uni-le-vendredi-7-fevrier-2025-2029728.jpg" length="0" type="image/jpg"/>
        </item>
        <item>
            <title><![CDATA[L'acteur Tony Roberts, vu dans plusieurs films de Woody Allen, est mort à l'âge de 85 ans]]></title>
            <link>https://www.bfmtv.com/people/cinema/l-acteur-tony-roberts-vu-dans-plusieurs-films-de-woody-allen-est-mort-a-l-age-de-85-ans_AN-202502080238.html</link>
            <guid>https://www.bfmtv.com/people/cinema/l-acteur-tony-roberts-vu-dans-plusieurs-films-de-woody-allen-est-mort-a-l-age-de-85-ans_AN-202502080238.html</guid>
            <pubDate>Sat, 08 Feb 2025 11:14:06 GMT</pubDate>
            <description><![CDATA[L'acteur américain est mort vendredi à New York. Figure du monde du théâtre, il était apparu au cinéma dans "Annie Hall", "Hannah et ses soeurs" ou "Radio Days".<br /><br /><img src="https://images.bfmtv.com/UGztxNtJf4_RjWCVNa1p4DtjwL0=/0x27:2048x1179/800x0/images/Tony-Roberts-a-New-York-le-17-janvier-2012-2029685.jpg" />]]></description>
            <enclosure url="https://images.bfmtv.com/UGztxNtJf4_RjWCVNa1p4DtjwL0=/0x27:2048x1179/800x0/images/Tony-Roberts-a-New-York-le-17-janvier-2012-2029685.jpg" length="0" type="image/jpg"/>
        </item>
        <item>
            <title><![CDATA[En pleine polémique, "Emilia Pérez" remporte trois prix aux Critics Choice Awards]]></title>
            <link>https://www.bfmtv.com/people/cinema/en-pleine-polemique-emilia-perez-remporte-trois-prix-aux-critics-choice-awards_AN-202502080223.html</link>
            <guid>https://www.bfmtv.com/people/cinema/en-pleine-polemique-emilia-perez-remporte-trois-prix-aux-critics-choice-awards_AN-202502080223.html</guid>
            <pubDate>Sat, 08 Feb 2025 10:41:51 GMT</pubDate>
            <description><![CDATA[Pris dans la tourmente à cause de son actrice principale, le film de Jacques Audiard a remporté vendredi 7 février les prix du meilleur film en langue étrangère, de la meilleure actrice dans un second rôle et de la meilleure chanson originale. <br /><br /><img src="https://images.bfmtv.com/DP8E-kDoFf-zTym-PdMon9ARDH0=/0x106:2048x1258/800x0/images/Zoe-Saldana-aux-Critics-Choice-Awards-le-vendredi-7-fevrier-2025-a-Santa-Monica-2029661.jpg" />]]></description>
            <enclosure url="https://images.bfmtv.com/DP8E-kDoFf-zTym-PdMon9ARDH0=/0x106:2048x1258/800x0/images/Zoe-Saldana-aux-Critics-Choice-Awards-le-vendredi-7-fevrier-2025-a-Santa-Monica-2029661.jpg" length="0" type="image/jpg"/>
        </item>
        <item>
            <title><![CDATA[Pourquoi le retour de "La Petite maison dans la prairie" déchaîne les conservateurs américains]]></title>
            <link>https://www.bfmtv.com/people/series/pourquoi-le-retour-de-la-petite-maison-dans-la-prairie-dechaine-les-conservateurs-americains_AV-202502080180.html</link>
            <guid>https://www.bfmtv.com/people/series/pourquoi-le-retour-de-la-petite-maison-dans-la-prairie-dechaine-les-conservateurs-americains_AV-202502080180.html</guid>
            <pubDate>Sat, 08 Feb 2025 09:27:49 GMT</pubDate>
            <description><![CDATA[Le reboot de La petite maison dans la prairie, annoncé par Netflix la semaine dernière, suscite de violentes réactions de la part de conservateurs américains qui fustigent le "wokisme" de la plateforme. <br /><br /><img src="https://images.bfmtv.com/8ygcMcmaYahfXQSC-0ludPEZHz0=/2x1:642x361/800x0/images/La-Petite-maison-dans-le-prairie-2027965.jpg" />]]></description>
            <enclosure url="https://images.bfmtv.com/8ygcMcmaYahfXQSC-0ludPEZHz0=/2x1:642x361/800x0/images/La-Petite-maison-dans-le-prairie-2027965.jpg" length="0" type="image/jpg"/>
        </item>
        <item>
            <title><![CDATA["All Star Superman", le comics de référence qui a inspiré le film de James Gunn]]></title>
            <link>https://www.bfmtv.com/people/bandes-dessinees/all-star-superman-le-comics-de-reference-qui-a-inspire-le-film-de-james-gunn_AN-202502080149.html</link>
            <guid>https://www.bfmtv.com/people/bandes-dessinees/all-star-superman-le-comics-de-reference-qui-a-inspire-le-film-de-james-gunn_AN-202502080149.html</guid>
            <pubDate>Sat, 08 Feb 2025 08:22:22 GMT</pubDate>
            <description><![CDATA[Le nouveau volet des aventures de l'homme d'acier au cinéma s'inspirera du comics All Star Superman, considéré comme la plus grande histoire de Superman jamais racontée. Son dessinateur Frank Quitely raconte sa genèse.<br /><br /><img src="https://images.bfmtv.com/po-I-A9gYb-HDHRQ6nNwMUHu-bY=/7x5:1063x599/800x0/images/Detail-de-la-couverture-du-comics-All-Star-Superman-2029352.jpg" />]]></description>
            <enclosure url="https://images.bfmtv.com/po-I-A9gYb-HDHRQ6nNwMUHu-bY=/7x5:1063x599/800x0/images/Detail-de-la-couverture-du-comics-All-Star-Superman-2029352.jpg" length="0" type="image/jpg"/>
        </item>
        <item>
            <title><![CDATA[Le rappeur Rilès se lance le défi fou de courir 24h sur un tapis, devant une scie ]]></title>
            <link>https://www.bfmtv.com/people/le-rappeur-riles-se-lance-le-defi-fou-de-courir-24h-sur-un-tapis-devant-une-scie_VN-202502080090.html</link>
            <guid>https://www.bfmtv.com/people/le-rappeur-riles-se-lance-le-defi-fou-de-courir-24h-sur-un-tapis-devant-une-scie_VN-202502080090.html</guid>
            <pubDate>Sat, 08 Feb 2025 06:25:07 GMT</pubDate>
            <description><![CDATA[Le rappeur Rilès se lance le défi fou de courir 24h sur un tapis, devant une scie. Un challenge qu'il réalisera en direct sur ses réseaux sociaux du 8 au 9 février. <br /><br /><img src="https://images.bfmtv.com/tjouhpOesRhSjWr70j1AXeWp4Sc=/0x0:1280x720/800x0/images/Le-rappeur-Riles-se-lance-le-defi-fou-de-courir-24h-sur-un-tapis-devant-une-scie-2029610.jpg" />]]></description>
            <enclosure url="https://images.bfmtv.com/tjouhpOesRhSjWr70j1AXeWp4Sc=/0x0:1280x720/800x0/images/Le-rappeur-Riles-se-lance-le-defi-fou-de-courir-24h-sur-un-tapis-devant-une-scie-2029610.jpg" length="0" type="image/jpg"/>
        </item>
        <item>
            <title><![CDATA["J'ai encore beaucoup à accomplir": Anna Wintour ne veut pas entendre parler de retraite]]></title>
            <link>https://www.bfmtv.com/people/mode/j-ai-encore-beaucoup-a-accomplir-anna-wintour-ne-veut-pas-entendre-parler-de-retraite_AD-202502070725.html</link>
            <guid>https://www.bfmtv.com/people/mode/j-ai-encore-beaucoup-a-accomplir-anna-wintour-ne-veut-pas-entendre-parler-de-retraite_AD-202502070725.html</guid>
            <pubDate>Fri, 07 Feb 2025 16:58:41 GMT</pubDate>
            <description><![CDATA[La rédactrice en chef du magazine Vogue américain, qui a été décorée par le roi Charles III au palais de Buckingham, s'est confiée sur sa volonté de prendre sa retraite.<br /><br /><img src="https://images.bfmtv.com/J_38DgWs5feSvnEtANmIuZtaDho=/0x172:2048x1324/800x0/images/La-redactrice-en-chef-du-magazine-Vogue-americain-Anna-Wintour-decoree-par-le-roi-Charles-III-au-palais-de-Buckingham-2029406.jpg" />]]></description>
            <enclosure url="https://images.bfmtv.com/J_38DgWs5feSvnEtANmIuZtaDho=/0x172:2048x1324/800x0/images/La-redactrice-en-chef-du-magazine-Vogue-americain-Anna-Wintour-decoree-par-le-roi-Charles-III-au-palais-de-Buckingham-2029406.jpg" length="0" type="image/jpg"/>
        </item>
        <item>
            <title><![CDATA[Comment Kendrick Lamar et Drake sont devenus les meilleurs ennemis du rap américain]]></title>
            <link>https://www.bfmtv.com/people/musique/je-deteste-la-facon-dont-tu-me-parles-pourquoi-kendrick-lamar-et-drake-s-affrontent-par-chansons-interposees_AN-202405020720.html</link>
            <guid>https://www.bfmtv.com/people/musique/je-deteste-la-facon-dont-tu-me-parles-pourquoi-kendrick-lamar-et-drake-s-affrontent-par-chansons-interposees_AN-202405020720.html</guid>
            <pubDate>Fri, 07 Feb 2025 14:50:50 GMT</pubDate>
            <description><![CDATA[En 2024, les deux superstars du hip-hop se sont affrontés par morceaux interposés, lors d'un clash ultra médiatisé qui a captivé le public et marqué le monde de la musique.<br /><br /><img src="https://images.bfmtv.com/Bf5baugnUxKSLrVT_dfVFQMZdXI=/0x27:2048x1179/800x0/images/Drake-et-Kendrick-Lamar-1855621.jpg" />]]></description>
            <enclosure url="https://images.bfmtv.com/Bf5baugnUxKSLrVT_dfVFQMZdXI=/0x27:2048x1179/800x0/images/Drake-et-Kendrick-Lamar-1855621.jpg" length="0" type="image/jpg"/>
        </item>
        <item>
            <title><![CDATA[Oscars 2025: pourquoi Coralie Fargeat a décroché une 3e nomination deux semaines après l'annonce officielle]]></title>
            <link>https://www.bfmtv.com/people/cinema/oscars-2025-pourquoi-coralie-fargeat-a-decroche-une-3e-nomination-deux-semaines-apres-l-annonce-officielle_AN-202502070552.html</link>
            <guid>https://www.bfmtv.com/people/cinema/oscars-2025-pourquoi-coralie-fargeat-a-decroche-une-3e-nomination-deux-semaines-apres-l-annonce-officielle_AN-202502070552.html</guid>
            <pubDate>Fri, 07 Feb 2025 13:47:36 GMT</pubDate>
            <description><![CDATA[La réalisatrice, déjà nommée dans les catégories "meilleure réalisation" et "meilleur scénario original" pour son film, est désormais aussi en lice pour la statuette du meilleur film. <br /><br /><img src="https://images.bfmtv.com/P519638f8_39F61NwJK_G-nSpbY=/0x40:768x472/800x0/images/La-realisatrice-francaise-Coralie-Fargeat-a-Los-Angeles-pour-une-projection-de-son-film-The-Substance-le-16-septembre-2024-2007208.jpg" />]]></description>
            <enclosure url="https://images.bfmtv.com/P519638f8_39F61NwJK_G-nSpbY=/0x40:768x472/800x0/images/La-realisatrice-francaise-Coralie-Fargeat-a-Los-Angeles-pour-une-projection-de-son-film-The-Substance-le-16-septembre-2024-2007208.jpg" length="0" type="image/jpg"/>
        </item>
        <item>
            <title><![CDATA[Le chanteur de reggae Naâman meurt à 34 ans d'une tumeur cérébrale]]></title>
            <link>https://www.bfmtv.com/people/musique/le-chanteur-de-reggae-naaman-meurt-a-34-ans-d-une-tumeur-cerebrale_AN-202502070531.html</link>
            <guid>https://www.bfmtv.com/people/musique/le-chanteur-de-reggae-naaman-meurt-a-34-ans-d-une-tumeur-cerebrale_AN-202502070531.html</guid>
            <pubDate>Fri, 07 Feb 2025 13:05:50 GMT</pubDate>
            <description><![CDATA[L'artiste de 34 ans, auteur du tube Outta Road, est mort ce vendredi 7 février d'une tumeur cérébrale diagnostiquée en 2019. <br /><br /><img src="https://images.bfmtv.com/2JcUv1NuuQUt9USFVFveM4rzvaE=/0x0:1280x720/800x0/images/Le-chanteur-Naaman-dans-le-clip-de-Soul-Plan-2022-2029244.jpg" />]]></description>
            <enclosure url="https://images.bfmtv.com/2JcUv1NuuQUt9USFVFveM4rzvaE=/0x0:1280x720/800x0/images/Le-chanteur-Naaman-dans-le-clip-de-Soul-Plan-2022-2029244.jpg" length="0" type="image/jpg"/>
        </item>
    </channel>
</rss>