<!DOCTYPE html><html lang="fr" prefix="og: http://ogp.me/ns#"><head><meta charset="UTF-8"><title>BFMTV | Page introuvable</title><link rel="icon" href="/favicon.ico"><link rel="icon" type="image/png" href="/favicon.png"><link rel="icon" type="image/png" sizes="192x192" href="/android-icon-192x192.png"><link rel="apple-touch-icon-precomposed" sizes="76x76" href="/apple-icon-76x76.png"><link rel="apple-touch-icon-precomposed" sizes="120x120" href="/apple-icon-120x120.png"><link rel="apple-touch-icon-precomposed" sizes="152x152" href="/apple-icon-152x152.png"><link rel="apple-touch-icon-precomposed" sizes="180x180" href="/apple-icon-180x180.png"><link rel="apple-touch-icon-precomposed" sizes="228x228" href="/apple-icon-228x228.png"><meta name="description" content="BFMTV"><meta name="robots" content="noindex, follow, max-snippet:-1, max-image-preview:large, max-video-preview:10"><meta name="viewport" content="width=device-width,initial-scale=1"><link rel="stylesheet" href="/assets/v11/css/global.0d6d846e67d093b09245.css"><link rel="stylesheet" href="/assets/v11/css/smartadserver.46fde1b8c71a46ead3e8.css"><link rel="stylesheet" href="/assets/v11/css/error404.7915314a2c77169d1fc5.css"><script>window.didomiNextConsent=function(vendorId,callback){window.didomiOnReady=window.didomiOnReady||[];window.didomiOnReady.push((function(Didomi){if(typeof Didomi!==undefined){__tcfapi("addEventListener",2,(tcData,success)=>{if(tcData&&(tcData.eventStatus==="tcloaded"||tcData.eventStatus==="useractioncomplete")){callback()}},[vendorId])}}))};</script><script>(function(h,o,u,n,d){h=h[d]=h[d]||{q:[],onReady:function(c){h.q.push(c)}};d=o.createElement(u);d.async=1;d.src=n;n=o.getElementsByTagName(u)[0];n.parentNode.insertBefore(d,n)})(window,document,"script","https://www.datadoghq-browser-agent.com/us1/v5/datadog-rum.js","DD_RUM");window.DD_RUM.onReady((function(){window.DD_RUM.init({clientToken:"pub20ccf26843dc6a436d492382a1474bf4",applicationId:"5244f97d-1e7e-4b37-bbb8-6ae9ce3ce190",site:"datadoghq.com",service:"cleo-site",env:"production-cleo-bfmtv",sessionSampleRate:1,sessionReplaySampleRate:10,trackUserInteractions:true,trackResources:true,trackLongTasks:true,defaultPrivacyLevel:"mask-user-input"})}));</script><script type="application/javascript" src="/assets/v11/js/global_top.0f75a716e5135b1856ef.js"></script><script>window.nextScriptsToExecute=[]</script><script type="text/javascript">var tc_vars={env_work:"prod",site_name:"bfmtv_portail_responsive",version_responsive:window.deviceName,verticale:"bfmtv",marque:"bfmtv",cookie_consent:"0",amp:"0",pagename:"erreur",error:"404",URL_complet:"https://www.bfmtv.com/rss/le-havre/",type_page:"erreur",level2:""};</script><script type="text/javascript" src="/assets/v11/js/tc_NextInteractive_33.134ac5f969d72178f8c89e1106d349b1.js"></script><meta property="og:site_name" content="BFMTV"><meta property="og:locale" content="fr_FR"><meta property="fb:app_id" content="1763937827231648"><meta property="fb:pages" content="114880941889932"><meta property="fb:pages" content="443782185986987"><meta property="fb:pages" content="384738301607338"><meta property="fb:pages" content="263983707533681"><meta property="fb:pages" content="111611498853031"><meta property="fb:pages" content="1097986846959406"><meta property="fb:pages" content="874043412667840"><meta property="fb:pages" content="886247048130648"><meta property="fb:pages" content="43896752783"><meta property="fb:pages" content="298338800285256"><meta property="fb:pages" content="141447529235003"><meta property="fb:pages" content="539674919756797"><meta property="fb:pages" content="8384653093"><meta property="fb:pages" content="209759635733736"><meta property="fb:pages" content="149720398400279"><meta property="fb:pages" content="366964557189705"><meta property="fb:pages" content="296734273808293"><meta property="fb:pages" content="1460664010617764"><meta property="fb:pages" content="101328520006729"><meta property="fb:pages" content="136162090180795"><meta property="fb:pages" content="70966532326"><meta property="fb:pages" content="494811200728309"><meta property="fb:pages" content="112685096883287"><meta property="fb:pages" content="462018900512409"><meta property="fb:pages" content="125223790865023"><meta property="fb:pages" content="1573347402976353"><meta property="fb:pages" content="455263041345446"><meta property="fb:pages" content="238464408651"><meta property="fb:pages" content="206476639374883"><meta property="fb:pages" content="105613852147466"><meta property="fb:pages" content="105239862441523"><meta name="apple-itunes-app" content="app-id=325658560"><meta name="google-play-app" content="app-id=com.nextradiotv.bfmtvandroid"><noscript><link rel="stylesheet" href="/assets/v11/css/no_script.946be4948d357521d1fb.css"></noscript></head><body class="bfmtv"><header class="main_header" id="main_header"><div class="header_top" id="header_top"><button class="header_menu" id="header_menu_show">Menu</button> <a href="/" title="BFMTV" class="header_brand"><img src="/assets/v11/images/BFMTV-header.030eba2d277d5b5fc0df00daebd9ff70.svg" alt="BFMTV" title="BFMTV"></a><div class="header_direct"><a class="header_replay" href="https://www.rmcbfmplay.com/chaine/bfm-tv?subMenuId=RefMenuItem::rmcgo_home_bfmtv" title="Replay" target="_blank">Replay</a> <a class="direct_radio" href="/en-direct/bfm-radio/" title="Direct Radio" onclick="return tc_events_31(this,'click-navigation',{'clicktype':'click.navigation','clickchapter1':'header', 'clickchapter2':'CTA-direct', 'clickname':'radio_bfmtv'});"><div class="direct_radio_bouton"><img width="21" height="20" src="/assets/v11/images/radio.dee6a7c951465a8cbb208e64f4c09ff6.svg" alt="Direct Radio"></div>Radio </a><a class="direct_tv" href="/en-direct/" title="Direct tv" onclick="return tc_events_31(this,'click-navigation',{'clicktype':'click.navigation', 'clickchapter1':'header', 'clickchapter2':'CTA-direct', 'clickname':'direct-tv_bfmtv'});"><div class="direct_tv_bouton"><img width="16" height="14" src="/assets/v11/images/direct_tv.a04f54365fdb12eef5ce900c03db08d4.svg" alt="Direct tv"></div><span class="span_tv">Direct</span></a></div></div><nav role="primary" class="nav_primary"><ul><li><a href="/videos/" title="Vidéos">Vidéos</a></li><li><a href="/politique/" title="Politique">Politique</a></li><li><a href="/police-justice/" title="Police-Justice">Police-Justice</a></li><li><a href="/international/" title="International">International</a></li><li><a href="/societe/" title="Société">Société</a></li><li><a href="/economie/" title="Économie">Économie</a></li><li><a href="/tech/" title="Tech">Tech</a></li><li><a href="/auto/" title="Auto">Auto</a></li><li><a href="https://rmcsport.bfmtv.com" title="Sport">Sport</a></li><li><a href="/sante/" title="Santé">Santé</a></li><li><a href="/people/" title="People">People</a></li><li><a href="/regions/" title="Régions">Régions</a></li><li><a href="https://meteo.bfmtv.com/" title="Météo">Météo</a></li><li><a href="/newsletters/" title="Newsletters"><span>Newsletters</span></a></li><li class="nav_service"><a href="/code-promo/" title="Code promo"><span>Code promo</span></a></li></ul></nav><div class="main_menu_nav" id="main_menu_nav"><div class="menu_nav"><div class="menu_right"><div class="menu_center_left"><div class="menu_center_left_radio"><a href="/en-direct/" title="Regarder BFMTV" onclick="return tc_events_31(this,'click-navigation',{'clicktype':'click.navigation','clickchapter1':'menu-burger', 'clickchapter2':'CTA-direct', 'clickname':'direct-tv_bfmtv'});"><div class="menu_center_left_radio_img"><img width="32" height="26" src="/assets/v11/images/BFMTV.848c19e09c92f3ced2163a1a0399be11.svg" alt="Regarder BFMTV"></div><span>Regarder BFMTV</span><div class="menu_center_left_radio_picto"><svg width="10" height="11" fill="#FF2A00"><use xlink:href="/assets/v11/images/play.a1d51b9aa213d4bf8f86450c6ce71797.svg#play"></use></svg></div></a><a class="menu_center_left_radio_bfm2" href="/en-direct/bfm2/" title="Regarder BFM2" onclick="return tc_events_31(this,'click-navigation',{'clicktype':'click.navigation','clickchapter1':'menu-burger', 'clickchapter2':'CTA-direct', 'clickname':'direct-tv_bfm2'});"><div class="menu_center_left_radio_img"><img width="32" height="26" src="/assets/v11/images/bfm2_direct_logo.bfd86ff55d6f8abea0d6bf696cc89388.svg" alt="Regarder BFM2"></div><span>Regarder BFM2</span><div class="menu_center_left_radio_picto"><svg width="10" height="11" fill="#000069"><use xlink:href="/assets/v11/images/play.a1d51b9aa213d4bf8f86450c6ce71797.svg#play"></use></svg></div></a><a href="/en-direct/bfm-radio/" title="Écouter BFM Radio"><div class="menu_center_left_radio_img"><img width="32" height="20" src="/assets/v11/images/BFM-Radio.2afb246578899c5f8d87d1f216c22953.svg" alt="Écouter BFM Radio"></div><span>Écouter BFM Radio</span><div class="menu_center_left_radio_picto"><svg width="10" height="11" fill="#051EFF"><use xlink:href="/assets/v11/images/play.a1d51b9aa213d4bf8f86450c6ce71797.svg#play"></use></svg></div></a><a href="https://www.rmcbfmplay.com/chaine/bfm-tv?subMenuId=RefMenuItem::rmcgo_home_bfmtv" title="Replay BFMTV" target="_blank"><div class="menu_center_left_radio_img"><img width="40" height="17" src="/assets/v11/images/RMC-BFM-Play-radio.62cafa0ab4419da4ac6039b204f52a3e.svg" alt="Replay BFMTV"></div><span>Replay BFMTV</span><div class="menu_center_left_radio_picto"><svg width="17" height="17" fill="#FFFF"><use xlink:href="/assets/v11/images/exit.52706d6bd3ab09a810a87e5603ba51b9.svg#exit"></use></svg></div></a></div><div class="menu_center__title"><span>Parcourir</span></div><ul id="menu_category_links_left"><li><a href="/videos/" title="Vidéos"><span>Vidéos</span></a></li><li><a href="/replay-emissions/" title="Émissions"><span>Émissions</span></a></li><li><a href="/podcasts/" title="Podcasts"><span>Podcasts</span></a></li><li><a href="/longs-formats/" title="Longs Formats"><span>Longs Formats</span></a></li><li><a href="/newsletters/" title="Newsletters"><span>Newsletters</span></a></li><li><a href="https://meteo.bfmtv.com/" title="Météo"><span>Météo</span></a></li><li><a href="/info-trafic/" title="Trafic"><span>Trafic</span></a></li><li><a href="/meteo-de-l-energie/" title="Météo de l'Energie"><span>Météo de l'Energie</span></a></li><li><a href="/vrai-faux/" title="Vrai/Faux"><span>Vrai/Faux</span></a></li><li><a href="/canaux-tv/" title="Canaux TV"><span>Canaux TV</span></a></li><li><div class="menu_label_header"><div class="menu_label">Services</div><span class="show_menu">Voir plus</span></div><ul class="sub_menu_list"><li><a href="/evenements/jeux-concours/" title="Jeux concours"><span>Jeux concours</span></a></li><li><a href="/programme-tv/" title="Grille TV"><span>Grille TV</span></a></li><li><a href="/bfmtv-et-vous/" title="BFMTV et vous"><span>BFMTV et vous</span></a></li><li><a href="/temoins/" title="Témoins BFMTV"><span>Témoins BFMTV</span></a></li><li><a href="/bfmtv-et-vous/making-of/l-info-en-vrai/" title="L'info en vrai"><span>L'info en vrai</span></a></li><li><a href="/pratique/" title="BFM Pratique"><span>BFM Pratique</span></a></li><li><a href="/comparateur/" title="Comparateur"><span>Comparateur</span></a></li><li><a href="/code-promo/" title="Code promo"><span>Code promo</span></a></li><li><a href="https://www.rmcbfm-ads.com/nos-marques/bfmtv.html" title="Devenir Annonceur" target="_blank"><span>Devenir Annonceur</span></a></li><li><a href="https://annonces-legales.bfmtv.com" title="Annonces légales"><span>Annonces légales</span></a></li></ul></li></ul><div class="menu_pastille"><div class="menu_pastille__title">BFM Locales</div><div class="menu_pastille__slider" id="menu_pastille__slider"><button class="menu_list__button_prev slider_prev carousel_arrow">Précédent</button><div class="slider_wrapper"><ul class="slider_container"><li class="pastille_item"><a href="/paris/" title="BFM Paris IDF"><img src="/assets/v11/images/Pastille_nav_Paris.5cb57106255258ffcae7a9b4fa5a7bde.svg" alt="BFM Paris IDF"></a></li><li class="pastille_item"><a href="/marseille/" title="BFM Marseille"><img src="/assets/v11/images/Pastille_nav_Marseille.882f303ff8e9c0df415130718e091330.svg" alt="BFM Marseille"></a></li><li class="pastille_item"><a href="/lyon/" title="BFM Lyon"><img src="/assets/v11/images/Pastille_nav_Lyon.2476b5ad68ee714438b8a95ba338ddbc.svg" alt="BFM Lyon"></a></li><li class="pastille_item"><a href="/grand-lille/" title="BFM Lille"><img src="/assets/v11/images/Pastille_nav_GrandLille.5dac2f26867e0d82f3c807884129346d.svg" alt="BFM Lille"></a></li><li class="pastille_item"><a href="/grand-littoral/" title="BFM Littoral"><img src="/assets/v11/images/Pastille_nav_GrandLittoral.8355537be320498dba3d6393a0170aea.svg" alt="BFM Littoral"></a></li><li class="pastille_item"><a href="/bfm-dici/" title="BFM DICI"><img src="/assets/v11/images/Pastille_nav_DICI.0644006a2d062f87b14ceb3b1573db28.svg" alt="BFM DICI"></a></li><li class="pastille_item"><a href="/var/" title="BFM Var"><img src="/assets/v11/images/Pastille_nav_Var.af14c97f74da293c3bd75517f9a8b9df.svg" alt="BFM Var"></a></li><li class="pastille_item"><a href="/cote-d-azur/" title="BFM Côte d'Azur"><img src="/assets/v11/images/Pastille_nav_Nice.fcc3226c1bb765efec7a5a5a0a2f2585.svg" alt="BFM Côte d'Azur"></a></li><li class="pastille_item"><a href="/alsace/" title="BFM Alsace"><img src="/assets/v11/images/Pastille_nav_Alsace.dad6587c856a70051ed7dc16d2912b23.svg" alt="BFM Alsace"></a></li><li class="pastille_item"><a href="/normandie/" title="BFM Normandie"><img src="/assets/v11/images/Pastille_nav_Normandie.421698e846327ea2b09fb1a8992761fa.svg" alt="BFM Normandie"></a></li></ul></div><button class="menu_list__button_next slider_next carousel_arrow">Suivant</button></div></div><div class="menu_center__title"><span>Rubriques</span></div><ul><li><a href="/news-24-7/" title="News 24/7"><span>News 24/7</span></a></li><li><a href="/politique/" title="Politique"><span>Politique</span></a></li><li><a href="/police-justice/" title=" Police-justice "><span>Police-justice</span></a></li><li><a href="/international/" title="International"><span>International</span></a></li><li><a href="/societe/" title="Société"><span>Société</span></a></li><li><a href="/economie/" title="Économie"><span>Économie</span></a></li><li><a href="/crypto/" title="Crypto"><span>Crypto</span></a></li><li><a href="/tech/" title="Tech & Co"><span>Tech & Co</span></a></li><li><a href="/auto/" title="Auto"><span>Auto</span></a></li><li><a href="/sante/" title="Santé"><span>Santé</span></a></li><li><a href="https://rmcsport.bfmtv.com/jeux-olympiques/" title="Paris 2024"><span>Paris 2024</span></a></li><li><a href="https://rmcsport.bfmtv.com" title="Sport"><span>Sport</span></a></li><li><a href="/environnement/" title="Environnement"><span>Environnement</span></a></li><li><a href="/people/" title="People"><span>People</span></a></li><li><a href="/culture/" title="Culture"><span>Culture</span></a></li><li><a href="/sciences/" title="Sciences "><span>Sciences</span></a></li><li><a href="/voyage/" title="Voyages"><span>Voyages</span></a></li><li><a href="/cuisine/" title="Food"><span>Food</span></a></li><li><a href="/animaux/" title="Animaux"><span>Animaux</span></a></li><li><a href="/loto/" title="Loto"><span>Loto</span></a></li></ul><div class="menu_center__title">Suivez-nous sur</div><div class="menu_share_social" id="menu_share_social"><a href="https://www.facebook.com/BFMTV" target="_blank" class="facebook" title="Facebook"><i class="icon_facebook"></i> </a><a href="https://x.com/bfmtv" target="_blank" class="twitter" title="X"></a> <a href="https://www.instagram.com/bfmtv/?hl=fr" target="_blank" class="instagram" title="Instagram"><img src="/assets/v11/images/instagram.6a7fd7797c667fbd899cd2a960baf714.svg" alt="Instagram"> </a><a href="https://www.youtube.com/c/Bfmtv-actu/videos" target="_blank" class="youtube" title="Youtube"><i class="icon_youtube"></i> </a><a href="https://fr.linkedin.com/company/bfmtv/" target="_blank" class="linkedin" title="Linkedin"><i class="icon_linkedin"></i> </a><a href="/newsletters/" class="newsletters" title="Newsletters"><img src="/assets/v11/images/newsletter.3977615e993db64e69a0a169632178b9.svg" alt="Newsletters"> </a><a href="https://app.adjust.com/2dnslix" target="_blank" class="apple" title="IOS"><img src="/assets/v11/images/apple.e139f47f38d27653ceffcdd25f755d51.svg" alt="IOS"> </a><a href="https://app.adjust.com/dsokfy1" target="_blank" class="android" title="Android"><img src="/assets/v11/images/android.1f1231e1f7b43ca8c61115c3a81a4529.svg" alt="Android"></a></div></div></div></div><div class="menu_bottom"><div class="menu_bottom__title">Les sites du groupe</div><div class="menu_bottom__slider" id="menu_bottom__slider"><button class="menu_list__button_prev slider_prev carousel_arrow">Précédent</button><div class="slider_wrapper"><ul class="slider_container"><li class="content_item"><a onclick="window.open('https://www.bfmtv.com/economie/','_self')" title="BFM Business"><svg class="sprite_menu"><use xlink:href="/assets/v11/svg/menu_sprite.7a0e1e7a7a95877e8836a5134cdd2c27.svg#BFM-Business-menu"></use></svg> <span>BFM Business</span></a></li><li class="content_item"><a onclick="window.open('https://www.bfmtv.com/regions/','_self')" title="BFM Locales"><svg class="sprite_menu"><use xlink:href="/assets/v11/svg/menu_sprite.7a0e1e7a7a95877e8836a5134cdd2c27.svg#BFM-locales-menu"></use></svg> <span>BFM Locales</span></a></li><li class="content_item"><a onclick="window.open('https://www.tradingsat.com/')" title="BFM Bourse"><svg class="sprite_menu"><use xlink:href="/assets/v11/svg/menu_sprite.7a0e1e7a7a95877e8836a5134cdd2c27.svg#BFM-Bourse-menu"></use></svg> <span>BFM Bourse</span></a></li><li class="content_item"><a onclick="window.open('https://www.bfmtv.com/tech/','_self')" title="Tech&Co"><svg class="sprite_menu"><use xlink:href="/assets/v11/svg/menu_sprite.7a0e1e7a7a95877e8836a5134cdd2c27.svg#Techandco-menu"></use></svg> <span>Tech&Co</span></a></li><li class="content_item"><a onclick="window.open('https://www.bfmtv.com/luxe/','_self')" title="Iconic Business"><img width="40" height="40" src="/assets/v11/images/BFM-iconic-business-menu.6fef2e09b7e6a3a4855e7a6f10f328e4.svg" alt="Iconic Business"> <span>Iconic Business</span></a></li><li class="content_item"><a onclick="window.open('https://rmc.bfmtv.com/','_self')" title="RMC"><svg class="sprite_menu"><use xlink:href="/assets/v11/svg/menu_sprite.7a0e1e7a7a95877e8836a5134cdd2c27.svg#RMC-menu"></use></svg> <span>RMC</span></a></li><li class="content_item"><a onclick="window.open('https://rmcsport.bfmtv.com/','_self')" title="RMC Sport"><svg class="sprite_menu"><use xlink:href="/assets/v11/svg/menu_sprite.7a0e1e7a7a95877e8836a5134cdd2c27.svg#RMC-Sport-menu"></use></svg> <span>RMC Sport</span></a></li><li class="content_item"><a onclick="window.open('https://rmc.bfmtv.com/conso/','_self')" title="RMC Conso"><svg class="sprite_menu"><use xlink:href="/assets/v11/svg/menu_sprite.7a0e1e7a7a95877e8836a5134cdd2c27.svg#RMC-Conso-menu"></use></svg> <span>RMC Conso</span></a></li><li class="content_item"><a onclick="window.open('https://www.rmcbfmplay.com/chaine/rmc-decouverte?subMenuId=RefMenuItem::rmcgo_home_rmcdecouverte')" title="RMC Découverte"><svg class="sprite_menu"><use xlink:href="/assets/v11/svg/menu_sprite.7a0e1e7a7a95877e8836a5134cdd2c27.svg#RMCD-menu"></use></svg> <span>RMC Découverte</span></a></li><li class="content_item"><a onclick="window.open('https://www.rmcbfmplay.com/chaine/rmc-story?subMenuId=RefMenuItem::rmcgo_home_rmcstory')" title="RMC Story"><svg class="sprite_menu"><use xlink:href="/assets/v11/svg/menu_sprite.7a0e1e7a7a95877e8836a5134cdd2c27.svg#RMC-Story-menu"></use></svg> <span>RMC Story</span></a></li></ul></div><button class="menu_list__button_next slider_next carousel_arrow">Suivant</button></div></div></div></header><main class="main_wrapper" id="main_wrapper"><div class="grid_wrapper"><div class="grid_column grid_column_ab"><h1 class="content_title">404 | Page introuvable</h1><p class="content_texte">La page demandée n'existe pas ou n'est plus disponible.</p><div class="video_block vjs-pip-container" id="video_player_5615950982001"><video-js id="player_5615950982001" data-embed="default" data-application-id="undefined" data-autoplay="true" data-account="876450610001" adjustplayer="19dszYXgm" data-video-id="5615950982001" data-video-type="live" pip="true" disablevisibilityhandler="false" adjustfrommediasize="false" preload="none" position="erreur_400" playsinline tags=""><img fetchpriority="high" src="/assets/v11/images/BFMTV_placeholder_direct.e94f748ec9b56a41f0d4f8c0fa86253a.webp" width="800" height="450" alt="placeholder video"></video-js></div></div></div></main><footer class="footer" id="footer_bottom"><div class="footer_container"><div class="footer_wrapper_top"><div class="footer_wrapper_top_content"><img width="1" height="1" src="/assets/v11/images/BFMTV.848c19e09c92f3ced2163a1a0399be11.svg" alt="BFMTV" title="BFMTV" class="footer_logo"><div class="footer_big_title">première sur l&#39;info</div><div class="footer_right_block"><ul class="footer_social_media"><li><a href="https://www.facebook.com/BFMTV" target="_blank" title="Facebook" class="icon_facebook">Facebook</a></li><li><a href="https://x.com/bfmtv" target="_blank" title="X" class="icon_twitter">X</a></li><li><a href="/rss/" title="Flux RSS" class="icon_rss">Flux RSS</a></li><li><a href="/newsletters/" title="Newsletters" class="icon_envelop">Newsletters</a></li></ul><div class="footer_middle_title">Applications mobiles</div><ul class="footer_application_icon"><li><a href="https://app.adjust.com/t45iq9u" target="_blank" title="Apple" class="icon_appleinc">Apple</a></li><li><a href="https://app.adjust.com/mqqli6u" target="_blank" title="Android" class="icon_android">Android</a></li></ul></div></div></div><div class="footer_wrapper_middle"><div class="footer_wrapper_middle_content"><div class="footer_col"><div class="footer_col_title">bfmtv</div><ul><li><a href="/en-direct/bfm2/" title="BFM2">BFM2</a></li><li><a href="/dossiers/" title="Nos dossiers">Nos dossiers</a></li><li><a href="/evenements/" title="Événements">Événements</a></li><li><a href="/evenements/partenariats/" title="Partenaires">Partenaires</a></li><li><a href="/evenements/jeux-concours/" title="Jeux-concours">Jeux-concours</a></li><li><a href="/programme-tv/" title="Programme TV">Programme TV</a></li><li><a href="/canaux-tv/" title="Canaux TV">Canaux TV</a></li><li><a href="/application/" title="Applications mobiles">Applications mobiles</a></li><li><a href="/plan-du-site/" title="Plan du site">Plan du site</a></li><li><a href="https://meteo.bfmtv.com/previsions-meteo-montagne" title="Météo des neiges">Météo des neiges</a></li></ul></div><div class="footer_col"><div class="footer_col_title">Nos services</div><ul><li><a href="/code-promo/" title="Code promo">Code promo</a></li><li><a href="/comparateur/" title="Comparateur">Comparateur</a></li><li><a href="/comparateur/meilleurs-rasoirs-electriques-test-comparatif/" title="Meilleur Rasoir électrique homme">Meilleur Rasoir électrique homme</a></li><li><a href="/comparateur/meilleurs-aspirateurs-test-comparatif/" title="Meilleur Aspirateur">Meilleur Aspirateur</a></li><li><a href="/comparateur/meilleures-alarmes-maison-test-comparatif/" title="Meilleure Alarme maison">Meilleure Alarme maison</a></li><li><a href="/comparateur/meilleures-chaises-gamer-test-comparatif/" title="Meilleur Fauteuil gamer">Meilleur Fauteuil gamer</a></li><li><a href="/comparateur/meilleurs-deshumidificateurs-test-comparatif/" title="Comparatif Déshumidificateur">Comparatif Déshumidificateur</a></li><li><a href="/pratique/comparateur-assurance/?xtatc=INT-41-[MeilleureAssurance]" title="Comparateur assurance">Comparateur assurance</a></li><li><a href="/pratique/shopping/" title="Shopping">Shopping</a></li><li><a href="https://immo-neuf.lavieimmo.com/?xtatc=INT-41-[Immoneuf]" title="Immobilier neuf" target="_blank">Immobilier neuf</a></li><li><a href="https://www.bfmtv.com/pratique/emploi-formation/missioneo_DB-202205130438.html" title="Portage Salarial" target="_blank">Portage Salarial</a></li><li><a href="/evenements/jeux-concours/reglements-jeux-concours-bfmtv_AN-202110140220.html" title="Règlements">Règlements</a></li></ul></div><div class="footer_col block_inline_col"><div class="footer_col_title">En savoir plus</div><ul><li><a href="/contacts/" title="Nous contacter">Nous contacter</a></li><li><a href="https://www.rmcbfm-ads.com/" title="Devenir Annonceur" target="_blank">Devenir Annonceur</a></li><li><a href="https://recrutement.alticemedia.com/" title="Recrutement" target="_blank">Recrutement</a></li><li><a href="/mentions-legales/" title="Mentions légales">Mentions légales</a></li><li><a href="/politique-donnees-personnelles/" title="Données personnelles">Données personnelles</a></li><li><a href="/cookies/" title="Politique Cookie">Politique Cookie</a></li><li><a href="javascript:Didomi.preferences.show()" title="Paramétrage des cookies">Paramétrage des cookies</a></li><li><a href="/cookies#utiq" title="Gérer Utiq">Gérer Utiq</a></li><li><a href="/cgu/" title="CGU">CGU</a></li><li><a href="/charte-deontologie/" title="Charte de déontologie">Charte de déontologie</a></li></ul></div><div class="footer_col block_inline_col footer_col_site"><div class="footer_col_title">Les sites du groupe</div><ul><li><a href="/economie/" title="BFM Business">BFM Business</a></li><li><a href="/economie/patrimoine/" title="BFM Patrimoine">BFM Patrimoine</a></li><li><a href="https://rmc.bfmtv.com" title="RMC" target="_blank">RMC</a></li><li><a href="/immobilier/" title="BFM Immo">BFM Immo</a></li><li><a href="https://rmcsport.bfmtv.com" title="RMC Sport" target="_blank">RMC Sport</a></li><li><a href="https://www.verif.com" title="Verif" target="_blank">Verif</a></li><li><a href="https://www.rmcbfmplay.com/chaine/bfm-regions?subMenuId=RefMenuItem::rmcgo_home_bfmregion" title="RMC BFM PLAY" target="_blank">RMC BFM PLAY</a></li><li><a href="https://www.tradingsat.com" title="BFM Bourse" target="_blank">BFM Bourse</a></li><li><a href="https://www.rmcbfmplay.com/chaine/rmc-decouverte?subMenuId=RefMenuItem::rmcgo_home_rmcdecouverte" title="RMC Découverte" target="_blank">RMC Découverte</a></li><li><a href="https://www.zone-turf.fr" title="Zone Turf" target="_blank">Zone Turf</a></li><li><a href="https://rmc.bfmtv.com/conso/" title="RMC Conso" target="_blank">RMC Conso</a></li><li><a href="http://ajila.org/associations-rmcbfm/" title="Association RMC / BFM" target="_blank">Association RMC / BFM</a></li><li><a href="/tech/" title="Tech&amp;Co">Tech&amp;Co</a></li><li><a href="/regions/" title="BFM Locales">BFM Locales</a></li><li><a href="https://www.rmcbfmplay.com/chaine/rmc-story?subMenuId=RefMenuItem::rmcgo_home_rmcstory" title="RMC Story" target="_blank">RMC Story</a></li><li><a href="/crypto/" title="BFM Crypto">BFM Crypto</a></li></ul></div></div></div><p class="footer_copyright">&copy; Copyright 2006-2025 BFMTV.com. Tous droits réservés. Site édité par NextInteractive</p></div></footer><script type="application/javascript" src="/assets/v11/js/global.ae0fbea580f2c5c6c213.js"></script><script src="/assets/v11/js/error404.31d6cfe0d16ae931b73c.js"></script><script>didomiConsent(285, () => appendScript("/assets/v11/js/videoPlayer.a4215ae3cb724dc7e24a.js"));</script><script>window.nextScriptsToExecute&&window.nextScriptsToExecute.push((function(){audioInit()}));window.nextScriptsToExecute&&window.nextScriptsToExecute.map(s=>s());</script><script type="text/javascript">window.tagCoScriptLoaded=false;const onTagCoScriptLoaded=e=>{window.tagCoScriptLoaded=true};</script><script onload="onTagCoScriptLoaded()" type="text/javascript" src="/assets/v11/js/tc_NextInteractive_31.6e18467b1177a0b68283ea0d4f9e60b1.js"></script></body><script>didomiConsent(507, () => appendScript('https://synchrobox.adswizz.com/register2.php'));</script><script>didomiConsent(507, () => appendScript('https://delivery-cdn-cf.adswizz.com/adswizz/js/SynchroClient2.js'));</script></html>