<?xml version="1.0" encoding="utf-8"?>
<rss version="2.0" xmlns:atom="http://www.w3.org/2005/Atom">
    <channel>
        <title>Home Services - actualités</title>
        <link>https://www.bfmtv.com/economie/entreprises/services/</link>
        <description>Retrouvez toute l'actualité économique des entreprises du secteur tertiaire en direct: innovation, télécom, tech, 5g, gafa... - BFM Business</description>
        <lastBuildDate>Mon, 10 Feb 2025 12:39:36 GMT</lastBuildDate>
        <docs>http://blogs.law.harvard.edu/tech/rss</docs>
        <generator>BFMTV</generator>
        <language>fr</language>
        <image>
            <title>Home Services - actualités</title>
            <url>https://www.bfmtv.com/assets/v11/images/BFM_BUSINESS_default_16x9.1fe02e665ff091273c91059447a69de8.jpg</url>
            <link>https://www.bfmtv.com/economie/entreprises/services/</link>
        </image>
        <copyright>Copyright BFMTV</copyright>
        <category>Home Services - actualités</category>
        <atom:link href="https://www.bfmtv.com/economie/entreprises/services/" rel="self" type="application/rss+xml"/>
        <item>
            <title><![CDATA[La plateforme de financement participatif Ulule rachète sa concurrente KissKissBankBank]]></title>
            <link>https://www.bfmtv.com/economie/entreprises/services/la-plateforme-de-financement-participatif-ulule-rachete-sa-concurrente-kiss-kiss-bank-bank_AD-202412020197.html</link>
            <guid>https://www.bfmtv.com/economie/entreprises/services/la-plateforme-de-financement-participatif-ulule-rachete-sa-concurrente-kiss-kiss-bank-bank_AD-202412020197.html</guid>
            <pubDate>Mon, 02 Dec 2024 06:21:04 GMT</pubDate>
            <description><![CDATA[Jusqu'à présent filiale de la Banque postale, la plateforme de financement participatif KissKissBankBank a été rachetée par Ulule.<br /><br /><img src="https://images.bfmtv.com/zJ0pstzgwtKINKEoLPDze6zGs2Q=/12x1:1244x694/800x0/images/-462659.jpg" />]]></description>
            <enclosure url="https://images.bfmtv.com/zJ0pstzgwtKINKEoLPDze6zGs2Q=/12x1:1244x694/800x0/images/-462659.jpg" length="0" type="image/jpg"/>
        </item>
        <item>
            <title><![CDATA[Accord pour la reprise de la maison mère de The Body Shop, les magasins britanniques sauvés à ce stade]]></title>
            <link>https://www.bfmtv.com/economie/entreprises/services/accord-pour-la-reprise-de-la-maison-mere-de-the-body-shop-les-magasins-britanniques-sauves-a-ce-stade_AD-202409080141.html</link>
            <guid>https://www.bfmtv.com/economie/entreprises/services/accord-pour-la-reprise-de-la-maison-mere-de-the-body-shop-les-magasins-britanniques-sauves-a-ce-stade_AD-202409080141.html</guid>
            <pubDate>Sun, 08 Sep 2024 07:37:06 GMT</pubDate>
            <description><![CDATA[Si la filiale française de la marque de cosmétiques a mis la clé sous la porte fin juillet, un repreneur a officiellement été trouvé pour la maison mère au Royaume-Uni. <br /><br /><img src="https://images.bfmtv.com/h_BGSrApDpXiynUZLcg7s7V5S1I=/0x123:2048x1275/800x0/images/Body-Shop-enseigne-logo-1820777.jpg" />]]></description>
            <enclosure url="https://images.bfmtv.com/h_BGSrApDpXiynUZLcg7s7V5S1I=/0x123:2048x1275/800x0/images/Body-Shop-enseigne-logo-1820777.jpg" length="0" type="image/jpg"/>
        </item>
        <item>
            <title><![CDATA["Esprit castor", franchises, réduction… Comment Castorama tente de remonter la pente]]></title>
            <link>https://www.bfmtv.com/economie/entreprises/services/esprit-castor-franchises-reduction-comment-castorama-tente-de-remonter-la-pente_AV-202407070033.html</link>
            <guid>https://www.bfmtv.com/economie/entreprises/services/esprit-castor-franchises-reduction-comment-castorama-tente-de-remonter-la-pente_AV-202407070033.html</guid>
            <pubDate>Sun, 07 Jul 2024 10:12:00 GMT</pubDate>
            <description><![CDATA[Confrontée à une baisse des ventes en France, l'enseigne de bricolage veut entamer un renouveau. Pour cela, elle mise sur son animal-totem, le castor, mais aussi sur un plan de restructuration des magasins. <br /><br /><img src="https://images.bfmtv.com/08NcbDBZwc2LgoizXjH0grOYRGE=/5x4:4773x2686/800x0/images/-181791.jpg" />]]></description>
            <enclosure url="https://images.bfmtv.com/08NcbDBZwc2LgoizXjH0grOYRGE=/5x4:4773x2686/800x0/images/-181791.jpg" length="0" type="image/jpg"/>
        </item>
        <item>
            <title><![CDATA["Cercle vicieux": la commission d'enquête sur les crèches constate un système "à bout de souffle"]]></title>
            <link>https://www.bfmtv.com/economie/entreprises/services/cercle-vicieux-la-commission-d-enquete-sur-les-creches-constate-un-systeme-a-bout-de-souffle_AD-202405270556.html</link>
            <guid>https://www.bfmtv.com/economie/entreprises/services/cercle-vicieux-la-commission-d-enquete-sur-les-creches-constate-un-systeme-a-bout-de-souffle_AD-202405270556.html</guid>
            <pubDate>Mon, 27 May 2024 13:58:10 GMT</pubDate>
            <description><![CDATA[Le système des crèches est  "à bout de souffle", selon le projet de rapport de la commission d'enquête de l'Assemblée nationale, soumis au vote ce lundi.<br /><br /><img src="https://images.bfmtv.com/KYGhJ7qFyMt0E7icP3KRhdg_BJA=/0x112:2048x1264/800x0/images/Creche-illustration-1614913.jpg" />]]></description>
            <enclosure url="https://images.bfmtv.com/KYGhJ7qFyMt0E7icP3KRhdg_BJA=/0x112:2048x1264/800x0/images/Creche-illustration-1614913.jpg" length="0" type="image/jpg"/>
        </item>
        <item>
            <title><![CDATA[Cloud souverain européen: Amazon va investir près de huit milliards d'euros en Allemagne]]></title>
            <link>https://www.bfmtv.com/economie/entreprises/services/cloud-souverain-europeen-amazon-va-investir-pres-de-huit-milliards-d-euros-en-allemagne_AD-202405150690.html</link>
            <guid>https://www.bfmtv.com/economie/entreprises/services/cloud-souverain-europeen-amazon-va-investir-pres-de-huit-milliards-d-euros-en-allemagne_AD-202405150690.html</guid>
            <pubDate>Wed, 15 May 2024 14:41:32 GMT</pubDate>
            <description><![CDATA[Le géant américain Amazon a annoncé mercredi un investissement de 7,8 milliards d'euros en Allemagne, via sa filiale AWS, pour soutenir le développement du cloud souverain européen.<br /><br /><img src="https://images.bfmtv.com/n-6SZ-E2hX-QccCU0OZzY7UdV48=/0x222:2032x1365/800x0/images/Amazon-a-retire-de-son-site-des-poupees-sexuelles-a-leffigie-denfants-385382.jpg" />]]></description>
            <enclosure url="https://images.bfmtv.com/n-6SZ-E2hX-QccCU0OZzY7UdV48=/0x222:2032x1365/800x0/images/Amazon-a-retire-de-son-site-des-poupees-sexuelles-a-leffigie-denfants-385382.jpg" length="0" type="image/jpg"/>
        </item>
        <item>
            <title><![CDATA[Après la liquidation de Flink, est-ce la fin du quick commerce en France?]]></title>
            <link>https://www.bfmtv.com/economie/entreprises/services/apres-la-liquidation-de-flink-est-ce-la-fin-du-quick-commerce-en-france_AN-202404200315.html</link>
            <guid>https://www.bfmtv.com/economie/entreprises/services/apres-la-liquidation-de-flink-est-ce-la-fin-du-quick-commerce-en-france_AN-202404200315.html</guid>
            <pubDate>Sat, 20 Apr 2024 13:22:43 GMT</pubDate>
            <description><![CDATA[L'entreprise de livraison de courses à domicile, déjà chahutée l'année dernière a été liquidée ce vendredi. La disparition d'un des derniers acteurs du secteur pose la question de la survie du modèle.<br /><br /><img src="https://images.bfmtv.com/rMGnHpWbJoqqqrymMJW-E36gPhU=/0x203:2048x1355/800x0/images/Flink-1185721.jpg" />]]></description>
            <enclosure url="https://images.bfmtv.com/rMGnHpWbJoqqqrymMJW-E36gPhU=/0x203:2048x1355/800x0/images/Flink-1185721.jpg" length="0" type="image/jpg"/>
        </item>
        <item>
            <title><![CDATA[Orne, Creuse, Jura... La Poste expérimente des bureaux itinérants dans les départements ruraux]]></title>
            <link>https://www.bfmtv.com/economie/entreprises/services/orne-creuse-jura-la-poste-experimente-des-bureaux-itinerants-dans-les-departements-ruraux_AD-202404190089.html</link>
            <guid>https://www.bfmtv.com/economie/entreprises/services/orne-creuse-jura-la-poste-experimente-des-bureaux-itinerants-dans-les-departements-ruraux_AD-202404190089.html</guid>
            <pubDate>Fri, 19 Apr 2024 04:37:58 GMT</pubDate>
            <description><![CDATA[La Poste lance l'expérimentation de bureaux de poste itinérants en zone rurale. Cinq camions jaunes vont sillonner l'Orne, la Creuse, le Gers, le Jura et la Haute-Marne.<br /><br /><img src="https://images.bfmtv.com/31pfGaCMjMvx7cR_A2rMzi-TWps=/0x206:2048x1358/800x0/images/La-Poste-1847373.jpg" />]]></description>
            <enclosure url="https://images.bfmtv.com/31pfGaCMjMvx7cR_A2rMzi-TWps=/0x206:2048x1358/800x0/images/La-Poste-1847373.jpg" length="0" type="image/jpg"/>
        </item>
        <item>
            <title><![CDATA[Livraison de courses à domicile: Flink "va être liquidé" en France]]></title>
            <link>https://www.bfmtv.com/economie/entreprises/services/livraison-de-courses-a-domicile-flink-va-etre-liquide-en-france_AD-202404180865.html</link>
            <guid>https://www.bfmtv.com/economie/entreprises/services/livraison-de-courses-a-domicile-flink-va-etre-liquide-en-france_AD-202404180865.html</guid>
            <pubDate>Thu, 18 Apr 2024 17:34:18 GMT</pubDate>
            <description><![CDATA[La direction du livreur de courses à domicile Flink annonce qu'il "va être liquidé" en France.<br /><br /><img src="https://images.bfmtv.com/rMGnHpWbJoqqqrymMJW-E36gPhU=/0x203:2048x1355/800x0/images/Flink-1185721.jpg" />]]></description>
            <enclosure url="https://images.bfmtv.com/rMGnHpWbJoqqqrymMJW-E36gPhU=/0x203:2048x1355/800x0/images/Flink-1185721.jpg" length="0" type="image/jpg"/>
        </item>
        <item>
            <title><![CDATA[Leclerc, champion de la pub en 2023, détrône Lidl]]></title>
            <link>https://www.bfmtv.com/economie/entreprises/services/leclerc-champion-de-la-pub-en-2023-detrone-lidl_AV-202404100440.html</link>
            <guid>https://www.bfmtv.com/economie/entreprises/services/leclerc-champion-de-la-pub-en-2023-detrone-lidl_AV-202404100440.html</guid>
            <pubDate>Wed, 10 Apr 2024 10:08:08 GMT</pubDate>
            <description><![CDATA[Leclerc est l'entreprise qui a le plus dépensé en annonces publicitaires en 2023, devant Lidl, leader l'an dernier, selon le cabinet Kantar Media.<br /><br /><img src="https://images.bfmtv.com/WlzU3nYEoS8iQE7dnQNSdGXvAh8=/0x106:2048x1258/800x0/images/E-Leclerc-1804168.jpg" />]]></description>
            <enclosure url="https://images.bfmtv.com/WlzU3nYEoS8iQE7dnQNSdGXvAh8=/0x106:2048x1258/800x0/images/E-Leclerc-1804168.jpg" length="0" type="image/jpg"/>
        </item>
        <item>
            <title><![CDATA[Noz va vendre 170.000 paires de chaussures Minelli à prix cassés]]></title>
            <link>https://www.bfmtv.com/economie/entreprises/services/170-000-paires-de-chaussures-minelli-vont-etre-vendues-a-prix-casse-chez-noz_AV-202403280606.html</link>
            <guid>https://www.bfmtv.com/economie/entreprises/services/170-000-paires-de-chaussures-minelli-vont-etre-vendues-a-prix-casse-chez-noz_AV-202403280606.html</guid>
            <pubDate>Thu, 28 Mar 2024 14:38:07 GMT</pubDate>
            <description><![CDATA[Les magasins Noz ont acheté 191.000 articles Minelli, dont 170.000 paires de chaussures, suite au redressement judiciaire et à la reprise de l'enseigne. Ils vont être mis en vente "avant l'été".<br /><br /><img src="https://images.bfmtv.com/DDMvA-T0h34u3J4bYZd4Ty7SuCk=/0x53:1024x629/800x0/images/Minelli-1057275.jpg" />]]></description>
            <enclosure url="https://images.bfmtv.com/DDMvA-T0h34u3J4bYZd4Ty7SuCk=/0x53:1024x629/800x0/images/Minelli-1057275.jpg" length="0" type="image/jpg"/>
        </item>
        <item>
            <title><![CDATA[Telecom Italia approuve l'offre du fonds KKR, Vivendi dénonce une décision "illégale"]]></title>
            <link>https://www.bfmtv.com/economie/entreprises/services/telecom-italia-approuve-l-offre-du-fonds-kkr-vivendi-denonce-une-decision-illegale_AD-202311060128.html</link>
            <guid>https://www.bfmtv.com/economie/entreprises/services/telecom-italia-approuve-l-offre-du-fonds-kkr-vivendi-denonce-une-decision-illegale_AD-202311060128.html</guid>
            <pubDate>Mon, 06 Nov 2023 05:44:55 GMT</pubDate>
            <description><![CDATA[Associé au gouvernement italien, le fonds d'investissement américain KKR a reçu le feu vert de Telecom Italia pour le rachat du réseau fixe de l'opérateur italien.<br /><br /><img src="https://images.bfmtv.com/bts4dVv9ohBU7HplyY3Xv6eK-6A=/4x67:1252x769/800x0/images/-486289.jpg" />]]></description>
            <enclosure url="https://images.bfmtv.com/bts4dVv9ohBU7HplyY3Xv6eK-6A=/4x67:1252x769/800x0/images/-486289.jpg" length="0" type="image/jpg"/>
        </item>
        <item>
            <title><![CDATA[Vivendi juge "positif" l'accord entre Rome et KKR sur le réseau de Telecom Italia]]></title>
            <link>https://www.bfmtv.com/economie/entreprises/services/vivendi-juge-positif-l-accord-entre-rome-et-kkr-sur-le-reseau-de-telecom-italia_AD-202308110540.html</link>
            <guid>https://www.bfmtv.com/economie/entreprises/services/vivendi-juge-positif-l-accord-entre-rome-et-kkr-sur-le-reseau-de-telecom-italia_AD-202308110540.html</guid>
            <pubDate>Fri, 11 Aug 2023 17:28:15 GMT</pubDate>
            <description><![CDATA[Le gouvernement italien et le fonds d'investissement américain KKR envisage une offre conjointe pour racheter le réseau fixe de Telecom Italia, dont Vivendi est le principal actionnaire.<br /><br /><img src="https://images.bfmtv.com/bts4dVv9ohBU7HplyY3Xv6eK-6A=/4x67:1252x769/800x0/images/-486289.jpg" />]]></description>
            <enclosure url="https://images.bfmtv.com/bts4dVv9ohBU7HplyY3Xv6eK-6A=/4x67:1252x769/800x0/images/-486289.jpg" length="0" type="image/jpg"/>
        </item>
        <item>
            <title><![CDATA[Les 5 piliers numériques de l'Estonie qui pourraient inspirer l'Europe]]></title>
            <link>https://www.bfmtv.com/economie/entreprises/services/les-5-piliers-numeriques-de-l-estonie-qui-pourraient-inspirer-l-europe_AN-201707040170.html</link>
            <guid>https://www.bfmtv.com/economie/entreprises/services/les-5-piliers-numeriques-de-l-estonie-qui-pourraient-inspirer-l-europe_AN-201707040170.html</guid>
            <pubDate>Fri, 21 Apr 2023 15:24:25 GMT</pubDate>
            <description><![CDATA[L’Estonie a pris la présidence tournante de l’Union européenne pour les six prochains mois. Précurseur dans le domaine, ce pays de 1,3 million d'habitants a mis le numérique au coeur de son fonctionnement. Suffisant pour inspirer l'Europe pour sa stratégie numérique?<br /><br /><img src="https://images.bfmtv.com/zIOvOOZ3ps98t4va8QGb9V7XJ88=/12x3:1244x696/800x0/images/-463163.jpg" />]]></description>
            <enclosure url="https://images.bfmtv.com/zIOvOOZ3ps98t4va8QGb9V7XJ88=/12x3:1244x696/800x0/images/-463163.jpg" length="0" type="image/jpg"/>
        </item>
        <item>
            <title><![CDATA[Telecom Italia: l'Etat avance ses pions pour prendre le contrôle du réseau]]></title>
            <link>https://www.bfmtv.com/economie/entreprises/services/telecom-italia-l-etat-avance-ses-pions-pour-prendre-le-controle-du-reseau_AD-202303060043.html</link>
            <guid>https://www.bfmtv.com/economie/entreprises/services/telecom-italia-l-etat-avance-ses-pions-pour-prendre-le-controle-du-reseau_AD-202303060043.html</guid>
            <pubDate>Mon, 06 Mar 2023 05:59:47 GMT</pubDate>
            <description><![CDATA[Le gouvernement de Giorgia Meloni veut faire passer sous contrôle public le réseau fixe de Telecom Italia. <br /><br /><img src="https://images.bfmtv.com/xmw_JjpARiJZprNmK4UAb8J4kBQ=/0x40:768x472/800x0/images/L-operateur-Telecom-Italia-TIM-associe-a-la-diffusion-de-la-Serie-A-par-le-diffuseur-DAZN-995273.jpg" />]]></description>
            <enclosure url="https://images.bfmtv.com/xmw_JjpARiJZprNmK4UAb8J4kBQ=/0x40:768x472/800x0/images/L-operateur-Telecom-Italia-TIM-associe-a-la-diffusion-de-la-Serie-A-par-le-diffuseur-DAZN-995273.jpg" length="0" type="image/jpg"/>
        </item>
        <item>
            <title><![CDATA[Tourisme: la France bien partie pour fermer dès cette année la parenthèse Covid]]></title>
            <link>https://www.bfmtv.com/economie/entreprises/services/tourisme-la-france-bien-partie-pour-fermer-des-cette-annee-la-parenthese-covid_AN-202208100383.html</link>
            <guid>https://www.bfmtv.com/economie/entreprises/services/tourisme-la-france-bien-partie-pour-fermer-des-cette-annee-la-parenthese-covid_AN-202208100383.html</guid>
            <pubDate>Wed, 10 Aug 2022 15:40:30 GMT</pubDate>
            <description><![CDATA[Selon l'Insee, le cap des 80 millions de nuitées a presque été franchi au 2e trimestre. La clientèle française a été davantage présente dans les hôtels et campings de l'Hexagone qu'en 2019. Et cet été, le retour des étrangers a permis aux hôteliers de fortement augmenter leurs prix.<br /><br /><img src="https://images.bfmtv.com/2ZYQNtMjKyetay93_UgLBIG_BDk=/0x106:2048x1258/800x0/images/Vacanciers-sur-la-plage-a-Nice-1424714.jpg" />]]></description>
            <enclosure url="https://images.bfmtv.com/2ZYQNtMjKyetay93_UgLBIG_BDk=/0x106:2048x1258/800x0/images/Vacanciers-sur-la-plage-a-Nice-1424714.jpg" length="0" type="image/jpg"/>
        </item>
        <item>
            <title><![CDATA[Pénurie de main d'œuvre dans l'hôtellerie-restauration: "il faut partager la valeur avec les salariés"]]></title>
            <link>https://www.bfmtv.com/economie/entreprises/services/penurie-de-main-d-oeuvre-dans-l-hotellerie-restauration-il-faut-partager-la-valeur-avec-les-salaries_AV-202207110458.html</link>
            <guid>https://www.bfmtv.com/economie/entreprises/services/penurie-de-main-d-oeuvre-dans-l-hotellerie-restauration-il-faut-partager-la-valeur-avec-les-salaries_AV-202207110458.html</guid>
            <pubDate>Mon, 11 Jul 2022 14:50:38 GMT</pubDate>
            <description><![CDATA[Face aux difficultés de recrutement dans l'hôtellerie-restauration, le président de l'Umih saisonniers appelle à "partager la valeur avec les salariés". <br /><br /><img src="https://images.bfmtv.com/QqBIcoi4SD87HbviabPfAvhrhIg=/0x53:1024x629/800x0/images/Restaurant-serveur-verre-terrasse-1415783.jpg" />]]></description>
            <enclosure url="https://images.bfmtv.com/QqBIcoi4SD87HbviabPfAvhrhIg=/0x53:1024x629/800x0/images/Restaurant-serveur-verre-terrasse-1415783.jpg" length="0" type="image/jpg"/>
        </item>
        <item>
            <title><![CDATA[Orange enregistre une forte chute de son bénéfice net en 2021]]></title>
            <link>https://www.bfmtv.com/economie/entreprises/services/orange-enregistre-une-forte-chute-de-son-benefice-net-en-2021_AD-202202170140.html</link>
            <guid>https://www.bfmtv.com/economie/entreprises/services/orange-enregistre-une-forte-chute-de-son-benefice-net-en-2021_AD-202202170140.html</guid>
            <pubDate>Thu, 17 Feb 2022 08:33:42 GMT</pubDate>
            <description><![CDATA[Le groupe télécom affiche un bénéfice net de 233 millions d'euros en 2021, contre 4,8 milliards d'euros l'année précédente. Son chiffre d'affaires, en revanche, est stable.<br /><br /><img src="https://images.bfmtv.com/LhnbGXSwDUAkgnnnihy6Szvul1g=/0x40:768x472/800x0/images/L-enquete-interne-d-Orange-confirme-qu-un-bug-logiciel-a-ete-a-l-origine-de-la-panne-nationale-des-numeros-d-urgence-la-semaine-derniere-1045878.jpg" />]]></description>
            <enclosure url="https://images.bfmtv.com/LhnbGXSwDUAkgnnnihy6Szvul1g=/0x40:768x472/800x0/images/L-enquete-interne-d-Orange-confirme-qu-un-bug-logiciel-a-ete-a-l-origine-de-la-panne-nationale-des-numeros-d-urgence-la-semaine-derniere-1045878.jpg" length="0" type="image/jpg"/>
        </item>
        <item>
            <title><![CDATA[Ils gagnent jusqu'à 1.500 euros par mois en draguant pour vous]]></title>
            <link>https://www.bfmtv.com/economie/entreprises/services/ils-gagnent-jusqu-a-1-500-euros-par-mois-en-draguant-pour-vous_AV-201510110071.html</link>
            <guid>https://www.bfmtv.com/economie/entreprises/services/ils-gagnent-jusqu-a-1-500-euros-par-mois-en-draguant-pour-vous_AV-201510110071.html</guid>
            <pubDate>Mon, 14 Feb 2022 12:13:31 GMT</pubDate>
            <description><![CDATA[Pris par des rendez-vous incessants, des cadres ou des chefs d'entreprise n'ont pas toujours le temps de trouver l'âme sœur sur le net. Une solution: recourir à un champion de la séduction, qui va se charger de leur dénicher des rendez-vous.<br /><br /><img src="https://images.bfmtv.com/gX0frlx4fxFi-qiUYIUwD2BTwdw=/0x0:1920x1080/800x0/images/-109514.jpg" />]]></description>
            <enclosure url="https://images.bfmtv.com/gX0frlx4fxFi-qiUYIUwD2BTwdw=/0x0:1920x1080/800x0/images/-109514.jpg" length="0" type="image/jpg"/>
        </item>
        <item>
            <title><![CDATA[Salaires: le bras de fer continue dans l'hôtellerie-restauration]]></title>
            <link>https://www.bfmtv.com/economie/entreprises/services/salaires-le-bras-de-fer-continue-dans-l-hotellerie-restauration_AV-202112200118.html</link>
            <guid>https://www.bfmtv.com/economie/entreprises/services/salaires-le-bras-de-fer-continue-dans-l-hotellerie-restauration_AV-202112200118.html</guid>
            <pubDate>Mon, 20 Dec 2021 08:41:51 GMT</pubDate>
            <description><![CDATA[Les organisations patronales des secteurs de l’hôtellerie et de la restauration proposent une nouvelle grille en augmentant de 16% en moyenne les salaires. Mais les syndicats demandent également des avancées sur les conditions de travail.<br /><br /><img src="https://images.bfmtv.com/4FPeIzaeTtupeOoLKrh06SMtM0I=/0x53:1024x629/800x0/images/Restaurant-1066736.jpg" />]]></description>
            <enclosure url="https://images.bfmtv.com/4FPeIzaeTtupeOoLKrh06SMtM0I=/0x53:1024x629/800x0/images/Restaurant-1066736.jpg" length="0" type="image/jpg"/>
        </item>
        <item>
            <title><![CDATA[Boom des réservations pour les gîtes et hébergements individuels à Noël]]></title>
            <link>https://www.bfmtv.com/economie/entreprises/services/boom-des-reservations-pour-les-gites-et-hebergements-individuels-a-noel_AV-202112150291.html</link>
            <guid>https://www.bfmtv.com/economie/entreprises/services/boom-des-reservations-pour-les-gites-et-hebergements-individuels-a-noel_AV-202112150291.html</guid>
            <pubDate>Wed, 15 Dec 2021 12:53:32 GMT</pubDate>
            <description><![CDATA[Mer, campagne ou montagne: les gîtes et les hébergements individuels connaissent une forte hausse des réservations pour les vacances de Noël.<br /><br /><img src="https://images.bfmtv.com/5wx-ydOoyz55mRPgItFMi1Boq9E=/3x60:1123x690/800x0/images/1105740.jpg" />]]></description>
            <enclosure url="https://images.bfmtv.com/5wx-ydOoyz55mRPgItFMi1Boq9E=/3x60:1123x690/800x0/images/1105740.jpg" length="0" type="image/jpg"/>
        </item>
        <item>
            <title><![CDATA[Telecom Italia: Bolloré et Vivendi prêts à une reprise publique du réseau]]></title>
            <link>https://www.bfmtv.com/economie/entreprises/services/telecom-italia-bollore-et-vivendi-prets-a-une-reprise-publique-du-reseau_AD-202112070029.html</link>
            <guid>https://www.bfmtv.com/economie/entreprises/services/telecom-italia-bollore-et-vivendi-prets-a-une-reprise-publique-du-reseau_AD-202112070029.html</guid>
            <pubDate>Tue, 07 Dec 2021 05:26:00 GMT</pubDate>
            <description><![CDATA[En plein combat avec le fonds américain KKR, Vivendi veut récupérer sa mise dans l'opérateur transalpin et pourrait accepter une intervention du gouvernement.<br /><br /><img src="https://images.bfmtv.com/eug04Jvz0mpJOk1fHA3b4ub1q_Y=/0x0:1280x720/800x0/images/Vivendi-prend-la-tete-du-CAC-jeudi-matin-1103734.jpg" />]]></description>
            <enclosure url="https://images.bfmtv.com/eug04Jvz0mpJOk1fHA3b4ub1q_Y=/0x0:1280x720/800x0/images/Vivendi-prend-la-tete-du-CAC-jeudi-matin-1103734.jpg" length="0" type="image/jpg"/>
        </item>
        <item>
            <title><![CDATA[Telecom Italia perd son patron et va examiner l'offre de KKR]]></title>
            <link>https://www.bfmtv.com/economie/entreprises/services/telecom-italia-perd-son-patron-et-va-examiner-l-offre-de-kkr_AD-202111270092.html</link>
            <guid>https://www.bfmtv.com/economie/entreprises/services/telecom-italia-perd-son-patron-et-va-examiner-l-offre-de-kkr_AD-202111270092.html</guid>
            <pubDate>Sat, 27 Nov 2021 09:57:35 GMT</pubDate>
            <description><![CDATA[Le directeur général de Telecom Italia, Luigi Gubitosi, a démissionné vendredi, alors que le fonds privé américain KKR a fait une offre d'environ 11 milliards d'euros pour l'ensemble du groupe.<br /><br /><img src="https://images.bfmtv.com/xmw_JjpARiJZprNmK4UAb8J4kBQ=/0x40:768x472/800x0/images/L-operateur-Telecom-Italia-TIM-associe-a-la-diffusion-de-la-Serie-A-par-le-diffuseur-DAZN-995273.jpg" />]]></description>
            <enclosure url="https://images.bfmtv.com/xmw_JjpARiJZprNmK4UAb8J4kBQ=/0x40:768x472/800x0/images/L-operateur-Telecom-Italia-TIM-associe-a-la-diffusion-de-la-Serie-A-par-le-diffuseur-DAZN-995273.jpg" length="0" type="image/jpg"/>
        </item>
        <item>
            <title><![CDATA[Le manque d'effectifs plombe la reprise du secteur de l'évènementiel]]></title>
            <link>https://www.bfmtv.com/economie/entreprises/services/le-manque-d-effectifs-plombe-la-reprise-du-secteur-de-l-evenementiel_AD-202111040074.html</link>
            <guid>https://www.bfmtv.com/economie/entreprises/services/le-manque-d-effectifs-plombe-la-reprise-du-secteur-de-l-evenementiel_AD-202111040074.html</guid>
            <pubDate>Thu, 04 Nov 2021 06:58:27 GMT</pubDate>
            <description><![CDATA[Le secteur de l'évènementiel, paralysé pendant des mois par la crise sanitaire, a retrouvé une activité soutenue, mais peine à recruter.<br /><br /><img src="https://images.bfmtv.com/FnEJG59hGf0xtGCmWCyl7sX9iUE=/0x31:1024x607/800x0/images/Salon-407633.jpg" />]]></description>
            <enclosure url="https://images.bfmtv.com/FnEJG59hGf0xtGCmWCyl7sX9iUE=/0x31:1024x607/800x0/images/Salon-407633.jpg" length="0" type="image/jpg"/>
        </item>
        <item>
            <title><![CDATA[Emmanuel Macron annonce la défiscalisation des pourboires payés par carte bancaire]]></title>
            <link>https://www.bfmtv.com/economie/entreprises/services/emmanuel-macron-annonce-la-defiscalisation-des-pourboires-payes-par-carte-bancaire_AD-202109270158.html</link>
            <guid>https://www.bfmtv.com/economie/entreprises/services/emmanuel-macron-annonce-la-defiscalisation-des-pourboires-payes-par-carte-bancaire_AD-202109270158.html</guid>
            <pubDate>Mon, 27 Sep 2021 09:23:32 GMT</pubDate>
            <description><![CDATA[Les pourboires payés par carte bancaire dans les cafés et restaurants seront désormais défiscalisés.<br /><br /><img src="https://images.bfmtv.com/x7Oz4kKRTp-zqKIocCo_7bnRdtc=/0x57:1056x651/800x0/images/-152255.jpg" />]]></description>
            <enclosure url="https://images.bfmtv.com/x7Oz4kKRTp-zqKIocCo_7bnRdtc=/0x57:1056x651/800x0/images/-152255.jpg" length="0" type="image/jpg"/>
        </item>
        <item>
            <title><![CDATA[Pénurie de main d'oeuvre dans la restauration: la faute aux salaires?]]></title>
            <link>https://www.bfmtv.com/economie/entreprises/services/penurie-de-main-d-oeuvre-dans-la-restauration-la-faute-aux-salaires_AV-202109060319.html</link>
            <guid>https://www.bfmtv.com/economie/entreprises/services/penurie-de-main-d-oeuvre-dans-la-restauration-la-faute-aux-salaires_AV-202109060319.html</guid>
            <pubDate>Mon, 06 Sep 2021 14:57:39 GMT</pubDate>
            <description><![CDATA[Jugeant trop bas les salaires de la branche, la ministre du Travail, Elisabeth Borne, attend des restaurateurs qu'ils "mettent des propositions sur la table". De fait les rémunérations, en salle comme en cuisine, restent faibles compte tenu des contraintes horaires. <br /><br /><img src="https://images.bfmtv.com/-onajTGxuvgFOjcDZRC33vHw1wM=/0x39:768x471/800x0/images/Un-serveur-a-la-terrasse-de-l-etablissement-des-Deux-Magots-a-Paris-le-19-mai-2021-1070954.jpg" />]]></description>
            <enclosure url="https://images.bfmtv.com/-onajTGxuvgFOjcDZRC33vHw1wM=/0x39:768x471/800x0/images/Un-serveur-a-la-terrasse-de-l-etablissement-des-Deux-Magots-a-Paris-le-19-mai-2021-1070954.jpg" length="0" type="image/jpg"/>
        </item>
        <item>
            <title><![CDATA[L'école du numérique Rocket School se diversifie et veut former à des métiers plus traditionnels]]></title>
            <link>https://www.bfmtv.com/economie/entreprises/services/l-ecole-du-numerique-rocket-school-se-diversifie-et-veut-former-a-des-metiers-plus-traditionnels_AV-202108200064.html</link>
            <guid>https://www.bfmtv.com/economie/entreprises/services/l-ecole-du-numerique-rocket-school-se-diversifie-et-veut-former-a-des-metiers-plus-traditionnels_AV-202108200064.html</guid>
            <pubDate>Fri, 20 Aug 2021 06:50:06 GMT</pubDate>
            <description><![CDATA[Réputée pour former aux métiers du numériques sans prérequis de diplôme, la Rocket School élargit son activité pour former de futurs plombiers, électriciens ou encore ouvriers du bâtiment. <br /><br /><img src="https://images.bfmtv.com/dIUsf2VJ65FE19PmtbbEiNR5SYc=/0x58:768x490/800x0/images/-471551.jpg" />]]></description>
            <enclosure url="https://images.bfmtv.com/dIUsf2VJ65FE19PmtbbEiNR5SYc=/0x58:768x490/800x0/images/-471551.jpg" length="0" type="image/jpg"/>
        </item>
        <item>
            <title><![CDATA[Les hôteliers indépendants veulent rééquilibrer leurs rapports avec les grandes plateformes de réservation]]></title>
            <link>https://www.bfmtv.com/economie/entreprises/services/les-hoteliers-independants-veulent-reequilibrer-leurs-rapports-avec-les-grandes-plateformes-de-reservation_AV-202108110078.html</link>
            <guid>https://www.bfmtv.com/economie/entreprises/services/les-hoteliers-independants-veulent-reequilibrer-leurs-rapports-avec-les-grandes-plateformes-de-reservation_AV-202108110078.html</guid>
            <pubDate>Wed, 11 Aug 2021 07:59:49 GMT</pubDate>
            <description><![CDATA[Thomas Richard, président de la chaîne associative Contact Hôtels, était l'invité ce mercredi matin de Good Morning Business sur BFM Business.<br /><br /><img src="https://images.bfmtv.com/SLPkwvfqY8439i0oVEmdvTv30FY=/0x0:1280x720/800x0/images/Thomas-Richard-Contact-Hotels-1082444.jpg" />]]></description>
            <enclosure url="https://images.bfmtv.com/SLPkwvfqY8439i0oVEmdvTv30FY=/0x0:1280x720/800x0/images/Thomas-Richard-Contact-Hotels-1082444.jpg" length="0" type="image/jpg"/>
        </item>
        <item>
            <title><![CDATA[Amer, le patron d'Accor aurait aimé que les salariés "soient au rendez-vous" à la réouverture]]></title>
            <link>https://www.bfmtv.com/economie/entreprises/services/amer-le-patron-d-accor-aurait-aime-que-les-salaries-soient-au-rendez-vous-a-la-reouverture_AV-202107160071.html</link>
            <guid>https://www.bfmtv.com/economie/entreprises/services/amer-le-patron-d-accor-aurait-aime-que-les-salaries-soient-au-rendez-vous-a-la-reouverture_AV-202107160071.html</guid>
            <pubDate>Fri, 16 Jul 2021 06:05:02 GMT</pubDate>
            <description><![CDATA[Dans un entretien aux Echos, le patron du groupe hôtelier rappelle que la survie du secteur dépend du retour des collaborateurs. Tout en jugeant "légitimes" les causes de cette pénurie de main d'œuvre…<br /><br /><img src="https://images.bfmtv.com/XeJjgJO3zPYp7_swIEni67YuRkM=/6x225:3430x2151/800x0/images/-453330.jpg" />]]></description>
            <enclosure url="https://images.bfmtv.com/XeJjgJO3zPYp7_swIEni67YuRkM=/6x225:3430x2151/800x0/images/-453330.jpg" length="0" type="image/jpg"/>
        </item>
        <item>
            <title><![CDATA[Avec ses cartes désormais gratuites, l'IGN veut "rester dans la course" face à Google Maps]]></title>
            <link>https://www.bfmtv.com/economie/entreprises/services/avec-ses-cartes-desormais-gratuites-l-ign-veut-rester-dans-la-course-face-a-google-maps_AV-202106280108.html</link>
            <guid>https://www.bfmtv.com/economie/entreprises/services/avec-ses-cartes-desormais-gratuites-l-ign-veut-rester-dans-la-course-face-a-google-maps_AV-202106280108.html</guid>
            <pubDate>Mon, 28 Jun 2021 07:15:03 GMT</pubDate>
            <description><![CDATA[Sur BFM Business, le nouveau directeur général de l'Institut national de l'information géographique et forestière explique les raisons du changement de modèle économique de l'institution. <br /><br /><img src="https://images.bfmtv.com/kAqDe0b5ge0qyftyTe5zKdUS64s=/0x0:1280x720/800x0/images/Sebastien-Soriano-IGN-L-IGN-va-lancer-sa-nouvelle-plateforme-et-souhaite-concurrencer-les-GAFA-avec-une-geolocalisation-securisee-28-06-1056853.jpg" />]]></description>
            <enclosure url="https://images.bfmtv.com/kAqDe0b5ge0qyftyTe5zKdUS64s=/0x0:1280x720/800x0/images/Sebastien-Soriano-IGN-L-IGN-va-lancer-sa-nouvelle-plateforme-et-souhaite-concurrencer-les-GAFA-avec-une-geolocalisation-securisee-28-06-1056853.jpg" length="0" type="image/jpg"/>
        </item>
        <item>
            <title><![CDATA[Numéros d'urgence: comment expliquer la panne]]></title>
            <link>https://www.bfmtv.com/economie/entreprises/services/numeros-d-urgence-comment-expliquer-la-panne_VN-202106030316.html</link>
            <guid>https://www.bfmtv.com/economie/entreprises/services/numeros-d-urgence-comment-expliquer-la-panne_VN-202106030316.html</guid>
            <pubDate>Thu, 03 Jun 2021 13:46:37 GMT</pubDate>
            <description><![CDATA[Alors que les numéros d'urgence comme le 15, le 17, le 18, étaient inaccessibles hier pendant plusieurs heures, Raphaël Grably dresse les différentes hypothèses qui peuvent expliquer cette panne nationale.<br /><br /><img src="https://images.bfmtv.com/guPi4Q7_FiGUlCSsH-v0PlqeEaA=/0x0:1280x720/800x0/images/Numeros-d-urgence-comment-expliquer-la-panne-1040167.jpg" />]]></description>
            <enclosure url="https://images.bfmtv.com/guPi4Q7_FiGUlCSsH-v0PlqeEaA=/0x0:1280x720/800x0/images/Numeros-d-urgence-comment-expliquer-la-panne-1040167.jpg" length="0" type="image/jpg"/>
        </item>
    </channel>
</rss>