<?xml version="1.0" encoding="utf-8"?>
<rss version="2.0" xmlns:atom="http://www.w3.org/2005/Atom">
    <channel>
        <title>Home Saint-Etienne - actualités</title>
        <link>https://www.bfmtv.com/saint-etienne/</link>
        <description>Suivez toute l'actualité politique, économique, météo, sportive et sociale de Saint-Etienne ses alentours en temps réel</description>
        <lastBuildDate>Mon, 10 Feb 2025 12:41:15 GMT</lastBuildDate>
        <docs>http://blogs.law.harvard.edu/tech/rss</docs>
        <generator>BFMTV</generator>
        <language>fr</language>
        <image>
            <title>Home Saint-Etienne - actualités</title>
            <url>https://www.bfmtv.com/assets/v11/images/BFMTV_default_16x9.8715a163008e9f3fc3799c8e2c6ebafa.jpg</url>
            <link>https://www.bfmtv.com/saint-etienne/</link>
        </image>
        <copyright>Copyright BFMTV</copyright>
        <category>Home Saint-Etienne - actualités</category>
        <atom:link href="https://www.bfmtv.com/saint-etienne/" rel="self" type="application/rss+xml"/>
        <item>
            <title><![CDATA[L'ex-secrétaire d'État socialiste Thierry Mandon condamné à 12 mois de prison avec sursis]]></title>
            <link>https://www.bfmtv.com/saint-etienne/l-ex-secretaire-d-etat-socialiste-thierry-mandon-condamne-a-12-mois-de-prison-avec-sursis_AD-202411160166.html</link>
            <guid>https://www.bfmtv.com/saint-etienne/l-ex-secretaire-d-etat-socialiste-thierry-mandon-condamne-a-12-mois-de-prison-avec-sursis_AD-202411160166.html</guid>
            <pubDate>Sat, 16 Nov 2024 07:34:17 GMT</pubDate>
            <description><![CDATA[Le tribunal correctionnel de Saint-Etienne a reconnu coupable, vendredi 15 novembre, l'ancien secrétaire d'État Thierry Mandon, pour plusieurs chefs, dont "tentative de détournement de biens publics".<br /><br /><img src="https://images.bfmtv.com/YEutRquR3PUTQvYoC1uLn3C_b9E=/0x39:768x471/800x0/images/Thierry-Mandon-le-27-janvier-2017-a-Brest-1802317.jpg" />]]></description>
            <enclosure url="https://images.bfmtv.com/YEutRquR3PUTQvYoC1uLn3C_b9E=/0x39:768x471/800x0/images/Thierry-Mandon-le-27-janvier-2017-a-Brest-1802317.jpg" length="0" type="image/jpg"/>
        </item>
        <item>
            <title><![CDATA[Saint-Étienne: un élève de 8 ans menace de poignarder sa maîtresse, des couteaux trouvés dans son sac]]></title>
            <link>https://www.bfmtv.com/saint-etienne/saint-etienne-un-eleve-de-8-ans-menace-de-poignarder-sa-maitresse-des-couteaux-trouves-dans-son-sac_AN-202403240326.html</link>
            <guid>https://www.bfmtv.com/saint-etienne/saint-etienne-un-eleve-de-8-ans-menace-de-poignarder-sa-maitresse-des-couteaux-trouves-dans-son-sac_AN-202403240326.html</guid>
            <pubDate>Sun, 24 Mar 2024 17:25:50 GMT</pubDate>
            <description><![CDATA[Un élève de CE2 a menacé de poignarder sa maîtresse et des policiers vendredi à Saint-Étienne. Il suivait déjà un traitement visant à prévenir des comportements violents.<br /><br /><img src="https://images.bfmtv.com/7ILx0nXOjssn0IghWduxIyFo2es=/1x20:1233x713/800x0/images/ecole-saint-charles-saint-etienne-1831165.jpg" />]]></description>
            <enclosure url="https://images.bfmtv.com/7ILx0nXOjssn0IghWduxIyFo2es=/1x20:1233x713/800x0/images/ecole-saint-charles-saint-etienne-1831165.jpg" length="0" type="image/jpg"/>
        </item>
        <item>
            <title><![CDATA[Chantage à la sextape: dix élus de la majorité se désolidarisent du maire de Saint-Étienne Gaël Perdriau]]></title>
            <link>https://www.bfmtv.com/saint-etienne/chantage-a-la-sextape-dix-elus-de-la-majorite-se-desolidarisent-du-maire-de-saint-etienne-gael-perdriau_AD-202401221007.html</link>
            <guid>https://www.bfmtv.com/saint-etienne/chantage-a-la-sextape-dix-elus-de-la-majorite-se-desolidarisent-du-maire-de-saint-etienne-gael-perdriau_AD-202401221007.html</guid>
            <pubDate>Mon, 22 Jan 2024 21:15:57 GMT</pubDate>
            <description><![CDATA[L'édile, mis en examen, reste toutefois à la tête d’un groupe de 34 élus, majoritaire au sein du conseil municipal.<br /><br /><img src="https://images.bfmtv.com/6SxMcArv_KeF4_1VlVX4FrroOBs=/0x212:2048x1364/800x0/images/Gael-Perdriau-maire-de-Saint-Etienne-en-septembre-2022-photo-d-illustration-1612695.jpg" />]]></description>
            <enclosure url="https://images.bfmtv.com/6SxMcArv_KeF4_1VlVX4FrroOBs=/0x212:2048x1364/800x0/images/Gael-Perdriau-maire-de-Saint-Etienne-en-septembre-2022-photo-d-illustration-1612695.jpg" length="0" type="image/jpg"/>
        </item>
        <item>
            <title><![CDATA[Chantage à la sextape: le maire de Saint-Étienne Gaël Perdriau à nouveau mis en examen]]></title>
            <link>https://www.bfmtv.com/saint-etienne/chantage-a-la-sextape-le-maire-de-saint-etienne-gael-perdriau-a-nouveau-mis-en-examen_AD-202401190904.html</link>
            <guid>https://www.bfmtv.com/saint-etienne/chantage-a-la-sextape-le-maire-de-saint-etienne-gael-perdriau-a-nouveau-mis-en-examen_AD-202401190904.html</guid>
            <pubDate>Fri, 19 Jan 2024 19:05:40 GMT</pubDate>
            <description><![CDATA[Après un nouvel interrogatoire ce vendredi 19 janvier, Gaël Perdriau a été mis en examen pour la seconde fois dans l'affaire du chantage à la sextape à Saint-Étienne. <br /><br /><img src="https://images.bfmtv.com/6SxMcArv_KeF4_1VlVX4FrroOBs=/0x212:2048x1364/800x0/images/Gael-Perdriau-maire-de-Saint-Etienne-en-septembre-2022-photo-d-illustration-1612695.jpg" />]]></description>
            <enclosure url="https://images.bfmtv.com/6SxMcArv_KeF4_1VlVX4FrroOBs=/0x212:2048x1364/800x0/images/Gael-Perdriau-maire-de-Saint-Etienne-en-septembre-2022-photo-d-illustration-1612695.jpg" length="0" type="image/jpg"/>
        </item>
        <item>
            <title><![CDATA[Chantage à la sextape: l'ex-directeur de cabinet du maire de Saint-Étienne incarcéré pour défaut de paiement de caution]]></title>
            <link>https://www.bfmtv.com/saint-etienne/chantage-a-la-sextape-l-ex-directeur-de-cabinet-de-perdriau-incarcere-pour-defaut-de-paiement-de-caution_AD-202306190545.html</link>
            <guid>https://www.bfmtv.com/saint-etienne/chantage-a-la-sextape-l-ex-directeur-de-cabinet-de-perdriau-incarcere-pour-defaut-de-paiement-de-caution_AD-202306190545.html</guid>
            <pubDate>Mon, 19 Jun 2023 13:23:16 GMT</pubDate>
            <description><![CDATA[L'ancien chef de cabinet du maire de Saint Etienne, Pierre Gauttieri, a été placé lundi en détention provisoire pour "non respect de son contrôle judiciaire", n'ayant pas payé dans les délais la caution fixée après sa mise en examen, a-t-on appris auprès du parquet de Lyon.<br /><br /><img src="https://images.bfmtv.com/LJGRUEhxZb5UC3UeMu6EbrD7lVI=/0x0:768x432/800x0/images/Le-maire-de-Saint-Etienne-Gael-Perdriau-peu-apres-son-election-le-4-avril-2014-1481325.jpg" />]]></description>
            <enclosure url="https://images.bfmtv.com/LJGRUEhxZb5UC3UeMu6EbrD7lVI=/0x0:768x432/800x0/images/Le-maire-de-Saint-Etienne-Gael-Perdriau-peu-apres-son-election-le-4-avril-2014-1481325.jpg" length="0" type="image/jpg"/>
        </item>
        <item>
            <title><![CDATA[Le maire de Saint-Étienne, mis en examen, conteste "avec la plus grande vigueur" l'accusation de chantage à la sex-tape]]></title>
            <link>https://www.bfmtv.com/saint-etienne/saint-etienne-gael-perdriau-mis-en-examen-conteste-avec-la-plus-grand-vigueur-l-accusation-de-chantage-a-la-sex-tape_AD-202304070580.html</link>
            <guid>https://www.bfmtv.com/saint-etienne/saint-etienne-gael-perdriau-mis-en-examen-conteste-avec-la-plus-grand-vigueur-l-accusation-de-chantage-a-la-sex-tape_AD-202304070580.html</guid>
            <pubDate>Fri, 07 Apr 2023 16:05:47 GMT</pubDate>
            <description><![CDATA[Gaël Perdriau, mis en examen jeudi pour chantage sur l'usage d'une vidéo compromettante de son ancien premier adjoint, a clamé son innocence ce vendredi dans un communiqué.<br /><br /><img src="https://images.bfmtv.com/6SxMcArv_KeF4_1VlVX4FrroOBs=/0x212:2048x1364/800x0/images/Gael-Perdriau-maire-de-Saint-Etienne-en-septembre-2022-photo-d-illustration-1612695.jpg" />]]></description>
            <enclosure url="https://images.bfmtv.com/6SxMcArv_KeF4_1VlVX4FrroOBs=/0x212:2048x1364/800x0/images/Gael-Perdriau-maire-de-Saint-Etienne-en-septembre-2022-photo-d-illustration-1612695.jpg" length="0" type="image/jpg"/>
        </item>
        <item>
            <title><![CDATA[Chantage à la sextape: le maire de Saint-Étienne Gaël Perdriau mis en examen]]></title>
            <link>https://www.bfmtv.com/saint-etienne/chantage-a-la-sextape-le-maire-de-saint-etienne-gael-perdriau-mis-en-examen_AD-202304060762.html</link>
            <guid>https://www.bfmtv.com/saint-etienne/chantage-a-la-sextape-le-maire-de-saint-etienne-gael-perdriau-mis-en-examen_AD-202304060762.html</guid>
            <pubDate>Thu, 06 Apr 2023 20:13:04 GMT</pubDate>
            <description><![CDATA[Gaël Perdriau est accusé d'être le commanditaire d'une sextape pour exercer un chantage sur son ancien premier adjoint. Son avocat a annoncé qu'il avait été mis en examen ce jeudi.<br /><br /><img src="https://images.bfmtv.com/XpQJvDhHLYJ9xmQYPUo5aXCexGM=/0x106:2048x1258/800x0/images/Gael-Perdriau-1536609.jpg" />]]></description>
            <enclosure url="https://images.bfmtv.com/XpQJvDhHLYJ9xmQYPUo5aXCexGM=/0x106:2048x1258/800x0/images/Gael-Perdriau-1536609.jpg" length="0" type="image/jpg"/>
        </item>
        <item>
            <title><![CDATA[Saint-Étienne: un surveillant de prison condamné à 18 mois de prison pour corruption]]></title>
            <link>https://www.bfmtv.com/saint-etienne/saint-etienne-un-surveillant-de-prison-condamne-a-18-mois-de-prison-pour-corruption_AD-202303110272.html</link>
            <guid>https://www.bfmtv.com/saint-etienne/saint-etienne-un-surveillant-de-prison-condamne-a-18-mois-de-prison-pour-corruption_AD-202303110272.html</guid>
            <pubDate>Sat, 11 Mar 2023 14:37:44 GMT</pubDate>
            <description><![CDATA[Le prévenu a reconnu qu'il s'était "laissé entraîner par gentillesse à rentrer des colis". Il a également été condamné à une interdiction définitive d'exercer dans la fonction publique. <br /><br /><img src="https://images.bfmtv.com/Vhr4H-nkgLfGf3uJd-EYfOhzpps=/0x0:800x450/800x0/images/La-balance-de-la-Justice-illustration-959450.jpg" />]]></description>
            <enclosure url="https://images.bfmtv.com/Vhr4H-nkgLfGf3uJd-EYfOhzpps=/0x0:800x450/800x0/images/La-balance-de-la-Justice-illustration-959450.jpg" length="0" type="image/jpg"/>
        </item>
        <item>
            <title><![CDATA[Carambolage sur l'A72: un mort et 3 blessés graves dans un accident "probablement lié au verglas et au brouillard"]]></title>
            <link>https://www.bfmtv.com/saint-etienne/loire-un-accident-implique-une-vingtaine-voitures-sur-l-a72-au-moins-un-mort_AD-202212050220.html</link>
            <guid>https://www.bfmtv.com/saint-etienne/loire-un-accident-implique-une-vingtaine-voitures-sur-l-a72-au-moins-un-mort_AD-202212050220.html</guid>
            <pubDate>Mon, 05 Dec 2022 15:46:15 GMT</pubDate>
            <description><![CDATA[Un carambolage a lieu peu après 6h ce lundi matin sur l'autoroute A72 au niveau de Veauchette au nord de Saint-Étienne. Un bilan provisoire fait état d'un mort et 11 blessés, dont 3 graves. "Le verglas mêlé au brouillard" semble en cause.<br /><br /><img src="https://images.bfmtv.com/oH0DkLJPMZCuEX6cuGh4v3ZQG4s=/0x0:1920x1080/800x0/images/Un-vaste-carambolage-a-fait-au-moins-un-mort-sur-l-A72-au-niveau-de-Veauchette-au-nord-de-Saint-Etienne-ce-lundi-5-decembre-1534163.jpg" />]]></description>
            <enclosure url="https://images.bfmtv.com/oH0DkLJPMZCuEX6cuGh4v3ZQG4s=/0x0:1920x1080/800x0/images/Un-vaste-carambolage-a-fait-au-moins-un-mort-sur-l-A72-au-niveau-de-Veauchette-au-nord-de-Saint-Etienne-ce-lundi-5-decembre-1534163.jpg" length="0" type="image/jpg"/>
        </item>
        <item>
            <title><![CDATA[Affaire de la sextape: Gaël Perdriau ne démissionnera pas en cas de mise en examen]]></title>
            <link>https://www.bfmtv.com/saint-etienne/affaire-de-la-sextape-gael-perdriau-ne-demissionnera-pas-en-cas-de-mise-en-examen_AD-202211280739.html</link>
            <guid>https://www.bfmtv.com/saint-etienne/affaire-de-la-sextape-gael-perdriau-ne-demissionnera-pas-en-cas-de-mise-en-examen_AD-202211280739.html</guid>
            <pubDate>Mon, 28 Nov 2022 19:51:04 GMT</pubDate>
            <description><![CDATA[Mise en cause dans l'affaire de la sextape, le maire de Saint-Etienne justifie ce choix en déclarant qu'une personne mise en examen est toujours présumée innocente.<br /><br /><img src="https://images.bfmtv.com/vtUNYTJ3ATXSEiTjrr-425qc5VI=/0x87:768x519/800x0/images/Le-maire-de-Saint-Etienne-Gael-Perdriau-au-siege-de-l-Assemblee-des-departements-de-France-a-Paris-le-3-juillet-2018-1482745.jpg" />]]></description>
            <enclosure url="https://images.bfmtv.com/vtUNYTJ3ATXSEiTjrr-425qc5VI=/0x87:768x519/800x0/images/Le-maire-de-Saint-Etienne-Gael-Perdriau-au-siege-de-l-Assemblee-des-departements-de-France-a-Paris-le-3-juillet-2018-1482745.jpg" length="0" type="image/jpg"/>
        </item>
        <item>
            <title><![CDATA[Chantage à la sextape: Gaël Perdriau se met en congés de ses fonctions à la métropole de Saint-Étienne]]></title>
            <link>https://www.bfmtv.com/saint-etienne/saint-etienne-gael-perdriau-se-met-en-conges-de-ses-fonctions-a-la-metropole-de-saint-etienne_AD-202209220462.html</link>
            <guid>https://www.bfmtv.com/saint-etienne/saint-etienne-gael-perdriau-se-met-en-conges-de-ses-fonctions-a-la-metropole-de-saint-etienne_AD-202209220462.html</guid>
            <pubDate>Thu, 22 Sep 2022 13:39:28 GMT</pubDate>
            <description><![CDATA[Le maire de Saint-Étienne a été placé en garde à vue le 13 septembre pour son possible rôle dans un chantage à la sextape effectué sur l'un de ses anciens adjoints. <br /><br /><img src="https://images.bfmtv.com/vTPnQUHUdTb5dr_biMRzDh2WhMo=/0x0:4992x2808/800x0/images/-139628.jpg" />]]></description>
            <enclosure url="https://images.bfmtv.com/vTPnQUHUdTb5dr_biMRzDh2WhMo=/0x0:4992x2808/800x0/images/-139628.jpg" length="0" type="image/jpg"/>
        </item>
        <item>
            <title><![CDATA[Chantage à la sextape à Saint-Etienne: des agents municipaux entrent de force dans la mairie]]></title>
            <link>https://www.bfmtv.com/saint-etienne/chantage-a-la-sextape-a-saint-etienne-des-agents-municipaux-entrent-de-force-dans-la-mairie_AV-202209150673.html</link>
            <guid>https://www.bfmtv.com/saint-etienne/chantage-a-la-sextape-a-saint-etienne-des-agents-municipaux-entrent-de-force-dans-la-mairie_AV-202209150673.html</guid>
            <pubDate>Thu, 15 Sep 2022 17:18:28 GMT</pubDate>
            <description><![CDATA[En pleinte tempête politico-judiciaire, la mairie de Saint-Étienne a été investie ce jeudi matin par des agents municipaux qui dénoncent des conditions de travail "intenables". <br /><br /><img src="https://images.bfmtv.com/ZNX88b07pjXYTuKxSYdoNpI8Vmo=/0x40:768x472/800x0/images/La-facade-de-la-mairie-de-Saint-Etienne-le-29-novembre-2013-1482826.jpg" />]]></description>
            <enclosure url="https://images.bfmtv.com/ZNX88b07pjXYTuKxSYdoNpI8Vmo=/0x40:768x472/800x0/images/La-facade-de-la-mairie-de-Saint-Etienne-le-29-novembre-2013-1482826.jpg" length="0" type="image/jpg"/>
        </item>
        <item>
            <title><![CDATA[Plainte pour chantage à la sextape: le maire de Saint-Etienne dénonce des "accusations ignobles"]]></title>
            <link>https://www.bfmtv.com/saint-etienne/plainte-pour-chantage-a-la-sextape-le-maire-de-saint-etienne-denonce-des-accusations-ignobles_AD-202208310385.html</link>
            <guid>https://www.bfmtv.com/saint-etienne/plainte-pour-chantage-a-la-sextape-le-maire-de-saint-etienne-denonce-des-accusations-ignobles_AD-202208310385.html</guid>
            <pubDate>Wed, 31 Aug 2022 12:44:10 GMT</pubDate>
            <description><![CDATA[Le maire les Républicains de Saint-Etienne, Gaël Perdriau, conteste les accusations dont il est l'objet de la part d'un de ses anciens adjoints, Gilles Artigues. Il est soupçonné d'avoir fait chanter ce dernier.<br /><br /><img src="https://images.bfmtv.com/w7gRK3gDBrXLsOixZnR-ey1_bPw=/0x0:768x432/800x0/images/Le-maire-de-Saint-Etienne-Gael-Perdriau-lors-d-une-reunion-publique-le-26-juin-2019-1472192.jpg" />]]></description>
            <enclosure url="https://images.bfmtv.com/w7gRK3gDBrXLsOixZnR-ey1_bPw=/0x0:768x432/800x0/images/Le-maire-de-Saint-Etienne-Gael-Perdriau-lors-d-une-reunion-publique-le-26-juin-2019-1472192.jpg" length="0" type="image/jpg"/>
        </item>
    </channel>
</rss>