<?xml version="1.0" encoding="utf-8"?>
<rss version="2.0" xmlns:atom="http://www.w3.org/2005/Atom">
    <channel>
        <title>Home Santé - actualités</title>
        <link>https://www.bfmtv.com/sante/</link>
        <description>Retrouvez toute l'actualité santé et sujets de société: santé connectée et publique, obésité, régime, articles, guides et vidéos conseils pour rester en bonne santé</description>
        <lastBuildDate>Mon, 10 Feb 2025 12:39:31 GMT</lastBuildDate>
        <docs>http://blogs.law.harvard.edu/tech/rss</docs>
        <generator>BFMTV</generator>
        <language>fr</language>
        <image>
            <title>Home Santé - actualités</title>
            <url>https://www.bfmtv.com/assets/v11/images/BFMTV_default_16x9.8715a163008e9f3fc3799c8e2c6ebafa.jpg</url>
            <link>https://www.bfmtv.com/sante/</link>
        </image>
        <copyright>Copyright BFMTV</copyright>
        <category>Home Santé - actualités</category>
        <atom:link href="https://www.bfmtv.com/sante/" rel="self" type="application/rss+xml"/>
        <item>
            <title><![CDATA[Ski: c'est quoi le "syndrome du deuxième jour"?]]></title>
            <link>https://www.bfmtv.com/sante/ski-c-est-quoi-le-syndrome-du-deuxieme-jour_AN-202502090284.html</link>
            <guid>https://www.bfmtv.com/sante/ski-c-est-quoi-le-syndrome-du-deuxieme-jour_AN-202502090284.html</guid>
            <pubDate>Sun, 09 Feb 2025 13:25:19 GMT</pubDate>
            <description><![CDATA[Un syndrome dit du "deuxième jour" toucherait certains pratiquants amateurs des sports d'hiver au lendemain de leur arrivée sur les pistes de ski. Courbatures, accidents sont cités comme potentielles conséquences dudit phénomène. <br /><br /><img src="https://images.bfmtv.com/2n1z0BmprrXSaWtUp1ddtKSduE4=/0x40:768x472/800x0/images/Les-pistes-de-ski-de-l-Alpe-d-Huez-le-14-fevrier-2024-en-Isere-1806626.jpg" />]]></description>
            <enclosure url="https://images.bfmtv.com/2n1z0BmprrXSaWtUp1ddtKSduE4=/0x40:768x472/800x0/images/Les-pistes-de-ski-de-l-Alpe-d-Huez-le-14-fevrier-2024-en-Isere-1806626.jpg" length="0" type="image/jpg"/>
        </item>
        <item>
            <title><![CDATA[L'intelligence artificielle, une révolution pour la médecine]]></title>
            <link>https://www.bfmtv.com/sante/l-intelligence-artificielle-une-revolution-pour-la-medecine_VN-202502090058.html</link>
            <guid>https://www.bfmtv.com/sante/l-intelligence-artificielle-une-revolution-pour-la-medecine_VN-202502090058.html</guid>
            <pubDate>Sun, 09 Feb 2025 06:06:08 GMT</pubDate>
            <description><![CDATA[L'intelligence artificielle révolutionne la médecine, notamment en radiologie et dermatologie. Elle ne remplace pas le médecin, mais l'aide dans sa pratique. La responsabilité en cas d'erreur reste humaine.<br /><br /><img src="https://images.bfmtv.com/_EKv_t6Gd8FZUa8Cu4IPjBad_OE=/0x0:1280x720/800x0/images/L-intelligence-artificielle-une-revolution-pour-la-medecine-2029936.jpg" />]]></description>
            <enclosure url="https://images.bfmtv.com/_EKv_t6Gd8FZUa8Cu4IPjBad_OE=/0x0:1280x720/800x0/images/L-intelligence-artificielle-une-revolution-pour-la-medecine-2029936.jpg" length="0" type="image/jpg"/>
        </item>
        <item>
            <title><![CDATA[Méningite: mort d'un adolescent de 17 ans à Narbonne, après un décès près de Rennes]]></title>
            <link>https://www.bfmtv.com/sante/meningite-mort-d-un-adolescent-de-17-ans-a-narbonne-apres-un-deces-pres-de-rennes_AN-202502080296.html</link>
            <guid>https://www.bfmtv.com/sante/meningite-mort-d-un-adolescent-de-17-ans-a-narbonne-apres-un-deces-pres-de-rennes_AN-202502080296.html</guid>
            <pubDate>Sat, 08 Feb 2025 14:50:12 GMT</pubDate>
            <description><![CDATA[Un adolescent de 17 ans est mort des suites d'une méningite, a annoncé jeudi 6 février l'Agence régionale de santé (ARS) d'Occitanie. Une jeune femme de 18 ans avait déjà succombé à la maladie en début de semaine.<br /><br /><img src="https://images.bfmtv.com/AH_ECdaMuDaPFnTUlQHUpKOCT_o=/4x3:1252x705/800x0/images/-116471.jpg" />]]></description>
            <enclosure url="https://images.bfmtv.com/AH_ECdaMuDaPFnTUlQHUpKOCT_o=/4x3:1252x705/800x0/images/-116471.jpg" length="0" type="image/jpg"/>
        </item>
        <item>
            <title><![CDATA[Des polluants éternels retrouvés dans l'air à Lyon avec une grosse concentration près des usines chimiques]]></title>
            <link>https://www.bfmtv.com/sante/des-polluants-eternels-retrouves-dans-l-air-a-lyon-avec-une-grosse-concentration-pres-des-usines-chimiques_VN-202502080091.html</link>
            <guid>https://www.bfmtv.com/sante/des-polluants-eternels-retrouves-dans-l-air-a-lyon-avec-une-grosse-concentration-pres-des-usines-chimiques_VN-202502080091.html</guid>
            <pubDate>Sat, 08 Feb 2025 06:32:32 GMT</pubDate>
            <description><![CDATA[Dans le sud de Lyon, des habitants vivent près de sites industriels polluants. Malgré des relevés de pollution de l'air, l'impact sur la santé reste flou. Le maire appelle à une dépollution urgente, plaidant pour le principe du pollueur-payeur. <br /><br /><img src="https://images.bfmtv.com/FWR9nRm-JTq_OuJ70kil54-As34=/0x0:1280x720/800x0/images/Des-polluants-eternels-retrouves-dans-l-air-a-Lyon-avec-une-grosse-concentration-pres-des-usines-chimiques-2029612.jpg" />]]></description>
            <enclosure url="https://images.bfmtv.com/FWR9nRm-JTq_OuJ70kil54-As34=/0x0:1280x720/800x0/images/Des-polluants-eternels-retrouves-dans-l-air-a-Lyon-avec-une-grosse-concentration-pres-des-usines-chimiques-2029612.jpg" length="0" type="image/jpg"/>
        </item>
        <item>
            <title><![CDATA["Les bébés ont besoin de contact": pourquoi le peau à peau avec la mère ou le père est recommandé dès la naissance]]></title>
            <link>https://www.bfmtv.com/sante/les-bebes-ont-besoin-de-contact-pourquoi-le-peau-a-peau-avec-la-mere-ou-le-pere-est-recommande-des-la-naissance_AN-202502080047.html</link>
            <guid>https://www.bfmtv.com/sante/les-bebes-ont-besoin-de-contact-pourquoi-le-peau-a-peau-avec-la-mere-ou-le-pere-est-recommande-des-la-naissance_AN-202502080047.html</guid>
            <pubDate>Sat, 08 Feb 2025 04:42:00 GMT</pubDate>
            <description><![CDATA[Lien avec le parent, régulation de la température, réduction des infections... Le peau à peau est une pratique recommandée dès la naissance du nouveau-né. Même pour un bébé prématuré.<br /><br /><img src="https://images.bfmtv.com/uRPbSIjqTMs407sWEZ028a5cdHY=/0x107:2048x1259/800x0/images/Un-bebe-en-peau-a-peau-2024802.jpg" />]]></description>
            <enclosure url="https://images.bfmtv.com/uRPbSIjqTMs407sWEZ028a5cdHY=/0x107:2048x1259/800x0/images/Un-bebe-en-peau-a-peau-2024802.jpg" length="0" type="image/jpg"/>
        </item>
        <item>
            <title><![CDATA[Grippe aviaire: les autorités françaises appellent à la vigilance]]></title>
            <link>https://www.bfmtv.com/sante/grippe-aviaire-les-autorites-francaises-appellent-a-la-vigilance_VN-202502070542.html</link>
            <guid>https://www.bfmtv.com/sante/grippe-aviaire-les-autorites-francaises-appellent-a-la-vigilance_VN-202502070542.html</guid>
            <pubDate>Fri, 07 Feb 2025 13:27:40 GMT</pubDate>
            <description><![CDATA[Des infections humaines successives par le virus A (H5N1) aux États-Unis entraînent une vigilance accrue des autorités de santé en France, comme elles l'ont annoncé ce jeudi 6 février. Le risque pour la population générale reste "faible". Mais des possibles évolutions du virus suscitent des craintes.<br /><br /><img src="https://images.bfmtv.com/SPmVVu92CyQa1X_T9R04WfWm0D4=/0x0:1280x720/800x0/images/Grippe-aviaire-les-autorites-francaises-appellent-a-la-vigilance-2029255.jpg" />]]></description>
            <enclosure url="https://images.bfmtv.com/SPmVVu92CyQa1X_T9R04WfWm0D4=/0x0:1280x720/800x0/images/Grippe-aviaire-les-autorites-francaises-appellent-a-la-vigilance-2029255.jpg" length="0" type="image/jpg"/>
        </item>
        <item>
            <title><![CDATA[Épidémie de grippe: combien de temps est-on contagieux?]]></title>
            <link>https://www.bfmtv.com/sante/epidemie-de-grippe-combien-de-temps-est-on-contagieux_AV-202502070038.html</link>
            <guid>https://www.bfmtv.com/sante/epidemie-de-grippe-combien-de-temps-est-on-contagieux_AV-202502070038.html</guid>
            <pubDate>Fri, 07 Feb 2025 04:57:00 GMT</pubDate>
            <description><![CDATA[La grippe est une maladie très contagieuse, qui peut être transmise avant même l'apparition des symptômes. <br /><br /><img src="https://images.bfmtv.com/-L6DdHpEBo_Vjb2E5W3F0XtRmc0=/0x0:2048x1152/800x0/images/Une-personne-portant-le-masque-dans-le-metro-a-Paris-en-novembre-2020-1436563.jpg" />]]></description>
            <enclosure url="https://images.bfmtv.com/-L6DdHpEBo_Vjb2E5W3F0XtRmc0=/0x0:2048x1152/800x0/images/Une-personne-portant-le-masque-dans-le-metro-a-Paris-en-novembre-2020-1436563.jpg" length="0" type="image/jpg"/>
        </item>
        <item>
            <title><![CDATA[La grippe aviaire nous menace-t-elle? Comment la France se prépare pour éviter un "scénario catastrophe"]]></title>
            <link>https://www.bfmtv.com/sante/la-grippe-aviaire-nous-menace-t-elle-comment-la-france-se-prepare-pour-eviter-un-scenario-catastrophe_GN-202502070037.html</link>
            <guid>https://www.bfmtv.com/sante/la-grippe-aviaire-nous-menace-t-elle-comment-la-france-se-prepare-pour-eviter-un-scenario-catastrophe_GN-202502070037.html</guid>
            <pubDate>Fri, 07 Feb 2025 04:28:00 GMT</pubDate>
            <description><![CDATA[Des infections humaines successives par le virus A (H5N1) aux États-Unis entraînent une vigilance accrue des autorités de santé en France, comme elles l'ont annoncé ce jeudi 6 février. Le risque pour la population générale reste "faible". Mais des possibles évolutions du virus suscitent des craintes.<br /><br /><img src="https://images.bfmtv.com/V4GchBLQbuPTQZoJ-CxarjnlJHo=/0x212:2048x1364/800x0/images/Un-oiseau-soupconne-d-etre-mort-de-la-grippe-aviaire-H5N1-sur-une-plage-de-Lima-Perou-le-1er-decembre-2022-2028753.jpg" />]]></description>
            <enclosure url="https://images.bfmtv.com/V4GchBLQbuPTQZoJ-CxarjnlJHo=/0x212:2048x1364/800x0/images/Un-oiseau-soupconne-d-etre-mort-de-la-grippe-aviaire-H5N1-sur-une-plage-de-Lima-Perou-le-1er-decembre-2022-2028753.jpg" length="0" type="image/jpg"/>
        </item>
        <item>
            <title><![CDATA[L'Agence nationale de sécurité sanitaire propose la mise en place d'un étiquetage rappelant celui du Nutriscore sur les produits ménagers]]></title>
            <link>https://www.bfmtv.com/sante/l-agence-nationale-de-securite-sanitaire-propose-la-mise-en-place-d-un-etiquetage-rappelant-celui-du-nutriscore-sur-les-produits-menagers_VN-202502060914.html</link>
            <guid>https://www.bfmtv.com/sante/l-agence-nationale-de-securite-sanitaire-propose-la-mise-en-place-d-un-etiquetage-rappelant-celui-du-nutriscore-sur-les-produits-menagers_VN-202502060914.html</guid>
            <pubDate>Thu, 06 Feb 2025 19:17:25 GMT</pubDate>
            <description><![CDATA[Les produits ménagers et lessives pourraient-ils bientôt être dotés d'un étiquetage rappelant celui du Nutriscore? C'est ce que propose l'Anses, qui rappelle que ces derniers contiennent très souvent des produits toxiques dangereux pour la santé et l'environnement.<br /><br /><img src="https://images.bfmtv.com/7BRGoiXCqy7h7gg_dxzLFfWtpnE=/0x0:1280x720/800x0/images/L-Agence-nationale-de-securite-sanitaire-propose-la-mise-en-place-d-un-etiquetage-rappelant-celui-du-Nutriscore-sur-les-produits-menagers-2028804.jpg" />]]></description>
            <enclosure url="https://images.bfmtv.com/7BRGoiXCqy7h7gg_dxzLFfWtpnE=/0x0:1280x720/800x0/images/L-Agence-nationale-de-securite-sanitaire-propose-la-mise-en-place-d-un-etiquetage-rappelant-celui-du-Nutriscore-sur-les-produits-menagers-2028804.jpg" length="0" type="image/jpg"/>
        </item>
        <item>
            <title><![CDATA[La farine de ver, une poudre d'insectes bientôt autorisée dans nos assiettes]]></title>
            <link>https://www.bfmtv.com/sante/alimentation/la-farine-de-ver-une-poudre-d-insectes-bientot-autorisee-dans-nos-assiettes_VN-202502060653.html</link>
            <guid>https://www.bfmtv.com/sante/alimentation/la-farine-de-ver-une-poudre-d-insectes-bientot-autorisee-dans-nos-assiettes_VN-202502060653.html</guid>
            <pubDate>Thu, 06 Feb 2025 15:54:31 GMT</pubDate>
            <description><![CDATA[Le 20 janvier dernier, l'Union européenne autorisait la mise sur le marché d'aliments à base de poudre de larves de "Tenebrio molitor", aussi appelé vers de farine. À partir du 10 février, cette farine traitée aux ultraviolets sera donc considérée comme un aliment. À terme, l'objectif est de réduire la consommation de protéines animales. <br /><br /><img src="https://images.bfmtv.com/Rd5omo0pHCjZpEWSI3Ve3b4ptac=/0x0:1280x720/800x0/images/La-farine-de-ver-une-poudre-d-insectes-bientot-autorisee-dans-nos-assiettes-2028612.jpg" />]]></description>
            <enclosure url="https://images.bfmtv.com/Rd5omo0pHCjZpEWSI3Ve3b4ptac=/0x0:1280x720/800x0/images/La-farine-de-ver-une-poudre-d-insectes-bientot-autorisee-dans-nos-assiettes-2028612.jpg" length="0" type="image/jpg"/>
        </item>
        <item>
            <title><![CDATA[Remboursement intégral des fauteuils roulants: "On est très satisfaits", salue Rémy Boullé, double médaillé de bronze paralympique en canoë]]></title>
            <link>https://www.bfmtv.com/sante/remboursement-integral-des-fauteuils-roulants-on-est-tres-satisfaits-salue-remy-boulle-double-medaille-de-bronze-paralympique-en-canoe_VN-202502060602.html</link>
            <guid>https://www.bfmtv.com/sante/remboursement-integral-des-fauteuils-roulants-on-est-tres-satisfaits-salue-remy-boulle-double-medaille-de-bronze-paralympique-en-canoe_VN-202502060602.html</guid>
            <pubDate>Thu, 06 Feb 2025 14:45:43 GMT</pubDate>
            <description><![CDATA[L'Assemblée nationale avait adopté en décembre à l'unanimité le remboursement intégral des fauteuils roulants par l'assurance maladie.<br /><br /><img src="https://images.bfmtv.com/Q2yqwPDdtIu8W-bHXg47TIqMohM=/0x0:1280x720/800x0/images/Remboursement-integral-des-fauteuils-roulants-On-est-tres-satisfaits-salue-Remy-Boulle-double-medaille-de-bronze-paralympique-en-canoe-2028577.jpg" />]]></description>
            <enclosure url="https://images.bfmtv.com/Q2yqwPDdtIu8W-bHXg47TIqMohM=/0x0:1280x720/800x0/images/Remboursement-integral-des-fauteuils-roulants-On-est-tres-satisfaits-salue-Remy-Boulle-double-medaille-de-bronze-paralympique-en-canoe-2028577.jpg" length="0" type="image/jpg"/>
        </item>
        <item>
            <title><![CDATA[Produits ménagers: vers un Nutriscore pour afficher les risques des substances toxiques?]]></title>
            <link>https://www.bfmtv.com/sante/produits-menagers-vers-un-nutriscore-pour-afficher-les-risques-des-substances-toxiques_VN-202502060529.html</link>
            <guid>https://www.bfmtv.com/sante/produits-menagers-vers-un-nutriscore-pour-afficher-les-risques-des-substances-toxiques_VN-202502060529.html</guid>
            <pubDate>Thu, 06 Feb 2025 12:49:07 GMT</pubDate>
            <description><![CDATA[Les produits ménagers et lessives pourraient-ils bientôt être dotés d'un étiquetage rappelant celui du Nutriscore? C'est ce que propose l'Anses, qui rappelle que ces derniers contiennent très souvent des produits toxiques dangereux pour la santé et l'environnement.<br /><br /><img src="https://images.bfmtv.com/pA73n_zQE1pn56BoiLp4hST_yic=/0x0:1280x720/800x0/images/Produits-menagers-vers-un-Nutriscore-pour-afficher-les-risques-des-substances-toxiques-2028505.jpg" />]]></description>
            <enclosure url="https://images.bfmtv.com/pA73n_zQE1pn56BoiLp4hST_yic=/0x0:1280x720/800x0/images/Produits-menagers-vers-un-Nutriscore-pour-afficher-les-risques-des-substances-toxiques-2028505.jpg" length="0" type="image/jpg"/>
        </item>
        <item>
            <title><![CDATA[Remboursement des fauteuils roulants: "Ça fait des années que les personnes en situation de handicap attendent" (Association pour adultes et jeunes handicapés)]]></title>
            <link>https://www.bfmtv.com/sante/remboursement-des-fauteuils-roulants-ca-fait-des-annees-que-les-personnes-en-situation-de-handicap-attendent-association-pour-adultes-et-jeunes-handicapes_VN-202502060530.html</link>
            <guid>https://www.bfmtv.com/sante/remboursement-des-fauteuils-roulants-ca-fait-des-annees-que-les-personnes-en-situation-de-handicap-attendent-association-pour-adultes-et-jeunes-handicapes_VN-202502060530.html</guid>
            <pubDate>Thu, 06 Feb 2025 12:47:31 GMT</pubDate>
            <description><![CDATA[Emmanuel Macron a annoncé ce jeudi 6 février que le remboursement intégral des fauteuils roulants par la Sécurité sociale, promis depuis deux ans, serait effectif à compter du 1er décembre de cette année, confirmant une information de RTL.<br /><br /><img src="https://images.bfmtv.com/6nKxMIohfy1XCSxhTuHrM10nTa4=/0x0:1280x720/800x0/images/Remboursement-des-fauteuils-roulants-Ca-fait-des-annees-que-les-personnes-en-situation-de-handicap-attendent-Association-pour-adultes-et-jeunes-handicapes-2028506.jpg" />]]></description>
            <enclosure url="https://images.bfmtv.com/6nKxMIohfy1XCSxhTuHrM10nTa4=/0x0:1280x720/800x0/images/Remboursement-des-fauteuils-roulants-Ca-fait-des-annees-que-les-personnes-en-situation-de-handicap-attendent-Association-pour-adultes-et-jeunes-handicapes-2028506.jpg" length="0" type="image/jpg"/>
        </item>
        <item>
            <title><![CDATA[Cannabis, "Pète ton crâne", Buddha Blue... Les autorités sanitaires alertent face aux "risques graves" du vapotage]]></title>
            <link>https://www.bfmtv.com/sante/cannabis-pete-ton-crane-buddha-blue-les-autorites-sanitaires-alertent-face-aux-risques-graves-du-vapotage_AN-202502060523.html</link>
            <guid>https://www.bfmtv.com/sante/cannabis-pete-ton-crane-buddha-blue-les-autorites-sanitaires-alertent-face-aux-risques-graves-du-vapotage_AN-202502060523.html</guid>
            <pubDate>Thu, 06 Feb 2025 12:39:24 GMT</pubDate>
            <description><![CDATA[L'agence du médicament lance un appel à la "vigilance" pour les pratiquants du vapotage de cannabis ou de cannabinoïdes de synthèse, notamment populaire chez les adolescents.<br /><br /><img src="https://images.bfmtv.com/cH8kd41pR2blJ6j9oYeixA04kDk=/0x0:768x432/800x0/images/En-2022-41-2-des-18-75-ans-declarent-avoir-deja-experimente-la-cigarette-electronique-La-prevalence-du-vapotage-quotidien-s-eleve-a-5-5-1646880.jpg" />]]></description>
            <enclosure url="https://images.bfmtv.com/cH8kd41pR2blJ6j9oYeixA04kDk=/0x0:768x432/800x0/images/En-2022-41-2-des-18-75-ans-declarent-avoir-deja-experimente-la-cigarette-electronique-La-prevalence-du-vapotage-quotidien-s-eleve-a-5-5-1646880.jpg" length="0" type="image/jpg"/>
        </item>
        <item>
            <title><![CDATA[ "Je n'ai jamais levé la main en classe": Stanislas Niox-Chateau, co-fondateur de Doctolib, se confie sur son bégaiement ]]></title>
            <link>https://www.bfmtv.com/sante/je-n-ai-jamais-leve-la-main-en-classe-stanislas-niox-chateau-co-fondateur-de-doctolib-se-confie-sur-son-begaiement_VN-202502060509.html</link>
            <guid>https://www.bfmtv.com/sante/je-n-ai-jamais-leve-la-main-en-classe-stanislas-niox-chateau-co-fondateur-de-doctolib-se-confie-sur-son-begaiement_VN-202502060509.html</guid>
            <pubDate>Thu, 06 Feb 2025 12:22:32 GMT</pubDate>
            <description><![CDATA[Stanislas Niox-Chateau, co-fondateur de Doctolib, se confie sur son bégaiement et l'accompagnement des personnes en situation de handicap. <br /><br /><img src="https://images.bfmtv.com/jR_fi9LCak2Km1LvK_077KeBMSw=/0x0:1280x720/800x0/images/Je-n-ai-jamais-leve-la-main-en-classe-Stanislas-Niox-Chateau-co-fondateur-de-Doctolib-se-confie-sur-son-begaiement-2028490.jpg" />]]></description>
            <enclosure url="https://images.bfmtv.com/jR_fi9LCak2Km1LvK_077KeBMSw=/0x0:1280x720/800x0/images/Je-n-ai-jamais-leve-la-main-en-classe-Stanislas-Niox-Chateau-co-fondateur-de-Doctolib-se-confie-sur-son-begaiement-2028490.jpg" length="0" type="image/jpg"/>
        </item>
        <item>
            <title><![CDATA["Je n'ai jamais levé la main en classe": Stanislas Niox-Chateau, co-fondateur de Doctolib, se confie sur son bégaiement]]></title>
            <link>https://www.bfmtv.com/sante/je-n-ai-jamais-leve-la-main-en-classe-stanislas-niox-chateau-co-fondateur-de-doctolib-se-confie-sur-son-begaiement_VN-202502060327.html</link>
            <guid>https://www.bfmtv.com/sante/je-n-ai-jamais-leve-la-main-en-classe-stanislas-niox-chateau-co-fondateur-de-doctolib-se-confie-sur-son-begaiement_VN-202502060327.html</guid>
            <pubDate>Thu, 06 Feb 2025 09:06:33 GMT</pubDate>
            <description><![CDATA[Stanislas Niox-Chateau, co-fondateur et président de Doctolib, se confie sur son bégaiement et les difficultés qu'il a eu à traverser pour parvenir à en faire une force. Il souligne la difficulté de l'accès aux soins psychologiques en France et appelle à une meilleure sensibilisation pour soutenir les personnes en situation de handicap.<br /><br /><img src="https://images.bfmtv.com/PvvMh0rkosI0wO45hxU2WAbvjjw=/0x0:1280x720/800x0/images/Je-n-ai-jamais-leve-la-main-en-classe-Stanislas-Niox-Chateau-co-fondateur-de-Doctolib-se-confie-sur-son-begaiement-2028386.jpg" />]]></description>
            <enclosure url="https://images.bfmtv.com/PvvMh0rkosI0wO45hxU2WAbvjjw=/0x0:1280x720/800x0/images/Je-n-ai-jamais-leve-la-main-en-classe-Stanislas-Niox-Chateau-co-fondateur-de-Doctolib-se-confie-sur-son-begaiement-2028386.jpg" length="0" type="image/jpg"/>
        </item>
        <item>
            <title><![CDATA[Taxe "lapin" sur les rendez-vous médicaux: "Si les soignants veulent la mettre en place, on le fera", indique Stanislas Niox-Chateau (co-fondateur de Doctolib)]]></title>
            <link>https://www.bfmtv.com/sante/taxe-lapin-sur-les-rendez-vous-medicaux-si-les-soignants-veulent-la-mettre-en-place-on-le-fera-indique-stanislas-niox-chateau-co-fondateur-de-doctolib_VN-202502060314.html</link>
            <guid>https://www.bfmtv.com/sante/taxe-lapin-sur-les-rendez-vous-medicaux-si-les-soignants-veulent-la-mettre-en-place-on-le-fera-indique-stanislas-niox-chateau-co-fondateur-de-doctolib_VN-202502060314.html</guid>
            <pubDate>Thu, 06 Feb 2025 08:51:57 GMT</pubDate>
            <description><![CDATA[Le co-fondateur et président de Doctolib Stanislas Niox-Chateau était l'invité du 9 à 10 ce jeudi 6 février. Il évoque la taxe "lapin" sur les rendez-vous médicaux non honorés, dont le principe a été acté par le projet de loi de financement de la Sécurité sociale.<br /><br /><img src="https://images.bfmtv.com/xQVtzB3o9rrfTzcimnNCz6LMooQ=/0x0:1280x720/800x0/images/Taxe-lapin-sur-les-rendez-vous-medicaux-Si-les-soignants-veulent-la-mettre-en-place-on-le-fera-indique-Stanislas-Niox-Chateau-co-fondateur-de-Doctolib-2028381.jpg" />]]></description>
            <enclosure url="https://images.bfmtv.com/xQVtzB3o9rrfTzcimnNCz6LMooQ=/0x0:1280x720/800x0/images/Taxe-lapin-sur-les-rendez-vous-medicaux-Si-les-soignants-veulent-la-mettre-en-place-on-le-fera-indique-Stanislas-Niox-Chateau-co-fondateur-de-Doctolib-2028381.jpg" length="0" type="image/jpg"/>
        </item>
        <item>
            <title><![CDATA[Stanislas Niox-Chateau (co-fondateur de Doctolib): "On peut être une boîte privée et servir l'intérêt général"]]></title>
            <link>https://www.bfmtv.com/sante/stanislas-niox-chateau-co-fondateur-de-doctolib-on-peut-etre-une-boite-privee-et-servir-l-interet-general_VN-202502060301.html</link>
            <guid>https://www.bfmtv.com/sante/stanislas-niox-chateau-co-fondateur-de-doctolib-on-peut-etre-une-boite-privee-et-servir-l-interet-general_VN-202502060301.html</guid>
            <pubDate>Thu, 06 Feb 2025 08:36:14 GMT</pubDate>
            <description><![CDATA[Le co-fondateur et président de Doctolib Stanislas Niox-Chateau  était l'invité du 9 à 10 ce jeudi 6 février.<br /><br /><img src="https://images.bfmtv.com/Dquu-CLiIOq5nZAShulutoJnuvo=/0x0:1280x720/800x0/images/Stanislas-Niox-Chateau-co-fondateur-de-Doctolib-On-peut-etre-une-boite-privee-et-servir-l-interet-general-2028374.jpg" />]]></description>
            <enclosure url="https://images.bfmtv.com/Dquu-CLiIOq5nZAShulutoJnuvo=/0x0:1280x720/800x0/images/Stanislas-Niox-Chateau-co-fondateur-de-Doctolib-On-peut-etre-une-boite-privee-et-servir-l-interet-general-2028374.jpg" length="0" type="image/jpg"/>
        </item>
        <item>
            <title><![CDATA[Épidémie de grippe: peut-on attraper plusieurs fois la maladie cette année?]]></title>
            <link>https://www.bfmtv.com/sante/epidemie-de-grippe-peut-on-attraper-plusieurs-fois-la-maladie-cette-annee_AN-202502060261.html</link>
            <guid>https://www.bfmtv.com/sante/epidemie-de-grippe-peut-on-attraper-plusieurs-fois-la-maladie-cette-annee_AN-202502060261.html</guid>
            <pubDate>Thu, 06 Feb 2025 07:56:07 GMT</pubDate>
            <description><![CDATA[La situation épidémique très particulière de l'hiver 2024-2025 laisse, en théorie, la possibilité d'attraper plusieurs fois la grippe. Plusieurs souches du virus co-circulent. "Ce n'est pas impossible, mais ce n'est pas fréquent", explique à BFMTV Bruno Lina, professeur de virologie au CHU de Lyon.<br /><br /><img src="https://images.bfmtv.com/VQa0wcjd0KyrvGYc-jeSAIXbI28=/7x111:2039x1254/800x0/images/grippe-2011027.jpg" />]]></description>
            <enclosure url="https://images.bfmtv.com/VQa0wcjd0KyrvGYc-jeSAIXbI28=/7x111:2039x1254/800x0/images/grippe-2011027.jpg" length="0" type="image/jpg"/>
        </item>
        <item>
            <title><![CDATA[Grippe: les consultations diminuent mais restent élevées]]></title>
            <link>https://www.bfmtv.com/sante/grippe-les-consultations-diminuent-mais-restent-elevees_VN-202502060057.html</link>
            <guid>https://www.bfmtv.com/sante/grippe-les-consultations-diminuent-mais-restent-elevees_VN-202502060057.html</guid>
            <pubDate>Thu, 06 Feb 2025 05:18:35 GMT</pubDate>
            <description><![CDATA[Le pic est très probablement passé, mais les professionnels de santé restent prudents. Les gestes barrières demeurent cruciaux, car la contagion peut précéder les symptômes.<br /><br /><img src="https://images.bfmtv.com/9UguensbIuo8_hV_DLlcc6ewi5s=/0x0:1280x720/800x0/images/Grippe-les-consultations-diminuent-mais-restent-elevees-2028192.jpg" />]]></description>
            <enclosure url="https://images.bfmtv.com/9UguensbIuo8_hV_DLlcc6ewi5s=/0x0:1280x720/800x0/images/Grippe-les-consultations-diminuent-mais-restent-elevees-2028192.jpg" length="0" type="image/jpg"/>
        </item>
        <item>
            <title><![CDATA[Méningite: "C'est une maladie mortelle à 100% si elle n'est pas traitée", déclare le docteur Muhamed-Kheir Taha]]></title>
            <link>https://www.bfmtv.com/sante/meningite-c-est-une-maladie-mortelle-a-100-si-elle-n-est-pas-traitee-declare-le-docteur-muhamed-kheir-taha_VN-202502050895.html</link>
            <guid>https://www.bfmtv.com/sante/meningite-c-est-une-maladie-mortelle-a-100-si-elle-n-est-pas-traitee-declare-le-docteur-muhamed-kheir-taha_VN-202502050895.html</guid>
            <pubDate>Wed, 05 Feb 2025 19:35:44 GMT</pubDate>
            <description><![CDATA[Une femme de 18 ans est morte ce lundi 3 février en Ille-et-Vilaine d'une méningite à méningocoques. Une quarantaine de personnes sont considérées comme cas contacts. <br /><br /><img src="https://images.bfmtv.com/0aydvNPkt6Or0ir-KyWsRBMNV8o=/0x0:1280x720/800x0/images/Meningite-C-est-une-maladie-mortelle-a-100-si-elle-n-est-pas-traitee-declare-le-docteur-Muhamed-Kheir-Taha-2028090.jpg" />]]></description>
            <enclosure url="https://images.bfmtv.com/0aydvNPkt6Or0ir-KyWsRBMNV8o=/0x0:1280x720/800x0/images/Meningite-C-est-une-maladie-mortelle-a-100-si-elle-n-est-pas-traitee-declare-le-docteur-Muhamed-Kheir-Taha-2028090.jpg" length="0" type="image/jpg"/>
        </item>
        <item>
            <title><![CDATA[Étiqueter les produits ménagers pour évaluer leur danger? La proposition de l'Anses pour informer les consommateurs]]></title>
            <link>https://www.bfmtv.com/sante/etiqueter-les-produits-menagers-pour-evaluer-leur-danger-la-proposition-de-l-anses-pour-informer-les-consommateurs_AN-202502050868.html</link>
            <guid>https://www.bfmtv.com/sante/etiqueter-les-produits-menagers-pour-evaluer-leur-danger-la-proposition-de-l-anses-pour-informer-les-consommateurs_AN-202502050868.html</guid>
            <pubDate>Wed, 05 Feb 2025 19:02:01 GMT</pubDate>
            <description><![CDATA[L'agence de sécurité sanitaire propose ce mercredi de "catégoriser" les produits ménagers, selon "leur niveau de danger pour la santé et l'environnement."<br /><br /><img src="https://images.bfmtv.com/ts2uRV8stR4J6a5W0WIgozKCtIQ=/34x0:674x360/800x0/images/-110504.jpg" />]]></description>
            <enclosure url="https://images.bfmtv.com/ts2uRV8stR4J6a5W0WIgozKCtIQ=/34x0:674x360/800x0/images/-110504.jpg" length="0" type="image/jpg"/>
        </item>
        <item>
            <title><![CDATA[L'épidémie de grippe "ralentit" mais reste à des niveaux "très élevés" chez les plus jeunes et les plus âgés]]></title>
            <link>https://www.bfmtv.com/sante/l-epidemie-de-grippe-ralentit-mais-reste-a-des-niveaux-tres-eleves-chez-les-plus-jeunes-et-les-plus-ages_AN-202502050816.html</link>
            <guid>https://www.bfmtv.com/sante/l-epidemie-de-grippe-ralentit-mais-reste-a-des-niveaux-tres-eleves-chez-les-plus-jeunes-et-les-plus-ages_AN-202502050816.html</guid>
            <pubDate>Wed, 05 Feb 2025 17:54:43 GMT</pubDate>
            <description><![CDATA[Dans son dernier bulletin publié ce mercredi, Santé publique France note "un ralentissement de l'épidémie" de grippe en France mais prévient que les enfants restent très exposés.<br /><br /><img src="https://images.bfmtv.com/VQa0wcjd0KyrvGYc-jeSAIXbI28=/7x111:2039x1254/800x0/images/grippe-2011027.jpg" />]]></description>
            <enclosure url="https://images.bfmtv.com/VQa0wcjd0KyrvGYc-jeSAIXbI28=/7x111:2039x1254/800x0/images/grippe-2011027.jpg" length="0" type="image/jpg"/>
        </item>
        <item>
            <title><![CDATA[Un mort, cas contacts: ce que l'on sait des cas de méningite à méningocoque B détectés en Ille-et-Vilaine]]></title>
            <link>https://www.bfmtv.com/sante/un-mort-cas-contacts-ce-que-l-on-sait-des-cas-de-meningite-a-meningocoque-b-detectes-en-ille-et-vilaine_AV-202502050612.html</link>
            <guid>https://www.bfmtv.com/sante/un-mort-cas-contacts-ce-que-l-on-sait-des-cas-de-meningite-a-meningocoque-b-detectes-en-ille-et-vilaine_AV-202502050612.html</guid>
            <pubDate>Wed, 05 Feb 2025 14:58:58 GMT</pubDate>
            <description><![CDATA[Plusieurs cas de méningite à méningocoque B ont été détectés au sein d'une famille en Ille-et-Vilaine ces derniers jours. Une jeune femme de 18 ans est morte lundi des suites de cette infection. <br /><br /><img src="https://images.bfmtv.com/wti6VABlNfth0MHLDiVp_x-D-QI=/0x0:1920x1080/800x0/images/Une-soignante-dans-un-hopital-de-Strasbourg-en-France-le-1er-fevrier-2025-2027866.jpg" />]]></description>
            <enclosure url="https://images.bfmtv.com/wti6VABlNfth0MHLDiVp_x-D-QI=/0x0:1920x1080/800x0/images/Une-soignante-dans-un-hopital-de-Strasbourg-en-France-le-1er-fevrier-2025-2027866.jpg" length="0" type="image/jpg"/>
        </item>
        <item>
            <title><![CDATA[Méningite en Ille-et-Vilaine: 40 personnes considérées comme cas contacts et placées sous traitement antibiotique]]></title>
            <link>https://www.bfmtv.com/sante/meningite-en-ille-et-vilaine-40-personnes-considerees-comme-cas-contacts-et-placees-sous-traitement-antibiotique_VN-202502050496.html</link>
            <guid>https://www.bfmtv.com/sante/meningite-en-ille-et-vilaine-40-personnes-considerees-comme-cas-contacts-et-placees-sous-traitement-antibiotique_VN-202502050496.html</guid>
            <pubDate>Wed, 05 Feb 2025 12:11:03 GMT</pubDate>
            <description><![CDATA[Une femme de 18 ans est morte ce lundi 3 février en Ille-et-Vilaine d'une méningite à méningocoques. Une quarantaine de personnes sont considérées comme cas contacts.<br /><br /><img src="https://images.bfmtv.com/TYmHl9uGMCRpsH1P3RPiXdSAtUQ=/0x0:1280x720/800x0/images/Meningite-en-Ille-et-Vilaine-40-personnes-considerees-comme-cas-contacts-et-placees-sous-traitement-antibiotique-2027779.jpg" />]]></description>
            <enclosure url="https://images.bfmtv.com/TYmHl9uGMCRpsH1P3RPiXdSAtUQ=/0x0:1280x720/800x0/images/Meningite-en-Ille-et-Vilaine-40-personnes-considerees-comme-cas-contacts-et-placees-sous-traitement-antibiotique-2027779.jpg" length="0" type="image/jpg"/>
        </item>
        <item>
            <title><![CDATA[Fièvre, photophobie, nuque raide... Quels sont les symptômes de la méningite à méningocoques?]]></title>
            <link>https://www.bfmtv.com/sante/fievre-photophobie-nuque-raide-quels-sont-les-symptomes-de-la-meningite-a-meningocoques_AV-202502050480.html</link>
            <guid>https://www.bfmtv.com/sante/fievre-photophobie-nuque-raide-quels-sont-les-symptomes-de-la-meningite-a-meningocoques_AV-202502050480.html</guid>
            <pubDate>Wed, 05 Feb 2025 11:56:57 GMT</pubDate>
            <description><![CDATA[Plusieurs cas de méningites ont été signalés à Rennes et Chantepie (Ille-e-Vilaine), le 31 janvier dernier et une jeune femme de 18 ans est morte trois jours plus tard. Voici comment identifier les symptômes de cette maladie infectieuse.<br /><br /><img src="https://images.bfmtv.com/6GTJRyWN4fyHnYUHcLsEMgRjozM=/132x84:612x354/800x0/images/Un-medecin-examine-un-patient-detenu-a-l-hopital-penitentiaire-de-la-prison-de-Fresnes-le-25-novembre-2020-dans-le-Val-de-Marne-1894202.jpg" />]]></description>
            <enclosure url="https://images.bfmtv.com/6GTJRyWN4fyHnYUHcLsEMgRjozM=/132x84:612x354/800x0/images/Un-medecin-examine-un-patient-detenu-a-l-hopital-penitentiaire-de-la-prison-de-Fresnes-le-25-novembre-2020-dans-le-Val-de-Marne-1894202.jpg" length="0" type="image/jpg"/>
        </item>
        <item>
            <title><![CDATA[Symptômes, traitement...Qu'est-ce que la méningite, cette infection responsable de la mort d'une femme de 18 ans en Ille-et-Vilaine?]]></title>
            <link>https://www.bfmtv.com/sante/symptomes-traitement-qu-est-ce-que-la-meningite-cette-infection-responsable-de-la-mort-d-une-femme-de-18-ans-en-ille-et-vilaine_VN-202502050450.html</link>
            <guid>https://www.bfmtv.com/sante/symptomes-traitement-qu-est-ce-que-la-meningite-cette-infection-responsable-de-la-mort-d-une-femme-de-18-ans-en-ille-et-vilaine_VN-202502050450.html</guid>
            <pubDate>Wed, 05 Feb 2025 11:23:51 GMT</pubDate>
            <description><![CDATA[Une femme de 18 ans est morte ce lundi 3 février en Ille-et-Vilaine d'une méningite à méningocoques. Une quarantaine de personnes ont depuis été identifiées par l'ARS comme cas contacts.<br /><br /><img src="https://images.bfmtv.com/L13qhyO_0mO6vbJIsqqc8K-hmNc=/0x0:1280x720/800x0/images/Symptomes-traitement-Qu-est-ce-que-la-meningite-cette-infection-responsable-de-la-mort-d-une-femme-de-18-ans-en-Ille-et-Vilaine-2027735.jpg" />]]></description>
            <enclosure url="https://images.bfmtv.com/L13qhyO_0mO6vbJIsqqc8K-hmNc=/0x0:1280x720/800x0/images/Symptomes-traitement-Qu-est-ce-que-la-meningite-cette-infection-responsable-de-la-mort-d-une-femme-de-18-ans-en-Ille-et-Vilaine-2027735.jpg" length="0" type="image/jpg"/>
        </item>
        <item>
            <title><![CDATA[Santé mentale: 62% des Français atteints par un trouble psychique au cours de leur vie]]></title>
            <link>https://www.bfmtv.com/sante/sante-mentale-62-des-francais-atteints-par-un-trouble-psychique-au-cours-de-leur-vie_AN-202502050028.html</link>
            <guid>https://www.bfmtv.com/sante/sante-mentale-62-des-francais-atteints-par-un-trouble-psychique-au-cours-de-leur-vie_AN-202502050028.html</guid>
            <pubDate>Wed, 05 Feb 2025 09:30:34 GMT</pubDate>
            <description><![CDATA[Selon un sondage Odoxa publié ce mercredi 5 février, 45% des Français ont été atteints par un trouble mental au cours des cinq dernières années, notamment les femmes et les jeunes générations. Majoritairement en cause? Des raisons personnelles comme un deuil ou des difficultés économiques, la situation dans le monde mais aussi la situation professionnelle.<br /><br /><img src="https://images.bfmtv.com/y14JbGja0UHcmjuv23vt4TxgOGU=/0x0:2048x1152/800x0/images/Pres-d-un-tiers-des-moins-de-24-ans-ont-deja-pense-au-suicide-PHOTO-D-ILLUSTRATION-1135994.jpg" />]]></description>
            <enclosure url="https://images.bfmtv.com/y14JbGja0UHcmjuv23vt4TxgOGU=/0x0:2048x1152/800x0/images/Pres-d-un-tiers-des-moins-de-24-ans-ont-deja-pense-au-suicide-PHOTO-D-ILLUSTRATION-1135994.jpg" length="0" type="image/jpg"/>
        </item>
        <item>
            <title><![CDATA[Cas de méningite à méningocoques à Rennes: mort d'une jeune femme de 18 ans, des cas contacts identifiés]]></title>
            <link>https://www.bfmtv.com/sante/cas-de-meningite-a-meningocoque-a-rennes-mort-d-une-jeune-femme-de-18-ans-des-cas-contacts-identifies_AN-202502050184.html</link>
            <guid>https://www.bfmtv.com/sante/cas-de-meningite-a-meningocoque-a-rennes-mort-d-une-jeune-femme-de-18-ans-des-cas-contacts-identifies_AN-202502050184.html</guid>
            <pubDate>Wed, 05 Feb 2025 09:15:13 GMT</pubDate>
            <description><![CDATA[Une femme de 18 ans est morte ce lundi 3 février en Ille-et-Vilaine d'une méningite à méningocoques. Une quarantaine de cas ont été signalés dans la région par l'Agence régionale de santé.  <br /><br /><img src="https://images.bfmtv.com/9-Y7GhB2dhlOTpA-fYDJo7p3MVE=/0x106:2048x1258/800x0/images/infirmiere-2027539.jpg" />]]></description>
            <enclosure url="https://images.bfmtv.com/9-Y7GhB2dhlOTpA-fYDJo7p3MVE=/0x106:2048x1258/800x0/images/infirmiere-2027539.jpg" length="0" type="image/jpg"/>
        </item>
        <item>
            <title><![CDATA[Maladie de Charcot: "des altérations du sommeil" précèdent l'apparition des symptômes, selon une étude]]></title>
            <link>https://www.bfmtv.com/sante/maladie-de-charcot-des-alterations-du-sommeil-precedent-l-apparition-des-symptomes-selon-une-etude_AN-202502040947.html</link>
            <guid>https://www.bfmtv.com/sante/maladie-de-charcot-des-alterations-du-sommeil-precedent-l-apparition-des-symptomes-selon-une-etude_AN-202502040947.html</guid>
            <pubDate>Tue, 04 Feb 2025 21:58:51 GMT</pubDate>
            <description><![CDATA[Selon une étude française publiée ce mardi, des troubles du sommeil apparaissent "avant l’apparition de la déficience motrice et des problèmes respiratoires", des symptômes caractéristiques de la maladie de Charcot.<br /><br /><img src="https://images.bfmtv.com/8Mnh5qdyha340MHyr7vHiTfeUlk=/0x212:2048x1364/800x0/images/hopital-1548517.jpg" />]]></description>
            <enclosure url="https://images.bfmtv.com/8Mnh5qdyha340MHyr7vHiTfeUlk=/0x212:2048x1364/800x0/images/hopital-1548517.jpg" length="0" type="image/jpg"/>
        </item>
    </channel>
</rss>