<?xml version="1.0" encoding="utf-8"?>
<rss version="2.0" xmlns:atom="http://www.w3.org/2005/Atom">
    <channel>
        <title>Home Neige - actualités</title>
        <link>https://www.bfmtv.com/meteo/neige/</link>
        <description>Suivez en direct toute l'actualité météo des neiges en France et dans le monde: Averses, chutes de neige, avalanches, vigilance et tempêtes…</description>
        <lastBuildDate>Mon, 10 Feb 2025 12:41:12 GMT</lastBuildDate>
        <docs>http://blogs.law.harvard.edu/tech/rss</docs>
        <generator>BFMTV</generator>
        <language>fr</language>
        <image>
            <title>Home Neige - actualités</title>
            <url>https://www.bfmtv.com/assets/v11/images/BFMTV_default_16x9.8715a163008e9f3fc3799c8e2c6ebafa.jpg</url>
            <link>https://www.bfmtv.com/meteo/neige/</link>
        </image>
        <copyright>Copyright BFMTV</copyright>
        <category>Home Neige - actualités</category>
        <atom:link href="https://www.bfmtv.com/meteo/neige/" rel="self" type="application/rss+xml"/>
        <item>
            <title><![CDATA[Neige-verglas: plus aucun département en vigilance orange]]></title>
            <link>https://www.bfmtv.com/meteo/neige/neige-verglas-plus-aucun-departement-en-vigilance-orange_AN-202502090140.html</link>
            <guid>https://www.bfmtv.com/meteo/neige/neige-verglas-plus-aucun-departement-en-vigilance-orange_AN-202502090140.html</guid>
            <pubDate>Sun, 09 Feb 2025 09:15:46 GMT</pubDate>
            <description><![CDATA[Ce dimanche 9 février, dans un bulletin publié à 10 heures, Météo-France a mis fin à la vigilance orange neige-verglas dans le Massif central.<br /><br /><img src="https://images.bfmtv.com/XsGYUQIFXyhKxYtK-ex2nSfHML8=/0x131:2048x1283/800x0/images/Une-voiture-roule-sous-la-neige-avec-un-panneau-mettant-en-garde-contre-le-verglas-2010316.jpg" />]]></description>
            <enclosure url="https://images.bfmtv.com/XsGYUQIFXyhKxYtK-ex2nSfHML8=/0x131:2048x1283/800x0/images/Une-voiture-roule-sous-la-neige-avec-un-panneau-mettant-en-garde-contre-le-verglas-2010316.jpg" length="0" type="image/jpg"/>
        </item>
        <item>
            <title><![CDATA[Lozère: jusqu'à 7.000 personnes ont été privées d'électricité après d'importantes chutes de neige ]]></title>
            <link>https://www.bfmtv.com/meteo/neige/lozere-jusqu-a-7-000-personnes-ont-ete-privees-d-electricite-apres-d-importantes-chutes-de-neige_VN-202502090118.html</link>
            <guid>https://www.bfmtv.com/meteo/neige/lozere-jusqu-a-7-000-personnes-ont-ete-privees-d-electricite-apres-d-importantes-chutes-de-neige_VN-202502090118.html</guid>
            <pubDate>Sun, 09 Feb 2025 08:11:11 GMT</pubDate>
            <description><![CDATA[En Lozère, jusqu'à 7.000 personnes ont été privées d'électricité à cause de la neige. Il n'y a pas eu d'incidents sur la route. <br /><br /><img src="https://images.bfmtv.com/wwBEMedKpW4Wn_tkr4sUNt2KN9U=/0x0:1280x720/800x0/images/Lozere-jusqu-a-7-000-personnes-ont-ete-privees-d-electricite-apres-d-importantes-chutes-de-neige-2029974.jpg" />]]></description>
            <enclosure url="https://images.bfmtv.com/wwBEMedKpW4Wn_tkr4sUNt2KN9U=/0x0:1280x720/800x0/images/Lozere-jusqu-a-7-000-personnes-ont-ete-privees-d-electricite-apres-d-importantes-chutes-de-neige-2029974.jpg" length="0" type="image/jpg"/>
        </item>
        <item>
            <title><![CDATA[Verglas et chute de neige sur le Massif central: une situation dangereuse sur les routes]]></title>
            <link>https://www.bfmtv.com/meteo/neige/verglas-et-chute-de-neige-sur-le-massif-central-une-situation-dangereuse-sur-les-routes_VN-202502090065.html</link>
            <guid>https://www.bfmtv.com/meteo/neige/verglas-et-chute-de-neige-sur-le-massif-central-une-situation-dangereuse-sur-les-routes_VN-202502090065.html</guid>
            <pubDate>Sun, 09 Feb 2025 06:20:47 GMT</pubDate>
            <description><![CDATA[En Haute-Loire et en Ardèche, la neige a causé de nombreux désagréments, bloquant des camions et rendant les routes glissantes. Malgré l'intervention des déneigeuses, les autorités appellent les automobilistes à rester prudents. <br /><br /><img src="https://images.bfmtv.com/aGCBORI32bz-bewDLguy-wKwgJQ=/0x0:1280x720/800x0/images/Verglas-et-chute-de-neige-sur-le-Massif-central-une-situation-dangereuse-sur-les-routes-2029942.jpg" />]]></description>
            <enclosure url="https://images.bfmtv.com/aGCBORI32bz-bewDLguy-wKwgJQ=/0x0:1280x720/800x0/images/Verglas-et-chute-de-neige-sur-le-Massif-central-une-situation-dangereuse-sur-les-routes-2029942.jpg" length="0" type="image/jpg"/>
        </item>
        <item>
            <title><![CDATA[Trois départements encore en vigilance orange neige-verglas]]></title>
            <link>https://www.bfmtv.com/meteo/neige/trois-departements-encore-en-vigilance-orange-neige-verglas_VN-202502090043.html</link>
            <guid>https://www.bfmtv.com/meteo/neige/trois-departements-encore-en-vigilance-orange-neige-verglas_VN-202502090043.html</guid>
            <pubDate>Sun, 09 Feb 2025 05:30:53 GMT</pubDate>
            <description><![CDATA[Ce matin, trois départements sont en vigilance orange pour neige et verglas. Après des chutes de neige atteignant jusqu'à 45 centimètres en Ardèche, le regel s'installe avec des températures glaciales. <br /><br /><img src="https://images.bfmtv.com/pWbslUmFOJ4d9Js9JGhNJr57rbE=/0x0:1280x720/800x0/images/Trois-departements-encore-en-vigilance-orange-neige-verglas-2029930.jpg" />]]></description>
            <enclosure url="https://images.bfmtv.com/pWbslUmFOJ4d9Js9JGhNJr57rbE=/0x0:1280x720/800x0/images/Trois-departements-encore-en-vigilance-orange-neige-verglas-2029930.jpg" length="0" type="image/jpg"/>
        </item>
        <item>
            <title><![CDATA[Neige-verglas: trois départements en vigilance orange, un fort risque de regel]]></title>
            <link>https://www.bfmtv.com/meteo/neige/neige-verglas-trois-departements-en-vigilance-orange-un-fort-risque-de-regel_AN-202502090042.html</link>
            <guid>https://www.bfmtv.com/meteo/neige/neige-verglas-trois-departements-en-vigilance-orange-un-fort-risque-de-regel_AN-202502090042.html</guid>
            <pubDate>Sun, 09 Feb 2025 05:29:02 GMT</pubDate>
            <description><![CDATA[Météo-France maintient en vigilance orange neige-verglas trois départements, ce dimanche 9 février. Des températures très froides durant la nuit ont pu "favoriser les phénomènes de regel" dans les régions concernées.<br /><br /><img src="https://images.bfmtv.com/os0n5-Jg2eDIiTk3TNGBUpZeVug=/0x195:2032x1338/800x0/images/Un-camion-passe-devant-un-panneau-de-signalisation-annoncant-du-verglas-sur-une-route-enneigee-le-18-decembre-2009-a-Saint-Saens-2029926.jpg" />]]></description>
            <enclosure url="https://images.bfmtv.com/os0n5-Jg2eDIiTk3TNGBUpZeVug=/0x195:2032x1338/800x0/images/Un-camion-passe-devant-un-panneau-de-signalisation-annoncant-du-verglas-sur-une-route-enneigee-le-18-decembre-2009-a-Saint-Saens-2029926.jpg" length="0" type="image/jpg"/>
        </item>
        <item>
            <title><![CDATA[De la pluie dans l'ouest de la France et des éclaircies dans le sud-est de l'Hexagone]]></title>
            <link>https://www.bfmtv.com/meteo/neige/de-la-pluie-dans-l-ouest-de-la-france-et-des-eclaircies-dans-le-sud-est-de-l-hexagone_VN-202502090037.html</link>
            <guid>https://www.bfmtv.com/meteo/neige/de-la-pluie-dans-l-ouest-de-la-france-et-des-eclaircies-dans-le-sud-est-de-l-hexagone_VN-202502090037.html</guid>
            <pubDate>Sun, 09 Feb 2025 05:03:08 GMT</pubDate>
            <description><![CDATA[Les températures seront comprises entre 5°C et 16°C pour ce dimanche 9 février. <br /><br /><img src="https://images.bfmtv.com/2nHGWevwuEU493DcazW_xV7NXF8=/0x0:1280x720/800x0/images/De-la-pluie-dans-l-ouest-de-la-France-et-des-eclaircies-dans-le-sud-est-de-l-Hexagone-2029925.jpg" />]]></description>
            <enclosure url="https://images.bfmtv.com/2nHGWevwuEU493DcazW_xV7NXF8=/0x0:1280x720/800x0/images/De-la-pluie-dans-l-ouest-de-la-France-et-des-eclaircies-dans-le-sud-est-de-l-Hexagone-2029925.jpg" length="0" type="image/jpg"/>
        </item>
        <item>
            <title><![CDATA[Vigilance orange neige-verglas: le difficile travail des déneigeurs]]></title>
            <link>https://www.bfmtv.com/meteo/neige/vigilance-orange-neige-verglas-le-difficile-travail-des-deneigeurs_VN-202502080405.html</link>
            <guid>https://www.bfmtv.com/meteo/neige/vigilance-orange-neige-verglas-le-difficile-travail-des-deneigeurs_VN-202502080405.html</guid>
            <pubDate>Sat, 08 Feb 2025 21:36:56 GMT</pubDate>
            <description><![CDATA[Depuis 5 heures ce samedi matin, Damien déneige les routes pour assurer la circulation malgré des conditions difficiles. Les automobilistes peinent à avancer, certains bloqués depuis des heures. Les gendarmes interviennent, conseillant de rester chez soi face aux chutes de neige impressionnantes.<br /><br /><img src="https://images.bfmtv.com/OvaK02HC4vgSO7tYVCWUP37BTTA=/0x0:1280x720/800x0/images/Vigilance-orange-neige-verglas-le-difficile-travail-des-deneigeurs-2029894.jpg" />]]></description>
            <enclosure url="https://images.bfmtv.com/OvaK02HC4vgSO7tYVCWUP37BTTA=/0x0:1280x720/800x0/images/Vigilance-orange-neige-verglas-le-difficile-travail-des-deneigeurs-2029894.jpg" length="0" type="image/jpg"/>
        </item>
        <item>
            <title><![CDATA[Neige-verglas: vigilance orange maintenue dans 4 départements]]></title>
            <link>https://www.bfmtv.com/meteo/neige/neige-verglas-vigilance-orange-maintenue-dans-4-departements_VN-202502080352.html</link>
            <guid>https://www.bfmtv.com/meteo/neige/neige-verglas-vigilance-orange-maintenue-dans-4-departements_VN-202502080352.html</guid>
            <pubDate>Sat, 08 Feb 2025 18:27:15 GMT</pubDate>
            <description><![CDATA[Dans la nuit de vendredi à ce samedi 8 février, des flocons sont tombés en Ardèche, Haute-Loire, Lozère et dans l'Aveyron. Des précipitations neigeuses, plus faibles, sont attendues en Bretagne et en Normandie.<br /><br /><img src="https://images.bfmtv.com/qpPW56DfWeHcTf0yhKzGlIfpjW8=/0x0:1280x720/800x0/images/Neige-verglas-vigilance-orange-maintenue-dans-4-departements-2029839.jpg" />]]></description>
            <enclosure url="https://images.bfmtv.com/qpPW56DfWeHcTf0yhKzGlIfpjW8=/0x0:1280x720/800x0/images/Neige-verglas-vigilance-orange-maintenue-dans-4-departements-2029839.jpg" length="0" type="image/jpg"/>
        </item>
        <item>
            <title><![CDATA[Vigilance neige-verglas: les services de déblayages en action depuis ce matin]]></title>
            <link>https://www.bfmtv.com/meteo/neige/vigilance-neige-verglas-les-services-de-deblayages-en-action-depuis-ce-matin_VN-202502080319.html</link>
            <guid>https://www.bfmtv.com/meteo/neige/vigilance-neige-verglas-les-services-de-deblayages-en-action-depuis-ce-matin_VN-202502080319.html</guid>
            <pubDate>Sat, 08 Feb 2025 16:30:19 GMT</pubDate>
            <description><![CDATA[Dans la nuit de vendredi à ce samedi 8 février, des flocons sont tombés en Ardèche, Haute-Loire, Lozère et dans l'Aveyron. Des précipitations neigeuses, plus faibles, sont attendues en Bretagne et en Normandie.<br /><br /><img src="https://images.bfmtv.com/SlO63Qme1y2uXEjdJhTNYh6u7jA=/0x0:1280x720/800x0/images/Vigilance-neige-verglas-les-services-de-deblayages-en-action-depuis-ce-matin-2029801.jpg" />]]></description>
            <enclosure url="https://images.bfmtv.com/SlO63Qme1y2uXEjdJhTNYh6u7jA=/0x0:1280x720/800x0/images/Vigilance-neige-verglas-les-services-de-deblayages-en-action-depuis-ce-matin-2029801.jpg" length="0" type="image/jpg"/>
        </item>
        <item>
            <title><![CDATA[Neige: un "épisode notable" en cours, 3 départements en vigilance orange]]></title>
            <link>https://www.bfmtv.com/meteo/neige/neige-un-episode-notable-en-cours-4-departements-en-vigilance-orange_AV-202502080055.html</link>
            <guid>https://www.bfmtv.com/meteo/neige/neige-un-episode-notable-en-cours-4-departements-en-vigilance-orange_AV-202502080055.html</guid>
            <pubDate>Sat, 08 Feb 2025 13:20:20 GMT</pubDate>
            <description><![CDATA[Dans la nuit de vendredi à ce samedi 8 février, des flocons sont tombés en Ardèche, Haute-Loire, Lozère et dans l'Aveyron. Des précipitations neigeuses, plus faibles, sont attendues en Bretagne et en Normandie.<br /><br /><img src="https://images.bfmtv.com/XsGYUQIFXyhKxYtK-ex2nSfHML8=/0x131:2048x1283/800x0/images/Une-voiture-roule-sous-la-neige-avec-un-panneau-mettant-en-garde-contre-le-verglas-2010316.jpg" />]]></description>
            <enclosure url="https://images.bfmtv.com/XsGYUQIFXyhKxYtK-ex2nSfHML8=/0x131:2048x1283/800x0/images/Une-voiture-roule-sous-la-neige-avec-un-panneau-mettant-en-garde-contre-le-verglas-2010316.jpg" length="0" type="image/jpg"/>
        </item>
        <item>
            <title><![CDATA[La neige tombe en masse dans l'Aveyron, quatre départements en vigilance orange]]></title>
            <link>https://www.bfmtv.com/meteo/neige/la-neige-tombe-en-masse-dans-l-aveyron-quatre-departements-en-vigilance-orange_VN-202502080185.html</link>
            <guid>https://www.bfmtv.com/meteo/neige/la-neige-tombe-en-masse-dans-l-aveyron-quatre-departements-en-vigilance-orange_VN-202502080185.html</guid>
            <pubDate>Sat, 08 Feb 2025 09:37:24 GMT</pubDate>
            <description><![CDATA[Dans la nuit de vendredi à ce samedi 8 février, des flocons sont tombés en Ardèche, Haute-Loire, Lozère et dans l'Aveyron. Des précipitations neigeuses, plus faibles, sont attendues en Bretagne et en Normandie.<br /><br /><img src="https://images.bfmtv.com/1W8og8WTmHr-lCTOXt10imf0EoI=/0x0:1280x720/800x0/images/La-neige-tombe-en-masse-dans-l-Aveyron-quatre-departements-en-vigilance-orange-2029684.jpg" />]]></description>
            <enclosure url="https://images.bfmtv.com/1W8og8WTmHr-lCTOXt10imf0EoI=/0x0:1280x720/800x0/images/La-neige-tombe-en-masse-dans-l-Aveyron-quatre-departements-en-vigilance-orange-2029684.jpg" length="0" type="image/jpg"/>
        </item>
        <item>
            <title><![CDATA[Près d'un mètre de neige attendu sur le plateau ardéchois]]></title>
            <link>https://www.bfmtv.com/meteo/neige/pres-d-un-metre-de-neige-attendu-sur-le-plateau-ardechois_VN-202502080124.html</link>
            <guid>https://www.bfmtv.com/meteo/neige/pres-d-un-metre-de-neige-attendu-sur-le-plateau-ardechois_VN-202502080124.html</guid>
            <pubDate>Sat, 08 Feb 2025 07:37:26 GMT</pubDate>
            <description><![CDATA[D'importantes chutes de neige sont attendues en Ardèche. Les vents atteignant 80 km/h compliquent la situation, bloquant plusieurs routes. <br /><br /><img src="https://images.bfmtv.com/8keODBuVBKleaP0-XHSAiseZZAU=/0x0:1280x720/800x0/images/Pres-d-un-metre-de-neige-attendu-sur-le-plateau-ardechois-2029638.jpg" />]]></description>
            <enclosure url="https://images.bfmtv.com/8keODBuVBKleaP0-XHSAiseZZAU=/0x0:1280x720/800x0/images/Pres-d-un-metre-de-neige-attendu-sur-le-plateau-ardechois-2029638.jpg" length="0" type="image/jpg"/>
        </item>
        <item>
            <title><![CDATA[Quatre départements placés en vigilance orange neige-verglas]]></title>
            <link>https://www.bfmtv.com/meteo/neige/quatre-departements-places-en-vigilance-orange-neige-verglas_VN-202502080092.html</link>
            <guid>https://www.bfmtv.com/meteo/neige/quatre-departements-places-en-vigilance-orange-neige-verglas_VN-202502080092.html</guid>
            <pubDate>Sat, 08 Feb 2025 06:35:34 GMT</pubDate>
            <description><![CDATA[Un épisode neigeux intense s'installe sur plusieurs départements français, avec jusqu'à 20 centimètres de neige attendus par exemple en Haute-Loire. Les autorités appellent à la vigilance et conseillent de limiter les déplacements. <br /><br /><img src="https://images.bfmtv.com/c5oZlskJ10sg0YqIj362cMagl8Y=/0x0:1280x720/800x0/images/Quatre-departements-places-en-vigilance-orange-neige-verglas-2029613.jpg" />]]></description>
            <enclosure url="https://images.bfmtv.com/c5oZlskJ10sg0YqIj362cMagl8Y=/0x0:1280x720/800x0/images/Quatre-departements-places-en-vigilance-orange-neige-verglas-2029613.jpg" length="0" type="image/jpg"/>
        </item>
        <item>
            <title><![CDATA[De grosses chutes de neige attendues ce samedi sur le sud du Massif central]]></title>
            <link>https://www.bfmtv.com/meteo/neige/de-grosses-chutes-de-neige-attendues-ce-samedi-sur-le-sud-du-massif-central_VN-202502080056.html</link>
            <guid>https://www.bfmtv.com/meteo/neige/de-grosses-chutes-de-neige-attendues-ce-samedi-sur-le-sud-du-massif-central_VN-202502080056.html</guid>
            <pubDate>Sat, 08 Feb 2025 05:19:37 GMT</pubDate>
            <description><![CDATA[Une goutte froide se situant sur la Bretagne provoque des pluies intenses entre le Var et les Bouches-du-Rhône. Ces pluies vont se transformer en neige sur le Massif central avec des cumuls pouvant atteindre 80 centimètres dès 1.200 mètres. <br /><br /><img src="https://images.bfmtv.com/lf9817Ec1IYg2pOY3w-H58x0Kpc=/0x0:1280x720/800x0/images/De-grosses-chutes-de-neige-attendues-ce-samedi-sur-le-sud-du-Massif-central-2029594.jpg" />]]></description>
            <enclosure url="https://images.bfmtv.com/lf9817Ec1IYg2pOY3w-H58x0Kpc=/0x0:1280x720/800x0/images/De-grosses-chutes-de-neige-attendues-ce-samedi-sur-le-sud-du-Massif-central-2029594.jpg" length="0" type="image/jpg"/>
        </item>
        <item>
            <title><![CDATA[Quatre départements placés en vigilance orange neige-verglas]]></title>
            <link>https://www.bfmtv.com/meteo/neige/quatre-departements-places-en-vigilance-orange-neige-verglas_VN-202502080054.html</link>
            <guid>https://www.bfmtv.com/meteo/neige/quatre-departements-places-en-vigilance-orange-neige-verglas_VN-202502080054.html</guid>
            <pubDate>Sat, 08 Feb 2025 05:11:50 GMT</pubDate>
            <description><![CDATA[Un épisode neigeux intense s'installe sur plusieurs départements français, avec jusqu'à 20 centimètres de neige attendus par exemple en Haute-Loire. Les autorités appellent à la vigilance et conseillent de limiter les déplacements. <br /><br /><img src="https://images.bfmtv.com/ADzPnxwztvKx4UBLhkuWNleQeco=/0x0:1280x720/800x0/images/Quatre-departements-places-en-vigilance-orange-neige-verglas-2029593.jpg" />]]></description>
            <enclosure url="https://images.bfmtv.com/ADzPnxwztvKx4UBLhkuWNleQeco=/0x0:1280x720/800x0/images/Quatre-departements-places-en-vigilance-orange-neige-verglas-2029593.jpg" length="0" type="image/jpg"/>
        </item>
        <item>
            <title><![CDATA[Un ciel très nuageux ce samedi avec de la neige sur le sud du Massif central]]></title>
            <link>https://www.bfmtv.com/meteo/neige/un-ciel-tres-nuageux-ce-samedi-avec-de-la-neige-sur-le-sud-du-massif-central_VN-202502080053.html</link>
            <guid>https://www.bfmtv.com/meteo/neige/un-ciel-tres-nuageux-ce-samedi-avec-de-la-neige-sur-le-sud-du-massif-central_VN-202502080053.html</guid>
            <pubDate>Sat, 08 Feb 2025 05:05:15 GMT</pubDate>
            <description><![CDATA[Les températures seront comprises entre 4°C et 15°C ce samedi 8 février. <br /><br /><img src="https://images.bfmtv.com/-WOq0IpQYnBqYrV7Kvcn0Dw4y5U=/0x0:1280x720/800x0/images/Un-ciel-tres-nuageux-ce-samedi-avec-de-la-neige-sur-le-sud-du-Massif-central-2029592.jpg" />]]></description>
            <enclosure url="https://images.bfmtv.com/-WOq0IpQYnBqYrV7Kvcn0Dw4y5U=/0x0:1280x720/800x0/images/Un-ciel-tres-nuageux-ce-samedi-avec-de-la-neige-sur-le-sud-du-Massif-central-2029592.jpg" length="0" type="image/jpg"/>
        </item>
        <item>
            <title><![CDATA[Neige abondante attendue dans 4 départements: cette commune de Lozère se prépare]]></title>
            <link>https://www.bfmtv.com/meteo/neige/neige-abondante-attendue-dans-4-departements-cette-commune-de-lozere-se-prepare_VN-202502070936.html</link>
            <guid>https://www.bfmtv.com/meteo/neige/neige-abondante-attendue-dans-4-departements-cette-commune-de-lozere-se-prepare_VN-202502070936.html</guid>
            <pubDate>Fri, 07 Feb 2025 21:47:57 GMT</pubDate>
            <description><![CDATA[Météo-France a placé la Lozère, l'Aveyron, l'Ardèche et la Haute-Loire en vigilance orange pour neige et verglas pour la journée de ce samedi 8 février.<br /><br /><img src="https://images.bfmtv.com/PRekdOe992mUhR0rCYNU1jt4jcs=/0x0:1280x720/800x0/images/Neige-abondante-attendue-dans-4-departements-cette-commune-de-Lozere-se-prepare-2029566.jpg" />]]></description>
            <enclosure url="https://images.bfmtv.com/PRekdOe992mUhR0rCYNU1jt4jcs=/0x0:1280x720/800x0/images/Neige-abondante-attendue-dans-4-departements-cette-commune-de-Lozere-se-prepare-2029566.jpg" length="0" type="image/jpg"/>
        </item>
        <item>
            <title><![CDATA[Météo: le retour de la neige? Des flocons attendus en plaine dès vendredi avec l'arrivée d'une goutte froide]]></title>
            <link>https://www.bfmtv.com/meteo/neige/meteo-avec-l-arrivee-d-une-goutte-froide-la-neige-pourrait-faire-son-retour-en-plaine-des-vendredi_AN-202502050535.html</link>
            <guid>https://www.bfmtv.com/meteo/neige/meteo-avec-l-arrivee-d-une-goutte-froide-la-neige-pourrait-faire-son-retour-en-plaine-des-vendredi_AN-202502050535.html</guid>
            <pubDate>Wed, 05 Feb 2025 13:03:30 GMT</pubDate>
            <description><![CDATA[C'est le sud du Massif central qui devrait être le plus concerné par cet épisode humide et froid qui débutera ce vendredi 7 février. Quelques flocons seront également possibles en plaine, du Limousin à la Normandie en passant par le bassin parisien.<br /><br /><img src="https://images.bfmtv.com/Dv9TWxvyY8KOAZiCgRsIkFQRrFM=/0x212:2048x1364/800x0/images/Des-chutes-de-neige-a-Sorbiers-pres-de-Saint-Etienne-le-3-mars-2024-2027745.jpg" />]]></description>
            <enclosure url="https://images.bfmtv.com/Dv9TWxvyY8KOAZiCgRsIkFQRrFM=/0x212:2048x1364/800x0/images/Des-chutes-de-neige-a-Sorbiers-pres-de-Saint-Etienne-le-3-mars-2024-2027745.jpg" length="0" type="image/jpg"/>
        </item>
        <item>
            <title><![CDATA["Ordre neigeux obligatoire": le maire d'une station de l'Isère prend un arrêté pour "contraindre" la neige à tomber]]></title>
            <link>https://www.bfmtv.com/meteo/neige/ordre-neigeux-obligatoire-le-maire-d-une-station-de-l-isere-prend-un-arrete-pour-contraindre-la-neige-a-tomber_AN-202501260114.html</link>
            <guid>https://www.bfmtv.com/meteo/neige/ordre-neigeux-obligatoire-le-maire-d-une-station-de-l-isere-prend-un-arrete-pour-contraindre-la-neige-a-tomber_AN-202501260114.html</guid>
            <pubDate>Sun, 26 Jan 2025 08:25:24 GMT</pubDate>
            <description><![CDATA[Le maire de Gresse-en-Vercors a pris un arrêté mercredi 22 janvier pour obliger la neige à tomber sur sa commune qui abrite une station de sports d'hiver de moyenne altitude.<br /><br /><img src="https://images.bfmtv.com/jsGjiH6flS4Rv7DJEeFIqB-MZkc=/0x80:768x512/800x0/images/Dans-la-station-de-sports-d-hiver-de-Gresse-en-Vercors-en-Isere-le-14-janvier-2023-1558429.jpg" />]]></description>
            <enclosure url="https://images.bfmtv.com/jsGjiH6flS4Rv7DJEeFIqB-MZkc=/0x80:768x512/800x0/images/Dans-la-station-de-sports-d-hiver-de-Gresse-en-Vercors-en-Isere-le-14-janvier-2023-1558429.jpg" length="0" type="image/jpg"/>
        </item>
        <item>
            <title><![CDATA[De la pluie dans les régions du nord-ouest et sur les parties centrales de la France]]></title>
            <link>https://www.bfmtv.com/meteo/neige/de-la-pluie-dans-les-regions-du-nord-ouest-et-sur-les-parties-centrales-de-la-france_VN-202501100048.html</link>
            <guid>https://www.bfmtv.com/meteo/neige/de-la-pluie-dans-les-regions-du-nord-ouest-et-sur-les-parties-centrales-de-la-france_VN-202501100048.html</guid>
            <pubDate>Fri, 10 Jan 2025 05:05:49 GMT</pubDate>
            <description><![CDATA[Les températures seront comprises entre 0°C et 20°C ce vendredi 10 janvier. <br /><br /><img src="https://images.bfmtv.com/dHqkkcYdVQ81es-Xd3a6BlJd4mc=/0x0:1280x720/800x0/images/De-la-pluie-dans-les-regions-du-nord-ouest-et-sur-les-parties-centrales-de-la-France-2010653.jpg" />]]></description>
            <enclosure url="https://images.bfmtv.com/dHqkkcYdVQ81es-Xd3a6BlJd4mc=/0x0:1280x720/800x0/images/De-la-pluie-dans-les-regions-du-nord-ouest-et-sur-les-parties-centrales-de-la-France-2010653.jpg" length="0" type="image/jpg"/>
        </item>
        <item>
            <title><![CDATA[Intempéries: deux morts et 20 blessés dans le département du Nord]]></title>
            <link>https://www.bfmtv.com/meteo/neige/intemperies-deux-morts-et-20-blesses-dans-le-departement-du-nord_VN-202501090441.html</link>
            <guid>https://www.bfmtv.com/meteo/neige/intemperies-deux-morts-et-20-blesses-dans-le-departement-du-nord_VN-202501090441.html</guid>
            <pubDate>Thu, 09 Jan 2025 10:41:30 GMT</pubDate>
            <description><![CDATA[La préfecture du Nord indique que deux personnes sont mortes cette nuit, dont un quinquagénaire qui a chuté sur la voie publique tôt ce matin à Croix et a heurté sa tête violemment et une personne sans abri qui a été retrouvée morte sur la commune de Valenciennes. Cette même source indique que 20 personnes sont en urgence relative.<br /><br /><img src="https://images.bfmtv.com/pQf84AoB9Z7lwZnsD_eW13RNHOg=/0x0:1280x720/800x0/images/Intemperies-deux-morts-et-20-blesses-dans-le-departement-du-Nord-2010162.jpg" />]]></description>
            <enclosure url="https://images.bfmtv.com/pQf84AoB9Z7lwZnsD_eW13RNHOg=/0x0:1280x720/800x0/images/Intemperies-deux-morts-et-20-blesses-dans-le-departement-du-Nord-2010162.jpg" length="0" type="image/jpg"/>
        </item>
        <item>
            <title><![CDATA[Neige-verglas: la préfecture du Pas-de-Calais a pris un arrêté pour abaisser la vitesse de circulation de 20km/h ]]></title>
            <link>https://www.bfmtv.com/meteo/neige/neige-verglas-la-prefecture-du-pas-de-calais-a-pris-un-arrete-pour-abaisser-la-vitesse-de-circulation-de-20km-h_VN-202501090420.html</link>
            <guid>https://www.bfmtv.com/meteo/neige/neige-verglas-la-prefecture-du-pas-de-calais-a-pris-un-arrete-pour-abaisser-la-vitesse-de-circulation-de-20km-h_VN-202501090420.html</guid>
            <pubDate>Thu, 09 Jan 2025 10:24:34 GMT</pubDate>
            <description><![CDATA[Les départements du Nord et du Pas-de-Calais sont en vigilance orange pour des phénomènes de neige-verglas entre 6 heures et 12 heures, jeudi 9 janvier. La vigilance a été maintenue pour ce vendredi 10 janvier.<br /><br /><img src="https://images.bfmtv.com/V6jaAT61TdCZN6GwfuWNmfWwl4k=/0x0:1280x720/800x0/images/Neige-verglas-la-prefecture-du-Pas-de-Calais-a-pris-un-arrete-pour-abaisser-la-vitesse-de-circulation-de-20km-h-2010143.jpg" />]]></description>
            <enclosure url="https://images.bfmtv.com/V6jaAT61TdCZN6GwfuWNmfWwl4k=/0x0:1280x720/800x0/images/Neige-verglas-la-prefecture-du-Pas-de-Calais-a-pris-un-arrete-pour-abaisser-la-vitesse-de-circulation-de-20km-h-2010143.jpg" length="0" type="image/jpg"/>
        </item>
        <item>
            <title><![CDATA[Vos images témoins des chutes de neige dans les Hauts-de-France]]></title>
            <link>https://www.bfmtv.com/meteo/neige/vos-images-temoins-des-chutes-de-neige-dans-les-hauts-de-france_VN-202501090411.html</link>
            <guid>https://www.bfmtv.com/meteo/neige/vos-images-temoins-des-chutes-de-neige-dans-les-hauts-de-france_VN-202501090411.html</guid>
            <pubDate>Thu, 09 Jan 2025 10:13:37 GMT</pubDate>
            <description><![CDATA[Dans la nuit de mercredi 8 janvier à jeudi 9 janvier, la neige est beaucoup tombée dans la région Hauts-de-France. Le Nord et le Pas-de-Calais sont placés en vigilance orange neige-verglas ce jeudi matin. La limite de vitesse a abaissée sur certains axes de circulation. Les transports scolaires et interurbains sont interrompus toute la journée dans la région.<br /><br /><img src="https://images.bfmtv.com/xFtQG-gYt8NmcLKI1vtgN_i7ups=/0x0:1280x720/800x0/images/Vos-images-temoins-des-chutes-de-neige-dans-les-Hauts-de-France-2010135.jpg" />]]></description>
            <enclosure url="https://images.bfmtv.com/xFtQG-gYt8NmcLKI1vtgN_i7ups=/0x0:1280x720/800x0/images/Vos-images-temoins-des-chutes-de-neige-dans-les-Hauts-de-France-2010135.jpg" length="0" type="image/jpg"/>
        </item>
        <item>
            <title><![CDATA[Neige, verglas, crues: sept départements placés en vigilance orange par Météo-France]]></title>
            <link>https://www.bfmtv.com/meteo/neige/neige-verglas-crues-sept-departements-places-en-vigilance-orange-par-meteo-france_VN-202501090350.html</link>
            <guid>https://www.bfmtv.com/meteo/neige/neige-verglas-crues-sept-departements-places-en-vigilance-orange-par-meteo-france_VN-202501090350.html</guid>
            <pubDate>Thu, 09 Jan 2025 09:21:28 GMT</pubDate>
            <description><![CDATA[Météo-France a placé sept départements du quart nord-est du pays en vigilance orange ce mercredi soir pour des risques de crues et de neige-verglas.<br /><br /><img src="https://images.bfmtv.com/UyPPhYdkDa7MTKptxvKW2SrOMxE=/0x0:1280x720/800x0/images/Neige-verglas-crues-sept-departements-places-en-vigilance-orange-par-Meteo-France-2010091.jpg" />]]></description>
            <enclosure url="https://images.bfmtv.com/UyPPhYdkDa7MTKptxvKW2SrOMxE=/0x0:1280x720/800x0/images/Neige-verglas-crues-sept-departements-places-en-vigilance-orange-par-Meteo-France-2010091.jpg" length="0" type="image/jpg"/>
        </item>
        <item>
            <title><![CDATA[Neige dans le Pas-de-Calais: trois blessés dont deux graves dans un accident à Marck]]></title>
            <link>https://www.bfmtv.com/meteo/neige/neige-dans-le-pas-de-calais-trois-blesses-dont-deux-graves-dans-un-accident-a-marck_VN-202501090347.html</link>
            <guid>https://www.bfmtv.com/meteo/neige/neige-dans-le-pas-de-calais-trois-blesses-dont-deux-graves-dans-un-accident-a-marck_VN-202501090347.html</guid>
            <pubDate>Thu, 09 Jan 2025 09:19:22 GMT</pubDate>
            <description><![CDATA[Trois personnes ont été blessées dans un accident grave de la circulation à Marck dans la nuit de mercredi 8 à jeudi 9 janvier, alors que d'importantes chutes de neige tombaient dans le Pas-de-Calais, a indiqué le préfet des Hauts-de-France sur BFMTV. Le département est placé depuis mercredi en vigilance orange neige et verglas.<br /><br /><img src="https://images.bfmtv.com/IWMVLAknS5p4st45TItHc2wwyhg=/0x0:1280x720/800x0/images/Neige-dans-le-Pas-de-Calais-trois-blesses-dont-deux-graves-dans-un-accident-a-Marck-2010088.jpg" />]]></description>
            <enclosure url="https://images.bfmtv.com/IWMVLAknS5p4st45TItHc2wwyhg=/0x0:1280x720/800x0/images/Neige-dans-le-Pas-de-Calais-trois-blesses-dont-deux-graves-dans-un-accident-a-Marck-2010088.jpg" length="0" type="image/jpg"/>
        </item>
        <item>
            <title><![CDATA[Neige: "avoir un système de prévention" explique le maire de Lens, dans le Pas-de-Calais]]></title>
            <link>https://www.bfmtv.com/meteo/neige/neige-avoir-un-systeme-de-prevention-explique-le-maire-de-lens-dans-le-pas-de-calais_VN-202501090316.html</link>
            <guid>https://www.bfmtv.com/meteo/neige/neige-avoir-un-systeme-de-prevention-explique-le-maire-de-lens-dans-le-pas-de-calais_VN-202501090316.html</guid>
            <pubDate>Thu, 09 Jan 2025 08:35:09 GMT</pubDate>
            <description><![CDATA[Vigilance orange: dans le Pas-de-Calais, jusqu'à 10 centimètres de neige au sol: "les équipes sont en place depuis ce matin", rassure Sylvain Robert, maire de Lens.<br /><br /><img src="https://images.bfmtv.com/NbmiJ8dnOssQxxYweLlK7yXay3s=/0x0:1280x720/800x0/images/Neige-avoir-un-systeme-de-prevention-explique-le-maire-de-Lens-dans-le-Pas-de-Calais-2010053.jpg" />]]></description>
            <enclosure url="https://images.bfmtv.com/NbmiJ8dnOssQxxYweLlK7yXay3s=/0x0:1280x720/800x0/images/Neige-avoir-un-systeme-de-prevention-explique-le-maire-de-Lens-dans-le-Pas-de-Calais-2010053.jpg" length="0" type="image/jpg"/>
        </item>
        <item>
            <title><![CDATA[Neige: le préfet de la région des Hauts-de-France appelle "au respect des consignes de sécurité]]></title>
            <link>https://www.bfmtv.com/meteo/neige/neige-le-prefet-de-la-region-des-hauts-de-france-appelle-au-respect-des-consignes-de-securite_VN-202501090192.html</link>
            <guid>https://www.bfmtv.com/meteo/neige/neige-le-prefet-de-la-region-des-hauts-de-france-appelle-au-respect-des-consignes-de-securite_VN-202501090192.html</guid>
            <pubDate>Thu, 09 Jan 2025 06:53:16 GMT</pubDate>
            <description><![CDATA[La neige a fait son retour dans le Pas-de-Calais et le Nord, entraînant environ 55 blessés légers. Malgré des restrictions de circulation, deux accidents notables ont eu lieu, mais la situation est sous contrôle grâce aux efforts des gestionnaires de voirie.<br /><br /><img src="https://images.bfmtv.com/NCxobCAlXXwgIXaOUuDKOghOlmQ=/0x0:1280x720/800x0/images/Neige-le-prefet-de-la-region-des-Hauts-de-France-appelle-au-respect-des-consignes-de-securite-2009949.jpg" />]]></description>
            <enclosure url="https://images.bfmtv.com/NCxobCAlXXwgIXaOUuDKOghOlmQ=/0x0:1280x720/800x0/images/Neige-le-prefet-de-la-region-des-Hauts-de-France-appelle-au-respect-des-consignes-de-securite-2009949.jpg" length="0" type="image/jpg"/>
        </item>
        <item>
            <title><![CDATA[Neige: trois personnes ont été blessées dans un accident à Marck, dans le Pas-de-Calais, selon le préfet des Hauts-de-France]]></title>
            <link>https://www.bfmtv.com/meteo/neige/neige-trois-personnes-ont-ete-blessees-dans-un-accident-a-marck-dans-le-pas-de-calais-selon-le-prefet-des-hauts-de-france_VN-202501090190.html</link>
            <guid>https://www.bfmtv.com/meteo/neige/neige-trois-personnes-ont-ete-blessees-dans-un-accident-a-marck-dans-le-pas-de-calais-selon-le-prefet-des-hauts-de-france_VN-202501090190.html</guid>
            <pubDate>Thu, 09 Jan 2025 06:49:46 GMT</pubDate>
            <description><![CDATA[La neige a fait son retour dans le Pas-de-Calais et le Nord, entraînant environ 55 blessés légers. Malgré des restrictions de circulation, deux accidents notables ont eu lieu, mais la situation est sous contrôle grâce aux efforts des gestionnaires de voirie.<br /><br /><img src="https://images.bfmtv.com/REBxW9_ceJ58lSiEBEzG9xZ0CvM=/0x0:1280x720/800x0/images/Neige-trois-personnes-ont-ete-blessees-dans-un-accident-a-Marck-dans-le-Pas-de-Calais-selon-le-prefet-des-Hauts-de-France-2009946.jpg" />]]></description>
            <enclosure url="https://images.bfmtv.com/REBxW9_ceJ58lSiEBEzG9xZ0CvM=/0x0:1280x720/800x0/images/Neige-trois-personnes-ont-ete-blessees-dans-un-accident-a-Marck-dans-le-Pas-de-Calais-selon-le-prefet-des-Hauts-de-France-2009946.jpg" length="0" type="image/jpg"/>
        </item>
        <item>
            <title><![CDATA[Pas-de-Calais: les déneigeuses déjà sur les routes, jusqu'à 20 cm attendus dans le département]]></title>
            <link>https://www.bfmtv.com/meteo/neige/pas-de-calais-les-deneigeuses-deja-sur-les-routes-jusqu-a-20-cm-attendus-dans-le-departement_VN-202501090088.html</link>
            <guid>https://www.bfmtv.com/meteo/neige/pas-de-calais-les-deneigeuses-deja-sur-les-routes-jusqu-a-20-cm-attendus-dans-le-departement_VN-202501090088.html</guid>
            <pubDate>Thu, 09 Jan 2025 05:39:58 GMT</pubDate>
            <description><![CDATA[La neige tombe ce jeudi 9 janvier à l'aube au nord d'une ligne allant d'Abbeville à Valenciennes dans les Hauts-de-France. La neige tient au sol, on relève localement entre 1 et 5 cm.<br /><br /><img src="https://images.bfmtv.com/_8cKgI7eBB99Wp6WPXr5MRU2C_I=/0x0:1280x720/800x0/images/Pas-de-Calais-les-deneigeuses-deja-sur-les-routes-jusqu-a-20-cm-attendus-dans-le-departement-2009872.jpg" />]]></description>
            <enclosure url="https://images.bfmtv.com/_8cKgI7eBB99Wp6WPXr5MRU2C_I=/0x0:1280x720/800x0/images/Pas-de-Calais-les-deneigeuses-deja-sur-les-routes-jusqu-a-20-cm-attendus-dans-le-departement-2009872.jpg" length="0" type="image/jpg"/>
        </item>
        <item>
            <title><![CDATA[Neige-verglas: jusqu'à 10 centimètres de neige au sol dans le Pas-de-Calais]]></title>
            <link>https://www.bfmtv.com/meteo/neige/neige-verglas-jusqu-a-10-centimetres-de-neige-au-sol-dans-le-pas-de-calais_VN-202501090081.html</link>
            <guid>https://www.bfmtv.com/meteo/neige/neige-verglas-jusqu-a-10-centimetres-de-neige-au-sol-dans-le-pas-de-calais_VN-202501090081.html</guid>
            <pubDate>Thu, 09 Jan 2025 05:38:11 GMT</pubDate>
            <description><![CDATA[Ce jeudi matin, la neige recouvre la ville de Béthune, dans le Pas-de-Calais. Les agents de la ville s'activent pour déneiger les zones stratégiques. Météo France maintient sept départements du nord du pays en vigilance orange dans son bulletin publié à 6h ce jeudi 9 janvier. Il s'agit du Pas-de-Calais et du Nord pour des phénomènes de neige-verglas entre 6h et 12h, et de l'Ille-et-Vilaine, du Calvados, de l'Eure, de la Seine-Maritime et de l'Oise pour des phénomènes de crues.<br /><br /><img src="https://images.bfmtv.com/aJxRiBLDT-tbgRDCWm4IdVZ4BYg=/0x0:1280x720/800x0/images/Neige-verglas-jusqu-a-10-centimetres-de-neige-au-sol-dans-le-Pas-de-Calais-2009866.jpg" />]]></description>
            <enclosure url="https://images.bfmtv.com/aJxRiBLDT-tbgRDCWm4IdVZ4BYg=/0x0:1280x720/800x0/images/Neige-verglas-jusqu-a-10-centimetres-de-neige-au-sol-dans-le-Pas-de-Calais-2009866.jpg" length="0" type="image/jpg"/>
        </item>
    </channel>
</rss>