<?xml version="1.0" encoding="utf-8"?>
<rss version="2.0" xmlns:atom="http://www.w3.org/2005/Atom">
    <channel>
        <title>Home Marseille - actualités</title>
        <link>https://www.bfmtv.com/marseille/</link>
        <description>Suivez toute l'actualité politique, économique, météo, sportive et sociale de Marseille et ses alentours en temps réel</description>
        <lastBuildDate>Mon, 10 Feb 2025 12:39:38 GMT</lastBuildDate>
        <docs>http://blogs.law.harvard.edu/tech/rss</docs>
        <generator>BFMTV</generator>
        <language>fr</language>
        <image>
            <title>Home Marseille - actualités</title>
            <url>https://www.bfmtv.com/assets/v11/images/BFMTV_default_16x9.8715a163008e9f3fc3799c8e2c6ebafa.jpg</url>
            <link>https://www.bfmtv.com/marseille/</link>
        </image>
        <copyright>Copyright BFMTV</copyright>
        <category>Home Marseille - actualités</category>
        <atom:link href="https://www.bfmtv.com/marseille/" rel="self" type="application/rss+xml"/>
        <item>
            <title><![CDATA[T3: la rue de Rome non desservie jusqu'en avril]]></title>
            <link>https://www.bfmtv.com/marseille/replay-emissions/le-12-17/t3-la-rue-de-rome-non-desservie-jusqu-en-avril_VN-202502100442.html</link>
            <guid>https://www.bfmtv.com/marseille/replay-emissions/le-12-17/t3-la-rue-de-rome-non-desservie-jusqu-en-avril_VN-202502100442.html</guid>
            <pubDate>Mon, 10 Feb 2025 11:18:13 GMT</pubDate>
            <description><![CDATA[Des travaux d'extension de la ligne de tramway T3 ont repris ce lundi 10 février et jusqu'au dimanche 6 avril. L'offre sera renforcée sur la ligne T2.<br /><br /><img src="https://images.bfmtv.com/ezdnRbPyCX5oTMXzGEaow_CKZMA=/0x0:1280x720/800x0/images/T3-la-rue-de-Rome-non-desservie-jusqu-en-avril-2030620.jpg" />]]></description>
            <enclosure url="https://images.bfmtv.com/ezdnRbPyCX5oTMXzGEaow_CKZMA=/0x0:1280x720/800x0/images/T3-la-rue-de-Rome-non-desservie-jusqu-en-avril-2030620.jpg" length="0" type="image/jpg"/>
        </item>
        <item>
            <title><![CDATA[Des menaces de mort dénoncées dans les écoles]]></title>
            <link>https://www.bfmtv.com/marseille/replay-emissions/bonjour-marseille/des-menaces-de-mort-denoncees-dans-les-ecoles_VN-202502100244.html</link>
            <guid>https://www.bfmtv.com/marseille/replay-emissions/bonjour-marseille/des-menaces-de-mort-denoncees-dans-les-ecoles_VN-202502100244.html</guid>
            <pubDate>Mon, 10 Feb 2025 07:39:12 GMT</pubDate>
            <description><![CDATA[Philippe Angelelli, secrétaire général de la section CFTC de la ville de Marseille, dénonce le "fléau" des menaces de mort dans les écoles de la commune.<br /><br /><img src="https://images.bfmtv.com/dqPqDVsxttvRfBhAVvaH8hzd-dI=/0x0:1280x720/800x0/images/Des-menaces-de-mort-denoncees-dans-les-ecoles-2030437.jpg" />]]></description>
            <enclosure url="https://images.bfmtv.com/dqPqDVsxttvRfBhAVvaH8hzd-dI=/0x0:1280x720/800x0/images/Des-menaces-de-mort-denoncees-dans-les-ecoles-2030437.jpg" length="0" type="image/jpg"/>
        </item>
        <item>
            <title><![CDATA[Perturbations sur le T3: la ligne T2 renforcée le temps des travaux]]></title>
            <link>https://www.bfmtv.com/marseille/replay-emissions/bonjour-marseille/perturbations-sur-le-t3-la-ligne-t2-renforcee-le-temps-des-travaux_VN-202502100233.html</link>
            <guid>https://www.bfmtv.com/marseille/replay-emissions/bonjour-marseille/perturbations-sur-le-t3-la-ligne-t2-renforcee-le-temps-des-travaux_VN-202502100233.html</guid>
            <pubDate>Mon, 10 Feb 2025 07:29:35 GMT</pubDate>
            <description><![CDATA[Des travaux d'extension de la ligne de tramway T3 vont reprendre ce lundi 10 février et jusqu'au dimanche 6 avril. L'offre sera renforcée sur la ligne T2.<br /><br /><img src="https://images.bfmtv.com/FOFh1rHXHDWt9ml8kLFXJ-ESKGQ=/0x0:1280x720/800x0/images/Perturbations-sur-le-T3-la-ligne-T2-renforcee-le-temps-des-travaux-2030425.jpg" />]]></description>
            <enclosure url="https://images.bfmtv.com/FOFh1rHXHDWt9ml8kLFXJ-ESKGQ=/0x0:1280x720/800x0/images/Perturbations-sur-le-T3-la-ligne-T2-renforcee-le-temps-des-travaux-2030425.jpg" length="0" type="image/jpg"/>
        </item>
        <item>
            <title><![CDATA[Marseille: trop de nids-de-poule en ville?]]></title>
            <link>https://www.bfmtv.com/marseille/replay-emissions/bonjour-marseille/marseille-trop-de-nids-de-poule-en-ville_VN-202502100228.html</link>
            <guid>https://www.bfmtv.com/marseille/replay-emissions/bonjour-marseille/marseille-trop-de-nids-de-poule-en-ville_VN-202502100228.html</guid>
            <pubDate>Mon, 10 Feb 2025 07:25:34 GMT</pubDate>
            <description><![CDATA[Ils sont dangereux et souvent difficiles à éviter. Les nids-de-poule sont un cauchemar pour les automobilistes, les motards et les cyclistes. En 2022, la métropole Aix-Marseille-Provence s'est engagée à investir 200 millions d'euros sur quatre ans.<br /><br /><img src="https://images.bfmtv.com/aiBfMrjGqfVz8F21pDFSMUbMG-A=/0x0:1280x720/800x0/images/Marseille-trop-de-nids-de-poule-en-ville-2030421.jpg" />]]></description>
            <enclosure url="https://images.bfmtv.com/aiBfMrjGqfVz8F21pDFSMUbMG-A=/0x0:1280x720/800x0/images/Marseille-trop-de-nids-de-poule-en-ville-2030421.jpg" length="0" type="image/jpg"/>
        </item>
        <item>
            <title><![CDATA[Deux boxeurs marseillais ont participé au championnat de France de boxe élites]]></title>
            <link>https://www.bfmtv.com/marseille/replay-emissions/bonjour-marseille/deux-boxeurs-marseillais-ont-participe-au-championnat-de-france-de-boxe-elites_VN-202502100223.html</link>
            <guid>https://www.bfmtv.com/marseille/replay-emissions/bonjour-marseille/deux-boxeurs-marseillais-ont-participe-au-championnat-de-france-de-boxe-elites_VN-202502100223.html</guid>
            <pubDate>Mon, 10 Feb 2025 07:22:23 GMT</pubDate>
            <description><![CDATA[Les boxeurs marseillais Sandro Spica, champion de France amateur en -60kg, et Salim Benhebba ont participé aux championnats de France de boxe amateur ce 25 janvier.<br /><br /><img src="https://images.bfmtv.com/g6ho2LVyhBQzkPlulQ5FvBLW2ns=/0x0:1280x720/800x0/images/Deux-boxeurs-marseillais-ont-participe-au-championnat-de-France-de-boxe-elites-2030417.jpg" />]]></description>
            <enclosure url="https://images.bfmtv.com/g6ho2LVyhBQzkPlulQ5FvBLW2ns=/0x0:1280x720/800x0/images/Deux-boxeurs-marseillais-ont-participe-au-championnat-de-France-de-boxe-elites-2030417.jpg" length="0" type="image/jpg"/>
        </item>
        <item>
            <title><![CDATA[Que faire pendant les vacances d'hiver en Provence?]]></title>
            <link>https://www.bfmtv.com/marseille/replay-emissions/bonjour-marseille/que-faire-pendant-les-vacances-d-hiver-en-provence_VN-202502100211.html</link>
            <guid>https://www.bfmtv.com/marseille/replay-emissions/bonjour-marseille/que-faire-pendant-les-vacances-d-hiver-en-provence_VN-202502100211.html</guid>
            <pubDate>Mon, 10 Feb 2025 07:15:44 GMT</pubDate>
            <description><![CDATA[Un escape game dans l'univers des poèmes persans, des histoires en lien avec les crêpes et galettes et un stage de graff, BFM Marseille Provence propose une liste d'activités à faire pour les vacances d'hiver.<br /><br /><img src="https://images.bfmtv.com/zbueabBsyGbRWWNKDTft_3zjzrA=/0x0:1280x720/800x0/images/Que-faire-pendant-les-vacances-d-hiver-en-Provence-2030409.jpg" />]]></description>
            <enclosure url="https://images.bfmtv.com/zbueabBsyGbRWWNKDTft_3zjzrA=/0x0:1280x720/800x0/images/Que-faire-pendant-les-vacances-d-hiver-en-Provence-2030409.jpg" length="0" type="image/jpg"/>
        </item>
        <item>
            <title><![CDATA[T3: la rue de Rome non desservie jusqu'en avril en raison de travaux]]></title>
            <link>https://www.bfmtv.com/marseille/replay-emissions/bonjour-marseille/t3-la-rue-de-rome-non-desservie-jusqu-en-avril-en-raison-de-travaux_VN-202502100209.html</link>
            <guid>https://www.bfmtv.com/marseille/replay-emissions/bonjour-marseille/t3-la-rue-de-rome-non-desservie-jusqu-en-avril-en-raison-de-travaux_VN-202502100209.html</guid>
            <pubDate>Mon, 10 Feb 2025 07:12:13 GMT</pubDate>
            <description><![CDATA[Des travaux d'extension de la ligne de tramway T3 vont reprendre ce lundi 10 février et jusqu'au dimanche 6 avril. L'offre sera renforcée sur la ligne T2.<br /><br /><img src="https://images.bfmtv.com/7XwQfFLuOyxJX2cIigh7CySbzjI=/0x0:1280x720/800x0/images/T3-la-rue-de-Rome-non-desservie-jusqu-en-avril-en-raison-de-travaux-2030408.jpg" />]]></description>
            <enclosure url="https://images.bfmtv.com/7XwQfFLuOyxJX2cIigh7CySbzjI=/0x0:1280x720/800x0/images/T3-la-rue-de-Rome-non-desservie-jusqu-en-avril-en-raison-de-travaux-2030408.jpg" length="0" type="image/jpg"/>
        </item>
        <item>
            <title><![CDATA[Météo Bouches-du-Rhône: un ciel couvert puis chargé en nuages, jusqu'à 15°C à La Ciotat]]></title>
            <link>https://www.bfmtv.com/marseille/meteo/meteo-bouches-du-rhone-un-ciel-couvert-puis-charge-en-nuages-jusqu-a-15-c-a-la-ciotat_VN-202502100205.html</link>
            <guid>https://www.bfmtv.com/marseille/meteo/meteo-bouches-du-rhone-un-ciel-couvert-puis-charge-en-nuages-jusqu-a-15-c-a-la-ciotat_VN-202502100205.html</guid>
            <pubDate>Mon, 10 Feb 2025 07:10:04 GMT</pubDate>
            <description><![CDATA[Découvrez en images les prévisions météo complètes du 10 février 2025 pour Marseille sur la chaîne BFM Marseille Provence.<br /><br /><img src="https://images.bfmtv.com/Geeu5xiqdQASwMRleg8-AhiKQNM=/0x0:1280x720/800x0/images/Meteo-Bouches-du-Rhone-un-ciel-couvert-puis-charge-en-nuages-jusqu-a-15-C-a-La-Ciotat-2030405.jpg" />]]></description>
            <enclosure url="https://images.bfmtv.com/Geeu5xiqdQASwMRleg8-AhiKQNM=/0x0:1280x720/800x0/images/Meteo-Bouches-du-Rhone-un-ciel-couvert-puis-charge-en-nuages-jusqu-a-15-C-a-La-Ciotat-2030405.jpg" length="0" type="image/jpg"/>
        </item>
        <item>
            <title><![CDATA[Victoire de l'OM face à Angers: De Zerbi "très content" du match des recrues]]></title>
            <link>https://www.bfmtv.com/marseille/replay-emissions/virage-marseille/victoire-de-l-om-face-a-angers-de-zerbi-tres-content-du-match-des-recrues_VN-202502090460.html</link>
            <guid>https://www.bfmtv.com/marseille/replay-emissions/virage-marseille/victoire-de-l-om-face-a-angers-de-zerbi-tres-content-du-match-des-recrues_VN-202502090460.html</guid>
            <pubDate>Sun, 09 Feb 2025 22:29:46 GMT</pubDate>
            <description><![CDATA[La conférence de presse de Robert De Zerbi après la victoire 2-0 de l'Olympique de Marseille face à Angers.<br /><br /><img src="https://images.bfmtv.com/H9gRm5FPrGqz2EvPUdvLbC7LbXY=/0x0:1280x720/800x0/images/Victoire-de-l-OM-face-a-Angers-De-Zerbi-tres-content-du-match-des-recrues-2030253.jpg" />]]></description>
            <enclosure url="https://images.bfmtv.com/H9gRm5FPrGqz2EvPUdvLbC7LbXY=/0x0:1280x720/800x0/images/Victoire-de-l-OM-face-a-Angers-De-Zerbi-tres-content-du-match-des-recrues-2030253.jpg" length="0" type="image/jpg"/>
        </item>
        <item>
            <title><![CDATA[Victoire de l'OM face à Angers: les recrues Gouiri et Bennacer au top]]></title>
            <link>https://www.bfmtv.com/marseille/replay-emissions/virage-marseille/victoire-de-l-om-face-a-angers-les-recrues-gouiri-et-bennacer-au-top_VN-202502090458.html</link>
            <guid>https://www.bfmtv.com/marseille/replay-emissions/virage-marseille/victoire-de-l-om-face-a-angers-les-recrues-gouiri-et-bennacer-au-top_VN-202502090458.html</guid>
            <pubDate>Sun, 09 Feb 2025 22:24:20 GMT</pubDate>
            <description><![CDATA[Le débrief de la victoire 2-0 de l'OM face à Angers le 9 février 2025.<br /><br /><img src="https://images.bfmtv.com/5kFEvT13tI-BSvIvPl8KVRVnrDE=/0x0:1280x720/800x0/images/Victoire-de-l-OM-face-a-Angers-les-recrues-Gouiri-et-Bennacer-au-top-2030251.jpg" />]]></description>
            <enclosure url="https://images.bfmtv.com/5kFEvT13tI-BSvIvPl8KVRVnrDE=/0x0:1280x720/800x0/images/Victoire-de-l-OM-face-a-Angers-les-recrues-Gouiri-et-Bennacer-au-top-2030251.jpg" length="0" type="image/jpg"/>
        </item>
        <item>
            <title><![CDATA[Victoire 2-0 de l'OM face à Angers: les Marseillais consolident leur 2e palce]]></title>
            <link>https://www.bfmtv.com/marseille/replay-emissions/virage-marseille/victoire-2-0-de-l-om-face-a-angers-les-marseillais-consolident-leur-2e-palce_VN-202502090456.html</link>
            <guid>https://www.bfmtv.com/marseille/replay-emissions/virage-marseille/victoire-2-0-de-l-om-face-a-angers-les-marseillais-consolident-leur-2e-palce_VN-202502090456.html</guid>
            <pubDate>Sun, 09 Feb 2025 22:16:59 GMT</pubDate>
            <description><![CDATA[Le débrief du match Angers-OM du 9 février.<br /><br /><img src="https://images.bfmtv.com/kpWgsZdOfV9nIL5FlaHiaKny9jg=/0x0:1280x720/800x0/images/Victoire-2-0-de-l-OM-face-a-Angers-les-Marseillais-consolident-leur-2e-palce-2030249.jpg" />]]></description>
            <enclosure url="https://images.bfmtv.com/kpWgsZdOfV9nIL5FlaHiaKny9jg=/0x0:1280x720/800x0/images/Victoire-2-0-de-l-OM-face-a-Angers-les-Marseillais-consolident-leur-2e-palce-2030249.jpg" length="0" type="image/jpg"/>
        </item>
        <item>
            <title><![CDATA[Histoire des matchs Angers-OM: tester vos connaissances avec un quizz]]></title>
            <link>https://www.bfmtv.com/marseille/replay-emissions/virage-marseille/histoire-des-matchs-angers-om-tester-vos-connaissances-avec-un-quizz_VN-202502090419.html</link>
            <guid>https://www.bfmtv.com/marseille/replay-emissions/virage-marseille/histoire-des-matchs-angers-om-tester-vos-connaissances-avec-un-quizz_VN-202502090419.html</guid>
            <pubDate>Sun, 09 Feb 2025 19:45:11 GMT</pubDate>
            <description><![CDATA[Suivez l'avant-match d'OM-Angers sur BFM Marseille Provence et BFM Toulon Var.<br /><br /><img src="https://images.bfmtv.com/wm8bwlFHs_ZnGvjqUI9D5U9B3WY=/0x0:1280x720/800x0/images/Histoire-des-matchs-Angers-OM-tester-vos-connaissances-avec-un-quizz-2030222.jpg" />]]></description>
            <enclosure url="https://images.bfmtv.com/wm8bwlFHs_ZnGvjqUI9D5U9B3WY=/0x0:1280x720/800x0/images/Histoire-des-matchs-Angers-OM-tester-vos-connaissances-avec-un-quizz-2030222.jpg" length="0" type="image/jpg"/>
        </item>
        <item>
            <title><![CDATA[Angers-OM: Bennacer et Gouiri titulaires]]></title>
            <link>https://www.bfmtv.com/marseille/replay-emissions/virage-marseille/angers-om-bennacer-et-gouiri-titulaires_VN-202502090410.html</link>
            <guid>https://www.bfmtv.com/marseille/replay-emissions/virage-marseille/angers-om-bennacer-et-gouiri-titulaires_VN-202502090410.html</guid>
            <pubDate>Sun, 09 Feb 2025 19:22:53 GMT</pubDate>
            <description><![CDATA[Suivez l'avant-match d'OM-Angers sur BFM Marseille Provence et BFM Toulon Var.<br /><br /><img src="https://images.bfmtv.com/OnL5ogS_OBaQpW7GO3IrHPHZdRU=/0x0:1280x720/800x0/images/Angers-OM-Bennacer-et-Gouiri-titulaires-2030214.jpg" />]]></description>
            <enclosure url="https://images.bfmtv.com/OnL5ogS_OBaQpW7GO3IrHPHZdRU=/0x0:1280x720/800x0/images/Angers-OM-Bennacer-et-Gouiri-titulaires-2030214.jpg" length="0" type="image/jpg"/>
        </item>
        <item>
            <title><![CDATA[Angers-OM: les Marseillais veulent consolider leur 2e place]]></title>
            <link>https://www.bfmtv.com/marseille/replay-emissions/virage-marseille/angers-om-les-marseillais-veulent-consolider-leur-2e-place_VN-202502090407.html</link>
            <guid>https://www.bfmtv.com/marseille/replay-emissions/virage-marseille/angers-om-les-marseillais-veulent-consolider-leur-2e-place_VN-202502090407.html</guid>
            <pubDate>Sun, 09 Feb 2025 19:16:45 GMT</pubDate>
            <description><![CDATA[Suivez l'avant-match d'OM-Angers sur BFM Marseille Provence et BFM Toulon Var.<br /><br /><img src="https://images.bfmtv.com/BBdx9iEA4A0QBuF5QAb6hp5pDt4=/0x0:1280x720/800x0/images/Angers-OM-les-Marseillais-veulent-consolider-leur-2e-place-2030210.jpg" />]]></description>
            <enclosure url="https://images.bfmtv.com/BBdx9iEA4A0QBuF5QAb6hp5pDt4=/0x0:1280x720/800x0/images/Angers-OM-les-Marseillais-veulent-consolider-leur-2e-place-2030210.jpg" length="0" type="image/jpg"/>
        </item>
        <item>
            <title><![CDATA[Marseille: le tramway T3 à l'arrêt dès ce lundi]]></title>
            <link>https://www.bfmtv.com/marseille/replay-emissions/sud-week-end-soir/marseille-le-tramway-t3-a-l-arret-des-ce-lundi_VN-202502090379.html</link>
            <guid>https://www.bfmtv.com/marseille/replay-emissions/sud-week-end-soir/marseille-le-tramway-t3-a-l-arret-des-ce-lundi_VN-202502090379.html</guid>
            <pubDate>Sun, 09 Feb 2025 18:01:36 GMT</pubDate>
            <description><![CDATA[Le tramway T3 sera à l'arrêt à partir de ce lundi 10 février, et pour plusieurs mois en raison de travaux. Une fermeture qui handicape les usagers.<br /><br /><img src="https://images.bfmtv.com/_EIDBfAE3iPkgeHsqhSsvConW0o=/0x0:1280x720/800x0/images/Marseille-le-tramway-T3-a-l-arret-des-ce-lundi-2030191.jpg" />]]></description>
            <enclosure url="https://images.bfmtv.com/_EIDBfAE3iPkgeHsqhSsvConW0o=/0x0:1280x720/800x0/images/Marseille-le-tramway-T3-a-l-arret-des-ce-lundi-2030191.jpg" length="0" type="image/jpg"/>
        </item>
        <item>
            <title><![CDATA[Marseille: Rusalka à l'Opéra la semaine prochaine]]></title>
            <link>https://www.bfmtv.com/marseille/replay-emissions/sud-week-end-soir/marseille-rusalka-a-l-opera-la-semaine-prochaine_VN-202502090378.html</link>
            <guid>https://www.bfmtv.com/marseille/replay-emissions/sud-week-end-soir/marseille-rusalka-a-l-opera-la-semaine-prochaine_VN-202502090378.html</guid>
            <pubDate>Sun, 09 Feb 2025 17:57:45 GMT</pubDate>
            <description><![CDATA[Rusalka est en préparation à l'Opéra de Marseille. Les représentations auront lieu les 11, 13 et 16 février. Une pièce largement inspirée de La petite sirène, et remise au goût du jour.<br /><br /><img src="https://images.bfmtv.com/XpNWW_MH2uEkQPxFSz4H8xG2f-c=/0x0:1280x720/800x0/images/Marseille-Rusalka-a-l-Opera-la-semaine-prochaine-2030189.jpg" />]]></description>
            <enclosure url="https://images.bfmtv.com/XpNWW_MH2uEkQPxFSz4H8xG2f-c=/0x0:1280x720/800x0/images/Marseille-Rusalka-a-l-Opera-la-semaine-prochaine-2030189.jpg" length="0" type="image/jpg"/>
        </item>
        <item>
            <title><![CDATA[Marseille: le brunch de plus en plus tendance]]></title>
            <link>https://www.bfmtv.com/marseille/replay-emissions/sud-week-end-soir/marseille-le-brunch-de-plus-en-plus-tendance_VN-202502090375.html</link>
            <guid>https://www.bfmtv.com/marseille/replay-emissions/sud-week-end-soir/marseille-le-brunch-de-plus-en-plus-tendance_VN-202502090375.html</guid>
            <pubDate>Sun, 09 Feb 2025 17:53:02 GMT</pubDate>
            <description><![CDATA[Rituel de fin de semaine, le brunch est de plus en plus tendance. Du côté d'Opéra, à Marseille, les adresses ne manquent pas.<br /><br /><img src="https://images.bfmtv.com/JIVTKf7Updkz2q6YKsmSQ-WPTs8=/0x0:1280x720/800x0/images/Marseille-le-brunch-de-plus-en-plus-tendance-2030187.jpg" />]]></description>
            <enclosure url="https://images.bfmtv.com/JIVTKf7Updkz2q6YKsmSQ-WPTs8=/0x0:1280x720/800x0/images/Marseille-le-brunch-de-plus-en-plus-tendance-2030187.jpg" length="0" type="image/jpg"/>
        </item>
        <item>
            <title><![CDATA["C'est une énorme fierté": l'équipe de football pour amputés de l'OM signe un succès pour sa première]]></title>
            <link>https://www.bfmtv.com/marseille/c-est-une-enorme-fierte-l-equipe-de-football-pour-amputes-de-l-om-signe-un-succes-pour-sa-premiere_AV-202502090344.html</link>
            <guid>https://www.bfmtv.com/marseille/c-est-une-enorme-fierte-l-equipe-de-football-pour-amputes-de-l-om-signe-un-succes-pour-sa-premiere_AV-202502090344.html</guid>
            <pubDate>Sun, 09 Feb 2025 16:20:32 GMT</pubDate>
            <description><![CDATA[L'équipe de football pour amputés du club phocéen a largement dominé le FC Annecy (5-0) pour le premier match de son histoire, samedi 8 février à l'OM Campus.<br /><br /><img src="https://images.bfmtv.com/C28dvJ5HtB7pQ9dmssp7FAQvqMg=/0x0:1920x1080/800x0/images/Les-joueurs-de-l-equipe-de-foot-des-amputes-de-l-OM-ont-dispute-leur-premier-match-ce-samedi-8-fevrier-face-a-Annecy-2030159.jpg" />]]></description>
            <enclosure url="https://images.bfmtv.com/C28dvJ5HtB7pQ9dmssp7FAQvqMg=/0x0:1920x1080/800x0/images/Les-joueurs-de-l-equipe-de-foot-des-amputes-de-l-OM-ont-dispute-leur-premier-match-ce-samedi-8-fevrier-face-a-Annecy-2030159.jpg" length="0" type="image/jpg"/>
        </item>
        <item>
            <title><![CDATA[Bouches-du-Rhône: le département déjà en vigilance sécheresse]]></title>
            <link>https://www.bfmtv.com/marseille/replay-emissions/sud-week-end/bouches-du-rhone-le-departement-deja-en-vigilance-secheresse_VN-202502090220.html</link>
            <guid>https://www.bfmtv.com/marseille/replay-emissions/sud-week-end/bouches-du-rhone-le-departement-deja-en-vigilance-secheresse_VN-202502090220.html</guid>
            <pubDate>Sun, 09 Feb 2025 11:08:25 GMT</pubDate>
            <description><![CDATA[Éric Hansen, directeur régional de l'Office français de la biodiversité, revient de le placement des Bouches-du-Rhône en vigilance sécheresse.<br /><br /><img src="https://images.bfmtv.com/0GCrM6BrwakFgwxnqIO8IiYT0jQ=/0x0:1280x720/800x0/images/Bouches-du-Rhone-le-departement-deja-en-vigilance-secheresse-2030062.jpg" />]]></description>
            <enclosure url="https://images.bfmtv.com/0GCrM6BrwakFgwxnqIO8IiYT0jQ=/0x0:1280x720/800x0/images/Bouches-du-Rhone-le-departement-deja-en-vigilance-secheresse-2030062.jpg" length="0" type="image/jpg"/>
        </item>
        <item>
            <title><![CDATA[Provence-Alpes-Côte d'Azur: les loups se multiplient dans la région]]></title>
            <link>https://www.bfmtv.com/marseille/replay-emissions/sud-week-end/provence-alpes-cote-d-azur-les-loups-se-multiplient-dans-la-region_VN-202502090215.html</link>
            <guid>https://www.bfmtv.com/marseille/replay-emissions/sud-week-end/provence-alpes-cote-d-azur-les-loups-se-multiplient-dans-la-region_VN-202502090215.html</guid>
            <pubDate>Sun, 09 Feb 2025 11:05:18 GMT</pubDate>
            <description><![CDATA[Éric Hansen, directeur régional de l'Office français de la biodiversité, fait le point sur l'évolution de la population de l'espèce.<br /><br /><img src="https://images.bfmtv.com/Hsd5q6HKrYXzr-NPNCz1Nm4H8Io=/0x0:1280x720/800x0/images/Provence-Alpes-Cote-d-Azur-les-loups-se-multiplient-dans-la-region-2030061.jpg" />]]></description>
            <enclosure url="https://images.bfmtv.com/Hsd5q6HKrYXzr-NPNCz1Nm4H8Io=/0x0:1280x720/800x0/images/Provence-Alpes-Cote-d-Azur-les-loups-se-multiplient-dans-la-region-2030061.jpg" length="0" type="image/jpg"/>
        </item>
        <item>
            <title><![CDATA[Provence: quelles sont les missions de l'OFB?]]></title>
            <link>https://www.bfmtv.com/marseille/replay-emissions/sud-week-end/provence-quelles-sont-les-missions-de-l-ofb_VN-202502090209.html</link>
            <guid>https://www.bfmtv.com/marseille/replay-emissions/sud-week-end/provence-quelles-sont-les-missions-de-l-ofb_VN-202502090209.html</guid>
            <pubDate>Sun, 09 Feb 2025 11:01:04 GMT</pubDate>
            <description><![CDATA[Éric Hansen, directeur régional de l'Office français de la biodiversité, décrit ses missions.<br /><br /><img src="https://images.bfmtv.com/WEEBHqqBWUXESzgku7ennMvfnw0=/0x0:1280x720/800x0/images/Provence-quelles-sont-les-missions-de-l-OFB-2030056.jpg" />]]></description>
            <enclosure url="https://images.bfmtv.com/WEEBHqqBWUXESzgku7ennMvfnw0=/0x0:1280x720/800x0/images/Provence-quelles-sont-les-missions-de-l-OFB-2030056.jpg" length="0" type="image/jpg"/>
        </item>
        <item>
            <title><![CDATA[Provence: les agents de l'OFB attendent un retour du Premier ministre]]></title>
            <link>https://www.bfmtv.com/marseille/replay-emissions/sud-week-end/provence-les-agents-de-l-ofb-attendent-un-retour-du-premier-ministre_VN-202502090205.html</link>
            <guid>https://www.bfmtv.com/marseille/replay-emissions/sud-week-end/provence-les-agents-de-l-ofb-attendent-un-retour-du-premier-ministre_VN-202502090205.html</guid>
            <pubDate>Sun, 09 Feb 2025 10:53:36 GMT</pubDate>
            <description><![CDATA[Éric Hansen, directeur régional de l'Office français de la biodiversité, revient sur la mobilisation des agents après les propos de François Bayrou.<br /><br /><img src="https://images.bfmtv.com/xVF69_HwDAySsmj2aNb6bdI4ze0=/0x0:1280x720/800x0/images/Provence-les-agents-de-l-OFB-attendent-un-retour-du-Premier-ministre-2030054.jpg" />]]></description>
            <enclosure url="https://images.bfmtv.com/xVF69_HwDAySsmj2aNb6bdI4ze0=/0x0:1280x720/800x0/images/Provence-les-agents-de-l-OFB-attendent-un-retour-du-Premier-ministre-2030054.jpg" length="0" type="image/jpg"/>
        </item>
        <item>
            <title><![CDATA[Var: un timbre à l'effigie de Juliette Gréco à Ramatuelle]]></title>
            <link>https://www.bfmtv.com/marseille/replay-emissions/sud-week-end/var-un-timbre-a-l-effigie-de-juliette-greco-a-ramatuelle_VN-202502090199.html</link>
            <guid>https://www.bfmtv.com/marseille/replay-emissions/sud-week-end/var-un-timbre-a-l-effigie-de-juliette-greco-a-ramatuelle_VN-202502090199.html</guid>
            <pubDate>Sun, 09 Feb 2025 10:41:11 GMT</pubDate>
            <description><![CDATA[La Poste a émis des timbres à l'effigie de Juliette Gréco à Ramatuelle.<br /><br /><img src="https://images.bfmtv.com/-RkbWG2v2oWFf2lbOoBL2A9cduk=/0x0:1280x720/800x0/images/Var-un-timbre-a-l-effigie-de-Juliette-Greco-a-Ramatuelle-2030048.jpg" />]]></description>
            <enclosure url="https://images.bfmtv.com/-RkbWG2v2oWFf2lbOoBL2A9cduk=/0x0:1280x720/800x0/images/Var-un-timbre-a-l-effigie-de-Juliette-Greco-a-Ramatuelle-2030048.jpg" length="0" type="image/jpg"/>
        </item>
        <item>
            <title><![CDATA[Ligue 1: l'OM défie Angers et espère conforter sa deuxième place]]></title>
            <link>https://www.bfmtv.com/marseille/replay-emissions/sud-week-end/ligue-1-l-om-defie-angers-et-espere-conforter-sa-deuxieme-place_VN-202502090185.html</link>
            <guid>https://www.bfmtv.com/marseille/replay-emissions/sud-week-end/ligue-1-l-om-defie-angers-et-espere-conforter-sa-deuxieme-place_VN-202502090185.html</guid>
            <pubDate>Sun, 09 Feb 2025 10:29:21 GMT</pubDate>
            <description><![CDATA[L'OM défie Angers ce dimanche soir, avec l'objectif de conforter sa deuxième place au classement.<br /><br /><img src="https://images.bfmtv.com/tVloiDFDsqkoa8W6wrcmLqdCf3M=/0x0:1280x720/800x0/images/Ligue-1-l-OM-defie-Angers-et-espere-conforter-sa-deuxieme-place-2030038.jpg" />]]></description>
            <enclosure url="https://images.bfmtv.com/tVloiDFDsqkoa8W6wrcmLqdCf3M=/0x0:1280x720/800x0/images/Ligue-1-l-OM-defie-Angers-et-espere-conforter-sa-deuxieme-place-2030038.jpg" length="0" type="image/jpg"/>
        </item>
        <item>
            <title><![CDATA[Toulon: la direction du parc du Mont Faron nie tout mal-être animal]]></title>
            <link>https://www.bfmtv.com/marseille/replay-emissions/sud-week-end/toulon-la-direction-du-parc-du-mont-faron-nie-tout-mal-etre-animal_VN-202502090176.html</link>
            <guid>https://www.bfmtv.com/marseille/replay-emissions/sud-week-end/toulon-la-direction-du-parc-du-mont-faron-nie-tout-mal-etre-animal_VN-202502090176.html</guid>
            <pubDate>Sun, 09 Feb 2025 10:17:28 GMT</pubDate>
            <description><![CDATA[À Toulon, la direction du parc animalier du Mont Faron nie tout mal-être des animaux.<br /><br /><img src="https://images.bfmtv.com/8bK_C5_qaAcoDG9WeF-Kx2MrL14=/0x0:1280x720/800x0/images/Toulon-la-direction-du-parc-du-Mont-Faron-nie-tout-mal-etre-animal-2030028.jpg" />]]></description>
            <enclosure url="https://images.bfmtv.com/8bK_C5_qaAcoDG9WeF-Kx2MrL14=/0x0:1280x720/800x0/images/Toulon-la-direction-du-parc-du-Mont-Faron-nie-tout-mal-etre-animal-2030028.jpg" length="0" type="image/jpg"/>
        </item>
        <item>
            <title><![CDATA[JT du Sud du samedi 8 février]]></title>
            <link>https://www.bfmtv.com/marseille/replay-emissions/jt-du-sud/jt-du-sud-du-samedi-8-fevrier_VN-202502080389.html</link>
            <guid>https://www.bfmtv.com/marseille/replay-emissions/jt-du-sud/jt-du-sud-du-samedi-8-fevrier_VN-202502080389.html</guid>
            <pubDate>Sat, 08 Feb 2025 20:42:43 GMT</pubDate>
            <description><![CDATA[Retrouvez votre JT du Sud du samedi 8 février 2025 sur BFM Marseille.<br /><br /><img src="https://images.bfmtv.com/u-atTDszhLT4LVbl-7xfME5-Izs=/0x0:1280x720/800x0/images/JT-du-Sud-du-samedi-8-fevrier-2029875.jpg" />]]></description>
            <enclosure url="https://images.bfmtv.com/u-atTDszhLT4LVbl-7xfME5-Izs=/0x0:1280x720/800x0/images/JT-du-Sud-du-samedi-8-fevrier-2029875.jpg" length="0" type="image/jpg"/>
        </item>
        <item>
            <title><![CDATA[Marseille: premier match pour l'équipe des amputés de l'OM]]></title>
            <link>https://www.bfmtv.com/marseille/replay-emissions/sud-week-end-soir/marseille-premier-match-pour-l-equipe-des-amputes-de-l-om_VN-202502080368.html</link>
            <guid>https://www.bfmtv.com/marseille/replay-emissions/sud-week-end-soir/marseille-premier-match-pour-l-equipe-des-amputes-de-l-om_VN-202502080368.html</guid>
            <pubDate>Sat, 08 Feb 2025 19:05:45 GMT</pubDate>
            <description><![CDATA[Les joueurs de l'équipe des amputés de l'OM ont disputé leur premier match ce samedi 8 février, face à Annecy. Le match dure deux fois 25 minutes, et il est interdit de s'aider de ses béquilles ou ses moignon.<br /><br /><img src="https://images.bfmtv.com/BX-gZfdJgnZYKzG5PHwLiXouLeE=/0x0:1280x720/800x0/images/Marseille-premier-match-pour-l-equipe-des-amputes-de-l-OM-2029855.jpg" />]]></description>
            <enclosure url="https://images.bfmtv.com/BX-gZfdJgnZYKzG5PHwLiXouLeE=/0x0:1280x720/800x0/images/Marseille-premier-match-pour-l-equipe-des-amputes-de-l-OM-2029855.jpg" length="0" type="image/jpg"/>
        </item>
        <item>
            <title><![CDATA[Passions Provence du samedi 8 février 2025 - Découverte du paintball, à Pélissanne]]></title>
            <link>https://www.bfmtv.com/marseille/replay-emissions/passions-provence/passions-provence-du-samedi-8-fevrier-2025-decouverte-du-paintball-a-pelissanne_VN-202502080111.html</link>
            <guid>https://www.bfmtv.com/marseille/replay-emissions/passions-provence/passions-provence-du-samedi-8-fevrier-2025-decouverte-du-paintball-a-pelissanne_VN-202502080111.html</guid>
            <pubDate>Sat, 08 Feb 2025 07:25:02 GMT</pubDate>
            <description><![CDATA[Chaque week-end, retrouvez votre rendez-vous Passions Provence du samedi 8 février 2025 : Découverte du paintaball, à Pélissanne.<br /><br /><img src="https://images.bfmtv.com/ng5tvGJBeVHVlLj4jFOrYQMRUMs=/0x0:1280x720/800x0/images/Passions-Provence-du-samedi-8-fevrier-2025-Decouverte-du-paintball-a-Pelissanne-2029627.jpg" />]]></description>
            <enclosure url="https://images.bfmtv.com/ng5tvGJBeVHVlLj4jFOrYQMRUMs=/0x0:1280x720/800x0/images/Passions-Provence-du-samedi-8-fevrier-2025-Decouverte-du-paintball-a-Pelissanne-2029627.jpg" length="0" type="image/jpg"/>
        </item>
        <item>
            <title><![CDATA[JT du Sud du vendredi 7 février]]></title>
            <link>https://www.bfmtv.com/marseille/replay-emissions/jt-du-sud/jt-du-sud-du-vendredi-7-fevrier_VN-202502070855.html</link>
            <guid>https://www.bfmtv.com/marseille/replay-emissions/jt-du-sud/jt-du-sud-du-vendredi-7-fevrier_VN-202502070855.html</guid>
            <pubDate>Fri, 07 Feb 2025 18:57:22 GMT</pubDate>
            <description><![CDATA[Retrouvez votre JT du Sud du vendredi 7 février sur BFM Marseille.<br /><br /><img src="https://images.bfmtv.com/azUfDZzTACsUFBc0OckTCIhHLZU=/0x0:1280x720/800x0/images/JT-du-Sud-du-vendredi-7-fevrier-2029506.jpg" />]]></description>
            <enclosure url="https://images.bfmtv.com/azUfDZzTACsUFBc0OckTCIhHLZU=/0x0:1280x720/800x0/images/JT-du-Sud-du-vendredi-7-fevrier-2029506.jpg" length="0" type="image/jpg"/>
        </item>
        <item>
            <title><![CDATA[Virage Marseille du vendredi 7 février – Les recrues alignées face à Angers dimanche ?]]></title>
            <link>https://www.bfmtv.com/marseille/replay-emissions/virage-marseille/virage-marseille-du-vendredi-7-fevrier-les-recrues-alignees-face-a-angers-dimanche_EN-202502070841.html</link>
            <guid>https://www.bfmtv.com/marseille/replay-emissions/virage-marseille/virage-marseille-du-vendredi-7-fevrier-les-recrues-alignees-face-a-angers-dimanche_EN-202502070841.html</guid>
            <pubDate>Fri, 07 Feb 2025 18:44:06 GMT</pubDate>
            <description><![CDATA[Chaque lundi, retrouvez Virage Marseille, votre émission dédiée à l'actualité de l'OM, en partenariat avec Le Phocéen.<br /><br /><img src="https://images.bfmtv.com/6RBTHk0aGLx4_y_xrnGbt3sdJAc=/0x0:20470x20480/800x0/podcast/podcasts/principale-216_1.png" />]]></description>
            <enclosure url="https://images.bfmtv.com/6RBTHk0aGLx4_y_xrnGbt3sdJAc=/0x0:20470x20480/800x0/podcast/podcasts/principale-216_1.png" length="0" type="image/png"/>
        </item>
    </channel>
</rss>