<?xml version="1.0" encoding="utf-8"?>
<rss version="2.0" xmlns:atom="http://www.w3.org/2005/Atom">
    <channel>
        <title>Home Bastia - actualités</title>
        <link>https://www.bfmtv.com/bastia/</link>
        <description>Corse - Bastia - Suivez toute l'actualité politique, économique, météo, sportive et sociale de votre ville et ses alentours en temps réel</description>
        <lastBuildDate>Mon, 10 Feb 2025 12:39:39 GMT</lastBuildDate>
        <docs>http://blogs.law.harvard.edu/tech/rss</docs>
        <generator>BFMTV</generator>
        <language>fr</language>
        <image>
            <title>Home Bastia - actualités</title>
            <url>https://www.bfmtv.com/assets/v11/images/BFMTV_default_16x9.8715a163008e9f3fc3799c8e2c6ebafa.jpg</url>
            <link>https://www.bfmtv.com/bastia/</link>
        </image>
        <copyright>Copyright BFMTV</copyright>
        <category>Home Bastia - actualités</category>
        <atom:link href="https://www.bfmtv.com/bastia/" rel="self" type="application/rss+xml"/>
        <item>
            <title><![CDATA[Bastia: un membre du grand banditisme corse assassiné dans un bar]]></title>
            <link>https://www.bfmtv.com/bastia/bastia-un-membre-du-grand-banditisme-corse-assassine-dans-un-bar_AD-202310171018.html</link>
            <guid>https://www.bfmtv.com/bastia/bastia-un-membre-du-grand-banditisme-corse-assassine-dans-un-bar_AD-202310171018.html</guid>
            <pubDate>Tue, 17 Oct 2023 21:50:19 GMT</pubDate>
            <description><![CDATA[Un homme de 41 ans a été tué ce mardi 17 octobre dans le centre-ville de Bastia alors qu'il était attablé à la terrasse d'un bar. <br /><br /><img src="https://images.bfmtv.com/kKTy5EVqFOdDHP1zU4vhaGvocAQ=/0x212:2048x1364/800x0/images/Un-badge-de-la-police-sur-une-veste-illustration-1208128.jpg" />]]></description>
            <enclosure url="https://images.bfmtv.com/kKTy5EVqFOdDHP1zU4vhaGvocAQ=/0x212:2048x1364/800x0/images/Un-badge-de-la-police-sur-une-veste-illustration-1208128.jpg" length="0" type="image/jpg"/>
        </item>
    </channel>
</rss>