<?xml version="1.0" encoding="utf-8"?>
<rss version="2.0" xmlns:atom="http://www.w3.org/2005/Atom">
    <channel>
        <title>Home Lyon - actualités</title>
        <link>https://www.bfmtv.com/lyon/</link>
        <description>Suivez l'actualité lyonnaise, le trafic en temps réel, la météo, les faits divers, les bons plans culture et loisirs avec BFM Lyon, première chaîne info de Lyon et sa région</description>
        <lastBuildDate>Mon, 10 Feb 2025 12:39:37 GMT</lastBuildDate>
        <docs>http://blogs.law.harvard.edu/tech/rss</docs>
        <generator>BFMTV</generator>
        <language>fr</language>
        <image>
            <title>Home Lyon - actualités</title>
            <url>https://www.bfmtv.com/assets/v11/images/BFMTV_default_16x9.8715a163008e9f3fc3799c8e2c6ebafa.jpg</url>
            <link>https://www.bfmtv.com/lyon/</link>
        </image>
        <copyright>Copyright BFMTV</copyright>
        <category>Home Lyon - actualités</category>
        <atom:link href="https://www.bfmtv.com/lyon/" rel="self" type="application/rss+xml"/>
        <item>
            <title><![CDATA[Genas: Daikin recycle les meubles des Jeux olympiques pour ses nouveaux bureaux]]></title>
            <link>https://www.bfmtv.com/lyon/genas-daikin-recycle-les-meubles-des-jeux-olympiques-pour-ses-nouveaux-bureaux_AV-202502100455.html</link>
            <guid>https://www.bfmtv.com/lyon/genas-daikin-recycle-les-meubles-des-jeux-olympiques-pour-ses-nouveaux-bureaux_AV-202502100455.html</guid>
            <pubDate>Mon, 10 Feb 2025 11:34:28 GMT</pubDate>
            <description><![CDATA[Pour ses nouveaux bureaux à Genas, Daikin a opté pour des meubles recyclés des Jeux olympiques. Une décision qui s'inscrit dans un objectif de neutralité carbone alors que l'entreprise a déjà été épinglée pour le rejet de polluants éternels.<br /><br /><img src="https://images.bfmtv.com/ubunisZwmA-9izXkuwL2KmdFOzQ=/13x2:1309x731/800x0/images/Les-salaries-de-Daikin-a-Genas-travaillent-desormais-sur-les-bureaux-du-comite-d-organisation-des-Jeux-olympiques-de-Paris-2024-2030609.jpg" />]]></description>
            <enclosure url="https://images.bfmtv.com/ubunisZwmA-9izXkuwL2KmdFOzQ=/13x2:1309x731/800x0/images/Les-salaries-de-Daikin-a-Genas-travaillent-desormais-sur-les-bureaux-du-comite-d-organisation-des-Jeux-olympiques-de-Paris-2024-2030609.jpg" length="0" type="image/jpg"/>
        </item>
        <item>
            <title><![CDATA[Auvergne-Rhône-Alpes: la Confédération paysanne du Rhône s'exprime sur les normes environnementales]]></title>
            <link>https://www.bfmtv.com/lyon/replay-emissions/bonjour-lyon/auvergne-rhone-alpes-la-fnsea-ja-reste-majoritaire-dans-la-region_VN-202502100224.html</link>
            <guid>https://www.bfmtv.com/lyon/replay-emissions/bonjour-lyon/auvergne-rhone-alpes-la-fnsea-ja-reste-majoritaire-dans-la-region_VN-202502100224.html</guid>
            <pubDate>Mon, 10 Feb 2025 07:23:23 GMT</pubDate>
            <description><![CDATA[Antoine Pariset, porte-parole de la Confédération paysanne du Rhône, était l'invité de BFM Lyon, ce lundi 10 février 2025. <br /><br /><img src="https://images.bfmtv.com/lhs5g2S0E7weLN6rAscqgcr9mAE=/0x0:1280x720/800x0/images/Auvergne-Rhone-Alpes-la-FNSEA-JA-reste-majoritaire-dans-la-region-2030418.jpg" />]]></description>
            <enclosure url="https://images.bfmtv.com/lhs5g2S0E7weLN6rAscqgcr9mAE=/0x0:1280x720/800x0/images/Auvergne-Rhone-Alpes-la-FNSEA-JA-reste-majoritaire-dans-la-region-2030418.jpg" length="0" type="image/jpg"/>
        </item>
        <item>
            <title><![CDATA[Auvergne-Rhône-Alpes: la FNSEA-JA reste majoritaire dans la région]]></title>
            <link>https://www.bfmtv.com/lyon/replay-emissions/bonjour-lyon/auvergne-rhone-alpes-la-fnsea-ja-reste-majoritaire-dans-la-region_VN-202502100212.html</link>
            <guid>https://www.bfmtv.com/lyon/replay-emissions/bonjour-lyon/auvergne-rhone-alpes-la-fnsea-ja-reste-majoritaire-dans-la-region_VN-202502100212.html</guid>
            <pubDate>Mon, 10 Feb 2025 07:16:12 GMT</pubDate>
            <description><![CDATA[Antoine Pariset, porte-parole de la Confédération paysanne du Rhône, était l'invité de BFM Lyon, ce lundi 10 février 2025. <br /><br /><img src="https://images.bfmtv.com/PqDiQtm8zpuqcA_4fC9laOohVxk=/0x0:1280x720/800x0/images/Auvergne-Rhone-Alpes-la-FNSEA-JA-reste-majoritaire-dans-la-region-2030410.jpg" />]]></description>
            <enclosure url="https://images.bfmtv.com/PqDiQtm8zpuqcA_4fC9laOohVxk=/0x0:1280x720/800x0/images/Auvergne-Rhone-Alpes-la-FNSEA-JA-reste-majoritaire-dans-la-region-2030410.jpg" length="0" type="image/jpg"/>
        </item>
        <item>
            <title><![CDATA[Lyon: casting ouvert, 500 choristes recherchés]]></title>
            <link>https://www.bfmtv.com/lyon/replay-emissions/bonjour-lyon/lyon-casting-ouvert-500-choristes-recherches_VN-202502100176.html</link>
            <guid>https://www.bfmtv.com/lyon/replay-emissions/bonjour-lyon/lyon-casting-ouvert-500-choristes-recherches_VN-202502100176.html</guid>
            <pubDate>Mon, 10 Feb 2025 06:51:12 GMT</pubDate>
            <description><![CDATA[L'histoire du jour de BFM Lyon est sur le casting ouvert à Lyon pour un futur spectacle de rock. 500 choristes sont recherchés pour le 26 avril 2026.  <br /><br /><img src="https://images.bfmtv.com/MbOo_YH6OpJ500x2YSlstrx4DQs=/0x0:1280x720/800x0/images/Lyon-casting-ouvert-500-choristes-recherches-2030382.jpg" />]]></description>
            <enclosure url="https://images.bfmtv.com/MbOo_YH6OpJ500x2YSlstrx4DQs=/0x0:1280x720/800x0/images/Lyon-casting-ouvert-500-choristes-recherches-2030382.jpg" length="0" type="image/jpg"/>
        </item>
        <item>
            <title><![CDATA[Football, handball, hockey: le journal des sports de BFM Lyon]]></title>
            <link>https://www.bfmtv.com/lyon/replay-emissions/bonjour-lyon/football-handball-hockey-le-journal-des-sports-de-bfm-lyon_VN-202502100174.html</link>
            <guid>https://www.bfmtv.com/lyon/replay-emissions/bonjour-lyon/football-handball-hockey-le-journal-des-sports-de-bfm-lyon_VN-202502100174.html</guid>
            <pubDate>Mon, 10 Feb 2025 06:48:51 GMT</pubDate>
            <description><![CDATA[Le JT Sport de BFM Lyon revient sur tous les résultats des clubs amateurs du week-end. <br /><br /><img src="https://images.bfmtv.com/422lBYlweAb8UWRQ84ujaqtQO_U=/0x0:1280x720/800x0/images/Football-handball-hockey-le-journal-des-sports-de-BFM-Lyon-2030380.jpg" />]]></description>
            <enclosure url="https://images.bfmtv.com/422lBYlweAb8UWRQ84ujaqtQO_U=/0x0:1280x720/800x0/images/Football-handball-hockey-le-journal-des-sports-de-BFM-Lyon-2030380.jpg" length="0" type="image/jpg"/>
        </item>
        <item>
            <title><![CDATA[Rhône: les chantiers dans le département en 2025]]></title>
            <link>https://www.bfmtv.com/lyon/replay-emissions/bonjour-lyon/rhone-les-chantiers-dans-le-departement-en-2025_VN-202502100170.html</link>
            <guid>https://www.bfmtv.com/lyon/replay-emissions/bonjour-lyon/rhone-les-chantiers-dans-le-departement-en-2025_VN-202502100170.html</guid>
            <pubDate>Mon, 10 Feb 2025 06:44:52 GMT</pubDate>
            <description><![CDATA[Dans l'Instant Scoop de ce lundi 10 février, l'Instant Scoop se penche sur les chantiers dans le Rhône en 2025.<br /><br /><img src="https://images.bfmtv.com/wPEUYmKFcnQksKzYJ6IM6jceN7A=/0x0:1280x720/800x0/images/Rhone-les-chantiers-dans-le-departement-en-2025-2030376.jpg" />]]></description>
            <enclosure url="https://images.bfmtv.com/wPEUYmKFcnQksKzYJ6IM6jceN7A=/0x0:1280x720/800x0/images/Rhone-les-chantiers-dans-le-departement-en-2025-2030376.jpg" length="0" type="image/jpg"/>
        </item>
        <item>
            <title><![CDATA[Météo Rhône: des nuages ce lundi, jusqu'à 12°C à Givors]]></title>
            <link>https://www.bfmtv.com/lyon/meteo/meteo-rhone-des-nuages-ce-lundi-jusqu-a-12-c-a-givors_VN-202502100169.html</link>
            <guid>https://www.bfmtv.com/lyon/meteo/meteo-rhone-des-nuages-ce-lundi-jusqu-a-12-c-a-givors_VN-202502100169.html</guid>
            <pubDate>Mon, 10 Feb 2025 06:42:22 GMT</pubDate>
            <description><![CDATA[Découvrez en images les prévisions météo complètes du 10 février 2025 à Lyon et dans sa région sur BFM Lyon, la première chaîne d’information de la région lyonnaise.<br /><br /><img src="https://images.bfmtv.com/1DvU4-sfU2iuiJZcI9FtKeEOrqk=/0x0:1280x720/800x0/images/Meteo-Rhone-des-nuages-ce-lundi-jusqu-a-12-C-a-Givors-2030374.jpg" />]]></description>
            <enclosure url="https://images.bfmtv.com/1DvU4-sfU2iuiJZcI9FtKeEOrqk=/0x0:1280x720/800x0/images/Meteo-Rhone-des-nuages-ce-lundi-jusqu-a-12-C-a-Givors-2030374.jpg" length="0" type="image/jpg"/>
        </item>
        <item>
            <title><![CDATA[Rhône: à Genas, Daikin recycle les meubles des Jeux olympiques]]></title>
            <link>https://www.bfmtv.com/lyon/replay-emissions/bonjour-lyon/rhone-a-genas-daikin-recycle-les-meubles-des-jeux-olympiques_VN-202502100166.html</link>
            <guid>https://www.bfmtv.com/lyon/replay-emissions/bonjour-lyon/rhone-a-genas-daikin-recycle-les-meubles-des-jeux-olympiques_VN-202502100166.html</guid>
            <pubDate>Mon, 10 Feb 2025 06:39:53 GMT</pubDate>
            <description><![CDATA[Daikin a investi dans du mobilier recyclé pour son nouveau site de Genas. Ces meubles ont été utilisés pendant les Jeux de Paris 2024. <br /><br /><img src="https://images.bfmtv.com/6dRUyFyyq533t9ht1p3B-62tIvQ=/0x0:1280x720/800x0/images/Rhone-a-Genas-Daikin-recycle-les-meubles-des-Jeux-olympiques-2030372.jpg" />]]></description>
            <enclosure url="https://images.bfmtv.com/6dRUyFyyq533t9ht1p3B-62tIvQ=/0x0:1280x720/800x0/images/Rhone-a-Genas-Daikin-recycle-les-meubles-des-Jeux-olympiques-2030372.jpg" length="0" type="image/jpg"/>
        </item>
        <item>
            <title><![CDATA[Saint-Pierre-de-Chandieu: le feu de l'entreprise de collecte de déchets maîtrisé]]></title>
            <link>https://www.bfmtv.com/lyon/saint-pierre-de-chandieu-le-feu-de-l-entreprise-de-collecte-de-dechets-maitrise_AN-202502100151.html</link>
            <guid>https://www.bfmtv.com/lyon/saint-pierre-de-chandieu-le-feu-de-l-entreprise-de-collecte-de-dechets-maitrise_AN-202502100151.html</guid>
            <pubDate>Mon, 10 Feb 2025 06:32:52 GMT</pubDate>
            <description><![CDATA[Un incendie a débuté ce dimanche 9 février dans une entreprise de collecte de déchets de Saint-Pierre-de-Chandieu (Rhône). Les pompiers indiquent que le feu a été maîtrisé. <br /><br /><img src="https://images.bfmtv.com/RroGSZKupEYp3NlmAlBhVnQ4XhQ=/4x21:996x579/800x0/images/-328156.jpg" />]]></description>
            <enclosure url="https://images.bfmtv.com/RroGSZKupEYp3NlmAlBhVnQ4XhQ=/4x21:996x579/800x0/images/-328156.jpg" length="0" type="image/jpg"/>
        </item>
        <item>
            <title><![CDATA[Auvergne-Rhône-Alpes: le fléau des nids-de-poule pour les motards]]></title>
            <link>https://www.bfmtv.com/lyon/replay-emissions/bonjour-lyon/auvergne-rhone-alpes-le-fleau-des-nids-de-poule-pour-les-motards_VN-202502100148.html</link>
            <guid>https://www.bfmtv.com/lyon/replay-emissions/bonjour-lyon/auvergne-rhone-alpes-le-fleau-des-nids-de-poule-pour-les-motards_VN-202502100148.html</guid>
            <pubDate>Mon, 10 Feb 2025 06:28:25 GMT</pubDate>
            <description><![CDATA[Ils sont dangereux et souvent difficiles à éviter. Les nids-de-poule sont un cauchemar pour les automobilistes, les motards et les cyclistes. <br /><br /><img src="https://images.bfmtv.com/KXnKs71IPifc6k4fX0rsLqK_3lc=/0x0:1280x720/800x0/images/Auvergne-Rhone-Alpes-le-fleau-des-nids-de-poule-pour-les-motards-2030361.jpg" />]]></description>
            <enclosure url="https://images.bfmtv.com/KXnKs71IPifc6k4fX0rsLqK_3lc=/0x0:1280x720/800x0/images/Auvergne-Rhone-Alpes-le-fleau-des-nids-de-poule-pour-les-motards-2030361.jpg" length="0" type="image/jpg"/>
        </item>
        <item>
            <title><![CDATA[Lyon-Turin: le premier tunnelier a été livré]]></title>
            <link>https://www.bfmtv.com/lyon/replay-emissions/lyon-week-end/lyon-turin-le-premier-tunnelier-a-ete-livre_VN-202502090365.html</link>
            <guid>https://www.bfmtv.com/lyon/replay-emissions/lyon-week-end/lyon-turin-le-premier-tunnelier-a-ete-livre_VN-202502090365.html</guid>
            <pubDate>Sun, 09 Feb 2025 17:27:47 GMT</pubDate>
            <description><![CDATA[Une nouvelle étape importante a été franchie dans la construction du tunnel qui doit rallier Lyon à Turin: le premier tunnelier vient d'être livré. Il doit à présent être assemblé sous terre, et six autres devraient arriver prochainement.<br /><br /><img src="https://images.bfmtv.com/prpkjAyNNQPokTiOwWXYBpXZG-8=/0x0:1280x720/800x0/images/Lyon-Turin-le-premier-tunnelier-a-ete-livre-2030180.jpg" />]]></description>
            <enclosure url="https://images.bfmtv.com/prpkjAyNNQPokTiOwWXYBpXZG-8=/0x0:1280x720/800x0/images/Lyon-Turin-le-premier-tunnelier-a-ete-livre-2030180.jpg" length="0" type="image/jpg"/>
        </item>
        <item>
            <title><![CDATA[Eurexpo: la passion du cosplay s'invite aux 10 ans du festival Yggdrasil]]></title>
            <link>https://www.bfmtv.com/lyon/replay-emissions/lyon-week-end/eurexpo-la-passion-du-cosplay-s-invite-aux-10-ans-du-festival-yggdrasil_VN-202502090148.html</link>
            <guid>https://www.bfmtv.com/lyon/replay-emissions/lyon-week-end/eurexpo-la-passion-du-cosplay-s-invite-aux-10-ans-du-festival-yggdrasil_VN-202502090148.html</guid>
            <pubDate>Sun, 09 Feb 2025 09:33:39 GMT</pubDate>
            <description><![CDATA[La passion du cosplay s'invite à Eurexpo ces samedi 8 et dimanche 9 février à l'occasion des 10 ans du festival Yggdrasil de Lyon.<br /><br /><img src="https://images.bfmtv.com/tlqr23M0RhPgMUwO2P-7ZvS_blA=/0x0:1280x720/800x0/images/Eurexpo-la-passion-du-cosplay-s-invite-aux-10-ans-du-festival-Yggdrasil-2029996.jpg" />]]></description>
            <enclosure url="https://images.bfmtv.com/tlqr23M0RhPgMUwO2P-7ZvS_blA=/0x0:1280x720/800x0/images/Eurexpo-la-passion-du-cosplay-s-invite-aux-10-ans-du-festival-Yggdrasil-2029996.jpg" length="0" type="image/jpg"/>
        </item>
        <item>
            <title><![CDATA[Ligue 1: l'OL veut retrouver la victoire pour la première de Fonseca à domicile face à Reims]]></title>
            <link>https://www.bfmtv.com/lyon/replay-emissions/lyon-week-end/ligue-1-l-ol-veut-retrouver-la-victoire-pour-la-premiere-de-fonseca-a-domicile-face-a-reims_VN-202502090146.html</link>
            <guid>https://www.bfmtv.com/lyon/replay-emissions/lyon-week-end/ligue-1-l-ol-veut-retrouver-la-victoire-pour-la-premiere-de-fonseca-a-domicile-face-a-reims_VN-202502090146.html</guid>
            <pubDate>Sun, 09 Feb 2025 09:29:16 GMT</pubDate>
            <description><![CDATA[Ligue 1: l'OL veut retrouver la victoire pour la première de Fonseca à domicile face à Reims ce dimanche 9 février.<br /><br /><img src="https://images.bfmtv.com/Cvjs6p3SVCPUwVzphyi6JRSSPj8=/0x0:1280x720/800x0/images/Ligue-1-l-OL-veut-retrouver-la-victoire-pour-la-premiere-de-Fonseca-a-domicile-face-a-Reims-2029995.jpg" />]]></description>
            <enclosure url="https://images.bfmtv.com/Cvjs6p3SVCPUwVzphyi6JRSSPj8=/0x0:1280x720/800x0/images/Ligue-1-l-OL-veut-retrouver-la-victoire-pour-la-premiere-de-Fonseca-a-domicile-face-a-Reims-2029995.jpg" length="0" type="image/jpg"/>
        </item>
        <item>
            <title><![CDATA[Grand Lyon: le boom des voitures reconditionnées depuis l'instauration de la ZFE]]></title>
            <link>https://www.bfmtv.com/lyon/replay-emissions/lyon-week-end/grand-lyon-le-boom-des-voitures-reconditionnees-depuis-l-instauration-de-la-zfe_VN-202502090144.html</link>
            <guid>https://www.bfmtv.com/lyon/replay-emissions/lyon-week-end/grand-lyon-le-boom-des-voitures-reconditionnees-depuis-l-instauration-de-la-zfe_VN-202502090144.html</guid>
            <pubDate>Sun, 09 Feb 2025 09:26:40 GMT</pubDate>
            <description><![CDATA[L'interdiction des véhicules de Crit'air 3 au 1er janvier 2025 dans le cadre de la ZFE conduit les habitants du Grand Lyon à se tourner vers les véhicules reconditionnés.<br /><br /><img src="https://images.bfmtv.com/z0BNs2wX3Mb6t9UTp5VvXwQWGrE=/0x0:1280x720/800x0/images/Grand-Lyon-le-boom-des-voitures-reconditionnees-depuis-l-instauration-de-la-ZFE-2029993.jpg" />]]></description>
            <enclosure url="https://images.bfmtv.com/z0BNs2wX3Mb6t9UTp5VvXwQWGrE=/0x0:1280x720/800x0/images/Grand-Lyon-le-boom-des-voitures-reconditionnees-depuis-l-instauration-de-la-ZFE-2029993.jpg" length="0" type="image/jpg"/>
        </item>
        <item>
            <title><![CDATA[Bugey: des militants disent "non" aux deux nouveaux réacteurs nucléaires]]></title>
            <link>https://www.bfmtv.com/lyon/replay-emissions/lyon-week-end/bugey-des-militants-disent-non-aux-deux-nouveaux-reacteurs-nucleaires_VN-202502080353.html</link>
            <guid>https://www.bfmtv.com/lyon/replay-emissions/lyon-week-end/bugey-des-militants-disent-non-aux-deux-nouveaux-reacteurs-nucleaires_VN-202502080353.html</guid>
            <pubDate>Sat, 08 Feb 2025 18:30:32 GMT</pubDate>
            <description><![CDATA[Deux nouveaux réacteurs doivent être construits à la centrale du Bugey, dans l'Ain. Des militants se sont réunis ce samedi 8 février pour faire entendre leurs voix contre ce projet. Les travaux doivent débuter en 2027, plusieurs débats publics seront organisés d'ici là.<br /><br /><img src="https://images.bfmtv.com/EAxl9IViUaNZ6NOta28RPjXzzQs=/0x0:1280x720/800x0/images/Bugey-des-militants-disent-non-aux-deux-nouveaux-reacteurs-nucleaires-2029840.jpg" />]]></description>
            <enclosure url="https://images.bfmtv.com/EAxl9IViUaNZ6NOta28RPjXzzQs=/0x0:1280x720/800x0/images/Bugey-des-militants-disent-non-aux-deux-nouveaux-reacteurs-nucleaires-2029840.jpg" length="0" type="image/jpg"/>
        </item>
        <item>
            <title><![CDATA[Lyon: un bar PMU mise sur une ambiance "chic" pour attirer une nouvelle clientèle]]></title>
            <link>https://www.bfmtv.com/lyon/lyon-un-bar-pmu-mise-sur-une-ambiance-chic-pour-attirer-une-nouvelle-clientele_AV-202502080347.html</link>
            <guid>https://www.bfmtv.com/lyon/lyon-un-bar-pmu-mise-sur-une-ambiance-chic-pour-attirer-une-nouvelle-clientele_AV-202502080347.html</guid>
            <pubDate>Sat, 08 Feb 2025 18:17:09 GMT</pubDate>
            <description><![CDATA["Le cheval des 3", situé dans le 4e arrondissement de Lyon, est un bar PMU qui se veut moderne. Un nouveau design qui a pour objectif d'attirer une nouvelle clientèle.<br /><br /><img src="https://images.bfmtv.com/9Cpq9qD7hh7ZNHfh68HcfjQbKCw=/7x18:1287x738/800x0/images/Le-cheval-des-3-est-le-premier-PMU-chic-dans-la-region-2029797.jpg" />]]></description>
            <enclosure url="https://images.bfmtv.com/9Cpq9qD7hh7ZNHfh68HcfjQbKCw=/7x18:1287x738/800x0/images/Le-cheval-des-3-est-le-premier-PMU-chic-dans-la-region-2029797.jpg" length="0" type="image/jpg"/>
        </item>
        <item>
            <title><![CDATA[Rhône: trois chauffeurs de car testés positifs aux stupéfiants lors d'une vaste opération de contrôles]]></title>
            <link>https://www.bfmtv.com/lyon/faits-divers/rhone-trois-chauffeurs-de-car-testes-positifs-aux-stupefiants-lors-d-une-vaste-operation-de-controles_AN-202502080341.html</link>
            <guid>https://www.bfmtv.com/lyon/faits-divers/rhone-trois-chauffeurs-de-car-testes-positifs-aux-stupefiants-lors-d-une-vaste-operation-de-controles_AN-202502080341.html</guid>
            <pubDate>Sat, 08 Feb 2025 18:02:55 GMT</pubDate>
            <description><![CDATA[Les forces de l'ordre ont mené, cette semaine, plus de 140 contrôles de chauffeurs de bus et de car dans le Rhône, après un accident mortel d'un car scolaire dont le conducteur avait consommé du cannabis. Quatre infractions ont été relevés dans le département, dont trois liés à des tests positifs aux stupéfiants.<br /><br /><img src="https://images.bfmtv.com/AjQIxddD_SR4wOrRedxrjpkPcsk=/0x212:2048x1364/800x0/images/Bus-region-Auvergne-rhone-alpes-2029823.jpg" />]]></description>
            <enclosure url="https://images.bfmtv.com/AjQIxddD_SR4wOrRedxrjpkPcsk=/0x212:2048x1364/800x0/images/Bus-region-Auvergne-rhone-alpes-2029823.jpg" length="0" type="image/jpg"/>
        </item>
        <item>
            <title><![CDATA[Sirha: une opération anti-gaspi pour les Restos du Cœur ]]></title>
            <link>https://www.bfmtv.com/lyon/replay-emissions/bonjour-lyon/sirha-une-operation-anti-gaspi-pour-les-restos-du-c-ur_VN-202502080113.html</link>
            <guid>https://www.bfmtv.com/lyon/replay-emissions/bonjour-lyon/sirha-une-operation-anti-gaspi-pour-les-restos-du-c-ur_VN-202502080113.html</guid>
            <pubDate>Sat, 08 Feb 2025 07:28:16 GMT</pubDate>
            <description><![CDATA[À Genas, un boucher lance une opération anti-gaspi au profit des Restos du Cœur après le Sirha.<br /><br /><img src="https://images.bfmtv.com/PE8mYDFeAsvrU3op9ZejvLOUjr8=/0x0:1280x720/800x0/images/Sirha-une-operation-anti-gaspi-pour-les-Restos-du-Coeur-2029629.jpg" />]]></description>
            <enclosure url="https://images.bfmtv.com/PE8mYDFeAsvrU3op9ZejvLOUjr8=/0x0:1280x720/800x0/images/Sirha-une-operation-anti-gaspi-pour-les-Restos-du-Coeur-2029629.jpg" length="0" type="image/jpg"/>
        </item>
        <item>
            <title><![CDATA[Lyon: la magie d'Harry Potter perdure ]]></title>
            <link>https://www.bfmtv.com/lyon/replay-emissions/bonjour-lyon/lyon-la-magie-d-harry-potter-perdure_VN-202502080110.html</link>
            <guid>https://www.bfmtv.com/lyon/replay-emissions/bonjour-lyon/lyon-la-magie-d-harry-potter-perdure_VN-202502080110.html</guid>
            <pubDate>Sat, 08 Feb 2025 07:24:51 GMT</pubDate>
            <description><![CDATA[À Lyon, la magie d'Harry Potter perdure.<br /><br /><img src="https://images.bfmtv.com/iG9dDJImNH2PXYTbDIhrZMAaYFU=/0x0:1280x720/800x0/images/Lyon-la-magie-d-Harry-Potter-perdure-2029625.jpg" />]]></description>
            <enclosure url="https://images.bfmtv.com/iG9dDJImNH2PXYTbDIhrZMAaYFU=/0x0:1280x720/800x0/images/Lyon-la-magie-d-Harry-Potter-perdure-2029625.jpg" length="0" type="image/jpg"/>
        </item>
        <item>
            <title><![CDATA[Lyon: un bar PMU nouvelle génération ouvre dans le 4e arrondissement]]></title>
            <link>https://www.bfmtv.com/lyon/replay-emissions/bonjour-lyon/lyon-un-bar-pmu-nouvelle-generation-ouvre-dans-le-4e-arrondissement_VN-202502080109.html</link>
            <guid>https://www.bfmtv.com/lyon/replay-emissions/bonjour-lyon/lyon-un-bar-pmu-nouvelle-generation-ouvre-dans-le-4e-arrondissement_VN-202502080109.html</guid>
            <pubDate>Sat, 08 Feb 2025 07:22:25 GMT</pubDate>
            <description><![CDATA[Dans le quartier de la Croix-Rousse, un bar PMU "chic" pour attirer un public nouveau.<br /><br /><img src="https://images.bfmtv.com/sMr06Wa7Eaf49bOvXBNaYFL0gOg=/0x0:1280x720/800x0/images/Lyon-un-bar-PMU-nouvelle-generation-ouvre-dans-le-4e-arrondissement-2029624.jpg" />]]></description>
            <enclosure url="https://images.bfmtv.com/sMr06Wa7Eaf49bOvXBNaYFL0gOg=/0x0:1280x720/800x0/images/Lyon-un-bar-PMU-nouvelle-generation-ouvre-dans-le-4e-arrondissement-2029624.jpg" length="0" type="image/jpg"/>
        </item>
        <item>
            <title><![CDATA[Rhône: un incendie ravage en partie un appartement à Rillieux-la-Pape, quatre personnes relogées]]></title>
            <link>https://www.bfmtv.com/lyon/rhone-un-incendie-ravage-en-partie-un-appartement-a-rillieux-la-pape-quatre-personnes-relogees_AN-202502080059.html</link>
            <guid>https://www.bfmtv.com/lyon/rhone-un-incendie-ravage-en-partie-un-appartement-a-rillieux-la-pape-quatre-personnes-relogees_AN-202502080059.html</guid>
            <pubDate>Sat, 08 Feb 2025 05:32:25 GMT</pubDate>
            <description><![CDATA[Les flammes se sont déclarées peu après 21h30, vendredi 7 février. Aucun blessé n'est à déplorer.<br /><br /><img src="https://images.bfmtv.com/zmZAV4fanRzpRn1io3ceoiW_CNM=/0x0:736x414/800x0/images/-158350.jpg" />]]></description>
            <enclosure url="https://images.bfmtv.com/zmZAV4fanRzpRn1io3ceoiW_CNM=/0x0:736x414/800x0/images/-158350.jpg" length="0" type="image/jpg"/>
        </item>
        <item>
            <title><![CDATA[Nord-Isère: les commerçants s'inquiètent de la possible ouverture de The Village tous les dimanches]]></title>
            <link>https://www.bfmtv.com/lyon/nord-isere-les-commercants-s-inquietent-de-la-possible-ouverture-de-the-village-tous-les-dimanches_AV-202502070954.html</link>
            <guid>https://www.bfmtv.com/lyon/nord-isere-les-commercants-s-inquietent-de-la-possible-ouverture-de-the-village-tous-les-dimanches_AV-202502070954.html</guid>
            <pubDate>Fri, 07 Feb 2025 22:35:59 GMT</pubDate>
            <description><![CDATA[La préfecture envisage d'autoriser le centre commercial The Village à ouvrir tous les dimanches de l'année. Les commerçants sont partagés.<br /><br /><img src="https://images.bfmtv.com/vpSPJPqL0HM2ihIheRh-ftwk1Gw=/0x0:1920x1080/800x0/images/Le-village-de-marques-The-Village-a-Villefontaine-2029576.jpg" />]]></description>
            <enclosure url="https://images.bfmtv.com/vpSPJPqL0HM2ihIheRh-ftwk1Gw=/0x0:1920x1080/800x0/images/Le-village-de-marques-The-Village-a-Villefontaine-2029576.jpg" length="0" type="image/jpg"/>
        </item>
        <item>
            <title><![CDATA[Narcotrafic dans le Rhône: le nombre de personnes interpellées a augmenté de "300%" en cinq ans]]></title>
            <link>https://www.bfmtv.com/lyon/narcotrafic-dans-le-rhone-le-nombre-de-personnes-interpellees-a-augmente-de-300-en-cinq-ans_AV-202502070932.html</link>
            <guid>https://www.bfmtv.com/lyon/narcotrafic-dans-le-rhone-le-nombre-de-personnes-interpellees-a-augmente-de-300-en-cinq-ans_AV-202502070932.html</guid>
            <pubDate>Fri, 07 Feb 2025 21:27:23 GMT</pubDate>
            <description><![CDATA[200 personnes ont été interpellées pour des faits liés au trafic de stupéfiants dans le quartier du Tonkin à Villeurbanne depuis l'arrivée de la brigade spécialisée de terrain (BST) en décembre dernier. <br /><br /><img src="https://images.bfmtv.com/4fKPrUTO490xfDrdufivdTss7rc=/448x0:1904x819/800x0/images/Nelson-Bouard-directeur-interdepartemental-de-la-police-nationale-du-Rhone-le-7-fevrier-2025-2029518.jpg" />]]></description>
            <enclosure url="https://images.bfmtv.com/4fKPrUTO490xfDrdufivdTss7rc=/448x0:1904x819/800x0/images/Nelson-Bouard-directeur-interdepartemental-de-la-police-nationale-du-Rhone-le-7-fevrier-2025-2029518.jpg" length="0" type="image/jpg"/>
        </item>
        <item>
            <title><![CDATA[Rhône: le directeur interdépartemental de la police nationale fait le bilan de la lutte contre la criminalité et la délinquance]]></title>
            <link>https://www.bfmtv.com/lyon/replay-emissions/bonsoir-lyon/rhone-le-directeur-interdepartemental-de-la-police-nationale-fait-le-bilan-de-la-lutte-contre-la-criminalite-et-la-delinquance_VN-202502070778.html</link>
            <guid>https://www.bfmtv.com/lyon/replay-emissions/bonsoir-lyon/rhone-le-directeur-interdepartemental-de-la-police-nationale-fait-le-bilan-de-la-lutte-contre-la-criminalite-et-la-delinquance_VN-202502070778.html</guid>
            <pubDate>Fri, 07 Feb 2025 17:34:38 GMT</pubDate>
            <description><![CDATA[Nelson Bouart, directeur interdépartemental de la police nationale dans le Rhône, était l'invité de BFM Lyon. <br /><br /><img src="https://images.bfmtv.com/9ehAana9PXWKnBituo5O18lfPuk=/0x0:1280x720/800x0/images/Rhone-le-directeur-interdepartemental-de-la-police-nationale-fait-le-bilan-de-la-lutte-contre-la-criminalite-et-la-delinquance-2029456.jpg" />]]></description>
            <enclosure url="https://images.bfmtv.com/9ehAana9PXWKnBituo5O18lfPuk=/0x0:1280x720/800x0/images/Rhone-le-directeur-interdepartemental-de-la-police-nationale-fait-le-bilan-de-la-lutte-contre-la-criminalite-et-la-delinquance-2029456.jpg" length="0" type="image/jpg"/>
        </item>
        <item>
            <title><![CDATA[Yann Roubert, président du Lou Rugby, candidat à la présidence de la Ligue nationale de rugby]]></title>
            <link>https://www.bfmtv.com/lyon/replay-emissions/bonsoir-lyon/yann-roubert-president-du-lou-rugby-candidat-a-la-presidence-de-la-ligue-nationale-de-rugby_VN-202502070752.html</link>
            <guid>https://www.bfmtv.com/lyon/replay-emissions/bonsoir-lyon/yann-roubert-president-du-lou-rugby-candidat-a-la-presidence-de-la-ligue-nationale-de-rugby_VN-202502070752.html</guid>
            <pubDate>Fri, 07 Feb 2025 17:14:25 GMT</pubDate>
            <description><![CDATA[Yann Roubert, président du Lou Rugby, était l'invité de BFM Lyon.<br /><br /><img src="https://images.bfmtv.com/g_VADrbq-rOMgyaR3xfltuJdsuU=/0x0:1280x720/800x0/images/Yann-Roubert-president-du-Lou-Rugby-candidat-a-la-presidence-de-la-Ligue-nationale-de-rugby-2029426.jpg" />]]></description>
            <enclosure url="https://images.bfmtv.com/g_VADrbq-rOMgyaR3xfltuJdsuU=/0x0:1280x720/800x0/images/Yann-Roubert-president-du-Lou-Rugby-candidat-a-la-presidence-de-la-Ligue-nationale-de-rugby-2029426.jpg" length="0" type="image/jpg"/>
        </item>
        <item>
            <title><![CDATA["Il y a encore beaucoup à faire": quel bilan pour la BST au Tonkin?]]></title>
            <link>https://www.bfmtv.com/lyon/replay-emissions/bonsoir-lyon/il-y-a-encore-beaucoup-a-faire-quel-bilan-pour-la-bst-au-tonkin_VN-202502070739.html</link>
            <guid>https://www.bfmtv.com/lyon/replay-emissions/bonsoir-lyon/il-y-a-encore-beaucoup-a-faire-quel-bilan-pour-la-bst-au-tonkin_VN-202502070739.html</guid>
            <pubDate>Fri, 07 Feb 2025 17:04:35 GMT</pubDate>
            <description><![CDATA[Nelson Bouard, directeur interdépartemental de la police nationale du Rhône, était l'invité de BFM Lyon.  <br /><br /><img src="https://images.bfmtv.com/BLplf5uU1iwJP9Np1r12QrdvWL0=/0x0:1280x720/800x0/images/Il-y-a-encore-beaucoup-a-faire-quel-bilan-pour-la-BST-au-Tonkin-2029417.jpg" />]]></description>
            <enclosure url="https://images.bfmtv.com/BLplf5uU1iwJP9Np1r12QrdvWL0=/0x0:1280x720/800x0/images/Il-y-a-encore-beaucoup-a-faire-quel-bilan-pour-la-BST-au-Tonkin-2029417.jpg" length="0" type="image/jpg"/>
        </item>
        <item>
            <title><![CDATA[Narcotrafic: le nombre de personnes interpellées a augmenté de "300%" dans le Rhône en cinq ans]]></title>
            <link>https://www.bfmtv.com/lyon/replay-emissions/bonsoir-lyon/narcotrafic-le-nombre-de-personnes-interpellees-a-augmente-de-300-dans-le-rhone-en-cinq-ans_VN-202502070730.html</link>
            <guid>https://www.bfmtv.com/lyon/replay-emissions/bonsoir-lyon/narcotrafic-le-nombre-de-personnes-interpellees-a-augmente-de-300-dans-le-rhone-en-cinq-ans_VN-202502070730.html</guid>
            <pubDate>Fri, 07 Feb 2025 16:59:31 GMT</pubDate>
            <description><![CDATA[Nelson Bouard, directeur interdépartemental de la police nationale du Rhône, était l'invité de BFM Lyon.  <br /><br /><img src="https://images.bfmtv.com/NiFto7tiaUw9sMxMx4MAZIwgQ6U=/0x0:1280x720/800x0/images/Narcotrafic-le-nombre-de-personnes-interpellees-a-augmente-de-300-dans-le-Rhone-en-cinq-ans-2029413.jpg" />]]></description>
            <enclosure url="https://images.bfmtv.com/NiFto7tiaUw9sMxMx4MAZIwgQ6U=/0x0:1280x720/800x0/images/Narcotrafic-le-nombre-de-personnes-interpellees-a-augmente-de-300-dans-le-Rhone-en-cinq-ans-2029413.jpg" length="0" type="image/jpg"/>
        </item>
        <item>
            <title><![CDATA[Agglomération lyonnaise: "plusieurs équipes de tueurs interpellées" à la fin de l'année 2024]]></title>
            <link>https://www.bfmtv.com/lyon/replay-emissions/bonsoir-lyon/agglomeration-lyonnaise-plusieurs-equipes-de-tueurs-interpellees-a-la-fin-de-l-annee-2024_VN-202502070723.html</link>
            <guid>https://www.bfmtv.com/lyon/replay-emissions/bonsoir-lyon/agglomeration-lyonnaise-plusieurs-equipes-de-tueurs-interpellees-a-la-fin-de-l-annee-2024_VN-202502070723.html</guid>
            <pubDate>Fri, 07 Feb 2025 16:55:21 GMT</pubDate>
            <description><![CDATA[Nelson Bouard, directeur interdépartemental de la police nationale du Rhône, était l'invité de BFM Lyon<br /><br /><img src="https://images.bfmtv.com/zQbd7PoinwEILxyd8Ww7_hKLmB8=/0x0:1280x720/800x0/images/Agglomeration-lyonnaise-plusieurs-equipes-de-tueurs-interpellees-a-la-fin-de-l-annee-2024-2029409.jpg" />]]></description>
            <enclosure url="https://images.bfmtv.com/zQbd7PoinwEILxyd8Ww7_hKLmB8=/0x0:1280x720/800x0/images/Agglomeration-lyonnaise-plusieurs-equipes-de-tueurs-interpellees-a-la-fin-de-l-annee-2024-2029409.jpg" length="0" type="image/jpg"/>
        </item>
        <item>
            <title><![CDATA[Les meilleures équipes européennes de volley assis sont à Lyon ce week-end]]></title>
            <link>https://www.bfmtv.com/lyon/replay-emissions/bonsoir-lyon/les-meilleures-equipes-europeennes-de-volley-assis-sont-a-lyon-ce-week-end_VN-202502070707.html</link>
            <guid>https://www.bfmtv.com/lyon/replay-emissions/bonsoir-lyon/les-meilleures-equipes-europeennes-de-volley-assis-sont-a-lyon-ce-week-end_VN-202502070707.html</guid>
            <pubDate>Fri, 07 Feb 2025 16:45:38 GMT</pubDate>
            <description><![CDATA[Les meilleures équipes de volley assis seront au Petit palais des sports de Gerland ce week-end.<br /><br /><img src="https://images.bfmtv.com/aF1dPprvhvWauMZt9oI5tJpWI0M=/0x0:1280x720/800x0/images/Les-meilleures-equipes-europeennes-de-volley-assis-sont-a-Lyon-ce-week-end-2029395.jpg" />]]></description>
            <enclosure url="https://images.bfmtv.com/aF1dPprvhvWauMZt9oI5tJpWI0M=/0x0:1280x720/800x0/images/Les-meilleures-equipes-europeennes-de-volley-assis-sont-a-Lyon-ce-week-end-2029395.jpg" length="0" type="image/jpg"/>
        </item>
        <item>
            <title><![CDATA[Immobilier: quel est le profil de l'acheteur en Auvergne-Rhône-Alpes?]]></title>
            <link>https://www.bfmtv.com/lyon/replay-emissions/bonsoir-lyon/immobilier-quel-est-le-profil-de-l-acheteur-en-auvergne-rhone-alpes_VN-202502070702.html</link>
            <guid>https://www.bfmtv.com/lyon/replay-emissions/bonsoir-lyon/immobilier-quel-est-le-profil-de-l-acheteur-en-auvergne-rhone-alpes_VN-202502070702.html</guid>
            <pubDate>Fri, 07 Feb 2025 16:42:38 GMT</pubDate>
            <description><![CDATA[Les acheteurs de la région ont en moyenne 36 ans et font des crédits d'en moyenne 22 ans.<br /><br /><img src="https://images.bfmtv.com/ygHPagYUmlis1eXXVdbDnOOnW7k=/0x0:1280x720/800x0/images/Immobilier-quel-est-le-profil-de-l-acheteur-en-Auvergne-Rhone-Alpes-2029391.jpg" />]]></description>
            <enclosure url="https://images.bfmtv.com/ygHPagYUmlis1eXXVdbDnOOnW7k=/0x0:1280x720/800x0/images/Immobilier-quel-est-le-profil-de-l-acheteur-en-Auvergne-Rhone-Alpes-2029391.jpg" length="0" type="image/jpg"/>
        </item>
    </channel>
</rss>