<?xml version="1.0"?>
<rss xmlns:content="http://purl.org/rss/1.0/modules/content/" version="2.0" xmlns:media="http://search.yahoo.com/mrss/" xmlns:atom="http://www.w3.org/2005/Atom" xmlns:schema="https://schema.org"><channel><title>Franceinfo- Culture</title><description>Franceinfo- Culture</description><link>https://www.francetvinfo.fr/culture/</link><pubDate>Mon, 10 Feb 2025 13:39:31 +0100</pubDate><generator>francetvinfo 2025 (https://www.francetvinfo.fr)</generator><atom:link rel="self" type="application/rss+xml" href="https://www.francetvinfo.fr/culture.rss"/><item><title>"Les sacrifi&#xE9;s de l&#x2019;IA" : dans son documentaire, Henri Poulain r&#xE9;v&#xE8;le les coulisses d&#x2019;une industrie qui exploite la mis&#xE8;re humaine</title><description>Le r&#xE9;alisateur Henri Poulain dans son documentaire "Les Sacrifi&#xE9;s de l&#x2019;IA", diffus&#xE9; mardi sur France 2, l&#xE8;ve le voile sur les conditions de travail de celles et ceux qui alimentent la matrice, une image bien loin de cet esprit universel esp&#xE9;r&#xE9;.</description><pubDate>Mon, 10 Feb 2025 13:19:30 +0100</pubDate><link>https://www.francetvinfo.fr/replay-radio/info-medias/les-sacrifies-de-l-ia-dans-son-documentaire-henri-poulain-revele-les-coulisses-d-une-industrie-qui-exploite-la-misere-humaine_7038260.html#xtor=RSS-3-[general]</link><guid isPermaLink="true">https://www.francetvinfo.fr/replay-radio/info-medias/les-sacrifies-de-l-ia-dans-son-documentaire-henri-poulain-revele-les-coulisses-d-une-industrie-qui-exploite-la-misere-humaine_7038260.html#xtor=RSS-3-[general]</guid><enclosure length="243" type="image/png" url="https://www.francetvinfo.fr/pictures/G2JuwlyYxlezNdIkS-j4ooLkUN8/3x0:1173x658/432x243/2025/02/10/capture-67a9d17d2fc3f378003315.png"/></item><item><title>Le chanteur Ed Sheeran interrompu par la police lors d'un concert de rue en Inde</title><description>La star britannique est actuellement en tourn&#xE9;e dans six&#xA0;villes indiennes et a notamment donn&#xE9; un concert &#xE0; guichets ferm&#xE9;s &#xE0; Bombay.</description><pubDate>Mon, 10 Feb 2025 13:18:02 +0100</pubDate><link>https://www.francetvinfo.fr/culture/musique/le-chanteur-ed-sheeran-interrompu-par-la-police-lors-d-un-concert-de-rue-en-inde_7066466.html#xtor=RSS-3-[general]</link><guid isPermaLink="true">https://www.francetvinfo.fr/culture/musique/le-chanteur-ed-sheeran-interrompu-par-la-police-lors-d-un-concert-de-rue-en-inde_7066466.html#xtor=RSS-3-[general]</guid><enclosure length="243" type="image/jpeg" url="https://www.francetvinfo.fr/pictures/y17KkBeYOuIyrMhpIro0ZXPHcjE/0x53:1024x629/432x243/2025/02/10/056-vfc-edsheeran-nyc-06062023-0800-67a9e99cae6a1388049599.jpg"/></item><item><title>INTERVIEW. "Les artistes de la nuit me demandaient o&#xF9; j'avais shopp&#xE9; ce que je portais"&#xA0;: rencontre avec Miss&#xA0;Boo, couturi&#xE8;re des drag&#xA0;queens</title><description>L'&#xE9;cole Esmod Paris pr&#xE9;sente "L'Art du drag. Trois regards mode". L'exposition met en lumi&#xE8;re cet univers festif au travers la vision de trois anciens &#xE9;l&#xE8;ves.</description><pubDate>Mon, 10 Feb 2025 13:04:43 +0100</pubDate><link>https://www.francetvinfo.fr/culture/mode/interview-les-artistes-de-la-nuit-me-demandaient-ou-j-avais-choppe-ce-que-je-portais-rencontre-avec-miss-boo-couturiere-des-drag-queens_6931670.html#xtor=RSS-3-[general]</link><guid isPermaLink="true">https://www.francetvinfo.fr/culture/mode/interview-les-artistes-de-la-nuit-me-demandaient-ou-j-avais-choppe-ce-que-je-portais-rencontre-avec-miss-boo-couturiere-des-drag-queens_6931670.html#xtor=RSS-3-[general]</guid><enclosure length="243" type="image/jpeg" url="https://www.francetvinfo.fr/pictures/SrcIRgYsVaGTPXY-LBd39i5MjbA/0x29:2048x1180/432x243/2025/02/09/img-7104-67a8a1e41e3a6022060592.jpg"/></item><item><title>"Je continue de me battre pour que leurs voix soient entendues" : le journaliste franco-afghan Mortaza Behboudi publie "Femme, vie, libert&#xE9;"</title><description>Tous les jours, une personnalit&#xE9; s'invite dans le monde d'&#xC9;lodie Suigo. Lundi 10 f&#xE9;vrier 2025 : le journaliste franco-afghan Mortaza Behboudi. Il publie "Femme, vie, libert&#xE9; : un reporter infiltr&#xE9; au c&#x153;ur de la r&#xE9;volte iranienne", aux &#xE9;ditions du Rocher.</description><pubDate>Mon, 10 Feb 2025 12:39:02 +0100</pubDate><link>https://www.francetvinfo.fr/replay-radio/le-monde-d-elodie/je-continue-de-me-battre-pour-que-leurs-voix-soient-entendues-le-journaliste-franco-afghan-mortaza-behboudi-publie-femme-vie-liberte_7038296.html#xtor=RSS-3-[general]</link><guid isPermaLink="true">https://www.francetvinfo.fr/replay-radio/le-monde-d-elodie/je-continue-de-me-battre-pour-que-leurs-voix-soient-entendues-le-journaliste-franco-afghan-mortaza-behboudi-publie-femme-vie-liberte_7038296.html#xtor=RSS-3-[general]</guid><enclosure length="243" type="image/jpeg" url="https://www.francetvinfo.fr/pictures/nCM7XPBhGA6qnlLOI-LspgKz7n4/0x608:5846x3895/432x243/2025/02/07/mortaza-67a63923d32b8450184968.jpg"/></item><item><title>"Mammif&#xE8;res II" de Pierre M&#xE9;rot&#xA0;: le grand retour de l'oncle&#x2026; vingt&#xA0;ans apr&#xE8;s</title><description>Plus de vingt ans apr&#xE8;s "Mammif&#xE8;res", prix de Flore&#xA0;2003, dans lequel Pierre M&#xE9;rot livrait ses "quasi-m&#xE9;moires" de loser magnifique sous les traits du personnage de l'oncle, l'&#xE9;crivain revient avec la suite, "Mammif&#xE8;res&#xA0;II". Une satire sociale dr&#xF4;lissime et m&#xE9;lancolique, sur la vie, l&#x2019;amour, la mort. &#xC7;a valait le coup d'attendre.</description><pubDate>Mon, 10 Feb 2025 11:46:19 +0100</pubDate><link>https://www.francetvinfo.fr/culture/livres/la-rentree-litteraire/mammiferes-ii-de-pierre-merot-le-grand-retour-de-l-oncle-vingt-ans-apres_7066268.html#xtor=RSS-3-[general]</link><guid isPermaLink="true">https://www.francetvinfo.fr/culture/livres/la-rentree-litteraire/mammiferes-ii-de-pierre-merot-le-grand-retour-de-l-oncle-vingt-ans-apres_7066268.html#xtor=RSS-3-[general]</guid><enclosure length="243" type="image/jpeg" url="https://www.francetvinfo.fr/pictures/VO-EqpkSIbSK9SvcqrlxSPhFzbc/0x292:3748x2400/432x243/2025/02/10/pierre-merot-67a9ce0d139c6013681390.jpg"/></item><item><title>Deezer vs Spotify, les plateformes de streaming musical s'opposent sur l'utilisation de l'IA et la r&#xE9;mun&#xE9;ration des artistes</title><description>Le sommet de l'IA a lieu, lundi et mardi, &#xE0; Paris. De nombreux secteurs sont touch&#xE9;s par cette nouvelle technologie r&#xE9;volutionnaire, dont l'industrie musicale et les plateformes de streaming.</description><pubDate>Mon, 10 Feb 2025 10:34:59 +0100</pubDate><link>https://www.francetvinfo.fr/culture/musique/deezer-vs-spotify-les-plateformes-de-streaming-musical-s-opposent-sur-l-utilisation-de-l-ia-et-la-remuneration-des-artistes_7060658.html#xtor=RSS-3-[general]</link><guid isPermaLink="true">https://www.francetvinfo.fr/culture/musique/deezer-vs-spotify-les-plateformes-de-streaming-musical-s-opposent-sur-l-utilisation-de-l-ia-et-la-remuneration-des-artistes_7060658.html#xtor=RSS-3-[general]</guid><enclosure length="243" type="image/png" url="https://www.francetvinfo.fr/pictures/XsRPvVfrwQss49rmhjDFQpm68KM/0x192:2000x1316/432x243/2025/02/07/design-sans-titre-67a624f8b293f426616739.png"/></item><item><title>Super Bowl : Kendrick Lamar et le hip-hop &#xE0; l'honneur, Taylor Swift siffl&#xE9;e et Trump en tribune</title><description>Le week-end dernier, Kendrick Lamar avait triomph&#xE9; aux Grammys, avec son titre "Not Like Us" dans lequel il s'en prend au rappeur Drake.</description><pubDate>Mon, 10 Feb 2025 10:18:50 +0100</pubDate><link>https://www.francetvinfo.fr/culture/musique/super-bowl-kendrick-lamar-et-le-hip-hop-a-l-honneur-taylor-swift-sifflee-et-trump-en-tribune_7066247.html#xtor=RSS-3-[general]</link><guid isPermaLink="true">https://www.francetvinfo.fr/culture/musique/super-bowl-kendrick-lamar-et-le-hip-hop-a-l-honneur-taylor-swift-sifflee-et-trump-en-tribune_7066247.html#xtor=RSS-3-[general]</guid><enclosure length="243" type="image/jpeg" url="https://www.francetvinfo.fr/pictures/r50h1VbwLeMZpNdZzreatvVE-d4/0x53:1024x629/432x243/2025/02/10/063-2198645650-67a9bb9a332c1239054069.jpg"/></item><item><title>PODCAST. Sommet de l'IA, une nouvelle star de la navigation et 24h de course sur un tapis&#xA0;: &#xE7;a dit quoi ce 10 f&#xE9;vrier&#xA0;?</title><description>Ce lundi 10 f&#xE9;vrier, le sommet international de l'intelligence artificielle s'ouvre &#xE0; Paris, Violette Dorange a &#xE9;t&#xE9; accueillie en triomphe apr&#xE8;s son Vend&#xE9;e Globe et le rappeur Ril&#xE8;s r&#xE9;ussit son pari sportif et artistique.</description><pubDate>Mon, 10 Feb 2025 09:24:39 +0100</pubDate><link>https://www.francetvinfo.fr/replay-radio/ca-dit-quoi/sommet-de-l-ia-une-nouvelle-star-de-la-navigation-et-24h-de-course-sur-un-tapis-ca-dit-quoi-ce-10-fevrier_7054016.html#xtor=RSS-3-[general]</link><guid isPermaLink="true">https://www.francetvinfo.fr/replay-radio/ca-dit-quoi/sommet-de-l-ia-une-nouvelle-star-de-la-navigation-et-24h-de-course-sur-un-tapis-ca-dit-quoi-ce-10-fevrier_7054016.html#xtor=RSS-3-[general]</guid><enclosure length="243" type="image/jpeg" url="https://www.francetvinfo.fr/pictures/8jlEbivIYUSQLTwgA91OUi-tjMM/0x302:5808x3569/432x243/2025/02/06/maxnewsspecial889312-67a476a01f866474478906.jpg"/></item><item><title>L'IA au service de votre garde-robe</title><description>L&#x2019;enjeu pour la France est de se positionner dans cette r&#xE9;volution de l&#x2019;intelligence artificielle qui touche tous les secteurs, comme celui de la mode. En effet, l&#x2019;IA est en train de bouleverser le commerce en ligne. Explications.</description><pubDate>Mon, 10 Feb 2025 07:13:52 +0100</pubDate><link>https://www.francetvinfo.fr/internet/intelligence-artificielle/l-ia-au-service-de-votre-garde-robe_7066121.html#xtor=RSS-3-[general]</link><guid isPermaLink="true">https://www.francetvinfo.fr/internet/intelligence-artificielle/l-ia-au-service-de-votre-garde-robe_7066121.html#xtor=RSS-3-[general]</guid><enclosure length="243" type="image/jpeg" url="https://www.francetvinfo.fr/pictures/lmYjWMClKLhl7oP7be_17WSMz_4/191x0:1729x865/432x243/2025/02/10/l-ia-au-service-de-votre-garde-robe-67a997f738017446698301.jpg"/></item><item><title>"The Brutalist" : Adrien Brody dans l'&#xE9;pop&#xE9;e d'un architecte moderniste de g&#xE9;nie, juif hongrois rescap&#xE9; des camps de la mort</title><description>Le troisi&#xE8;me long-m&#xE9;trage de Brady Corbet, magistral, offre une r&#xE9;flexion sur la capacit&#xE9; de l'art et de la cr&#xE9;ation &#xE0; transcender le mal et la mort.</description><pubDate>Mon, 10 Feb 2025 06:00:01 +0100</pubDate><link>https://www.francetvinfo.fr/culture/cinema/sorties-de-films/the-brutalist-adrien-brody-dans-l-epopee-d-un-architecte-moderniste-de-genie-juif-hongrois-rescape-des-camps-de-la-mort_7060748.html#xtor=RSS-3-[general]</link><guid isPermaLink="true">https://www.francetvinfo.fr/culture/cinema/sorties-de-films/the-brutalist-adrien-brody-dans-l-epopee-d-un-architecte-moderniste-de-genie-juif-hongrois-rescape-des-camps-de-la-mort_7060748.html#xtor=RSS-3-[general]</guid><enclosure length="243" type="image/jpeg" url="https://www.francetvinfo.fr/pictures/GioUSVKVJdEgA_UlWIaXJg2l-xE/1x0:3838x2158/432x243/2025/02/07/tbr-lp-rec709-uhd-flat-3840x2160-20-pm-20240911-00-24-22-06-still048-cropedit-67a62746a48b0602745086.jpg"/></item><item><title>"Je n'ai pas r&#xE9;ussi cette sc&#xE8;ne" : l'actrice Marion Cotillard revient sur la mort de son personnage dans le dernier Batman</title><description>"Vous mourez de fa&#xE7;on pas cr&#xE9;dible, qu'est-ce qu'il s'est pass&#xE9; ?", a demand&#xE9; l'un des journalistes dans l'&#xE9;mission "Les rencontres du Papotin" sur France 2.</description><pubDate>Sun, 09 Feb 2025 16:34:03 +0100</pubDate><link>https://www.francetvinfo.fr/culture/cinema/je-n-ai-pas-reussi-cette-scene-l-actrice-marion-cotillard-revient-sur-la-mort-de-son-personnage-dans-the-dark-knight-rises_7064870.html#xtor=RSS-3-[general]</link><guid isPermaLink="true">https://www.francetvinfo.fr/culture/cinema/je-n-ai-pas-reussi-cette-scene-l-actrice-marion-cotillard-revient-sur-la-mort-de-son-personnage-dans-the-dark-knight-rises_7064870.html#xtor=RSS-3-[general]</guid><enclosure length="243" type="image/jpeg" url="https://www.francetvinfo.fr/pictures/ypfxGmEOK7XEb_9djR7ryMpQ8uo/0x19:3194x1815/432x243/2025/02/09/000-36kv7ru-67a8c9031bf68667660793.jpg"/></item><item><title>"Le Menteur" au th&#xE9;&#xE2;tre de La&#xA0;Scala&#xA0;: les tribulations parisiennes d'un mythomane multir&#xE9;cidiviste</title><description>Marion Bierry revisite avec beaucoup de bonheur le chef-d'&#x153;uvre de Pierre Corneille. "Le Menteur", une pi&#xE8;ce jubilatoire, loufoque et burlesque, port&#xE9;e par un Alexandre Bierry impressionnant de pr&#xE9;sence.</description><pubDate>Sun, 09 Feb 2025 15:35:31 +0100</pubDate><link>https://www.francetvinfo.fr/culture/spectacles/theatre/le-menteur-au-theatre-de-la-scala-les-tribulations-parisiennes-d-un-mythomane-multirecidiviste_7054958.html#xtor=RSS-3-[general]</link><guid isPermaLink="true">https://www.francetvinfo.fr/culture/spectacles/theatre/le-menteur-au-theatre-de-la-scala-les-tribulations-parisiennes-d-un-mythomane-multirecidiviste_7054958.html#xtor=RSS-3-[general]</guid><enclosure length="243" type="image/jpeg" url="https://www.francetvinfo.fr/pictures/c-F2x1vxHa9UGiuxyViEn1oC6as/0x83:1600x983/432x243/2025/02/04/unknown-tt-width-1600-height-1067-crop-0-bgcolor-000000-67a1ff144be52710016785.jpg"/></item><item><title>Intelligence artificielle&#xA0;: "Il ne faut pas en avoir peur" et "c'est une opportunit&#xE9; tout &#xE0; fait extraordinaire", consid&#xE8;re Jean-Michel Jarre</title><description>"Il faut qu'on &#xE9;tablisse un certain nombre de r&#xE8;gles, notamment sur le plan de la propri&#xE9;t&#xE9; intellectuelle et des droits", ajoute cependant l'auteur-compositeur, invit&#xE9; dimanche sur franceinfo, alors que se tient &#xE0; Paris le Sommet mondial sur l'IA.</description><pubDate>Sun, 09 Feb 2025 15:34:13 +0100</pubDate><link>https://www.francetvinfo.fr/internet/intelligence-artificielle/intelligence-artificielle-il-ne-faut-pas-en-avoir-peur-et-c-est-une-opportunite-tout-a-fait-extraordinaire-considere-jean-michel-jarre_7064765.html#xtor=RSS-3-[general]</link><guid isPermaLink="true">https://www.francetvinfo.fr/internet/intelligence-artificielle/intelligence-artificielle-il-ne-faut-pas-en-avoir-peur-et-c-est-une-opportunite-tout-a-fait-extraordinaire-considere-jean-michel-jarre_7064765.html#xtor=RSS-3-[general]</guid><enclosure length="243" type="image/jpeg" url="https://www.francetvinfo.fr/pictures/QcTWULl9MT8e6f89SXUBvlevbO0/0x568:5568x3698/432x243/2025/02/09/000-8xz6yn-67a8bc20b119b922881321.jpg"/></item><item><title>"Les Etats-Unis se trouvent dans une situation tr&#xE8;s sombre", d&#xE9;clare l'acteur Richard Gere &#xE0; la c&#xE9;r&#xE9;monie des Goya 2025</title><description>La star am&#xE9;ricaine, qui s'est install&#xE9;e r&#xE9;cemment &#xE0; Madrid en Espagne, a re&#xE7;u un Goya le 8 f&#xE9;vrier &#xE0; Grenade lors de la grand-messe du cin&#xE9;ma espagnol.</description><pubDate>Sun, 09 Feb 2025 15:30:02 +0100</pubDate><link>https://www.francetvinfo.fr/culture/cinema/les-etats-unis-se-trouvent-dans-une-situation-tres-sombre-declare-l-acteur-richard-gere-a-la-ceremonie-des-goya-2025_7064783.html#xtor=RSS-3-[general]</link><guid isPermaLink="true">https://www.francetvinfo.fr/culture/cinema/les-etats-unis-se-trouvent-dans-une-situation-tres-sombre-declare-l-acteur-richard-gere-a-la-ceremonie-des-goya-2025_7064783.html#xtor=RSS-3-[general]</guid><enclosure length="243" type="image/jpeg" url="https://www.francetvinfo.fr/pictures/dJ9ae3H30tIT1dIdKgLZid60N2E/0x0:6000x3373/432x243/2025/02/09/068-aa-09022025-2072764-67a8b2925e47a690808453.jpg"/></item><item><title>Lecture : "La Femme de m&#xE9;nage", un livre ind&#xE9;tr&#xF4;nable</title><description>Depuis fin d&#xE9;cembre, "La Femme de m&#xE9;nage", le best-seller de Freida McFadden, tr&#xF4;ne en t&#xEA;te des meilleures ventes de livres, sans jamais c&#xE9;der sa place.</description><pubDate>Sun, 09 Feb 2025 15:27:28 +0100</pubDate><link>https://www.francetvinfo.fr/culture/livres/lecture-la-femme-de-menage-un-livre-indetronable_7064813.html#xtor=RSS-3-[general]</link><guid isPermaLink="true">https://www.francetvinfo.fr/culture/livres/lecture-la-femme-de-menage-un-livre-indetronable_7064813.html#xtor=RSS-3-[general]</guid><enclosure length="243" type="image/jpeg" url="https://www.francetvinfo.fr/pictures/KsoZIbxdzGeP-wRNqEp0AF58Qh0/253x0:1640x780/432x243/2025/02/09/lecture-la-femme-de-menage-un-livre-indetronable-67a8ba7fbaebb446778347.jpg"/></item><item><title>En Italie, le monde du cin&#xE9;ma se mobilise pour &#xE9;viter que les salles obscures de Rome ne tombent entre les mains des groupes immobiliers</title><description>Depuis la crise du Covid, une centaine d'&#xE9;crans se sont &#xE9;teints dans la capitale. La loi &#xE9;tait jusqu'ici protectrice, mais la r&#xE9;gion de Rome souhaite la modifier, ce qui pourrait permettre &#xE0; des groupes immobiliers de s'emparer de ces cin&#xE9;mas.</description><pubDate>Sun, 09 Feb 2025 14:28:39 +0100</pubDate><link>https://www.francetvinfo.fr/monde/italie/en-italie-le-monde-du-cinema-se-mobilise-pour-eviter-que-les-salles-obscures-de-rome-ne-tombent-entre-les-mains-des-groupes-immobiliers_7063325.html#xtor=RSS-3-[general]</link><guid isPermaLink="true">https://www.francetvinfo.fr/monde/italie/en-italie-le-monde-du-cinema-se-mobilise-pour-eviter-que-les-salles-obscures-de-rome-ne-tombent-entre-les-mains-des-groupes-immobiliers_7063325.html#xtor=RSS-3-[general]</guid><enclosure length="243" type="image/jpeg" url="https://www.francetvinfo.fr/pictures/pOjv1NaxO_KDrZ561ihxg_Lq6lY/0x90:4499x2618/432x243/2025/02/08/000-98t4r7-67a7d03c0a457100256023.jpg"/></item><item><title>Ice Cube, Cl&#xE9;lya Abraham et Adrien Soleiman</title><description>Cette semaine, dans la Playlist de franceinfo, le nouvel album de la pianiste Cl&#xE9;lya Abraham, le rappeur culte de la C&#xF4;te Ouest Ice Cube de retour, et le saxophoniste &#xE9;m&#xE9;rite &#x2013; mais pas que &#x2013; Adrien Soleiman qui sort son deuxi&#xE8;me album.</description><pubDate>Sun, 09 Feb 2025 13:00:02 +0100</pubDate><link>https://www.francetvinfo.fr/replay-radio/la-playlist-franceinfo/ice-cube-clelya-abraham-et-adrien-soleiman_7036712.html#xtor=RSS-3-[general]</link><guid isPermaLink="true">https://www.francetvinfo.fr/replay-radio/la-playlist-franceinfo/ice-cube-clelya-abraham-et-adrien-soleiman_7036712.html#xtor=RSS-3-[general]</guid><enclosure length="243" type="image/jpeg" url="https://www.francetvinfo.fr/pictures/VzmegaNphB8rWpBQ2vNEnDQ0eUM/0x456:4298x2868/432x243/2019/10/11/phpWULEWP.jpg"/></item><item><title>"Mission info" : pourquoi les mangas cartonnent autant d&#xE8;s l'&#xE9;cole primaire ?</title><description>Chaque semaine, "Mission info", pr&#xE9;sent&#xE9; par Myriam Bounafaa, Raph&#xE4;l Yem et Elise Lambert, explore un sujet d'actualit&#xE9; pour les enfants de 7 &#xE0; 11 ans. Cette semaine, "Mission info" se plonge dans l'univers des mangas et se se demande pourquoi ils cartonnent autant aupr&#xE8;s des enfants.</description><pubDate>Sun, 09 Feb 2025 12:00:02 +0100</pubDate><link>https://www.francetvinfo.fr/l-actu-pour-les-jeunes/mission-info-pourquoi-les-mangas-cartonnent-autant-des-l-ecole-primaire_7060937.html#xtor=RSS-3-[general]</link><guid isPermaLink="true">https://www.francetvinfo.fr/l-actu-pour-les-jeunes/mission-info-pourquoi-les-mangas-cartonnent-autant-des-l-ecole-primaire_7060937.html#xtor=RSS-3-[general]</guid><enclosure length="243" type="image/png" url="https://www.francetvinfo.fr/pictures/jWEoWc1SxdJaFACFnpvrhiZABdg/0x69:1080x676/432x243/2025/01/10/pp-instagram-01-1-6781407bbc0af714550348.png"/></item><item><title>"Bridget Jones, folle de lui"&#xA0;: le retour de l'&#xE9;ternelle c&#xE9;libataire, la cinquantaine &#xE9;panouie, toujours en qu&#xEA;te du prince charmant</title><description>Ren&#xE9;e Zellweger, absente des &#xE9;crans pendant six&#xA0;ans, fait son grand retour au cin&#xE9;ma en incarnant pour la quatri&#xE8;me fois le r&#xF4;le de l'irr&#xE9;sistible Bridget Jones.</description><pubDate>Sun, 09 Feb 2025 11:49:03 +0100</pubDate><link>https://www.francetvinfo.fr/culture/cinema/sorties-de-films/bridget-jones-folle-de-lui-le-retour-de-l-eternelle-celibataire-la-cinquantaine-epanouie-toujours-en-quete-du-prince-charmant_7054568.html#xtor=RSS-3-[general]</link><guid isPermaLink="true">https://www.francetvinfo.fr/culture/cinema/sorties-de-films/bridget-jones-folle-de-lui-le-retour-de-l-eternelle-celibataire-la-cinquantaine-epanouie-toujours-en-quete-du-prince-charmant_7054568.html#xtor=RSS-3-[general]</guid><enclosure length="243" type="image/jpeg" url="https://www.francetvinfo.fr/pictures/GeNyEssrCwYF1vYpNdFkfE3yy8o/0x294:3000x1980/432x243/2025/02/05/bridget1-67a37cc650195405766945.jpg"/></item><item><title>"Dates IRL" : ou les amours 2.0</title><description>Une jeune fille, qui ne vit que dans le metaverse, d&#xE9;couvre l'amour en vrai : c'est la th&#xE9;matique trait&#xE9;e cr&#xFB;ment par la s&#xE9;rie norv&#xE9;gienne "Dates IRL", prim&#xE9;e au festival S&#xE9;ries Mania.</description><pubDate>Sun, 09 Feb 2025 11:00:01 +0100</pubDate><link>https://www.francetvinfo.fr/replay-radio/l-empire-des-series/dates-irl-ou-les-amours-2-0_7036688.html#xtor=RSS-3-[general]</link><guid isPermaLink="true">https://www.francetvinfo.fr/replay-radio/l-empire-des-series/dates-irl-ou-les-amours-2-0_7036688.html#xtor=RSS-3-[general]</guid><enclosure length="243" type="image/webp" url="https://www.francetvinfo.fr/pictures/ME9LrBGMwG9_Q20ZUjseUGi9LdM/0x0:1600x900/432x243/2025/02/06/0890290-67a4f6ea56087852025067.webp"/></item></channel></rss>
