<?xml version="1.0"?>
<rss xmlns:content="http://purl.org/rss/1.0/modules/content/" version="2.0" xmlns:media="http://search.yahoo.com/mrss/" xmlns:atom="http://www.w3.org/2005/Atom" xmlns:schema="https://schema.org"><channel><title>Franceinfo- France</title><description>Franceinfo- France</description><link>https://www.francetvinfo.fr/france/</link><pubDate>Mon, 10 Feb 2025 13:35:04 +0100</pubDate><generator>francetvinfo 2025 (https://www.francetvinfo.fr)</generator><atom:link rel="self" type="application/rss+xml" href="https://www.francetvinfo.fr/france.rss"/><item><title>Drames dans la Manche&#xA0;: "Les morts vont continuer tant qu'on n'aura pas des routes s&#xFB;res", selon le fondateur d'Utopia&#xA0;56</title><description>Yann Manzi appelle le Royaume-Uni &#xE0; "s'impliquer plus". &#xC9;rythr&#xE9;ens, Soudanais, Afghans... Ce sont "des gens qui devraient pouvoir avoir le statut en Europe de r&#xE9;fugi&#xE9;s", insiste-t-il.</description><pubDate>Mon, 10 Feb 2025 12:03:03 +0100</pubDate><link>https://www.francetvinfo.fr/monde/europe/migrants/drames-dans-la-manche-les-morts-vont-continuer-tant-qu-on-aura-pas-des-routes-sures-selon-le-fondateur-d-utopia-56_7066370.html#xtor=RSS-3-[general]</link><guid isPermaLink="true">https://www.francetvinfo.fr/monde/europe/migrants/drames-dans-la-manche-les-morts-vont-continuer-tant-qu-on-aura-pas-des-routes-sures-selon-le-fondateur-d-utopia-56_7066370.html#xtor=RSS-3-[general]</guid><enclosure length="243" type="image/jpeg" url="https://www.francetvinfo.fr/pictures/55Z9Zzr3zFlf8IeVVXHLehdX-GU/0x0:1024x575/432x243/2025/02/10/000-9wc9k3-67a9d9bc1eb80725841988.jpg"/></item><item><title>Morbihan : un wallaby est recherch&#xE9; depuis deux mois</title><description>Un wallaby a &#xE9;t&#xE9; vu &#xE0; Plumelin dans le Morbihan. Depuis, le marsupial australien est en cavale et la municipalit&#xE9; tente de le capturer.</description><pubDate>Mon, 10 Feb 2025 10:31:34 +0100</pubDate><link>https://www.francetvinfo.fr/environnement/biodiversite/animaux/morbihan-un-wallaby-est-recherche-depuis-deux-mois_7066295.html#xtor=RSS-3-[general]</link><guid isPermaLink="true">https://www.francetvinfo.fr/environnement/biodiversite/animaux/morbihan-un-wallaby-est-recherche-depuis-deux-mois_7066295.html#xtor=RSS-3-[general]</guid><enclosure length="243" type="image/jpeg" url="https://www.francetvinfo.fr/pictures/KwCNCnCL1Nli_05s-gqlUiA8L60/0x0:1579x888/432x243/2025/02/10/wallaby-67a9c6e4eef02915010433.jpg"/></item><item><title>Meurtre de Louise : des recherches men&#xE9;es par 120 enqu&#xEA;teurs dimanche</title><description>Apr&#xE8;s la d&#xE9;couverte du corps de Louise, 11 ans, dans la nuit du vendredi 7 au samedi 8 f&#xE9;vrier, dans un bois en Essonne, la zone a &#xE9;t&#xE9; boucl&#xE9;e et pass&#xE9;e au peigne fin par une &#xE9;quipe de 120 enqu&#xEA;teurs, dans le but de trouver des &#xE9;l&#xE9;ments susceptibles de faire avancer l&#x2019;enqu&#xEA;te, comme l&#x2019;arme du crime.</description><pubDate>Mon, 10 Feb 2025 10:23:21 +0100</pubDate><link>https://www.francetvinfo.fr/faits-divers/meurtre-de-louise-des-recherches-menees-par-120-enqueteurs-dimanche_7065170.html#xtor=RSS-3-[general]</link><guid isPermaLink="true">https://www.francetvinfo.fr/faits-divers/meurtre-de-louise-des-recherches-menees-par-120-enqueteurs-dimanche_7065170.html#xtor=RSS-3-[general]</guid><enclosure length="243" type="image/jpeg" url="https://www.francetvinfo.fr/pictures/cv6dC-uX1MitgFmx-O6VzQEJIDU/0x53:1407x844/432x243/2025/02/09/enquete-67a92bae45a3b704443238.jpg"/></item><item><title>REPORTAGE. En &#xCE;le-de-France, l'Imprimerie nationale utilise l'intelligence artificielle pour d&#xE9;tecter des d&#xE9;fauts invisibles &#xE0; l'&#x153;il nu</title><description>L'Imprimerie nationale, nouvellement IN Groupe, fabrique des hologrammes s&#xE9;curis&#xE9;s que l'on retrouve notamment sur nos passeports ou nos cartes d'identit&#xE9;. Le d&#xE9;ploiement de l'IA permet de d&#xE9;tecter de minuscules d&#xE9;fauts, et plus largement de faciliter le travail des op&#xE9;rateurs.</description><pubDate>Mon, 10 Feb 2025 10:05:33 +0100</pubDate><link>https://www.francetvinfo.fr/replay-radio/le-grand-temoin/reportage-en-ile-de-france-l-imprimerie-nationale-utilise-l-intelligence-artificielle-pour-detecter-des-defauts-invisibles-a-l-il-nu_7038284.html#xtor=RSS-3-[general]</link><guid isPermaLink="true">https://www.francetvinfo.fr/replay-radio/le-grand-temoin/reportage-en-ile-de-france-l-imprimerie-nationale-utilise-l-intelligence-artificielle-pour-detecter-des-defauts-invisibles-a-l-il-nu_7038284.html#xtor=RSS-3-[general]</guid><enclosure length="243" type="image/jpeg" url="https://www.francetvinfo.fr/pictures/Fw4UjYaoLvXNWCAC6WdE6hniezc/0x279:5370x3300/432x243/2025/02/10/permis-de-conduire-67a9c14a7f2f0043434455.jpg"/></item><item><title>Vend&#xE9;e Globe, arriv&#xE9;e triomphale de Violette Dorange</title><description>Quatre navigateurs ont franchi la ligne d&#x2019;arriv&#xE9;e du Vend&#xE9;e Globe ce dimanche. Parmi eux, la benjamine de la course en solitaire, Violette Dorange, qui est devenue une star en partageant son p&#xE9;riple sur les r&#xE9;seaux sociaux. La jeune navigatrice a &#xE9;t&#xE9; accueillie par une mar&#xE9;e humaine aux Sables d&#x2019;Olonne.</description><pubDate>Mon, 10 Feb 2025 08:59:21 +0100</pubDate><link>https://www.francetvinfo.fr/sports/voile/vendee-globe/vendee-globe-arrivee-triomphale-de-violette-dorange_7066193.html#xtor=RSS-3-[general]</link><guid isPermaLink="true">https://www.francetvinfo.fr/sports/voile/vendee-globe/vendee-globe-arrivee-triomphale-de-violette-dorange_7066193.html#xtor=RSS-3-[general]</guid><enclosure length="243" type="image/jpeg" url="https://www.francetvinfo.fr/pictures/AE1YFoPco6iYGgWLr1-AP61nlM8/195x0:1724x860/432x243/2025/02/10/vendee-globe-arrivee-triomphale-de-violette-dorange-67a9b079ec971467607830.jpg"/></item><item><title>Lyon-Turin : dans les entrailles du chantier XXL</title><description>Le chantier du tunnel entre Lyon et Turin mobilise 3 000 ouvriers &#xE0; plus de 1 000 m&#xE8;tres sous les Alpes pour creuser 37 millions de tonnes de roche entre la ville fran&#xE7;aise et la ville italienne. Le Lyon-Turin est un serpent de mer, un projet contest&#xE9;, dangereux. Trois morts en deux ans et son co&#xFB;t ne cesse de grimper avec 11 milliards d&#x2019;investissements en plus.</description><pubDate>Mon, 10 Feb 2025 08:06:41 +0100</pubDate><link>https://www.francetvinfo.fr/economie/transports/lyon-turin-dans-les-entrailles-du-chantier-xxl_7066166.html#xtor=RSS-3-[general]</link><guid isPermaLink="true">https://www.francetvinfo.fr/economie/transports/lyon-turin-dans-les-entrailles-du-chantier-xxl_7066166.html#xtor=RSS-3-[general]</guid><enclosure length="243" type="image/jpeg" url="https://www.francetvinfo.fr/pictures/p8RFix7pzp6XQhL7EGbnR1akMjk/197x0:1723x858/432x243/2025/02/10/lyon-turin-dans-les-entrailles-du-chantier-xxl-67a9a458a2650557287232.jpg"/></item><item><title>Mort de Louise en Essonne : la ville de Longjumeau met en place un "dispositif de s&#xE9;curit&#xE9;" sur les trajets du coll&#xE8;ge</title><description>Le corps de l'adolescente de 11 ans a &#xE9;t&#xE9; retrouv&#xE9; sans vie dans un bois en Essonne. Elle avait fini ses cours &#xE0; 14 heures vendredi et n'est jamais rentr&#xE9;e du coll&#xE8;ge. Par pr&#xE9;caution, les trajets vers les &#xE9;tablissements scolaires des villes de Longjumeau et d'&#xC9;pinay-sur-Orge seront s&#xE9;curis&#xE9;s d&#xE8;s 8 heures du matin.</description><pubDate>Mon, 10 Feb 2025 08:00:57 +0100</pubDate><link>https://www.francetvinfo.fr/faits-divers/mort-de-louise-en-essonne-la-ville-de-longjumeau-met-en-place-un-dispositif-de-securite-sur-les-trajets-du-college_7066154.html#xtor=RSS-3-[general]</link><guid isPermaLink="true">https://www.francetvinfo.fr/faits-divers/mort-de-louise-en-essonne-la-ville-de-longjumeau-met-en-place-un-dispositif-de-securite-sur-les-trajets-du-college_7066154.html#xtor=RSS-3-[general]</guid><enclosure length="243" type="image/jpeg" url="https://www.francetvinfo.fr/pictures/09TpkyNNzOO9UKMe5-i7ISR-EPc/0x205:3936x2419/432x243/2025/02/10/000-36xf4ne-67a9a2284c62f404790429.jpg"/></item><item><title>Neige et verglas : un dimanche au ralenti</title><description>Un m&#xE8;tre de neige par endroit. Il n&#x2019;avait pas autant neig&#xE9;. Une perturbation neigeuse a travers&#xE9; le pays durant le week-end, des Hauts-de-France jusqu&#x2019;au sud du pays, en passant par le Massif central. La circulation a &#xE9;t&#xE9; particuli&#xE8;rement difficile, y compris ce soir. Le gel n&#x2019;a pas arrang&#xE9; la chose.</description><pubDate>Mon, 10 Feb 2025 07:48:58 +0100</pubDate><link>https://www.francetvinfo.fr/environnement/meteo/neige/neige-et-verglas-un-dimanche-au-ralenti_7066151.html#xtor=RSS-3-[general]</link><guid isPermaLink="true">https://www.francetvinfo.fr/environnement/meteo/neige/neige-et-verglas-un-dimanche-au-ralenti_7066151.html#xtor=RSS-3-[general]</guid><enclosure length="243" type="image/jpeg" url="https://www.francetvinfo.fr/pictures/psROcnwM-Ni2wWhc2lyLECKUNuE/196x0:1724x859/432x243/2025/02/10/neige-et-verglas-un-dimanche-au-ralenti-67a9a0707d409670158073.jpg"/></item><item><title>Intemp&#xE9;ries : de plus en plus de routes en mauvais &#xE9;tat en France</title><description>En raison, notamment, des p&#xE9;riodes de forte s&#xE9;cheresse puis de fortes pluies de l&#x2019;an dernier, de plus en plus de routes fran&#xE7;aises sont en mauvais &#xE9;tat. Une situation qui pourrait empirer avec le d&#xE9;r&#xE8;glement climatique.</description><pubDate>Sun, 09 Feb 2025 23:13:10 +0100</pubDate><link>https://www.francetvinfo.fr/france/normandie/orne/intemperies-de-plus-en-plus-de-routes-en-mauvais-etat-en-france_7065047.html#xtor=RSS-3-[general]</link><guid isPermaLink="true">https://www.francetvinfo.fr/france/normandie/orne/intemperies-de-plus-en-plus-de-routes-en-mauvais-etat-en-france_7065047.html#xtor=RSS-3-[general]</guid><enclosure length="243" type="image/jpeg" url="https://www.francetvinfo.fr/pictures/M3x5cBGLymkHtuRezoTBjAsJs4Q/0x11:1539x877/432x243/2025/02/09/intemperies-de-plus-en-plus-de-routes-en-mauvais-etat-en-france-67a9060ab444a492338751.jpg"/></item><item><title>Neige et verglas : un dimanche au ralenti pour plusieurs habitants</title><description>Une perturbation neigeuse a travers&#xE9; le pays durant le week-end, des Hauts-de-France jusqu&#x2019;au sud du pays, en passant par le Massif central. La circulation a notamment &#xE9;t&#xE9; perturb&#xE9;e &#xE0; cause de la quantit&#xE9; de neige pr&#xE9;sente.</description><pubDate>Sun, 09 Feb 2025 20:22:22 +0100</pubDate><link>https://www.francetvinfo.fr/environnement/meteo/neige/neige-et-verglas-un-dimanche-au-ralenti-pour-plusieurs-habitants_7065032.html#xtor=RSS-3-[general]</link><guid isPermaLink="true">https://www.francetvinfo.fr/environnement/meteo/neige/neige-et-verglas-un-dimanche-au-ralenti-pour-plusieurs-habitants_7065032.html#xtor=RSS-3-[general]</guid><enclosure length="243" type="image/png" url="https://www.francetvinfo.fr/pictures/r0GU4V9GeWUdL2nrbBJAde-zVFw/0x51:1284x774/432x243/2025/02/09/neige-67a9004d953d3912101444.png"/></item><item><title>Orne : une route s'effondre sur 30 m&#xE8;tres</title><description>Ferm&#xE9;e &#xE0; la circulation depuis plusieurs mois &#xE0; Ceton (Orne), une route s&#x2019;est effondr&#xE9;e apr&#xE8;s les fortes pluies, alors que d'autres mouvements de terrain ont &#xE9;t&#xE9; rep&#xE9;r&#xE9;s.</description><pubDate>Sun, 09 Feb 2025 15:45:35 +0100</pubDate><link>https://www.francetvinfo.fr/france/normandie/orne/orne-une-route-s-effondre-sur-30-metres_7064777.html#xtor=RSS-3-[general]</link><guid isPermaLink="true">https://www.francetvinfo.fr/france/normandie/orne/orne-une-route-s-effondre-sur-30-metres_7064777.html#xtor=RSS-3-[general]</guid><enclosure length="243" type="image/jpeg" url="https://www.francetvinfo.fr/pictures/WgCu0yhOCV0ga33RDqpvSSu5lHU/149x0:1771x912/432x243/2025/02/09/orne-une-route-s-effondre-sur-30-metres-67a8ae2b68fb6375479889.jpg"/></item><item><title>Pyr&#xE9;n&#xE9;es catalanes : &#xE0; la d&#xE9;couverte des richesses de la r&#xE9;gion</title><description>Du parc animalier aux balades foresti&#xE8;res, France 2 vous emm&#xE8;ne d&#xE9;couvrir les richesses des Pyr&#xE9;n&#xE9;es catalanes.</description><pubDate>Sun, 09 Feb 2025 15:08:39 +0100</pubDate><link>https://www.francetvinfo.fr/france/occitanie/pyrenees-orientales/pyrenees-catalanes-a-la-decouverte-des-richesses-de-la-region_7064801.html#xtor=RSS-3-[general]</link><guid isPermaLink="true">https://www.francetvinfo.fr/france/occitanie/pyrenees-orientales/pyrenees-catalanes-a-la-decouverte-des-richesses-de-la-region_7064801.html#xtor=RSS-3-[general]</guid><enclosure length="243" type="image/jpeg" url="https://www.francetvinfo.fr/pictures/gWoKHvmPmubg1JvfEDA4zpNskH0/395x0:1524x635/432x243/2025/02/09/pyrenees-catalanes-a-la-decouverte-des-richesses-de-la-region-67a8b60da5285607496407.jpg"/></item><item><title>Pas-de-Calais : 57 migrants secourus ce dimanche matin, dont une personne inconsciente et deux en &#xE9;tat d'hypothermie</title><description>La victime la plus grave a &#xE9;t&#xE9; h&#xE9;litreuill&#xE9;e vers l'h&#xF4;pital de Boulogne-sur-Mer. Les autres naufrag&#xE9;s ont &#xE9;t&#xE9; pris en charge &#xE0; Calais.</description><pubDate>Sun, 09 Feb 2025 12:53:42 +0100</pubDate><link>https://www.francetvinfo.fr/france/hauts-de-france/migrants-a-calais/pas-de-calais-57-migrants-secourus-ce-dimanche-matin-dont-une-personne-inconsciente-et-deux-en-etat-d-hypothermie_7064720.html#xtor=RSS-3-[general]</link><guid isPermaLink="true">https://www.francetvinfo.fr/france/hauts-de-france/migrants-a-calais/pas-de-calais-57-migrants-secourus-ce-dimanche-matin-dont-une-personne-inconsciente-et-deux-en-etat-d-hypothermie_7064720.html#xtor=RSS-3-[general]</guid><enclosure length="243" type="image/jpeg" url="https://www.francetvinfo.fr/pictures/M9Py5nJqw0DCOXFtgFTyEH4Rxdo/0x121:2347x1442/432x243/2025/02/09/000-36u39e6-67a896e60cf9b776745337.jpg"/></item><item><title>Meurtre de Louise : la famille et les proches sous le choc</title><description>Alors que le corps sans vie de Louise, 11 ans, a &#xE9;t&#xE9; retrouv&#xE9; dans la nuit du vendredi 7 au samedi 8 f&#xE9;vrier, l&#x2019;entourage de la jeune fille, mais aussi les habitants d&#x2019;&#xC9;pinay-sur-Orge (Essonne), sont extr&#xEA;mement boulevers&#xE9;s par le drame.</description><pubDate>Sun, 09 Feb 2025 00:15:49 +0100</pubDate><link>https://www.francetvinfo.fr/faits-divers/meurtre-de-louise-la-famille-et-les-proches-sous-le-choc_7064225.html#xtor=RSS-3-[general]</link><guid isPermaLink="true">https://www.francetvinfo.fr/faits-divers/meurtre-de-louise-la-famille-et-les-proches-sous-le-choc_7064225.html#xtor=RSS-3-[general]</guid><enclosure length="243" type="image/jpeg" url="https://www.francetvinfo.fr/pictures/0WaXPWAuWAKK_tik5Z1xWPCwMYY/0x42:1246x743/432x243/2025/02/09/reactions-67a7e45bbe1be583491656.jpg"/></item><item><title>Meurtre de Louise : la garde &#xE0; vue du couple suspect&#xE9; a &#xE9;t&#xE9; lev&#xE9;e</title><description>Alors que l&#x2019;enqu&#xEA;te concernant la mort de la jeune fille de 11 ans se poursuit, un couple, qui avait &#xE9;t&#xE9; plac&#xE9; en garde &#xE0; vue, a &#xE9;t&#xE9; rel&#xE2;ch&#xE9; samedi 8 f&#xE9;vrier dans l&#x2019;apr&#xE8;s-midi.</description><pubDate>Sun, 09 Feb 2025 00:03:07 +0100</pubDate><link>https://www.francetvinfo.fr/faits-divers/meurtre-de-louise-la-garde-a-vue-du-couple-suspecte-a-ete-levee_7064219.html#xtor=RSS-3-[general]</link><guid isPermaLink="true">https://www.francetvinfo.fr/faits-divers/meurtre-de-louise-la-garde-a-vue-du-couple-suspecte-a-ete-levee_7064219.html#xtor=RSS-3-[general]</guid><enclosure length="243" type="image/jpeg" url="https://www.francetvinfo.fr/pictures/6V86fZXcW6QplpzElosIAvlXZuU/0x25:1228x715/432x243/2025/02/09/louise-67a7e267016a4783985041.jpg"/></item><item><title>Alpes-Maritimes : l&#x2019;entra&#xEE;nement du peloton de gendarmerie de haute montagne face aux avalanches</title><description>&#xC0; Auron (Alpes-Maritimes), les membres du peloton de la gendarmerie s&#x2019;entra&#xEE;nent &#xE0; intervenir en cas de victimes d&#x2019;avalanches. L&#x2019;an dernier, 16 personnes ont perdu la vie dans des avalanches en France.</description><pubDate>Sat, 08 Feb 2025 23:12:19 +0100</pubDate><link>https://www.francetvinfo.fr/alpes-maritimes/alpes-maritimes-l-entrainement-du-peloton-de-gendarmerie-de-haute-montagne-face-aux-avalanches_7063322.html#xtor=RSS-3-[general]</link><guid isPermaLink="true">https://www.francetvinfo.fr/alpes-maritimes/alpes-maritimes-l-entrainement-du-peloton-de-gendarmerie-de-haute-montagne-face-aux-avalanches_7063322.html#xtor=RSS-3-[general]</guid><enclosure length="243" type="image/jpeg" url="https://www.francetvinfo.fr/pictures/28fDBTXOH_OVso75YPUiAWxODco/0x60:1507x907/432x243/2025/02/08/avalanchges-67a7c52483326879554547.jpg"/></item><item><title>Massif central : une temp&#xEA;te de neige s&#xE8;me la pagaille</title><description>Samedi 8 f&#xE9;vrier, dans l&#x2019;Aveyron et en Loz&#xE8;re, la circulation et les d&#xE9;placements ont &#xE9;t&#xE9; rendus particuli&#xE8;rement difficiles par une temp&#xEA;te de neige.</description><pubDate>Sat, 08 Feb 2025 23:10:39 +0100</pubDate><link>https://www.francetvinfo.fr/environnement/meteo/neige/massif-central-une-tempete-de-neige-seme-la-pagaille_7063310.html#xtor=RSS-3-[general]</link><guid isPermaLink="true">https://www.francetvinfo.fr/environnement/meteo/neige/massif-central-une-tempete-de-neige-seme-la-pagaille_7063310.html#xtor=RSS-3-[general]</guid><enclosure length="243" type="image/jpeg" url="https://www.francetvinfo.fr/pictures/rUKMCpQ-PimBRMU9a6MncOJzpnk/0x38:1567x918/432x243/2025/02/08/aveyron-67a7c063d889a329722206.jpg"/></item><item><title>Coll&#xE9;gienne retrouv&#xE9;e poignard&#xE9;e en Essonne : l&#x2019;effroi et la douleur des proches</title><description>Alors que Louise, 11 ans, a &#xE9;t&#xE9; retrouv&#xE9;e morte dans un bois en Essonne samedi 8 f&#xE9;vrier, ses proches, les habitants d&#x2019;&#xC9;pinay-sur-Orge (Essonne) et les membres de son &#xE9;tablissement sont sous le choc.</description><pubDate>Sat, 08 Feb 2025 21:13:50 +0100</pubDate><link>https://www.francetvinfo.fr/faits-divers/collegienne-retrouvee-poignardee-en-essonne-l-effroi-et-la-douleur-des-proches_7063292.html#xtor=RSS-3-[general]</link><guid isPermaLink="true">https://www.francetvinfo.fr/faits-divers/collegienne-retrouvee-poignardee-en-essonne-l-effroi-et-la-douleur-des-proches_7063292.html#xtor=RSS-3-[general]</guid><enclosure length="243" type="image/jpeg" url="https://www.francetvinfo.fr/pictures/GahpNqi39D5PZKTLY2HxvUflf7Q/0x15:1491x853/432x243/2025/02/08/louise-67a7ba1b843d5830062515.jpg"/></item><item><title>Vivre des sensations fortes &#xE0; La Plagne</title><description>En ce d&#xE9;but des vacances scolaires pour la zone B, cap sur la vall&#xE9;e de la Tarentaise. L'occasion de skier et de tester d'autres activit&#xE9;s de glisses originales.</description><pubDate>Sat, 08 Feb 2025 12:00:01 +0100</pubDate><link>https://www.francetvinfo.fr/replay-radio/c-est-mon-week-end/vivre-des-sensations-fortes-a-la-plagne_7035029.html#xtor=RSS-3-[general]</link><guid isPermaLink="true">https://www.francetvinfo.fr/replay-radio/c-est-mon-week-end/vivre-des-sensations-fortes-a-la-plagne_7035029.html#xtor=RSS-3-[general]</guid><enclosure length="243" type="image/jpeg" url="https://www.francetvinfo.fr/pictures/unvhBwo5w_6F286tuTGeEfLDNpo/0x225:5622x3383/432x243/2025/02/07/chiens-de-traineau-horstraceaventure-20204-jnj-photo-67a61f5dc0b97513565338.jpg"/></item><item><title>&#xC9;boulement en Savoie : la route a pu rouvrir &#xE0; temps pour les vacances d'hiver</title><description>Les ouvriers ont travaill&#xE9; dans l'urgence pour rouvrir &#xE0; temps la route vers les stations de ski coup&#xE9;e par un &#xE9;boulement. La parcelle touch&#xE9;e de la RN90 &#xE9;tait &#xE0; nouveau accessible, vendredi 7 f&#xE9;vrier.</description><pubDate>Fri, 07 Feb 2025 23:47:07 +0100</pubDate><link>https://www.francetvinfo.fr/france/auvergne-rhone-alpes/savoie/eboulement-en-savoie-la-route-a-pu-rouvrir-a-temps-pour-les-vacances-d-hiver_7061438.html#xtor=RSS-3-[general]</link><guid isPermaLink="true">https://www.francetvinfo.fr/france/auvergne-rhone-alpes/savoie/eboulement-en-savoie-la-route-a-pu-rouvrir-a-temps-pour-les-vacances-d-hiver_7061438.html#xtor=RSS-3-[general]</guid><enclosure length="243" type="image/jpeg" url="https://www.francetvinfo.fr/pictures/4fshyrOiwqq-Hmpmuk4G22l4v5U/0x26:1610x932/432x243/2025/02/07/eboulement-en-savoie-la-route-a-pu-rouvrir-a-temps-pour-les-vacances-d-hiver-67a671588e2b2467385577.jpg"/></item></channel></rss>
