<?xml version="1.0"?>
<rss xmlns:content="http://purl.org/rss/1.0/modules/content/" version="2.0" xmlns:media="http://search.yahoo.com/mrss/" xmlns:atom="http://www.w3.org/2005/Atom" xmlns:schema="https://schema.org"><channel><title>Franceinfo- &#xC9;co / Conso</title><description>Franceinfo- &#xC9;co / Conso</description><link>https://www.francetvinfo.fr/economie/</link><pubDate>Mon, 10 Feb 2025 13:37:22 +0100</pubDate><generator>francetvinfo 2025 (https://www.francetvinfo.fr)</generator><atom:link rel="self" type="application/rss+xml" href="https://www.francetvinfo.fr/economie.rss"/><item><title>Nouvelles mobilisations des agriculteurs dans le sud-ouest de la France contre le trait&#xE9; du Mercosur</title><description>Le mouvement est revendiqu&#xE9; par les Ultras de l&#x2019;A64, un mouvement asyndical men&#xE9; par J&#xE9;r&#xF4;me Bayle, qui n'exclut pas de poursuivre la contestation &#xE0; Bruxelles prochainement.</description><pubDate>Mon, 10 Feb 2025 11:14:05 +0100</pubDate><link>https://www.francetvinfo.fr/economie/crise/blocus-des-agriculteurs/nouvelles-mobilisations-des-agriculteurs-dans-le-sud-ouest-de-la-france-contre-le-traite-du-mercosur_7066319.html#xtor=RSS-3-[general]</link><guid isPermaLink="true">https://www.francetvinfo.fr/economie/crise/blocus-des-agriculteurs/nouvelles-mobilisations-des-agriculteurs-dans-le-sud-ouest-de-la-france-contre-le-traite-du-mercosur_7066319.html#xtor=RSS-3-[general]</guid><enclosure length="243" type="image/jpeg" url="https://www.francetvinfo.fr/pictures/Dc_m7dEQTvs-yr4vl6qGPEoM1HM/0x279:5392x3312/432x243/2025/02/10/maxnewsworldsix135664-67a9d0da1da9f146477339.jpg"/></item><item><title>Gare au bail code civil!</title><description>Pour contourner les encadrements des loyers, certains propri&#xE9;taires pensent avoir trouv&#xE9; la solution gr&#xE2;ce &#xE0; Napol&#xE9;on,&#xA0; enfin gr&#xE2;ce &#xE0; son code civil et un type de bail toujours en vigueur.&#xA0; Quitte &#xE0; fermer les yeux sur certaines r&#xE8;gles.</description><pubDate>Mon, 10 Feb 2025 11:11:00 +0100</pubDate><link>https://www.francetvinfo.fr/economie/immobilier/gare-au-bail-code-civil_7058417.html#xtor=RSS-3-[general]</link><guid isPermaLink="true">https://www.francetvinfo.fr/economie/immobilier/gare-au-bail-code-civil_7058417.html#xtor=RSS-3-[general]</guid><enclosure length="243" type="image/jpeg" url="https://www.francetvinfo.fr/pictures/jjSnzt29e01sDgXGoFZn_qPu24E/0x0:1920x1080/432x243/2025/02/06/bail-code-civil-oeil-du-20h-67a4868a64f3b306762759.jpg"/></item><item><title>L'IA remplace les agents immobiliers et r&#xE9;volutionne le march&#xE9; &#xE0; Singapour</title><description>&#xC0; Singapour, l'agence Mogul lance un service d'intelligence artificielle qui remplace les agents immobiliers traditionnels, offrant des services &#xE0; moindre co&#xFB;t et simplifiant la recherche de logement.</description><pubDate>Mon, 10 Feb 2025 11:03:44 +0100</pubDate><link>https://www.francetvinfo.fr/replay-radio/bientot-chez-vous/l-ia-remplace-les-agents-immobiliers-et-revolutionne-le-marche-a-singapour_7038245.html#xtor=RSS-3-[general]</link><guid isPermaLink="true">https://www.francetvinfo.fr/replay-radio/bientot-chez-vous/l-ia-remplace-les-agents-immobiliers-et-revolutionne-le-marche-a-singapour_7038245.html#xtor=RSS-3-[general]</guid><enclosure length="243" type="image/jpeg" url="https://www.francetvinfo.fr/pictures/KdN_gOimllVhImT-_wCObARI6GA/0x145:2784x1711/432x243/2025/02/10/maxnewsworldfive109068-67a99cf83e2c1025569454.jpg"/></item><item><title>Transport : les billets d'avion en hausse apr&#xE8;s l'augmentation de la taxe de solidarit&#xE9;</title><description>Apr&#xE8;s l'adoption du budget par le Parlement, le taxe de solidarit&#xE9; va augmenter, entra&#xEE;nant ainsi une hausse du prix des billets d'avion.</description><pubDate>Mon, 10 Feb 2025 10:11:26 +0100</pubDate><link>https://www.francetvinfo.fr/economie/transports/transport-les-billets-d-avion-en-hausse-apres-l-augmentation-de-la-taxe-de-solidarite_7066274.html#xtor=RSS-3-[general]</link><guid isPermaLink="true">https://www.francetvinfo.fr/economie/transports/transport-les-billets-d-avion-en-hausse-apres-l-augmentation-de-la-taxe-de-solidarite_7066274.html#xtor=RSS-3-[general]</guid><enclosure length="243" type="image/jpeg" url="https://www.francetvinfo.fr/pictures/9AlXMYOqQBWa0iw8qIkII-Cb-Wo/0x0:1563x879/432x243/2025/02/10/taxe-avion-67a9c21e0f8a1463148313.jpg"/></item><item><title>Surtaxe d'imp&#xF4;t sur les grandes soci&#xE9;t&#xE9;s : un "mauvais signal" envoy&#xE9; aux investisseurs, estime Xavier Niel</title><description>Cette surtaxe c'est autant d'argent "qu'on ne va pas mettre dans de l'infrastructure en France", argumente le propri&#xE9;taire du groupe Iliad.</description><pubDate>Mon, 10 Feb 2025 10:08:56 +0100</pubDate><link>https://www.francetvinfo.fr/economie/impots/surtaxe-d-impot-sur-les-grandes-societes-un-mauvais-signal-envoye-aux-investisseurs-estime-xavier-niel_7066265.html#xtor=RSS-3-[general]</link><guid isPermaLink="true">https://www.francetvinfo.fr/economie/impots/surtaxe-d-impot-sur-les-grandes-societes-un-mauvais-signal-envoye-aux-investisseurs-estime-xavier-niel_7066265.html#xtor=RSS-3-[general]</guid><enclosure length="243" type="image/jpeg" url="https://www.francetvinfo.fr/pictures/GgeoRCeCjuHgBAlTVAd_RzBy3UE/0x0:1432x805/432x243/2025/02/10/capture-d-ecran-2025-02-10-100544-67a9c17a4b936471559472.jpg"/></item><item><title>20 ans de la loi handicap : quelles r&#xE9;volutions ?</title><description>Le 11 f&#xE9;vrier 2025, la loi pour l'&#xE9;galit&#xE9; des droits et des chances, la participation et la citoyennet&#xE9; des personnes handicap&#xE9;es c&#xE9;l&#xE9;brera ses vingt ans. Alors qu&#x2019;a-t-elle vraiment chang&#xE9; en deux d&#xE9;cennies ?</description><pubDate>Mon, 10 Feb 2025 09:03:12 +0100</pubDate><link>https://www.francetvinfo.fr/sante/handicap/20-ans-de-la-loi-handicap-quelles-revolutions_7066130.html#xtor=RSS-3-[general]</link><guid isPermaLink="true">https://www.francetvinfo.fr/sante/handicap/20-ans-de-la-loi-handicap-quelles-revolutions_7066130.html#xtor=RSS-3-[general]</guid><enclosure length="243" type="image/jpeg" url="https://www.francetvinfo.fr/pictures/ONyXqrzkB-79G28ZKRIs9oYfeuI/199x0:1721x856/432x243/2025/02/10/20-ans-de-la-loi-handicap-quelles-revolutions-67a99d9e8f334176392831.jpg"/></item><item><title>Le ministre de l'&#xC9;conomie planche d&#xE9;j&#xE0; sur le budget 2026 avec le d&#xE9;fi de r&#xE9;duire le d&#xE9;ficit sans alourdir la fiscalit&#xE9;</title><description>&#xC0; peine adopt&#xE9;, le budget 2025 est d&#xE9;j&#xE0; sous surveillance.&#xA0;&#xC9;ric Lombard, ministre de l'&#xC9;conomie, assure qu&#x2019;il va mettre des outils de pilotage pour &#xE9;viter tout d&#xE9;rapage et commence &#xE0; travailler sur le budget 2026.</description><pubDate>Mon, 10 Feb 2025 08:59:13 +0100</pubDate><link>https://www.francetvinfo.fr/replay-radio/le-decryptage-eco/le-ministre-de-l-economie-planche-deja-sur-le-budget-2026-avec-le-defi-de-reduire-le-deficit-sans-alourdir-la-fiscalite_7038218.html#xtor=RSS-3-[general]</link><guid isPermaLink="true">https://www.francetvinfo.fr/replay-radio/le-decryptage-eco/le-ministre-de-l-economie-planche-deja-sur-le-budget-2026-avec-le-defi-de-reduire-le-deficit-sans-alourdir-la-fiscalite_7038218.html#xtor=RSS-3-[general]</guid><enclosure length="243" type="image/jpeg" url="https://www.francetvinfo.fr/pictures/Cqe7no6XuNjx6agJlRKRDEiquA0/0x53:1024x629/432x243/2025/02/10/080-hl-vhaffner-2655714-67a9a82ed4091832734628.jpg"/></item><item><title>Lyon-Turin : dans les entrailles du chantier XXL</title><description>Le chantier du tunnel entre Lyon et Turin mobilise 3 000 ouvriers &#xE0; plus de 1 000 m&#xE8;tres sous les Alpes pour creuser 37 millions de tonnes de roche entre la ville fran&#xE7;aise et la ville italienne. Le Lyon-Turin est un serpent de mer, un projet contest&#xE9;, dangereux. Trois morts en deux ans et son co&#xFB;t ne cesse de grimper avec 11 milliards d&#x2019;investissements en plus.</description><pubDate>Mon, 10 Feb 2025 08:06:41 +0100</pubDate><link>https://www.francetvinfo.fr/economie/transports/lyon-turin-dans-les-entrailles-du-chantier-xxl_7066166.html#xtor=RSS-3-[general]</link><guid isPermaLink="true">https://www.francetvinfo.fr/economie/transports/lyon-turin-dans-les-entrailles-du-chantier-xxl_7066166.html#xtor=RSS-3-[general]</guid><enclosure length="243" type="image/jpeg" url="https://www.francetvinfo.fr/pictures/p8RFix7pzp6XQhL7EGbnR1akMjk/197x0:1723x858/432x243/2025/02/10/lyon-turin-dans-les-entrailles-du-chantier-xxl-67a9a458a2650557287232.jpg"/></item><item><title>Intelligence artificielle&#xA0;: Stellantis et Mistral AI mettent au point un robot conversationnel d'aide aux conducteurs</title><description>Le constructeur Stellantis (ex PSA-Peugeot-Citro&#xEB;n) et la start-up fran&#xE7;aise Mistral AI Stellantis travaillent maintenant main dans la main. L'intelligence artificielle va notamment aider &#xE0; r&#xE9;duire consid&#xE9;rablement le temps d'analyse lors de la conception d'un mod&#xE8;le, mais aussi permettre de cr&#xE9;er un assistant permanent, actionnable &#xE0; la voix.</description><pubDate>Mon, 10 Feb 2025 08:00:15 +0100</pubDate><link>https://www.francetvinfo.fr/replay-radio/le-brief-eco/intelligence-artificielle-stellantis-et-mistral-ai-mettent-au-point-un-robot-conversationnel-d-aide-aux-conducteurs_7038275.html#xtor=RSS-3-[general]</link><guid isPermaLink="true">https://www.francetvinfo.fr/replay-radio/le-brief-eco/intelligence-artificielle-stellantis-et-mistral-ai-mettent-au-point-un-robot-conversationnel-d-aide-aux-conducteurs_7038275.html#xtor=RSS-3-[general]</guid><enclosure length="243" type="image/jpeg" url="https://www.francetvinfo.fr/pictures/G1sBFKjsHaba4_8qmCYONfcuXW4/0x38:512x326/432x243/2025/02/10/stellantis2-67a9a2493629c470989223.jpg"/></item><item><title>L'IA au service de votre garde-robe</title><description>L&#x2019;enjeu pour la France est de se positionner dans cette r&#xE9;volution de l&#x2019;intelligence artificielle qui touche tous les secteurs, comme celui de la mode. En effet, l&#x2019;IA est en train de bouleverser le commerce en ligne. Explications.</description><pubDate>Mon, 10 Feb 2025 07:13:52 +0100</pubDate><link>https://www.francetvinfo.fr/internet/intelligence-artificielle/l-ia-au-service-de-votre-garde-robe_7066121.html#xtor=RSS-3-[general]</link><guid isPermaLink="true">https://www.francetvinfo.fr/internet/intelligence-artificielle/l-ia-au-service-de-votre-garde-robe_7066121.html#xtor=RSS-3-[general]</guid><enclosure length="243" type="image/jpeg" url="https://www.francetvinfo.fr/pictures/lmYjWMClKLhl7oP7be_17WSMz_4/191x0:1729x865/432x243/2025/02/10/l-ia-au-service-de-votre-garde-robe-67a997f738017446698301.jpg"/></item><item><title>Intelligence artificielle et management : et si la technologie permettait aux chefs d'&#xE9;quipes de se concentrer sur l'humain&#xA0;?</title><description>Le d&#xE9;ploiement de l'intelligence artificielle est particuli&#xE8;rement scrut&#xE9; dans le monde du travail. Certains l'accusent de se substituer aux rapports humains, d'autres y voient, au contraire, une chance pour les managers de se consacrer davantage &#xE0; leurs &#xE9;quipes.</description><pubDate>Mon, 10 Feb 2025 06:26:45 +0100</pubDate><link>https://www.francetvinfo.fr/internet/intelligence-artificielle/ia-et-management-et-si-la-technologie-permettait-aux-chefs-d-equipes-de-se-concentrer-sur-l-humain_7041266.html#xtor=RSS-3-[general]</link><guid isPermaLink="true">https://www.francetvinfo.fr/internet/intelligence-artificielle/ia-et-management-et-si-la-technologie-permettait-aux-chefs-d-equipes-de-se-concentrer-sur-l-humain_7041266.html#xtor=RSS-3-[general]</guid><enclosure length="243" type="image/jpeg" url="https://www.francetvinfo.fr/pictures/GdccfZa64ay5-vLxI7AX0zhdUM4/0x456:6000x3829/432x243/2024/05/22/gettyimages-2022302070-664d99d8d62c4079413639.jpg"/></item><item><title>L&#x2019;intelligence artificielle : un tournant pour l&#x2019;&#xE9;conomie ?</title><description>L&#x2019;intelligence artificielle commence &#xE0; prendre de plus en plus de place au quotidien. Si son impact peut faire progresser de nombreux domaines, notamment &#xE9;conomiques, faut-il s&#x2019;inqui&#xE9;ter de son importance toujours plus grandissante ? Axel de Tarl&#xE9; apporte des &#xE9;l&#xE9;ments de r&#xE9;ponse au 20 Heures de France 2.</description><pubDate>Sun, 09 Feb 2025 21:58:36 +0100</pubDate><link>https://www.francetvinfo.fr/internet/intelligence-artificielle/l-intelligence-artificielle-un-tournant-pour-l-economie_7065083.html#xtor=RSS-3-[general]</link><guid isPermaLink="true">https://www.francetvinfo.fr/internet/intelligence-artificielle/l-intelligence-artificielle-un-tournant-pour-l-economie_7065083.html#xtor=RSS-3-[general]</guid><enclosure length="243" type="image/jpeg" url="https://www.francetvinfo.fr/pictures/x4NBpL0gBhEymCwc84XNQI5vUJY/12x0:1419x791/432x243/2025/02/09/iaadt-67a913a822bcd806768724.jpg"/></item><item><title>Piratage : un nouveau boitier tr&#xE8;s pris&#xE9; des escrocs</title><description>En vente libre sur Internet, un bo&#xEE;tier permet de pirater les informations bancaires ou de copier le signal de cl&#xE9;s &#xE9;lectroniques. N&#xE9;anmoins, un &#xE9;tui doubl&#xE9; d&#x2019;une couche de m&#xE9;tal permet de s&#x2019;en pr&#xE9;munir.</description><pubDate>Sun, 09 Feb 2025 21:30:05 +0100</pubDate><link>https://www.francetvinfo.fr/economie/fraude/piratage-un-nouveau-boitier-tres-prise-des-escrocs_7065035.html#xtor=RSS-3-[general]</link><guid isPermaLink="true">https://www.francetvinfo.fr/economie/fraude/piratage-un-nouveau-boitier-tres-prise-des-escrocs_7065035.html#xtor=RSS-3-[general]</guid><enclosure length="243" type="image/jpeg" url="https://www.francetvinfo.fr/pictures/veqJYeUBIA9Kb2vQZlspXGzdGXA/13x0:1595x889/432x243/2025/02/09/piratage-67a9013fe7fdd203438585.jpg"/></item><item><title>Lyon-Turin : au c&#x153;ur du chantier du plus long tunnel ferroviaire au monde</title><description>&#xC0; mille m&#xE8;tres sous les Alpes, quelque 3 000 ouvriers se relayent quotidiennement pour creuser 37 millions de tonnes de roches. Un chantier qui s'inscrit dans le cadre du projet Lyon-Turin, le plus long tunnel du monde.</description><pubDate>Sun, 09 Feb 2025 20:37:26 +0100</pubDate><link>https://www.francetvinfo.fr/economie/transports/lyon-turin-au-c-ur-du-chantier-du-plus-long-tunnel-ferroviaire-au-monde_7065044.html#xtor=RSS-3-[general]</link><guid isPermaLink="true">https://www.francetvinfo.fr/economie/transports/lyon-turin-au-c-ur-du-chantier-du-plus-long-tunnel-ferroviaire-au-monde_7065044.html#xtor=RSS-3-[general]</guid><enclosure length="243" type="image/jpeg" url="https://www.francetvinfo.fr/pictures/LShW19bIw4X0jL-CHhn6fD8uTns/2x0:1608x903/432x243/2025/02/09/lyon-turin-au-coeur-du-chantier-du-plus-long-tunnel-ferroviaire-au-mondede-louise-plus-de-120-enqueteurs-mobilises-dimanche-apres-midi-67a90254d1e4f517949784.jpg"/></item><item><title>INFO FRANCEINFO. "C'est compl&#xE8;tement ind&#xE9;cent" : des associations d&#xE9;couvrent la suppression d'une enveloppe d&#xE9;di&#xE9;e &#xE0; la recherche sur les cancers p&#xE9;diatriques</title><description>Une enveloppe de 15 millions d'euros de cr&#xE9;dits pour la recherche sur les cancers p&#xE9;diatriques a disparu du budget apr&#xE8;s avoir pourtant &#xE9;t&#xE9; adopt&#xE9;e par les parlementaires.</description><pubDate>Sun, 09 Feb 2025 12:38:44 +0100</pubDate><link>https://www.francetvinfo.fr/economie/budget/info-franceinfo-c-est-completement-indecent-des-associations-decouvrent-la-suppression-d-une-enveloppe-dediee-a-la-recherche-sur-les-cancers-pediatriques_7062767.html#xtor=RSS-3-[general]</link><guid isPermaLink="true">https://www.francetvinfo.fr/economie/budget/info-franceinfo-c-est-completement-indecent-des-associations-decouvrent-la-suppression-d-une-enveloppe-dediee-a-la-recherche-sur-les-cancers-pediatriques_7062767.html#xtor=RSS-3-[general]</guid><enclosure length="243" type="image/jpeg" url="https://www.francetvinfo.fr/pictures/nlJNqQFiwwlfKJejap35K5aHJJQ/0x53:1024x629/432x243/2025/02/08/000-36x4267-67a725674e651941261012.jpg"/></item><item><title>March&#xE9; invisible du travail : quand les entreprises recrutent sans publier d&#x2019;offres d&#x2019;emploi</title><description>Bouche &#xE0; oreille, renouvellement de CDD : l&#x2019;an dernier, plus d&#x2019;un recrutement sur deux a &#xE9;t&#xE9; finalis&#xE9; sans qu&#x2019;aucune offre d&#x2019;emploi n&#x2019;ait &#xE9;t&#xE9; publi&#xE9;e, selon le groupe d&#x2019;int&#xE9;rim Randstad.</description><pubDate>Sun, 09 Feb 2025 10:00:02 +0100</pubDate><link>https://www.francetvinfo.fr/replay-radio/c-est-mon-boulot/marche-invisible-du-travail-quand-les-entreprises-recrutent-sans-publier-d-offres-d-emploi_7036673.html#xtor=RSS-3-[general]</link><guid isPermaLink="true">https://www.francetvinfo.fr/replay-radio/c-est-mon-boulot/marche-invisible-du-travail-quand-les-entreprises-recrutent-sans-publier-d-offres-d-emploi_7036673.html#xtor=RSS-3-[general]</guid><enclosure length="243" type="image/jpeg" url="https://www.francetvinfo.fr/pictures/wa8j1jG10jB3yWUCTmabwBgRJgE/0x20:1683x983/432x243/2025/02/06/maconmaxnewsworldtwo537399-67a48dd61a74c516787178.jpg"/></item><item><title>Recherche contre les cancers p&#xE9;diatriques : "C'est un soulagement", r&#xE9;agit un d&#xE9;put&#xE9; apr&#xE8;s l'annonce du gouvernement de renoncer &#xE0; la baisse du budget</title><description><![CDATA["Ça nous a échaudés en tant que parlementaires parce qu'on avait eu un vote unanime aussi bien à l'Assemblée nationale qu'au Sénat", a lancé, le député (Horizons & Indépendants) Vincent Thiébaut, samedi sur franceinfo.]]></description><pubDate>Sat, 08 Feb 2025 23:00:30 +0100</pubDate><link>https://www.francetvinfo.fr/economie/budget/recherche-contre-les-cancers-pediatriques-c-est-un-soulagement-reagit-un-depute-apres-l-annonce-du-gouvernement-de-renoncer-a-la-baisse-du-budget_7063373.html#xtor=RSS-3-[general]</link><guid isPermaLink="true">https://www.francetvinfo.fr/economie/budget/recherche-contre-les-cancers-pediatriques-c-est-un-soulagement-reagit-un-depute-apres-l-annonce-du-gouvernement-de-renoncer-a-la-baisse-du-budget_7063373.html#xtor=RSS-3-[general]</guid><enclosure length="243" type="image/jpeg" url="https://www.francetvinfo.fr/pictures/JMO-3wNpX6g3WckoEKfmPkzUBL0/0x83:3467x2032/432x243/2025/02/08/000-34rn3ww-67a7d3b06c9ab988174626.jpg"/></item><item><title>Le gouvernement s&#x2019;engage &#xE0; compl&#xE9;ter de 15&#xA0;millions d&#x2019;euros le budget consacr&#xE9; &#xE0; la lutte contre les cancers p&#xE9;diatriques</title><description>L'annonce intervient au lendemain d'une vague d'indignation d'associations et de d&#xE9;put&#xE9;s. Ils ont appris vendredi, par surprise, qu'une enveloppe de 15 millions d'euros pour la recherche avait disparu du texte sur le projet de loi de finances 2025</description><pubDate>Sat, 08 Feb 2025 19:27:32 +0100</pubDate><link>https://www.francetvinfo.fr/economie/budget/le-gouvernement-s-engage-a-completer-de-15-millions-d-euros-le-budget-consacre-a-la-lutte-contre-les-cancers-pediatriques_7063232.html#xtor=RSS-3-[general]</link><guid isPermaLink="true">https://www.francetvinfo.fr/economie/budget/le-gouvernement-s-engage-a-completer-de-15-millions-d-euros-le-budget-consacre-a-la-lutte-contre-les-cancers-pediatriques_7063232.html#xtor=RSS-3-[general]</guid><enclosure length="243" type="image/jpeg" url="https://www.francetvinfo.fr/pictures/eBF7JAV9KSxxhtn09WawOJcEk9M/0x100:5000x2911/432x243/2025/02/08/080-hl-jcmilhet-1957666-67a7a19ea08e6247603686.jpg"/></item><item><title>Po&#xEA;les antiadh&#xE9;sives, les risques pour la sant&#xE9; et les bonnes pratiques d'utilisation</title><description>Passer aux po&#xEA;les en inox ou garder celles avec un rev&#xEA;tement antiadh&#xE9;sif ? Le magazine 60 Millions de consommateurs a r&#xE9;alis&#xE9; des tests r&#xE9;v&#xE9;lant la pr&#xE9;sence de substances chimiques persistantes, malgr&#xE9; le respect des normes actuelles. Alors peut-on utiliser certaines po&#xEA;les en toute s&#xE9;curit&#xE9; ?</description><pubDate>Sat, 08 Feb 2025 15:55:01 +0100</pubDate><link>https://www.francetvinfo.fr/replay-radio/le-conseil-conso/poeles-antiadhesives-les-risques-pour-la-sante-et-les-bonnes-pratiques-d-utilisation_7035038.html#xtor=RSS-3-[general]</link><guid isPermaLink="true">https://www.francetvinfo.fr/replay-radio/le-conseil-conso/poeles-antiadhesives-les-risques-pour-la-sante-et-les-bonnes-pratiques-d-utilisation_7035038.html#xtor=RSS-3-[general]</guid><enclosure length="243" type="image/jpeg" url="https://www.francetvinfo.fr/pictures/RYdFl6cc3_h7ZYqEJ2j0Y8hjpyw/0x218:4288x2630/432x243/2025/02/06/maxnewsfrfour929568-67a49e0802950892891498.jpg"/></item><item><title>Budget 2025 : la suppression de 15 millions d'euros d&#xE9;di&#xE9;s &#xE0; la recherche sur les cancers p&#xE9;diatriques jug&#xE9;e "compl&#xE8;tement ind&#xE9;cente" par des associations</title><description>Une enveloppe de 15 millions d'euros de cr&#xE9;dits pour la recherche sur les cancers p&#xE9;diatriques a disparu du budget apr&#xE8;s avoir pourtant &#xE9;t&#xE9; adopt&#xE9;e par les parlementaires.</description><pubDate>Sat, 08 Feb 2025 13:14:37 +0100</pubDate><link>https://www.francetvinfo.fr/economie/budget/budget-2025-la-suppression-de-15-millions-d-euros-dedies-a-la-recherche-sur-les-cancers-pediatriques-jugee-completement-indecente-par-des-associations_7062893.html#xtor=RSS-3-[general]</link><guid isPermaLink="true">https://www.francetvinfo.fr/economie/budget/budget-2025-la-suppression-de-15-millions-d-euros-dedies-a-la-recherche-sur-les-cancers-pediatriques-jugee-completement-indecente-par-des-associations_7062893.html#xtor=RSS-3-[general]</guid><enclosure length="243" type="image/jpeg" url="https://www.francetvinfo.fr/pictures/nlJNqQFiwwlfKJejap35K5aHJJQ/0x53:1024x629/432x243/2025/02/08/000-36x4267-67a725674e651941261012.jpg"/></item></channel></rss>
