<?xml version="1.0"?>
<rss xmlns:content="http://purl.org/rss/1.0/modules/content/" version="2.0" xmlns:media="http://search.yahoo.com/mrss/" xmlns:atom="http://www.w3.org/2005/Atom" xmlns:schema="https://schema.org"><channel><title>Franceinfo- Sports</title><description>Franceinfo- Sports</description><link>https://www.francetvinfo.fr/sports/</link><pubDate>Mon, 10 Feb 2025 13:38:38 +0100</pubDate><generator>francetvinfo 2025 (https://www.francetvinfo.fr)</generator><atom:link rel="self" type="application/rss+xml" href="https://www.francetvinfo.fr/sports.rss"/><item><title>Super Bowl : Kendrick Lamar et le hip-hop &#xE0; l'honneur, Taylor Swift siffl&#xE9;e et Trump en tribune</title><description>Le week-end dernier, Kendrick Lamar avait triomph&#xE9; aux Grammys, avec son titre "Not Like Us" dans lequel il s'en prend au rappeur Drake.</description><pubDate>Mon, 10 Feb 2025 10:18:50 +0100</pubDate><link>https://www.francetvinfo.fr/culture/musique/super-bowl-kendrick-lamar-et-le-hip-hop-a-l-honneur-taylor-swift-sifflee-et-trump-en-tribune_7066247.html#xtor=RSS-3-[general]</link><guid isPermaLink="true">https://www.francetvinfo.fr/culture/musique/super-bowl-kendrick-lamar-et-le-hip-hop-a-l-honneur-taylor-swift-sifflee-et-trump-en-tribune_7066247.html#xtor=RSS-3-[general]</guid><enclosure length="243" type="image/jpeg" url="https://www.francetvinfo.fr/pictures/r50h1VbwLeMZpNdZzreatvVE-d4/0x53:1024x629/432x243/2025/02/10/063-2198645650-67a9bb9a332c1239054069.jpg"/></item><item><title>EN IMAGES. Super Bowl : du show en dehors et sur la pelouse avec Serena Williams en danseuse, Donald Trump en spectateur... Revivez la folle soir&#xE9;e de football am&#xE9;ricain</title><description>Sous les yeux de Donald Trump, les Eagles de Philadelphie ont remport&#xE9; le Super Bowl, dimanche, &#xE0; La Nouvelle-Orl&#xE9;ans.</description><pubDate>Mon, 10 Feb 2025 10:09:15 +0100</pubDate><link>https://www.francetvinfo.fr/sports/nfl/super-bowl/en-images-super-bowl-du-show-en-dehors-et-sur-la-pelouse-avec-serena-williams-en-danseuse-donald-trump-en-spectateur-revivez-la-folle-soiree-de-football-americain_7061009.html#xtor=RSS-3-[general]</link><guid isPermaLink="true">https://www.francetvinfo.fr/sports/nfl/super-bowl/en-images-super-bowl-du-show-en-dehors-et-sur-la-pelouse-avec-serena-williams-en-danseuse-donald-trump-en-spectateur-revivez-la-folle-soiree-de-football-americain_7061009.html#xtor=RSS-3-[general]</guid><enclosure length="243" type="image/jpeg" url="https://www.francetvinfo.fr/pictures/NfZVkER_0inRUm9gWpRjXwbfRHk/0x74:1024x649/432x243/2025/02/10/063-2198619593-67a9bce11d32d117969799.jpg"/></item><item><title>Super Bowl 2025 : les Eagles de Philadelphie &#xE9;crasent les Chiefs de Kansas City et les privent d'un tripl&#xE9; historique</title><description>La franchise de Pennsylvanie a d&#xE9;croch&#xE9; le deuxi&#xE8;me Super Bowl de son histoire, dans la nuit de dimanche &#xE0; lundi, &#xE0; La Nouvelle-Orl&#xE9;ans. Les Kansas City Chiefs, qui visaient un troisi&#xE8;me titre cons&#xE9;cutif, ont compl&#xE8;tement tr&#xE9;buch&#xE9;.</description><pubDate>Mon, 10 Feb 2025 09:38:54 +0100</pubDate><link>https://www.francetvinfo.fr/sports/nfl/super-bowl/les-philadelphia-eagles-remportent-le-super-bowl-en-maitrisant-les-kansas-city-chiefs-40-22_7066043.html#xtor=RSS-3-[general]</link><guid isPermaLink="true">https://www.francetvinfo.fr/sports/nfl/super-bowl/les-philadelphia-eagles-remportent-le-super-bowl-en-maitrisant-les-kansas-city-chiefs-40-22_7066043.html#xtor=RSS-3-[general]</guid><enclosure length="243" type="image/jpeg" url="https://www.francetvinfo.fr/pictures/CEDoiViFRraf5lGomXniTAyYpHM/0x8:4000x2257/432x243/2025/02/10/sipa-ap22936551-000098-67a98c1bdee13638872971.jpg"/></item><item><title>PODCAST. Sommet de l'IA, une nouvelle star de la navigation et 24h de course sur un tapis&#xA0;: &#xE7;a dit quoi ce 10 f&#xE9;vrier&#xA0;?</title><description>Ce lundi 10 f&#xE9;vrier, le sommet international de l'intelligence artificielle s'ouvre &#xE0; Paris, Violette Dorange a &#xE9;t&#xE9; accueillie en triomphe apr&#xE8;s son Vend&#xE9;e Globe et le rappeur Ril&#xE8;s r&#xE9;ussit son pari sportif et artistique.</description><pubDate>Mon, 10 Feb 2025 09:24:39 +0100</pubDate><link>https://www.francetvinfo.fr/replay-radio/ca-dit-quoi/sommet-de-l-ia-une-nouvelle-star-de-la-navigation-et-24h-de-course-sur-un-tapis-ca-dit-quoi-ce-10-fevrier_7054016.html#xtor=RSS-3-[general]</link><guid isPermaLink="true">https://www.francetvinfo.fr/replay-radio/ca-dit-quoi/sommet-de-l-ia-une-nouvelle-star-de-la-navigation-et-24h-de-course-sur-un-tapis-ca-dit-quoi-ce-10-fevrier_7054016.html#xtor=RSS-3-[general]</guid><enclosure length="243" type="image/jpeg" url="https://www.francetvinfo.fr/pictures/8jlEbivIYUSQLTwgA91OUi-tjMM/0x302:5808x3569/432x243/2025/02/06/maxnewsspecial889312-67a476a01f866474478906.jpg"/></item><item><title>D'un appel aux dons &#xE0; la parit&#xE9; sur les primes d'une &#xE9;tape de Coupe du monde, le combat payant d'une ancienne sauteuse &#xE0; ski</title><description>Pour la premi&#xE8;re fois de leur histoire, les sauteuses &#xE0; ski ont touch&#xE9;, vendredi et samedi, les m&#xEA;mes montants que les hommes &#xE0; Lake Placid (Etats-Unis). Une collecte en ligne et la mobilisation d'instances am&#xE9;ricaines ont permis de combler l'&#xE9;cart.</description><pubDate>Mon, 10 Feb 2025 09:19:31 +0100</pubDate><link>https://www.francetvinfo.fr/sports/sports-d-hiver/saut-a-ski/d-un-appel-aux-dons-a-la-parite-sur-les-primes-d-une-etape-de-coupe-du-monde-le-combat-payant-d-une-ancienne-sauteuse-a-ski_7064846.html#xtor=RSS-3-[general]</link><guid isPermaLink="true">https://www.francetvinfo.fr/sports/sports-d-hiver/saut-a-ski/d-un-appel-aux-dons-a-la-parite-sur-les-primes-d-une-etape-de-coupe-du-monde-le-combat-payant-d-une-ancienne-sauteuse-a-ski_7064846.html#xtor=RSS-3-[general]</guid><enclosure length="243" type="image/jpeg" url="https://www.francetvinfo.fr/pictures/RhjVDfxE3At8EnzsFhjLYN885dA/0x0:1024x575/432x243/2025/02/09/063-2198423488-67a9005278db8358348465.jpg"/></item><item><title>En Seine-et-Marne, un bless&#xE9; grave dans l'attaque d'une &#xE9;quipe de football en plein match</title><description>Dans la bagarre, un joueur a "pris un couteau et plant&#xE9;" un des supporters de Dammarie-les-Lys, qui a &#xE9;t&#xE9; transport&#xE9; en urgence absolue &#xE0; l'h&#xF4;pital par h&#xE9;licopt&#xE8;re.</description><pubDate>Mon, 10 Feb 2025 09:12:05 +0100</pubDate><link>https://www.francetvinfo.fr/faits-divers/en-seine-et-marne-un-blesse-grave-dans-l-attaque-d-une-equipe-de-football-en-plein-match_7065011.html#xtor=RSS-3-[general]</link><guid isPermaLink="true">https://www.francetvinfo.fr/faits-divers/en-seine-et-marne-un-blesse-grave-dans-l-attaque-d-une-equipe-de-football-en-plein-match_7065011.html#xtor=RSS-3-[general]</guid><enclosure length="243" type="image/jpeg" url="https://www.francetvinfo.fr/pictures/fl_Puh0oW9L0QZM9jZvm6CEcx_k/0x374:7182x4411/432x243/2025/02/09/000-32gf2q8-67a8f8975d98a309031073.jpg"/></item><item><title>Vend&#xE9;e Globe, arriv&#xE9;e triomphale de Violette Dorange</title><description>Quatre navigateurs ont franchi la ligne d&#x2019;arriv&#xE9;e du Vend&#xE9;e Globe ce dimanche. Parmi eux, la benjamine de la course en solitaire, Violette Dorange, qui est devenue une star en partageant son p&#xE9;riple sur les r&#xE9;seaux sociaux. La jeune navigatrice a &#xE9;t&#xE9; accueillie par une mar&#xE9;e humaine aux Sables d&#x2019;Olonne.</description><pubDate>Mon, 10 Feb 2025 08:59:21 +0100</pubDate><link>https://www.francetvinfo.fr/sports/voile/vendee-globe/vendee-globe-arrivee-triomphale-de-violette-dorange_7066193.html#xtor=RSS-3-[general]</link><guid isPermaLink="true">https://www.francetvinfo.fr/sports/voile/vendee-globe/vendee-globe-arrivee-triomphale-de-violette-dorange_7066193.html#xtor=RSS-3-[general]</guid><enclosure length="243" type="image/jpeg" url="https://www.francetvinfo.fr/pictures/AE1YFoPco6iYGgWLr1-AP61nlM8/195x0:1724x860/432x243/2025/02/10/vendee-globe-arrivee-triomphale-de-violette-dorange-67a9b079ec971467607830.jpg"/></item><item><title>Le XV de France perd le Crunch, les Eagles survolent le Super Bowl, premi&#xE8;re pour Carlos Alcaraz... Le r&#xE9;cap sport du week-end</title><description>Le week-end de sport s'est conclu en apoth&#xE9;ose outre-Atlantique avec le rendez-vous majeur du Super Bowl, remport&#xE9; dimanche, par les Eagles de Philadelphie.</description><pubDate>Mon, 10 Feb 2025 08:29:47 +0100</pubDate><link>https://www.francetvinfo.fr/sports/le-reve-de-grand-chelem-s-evanouit-pour-le-xv-de-france-philadelphie-survole-le-super-bowl-premiere-pour-alcaraz-le-recap-sport-du-week-end_7064618.html#xtor=RSS-3-[general]</link><guid isPermaLink="true">https://www.francetvinfo.fr/sports/le-reve-de-grand-chelem-s-evanouit-pour-le-xv-de-france-philadelphie-survole-le-super-bowl-premiere-pour-alcaraz-le-recap-sport-du-week-end_7064618.html#xtor=RSS-3-[general]</guid><enclosure length="243" type="image/jpeg" url="https://www.francetvinfo.fr/pictures/V2Fhl0vrT_9WGIBACP4xqYN2PZQ/0x0:1920x1080/432x243/2025/02/10/design-sans-titre-67a9a9071574b545832633.jpg"/></item><item><title>Violette Dorange, identit&#xE9; nationale, intelligence artificielle, Les inform&#xE9;s de franceinfo du dimanche 09 f&#xE9;vrier 2025</title><description>Tous les jours, les inform&#xE9;s d&#xE9;battent de l'actualit&#xE9; autour de Victor Matet</description><pubDate>Sun, 09 Feb 2025 21:07:35 +0100</pubDate><link>https://www.francetvinfo.fr/replay-radio/les-informes-de-france-info/violette-dorange-identite-nationale-intelligence-artificielle-les-informes-de-franceinfo-du-dimanche-09-fevrier-2025_7036637.html#xtor=RSS-3-[general]</link><guid isPermaLink="true">https://www.francetvinfo.fr/replay-radio/les-informes-de-france-info/violette-dorange-identite-nationale-intelligence-artificielle-les-informes-de-franceinfo-du-dimanche-09-fevrier-2025_7036637.html#xtor=RSS-3-[general]</guid><enclosure length="243" type="image/jpeg" url="https://www.francetvinfo.fr/pictures/4387aKX9lQgM8lKhThewbAZ9gUQ/0x0:1024x576/432x243/2025/02/09/untitled-67a8fd738c78e618732761.jpg"/></item><item><title>Cyclisme : Pauline Ferrand-Pr&#xE9;v&#xF4;t, un retour sur la route teint&#xE9; de promesses et d'une d&#xE9;ception pour la championne olympique</title><description>Engag&#xE9;e dans son fou d&#xE9;fi de remporter un jour le Tour de France femmes, la m&#xE9;daill&#xE9;e d'or en VTT a boucl&#xE9; sa premi&#xE8;re course de la saison &#xE0; la 17e place du g&#xE9;n&#xE9;ral, dimanche lors de l'UAE Tour.</description><pubDate>Sun, 09 Feb 2025 21:01:39 +0100</pubDate><link>https://www.francetvinfo.fr/sports/cyclisme/pauline-ferrand-prevot/cyclisme-pauline-ferrand-prevot-un-retour-sur-la-route-teinte-de-promesses-pour-la-championne-olympique_7062992.html#xtor=RSS-3-[general]</link><guid isPermaLink="true">https://www.francetvinfo.fr/sports/cyclisme/pauline-ferrand-prevot/cyclisme-pauline-ferrand-prevot-un-retour-sur-la-route-teinte-de-promesses-pour-la-championne-olympique_7062992.html#xtor=RSS-3-[general]</guid><enclosure length="243" type="image/jpeg" url="https://www.francetvinfo.fr/pictures/i9iX3pYyaplZYRAv68SllP8XEZo/0x28:3543x2020/432x243/2025/02/08/000-36tt8ce-67a7c207c363f684570165.jpg"/></item><item><title>VIDEO. Six nations : l'Irlande derni&#xE8;re &#xE9;quipe en lice pour r&#xE9;aliser le Grand Chelem apr&#xE8;s sa victoire probante en Ecosse</title><description>Dominateurs d&#xE8;s l'entame du match, les Irlandais ont sign&#xE9;, &#xE0; Murrayfield, leur deuxi&#xE8;me victoire (32-18) en deux matchs, dimanche. Ils empochent au passage le bonus offensif.</description><pubDate>Sun, 09 Feb 2025 20:06:12 +0100</pubDate><link>https://www.francetvinfo.fr/sports/rugby/six-nations/videos/video-six-nations-l-irlande-derniere-equipe-en-lice-pour-realiser-le-grand-chelem-apres-sa-victoire-probante-en-ecosse_7064882.html#xtor=RSS-3-[general]</link><guid isPermaLink="true">https://www.francetvinfo.fr/sports/rugby/six-nations/videos/video-six-nations-l-irlande-derniere-equipe-en-lice-pour-realiser-le-grand-chelem-apres-sa-victoire-probante-en-ecosse_7064882.html#xtor=RSS-3-[general]</guid><enclosure length="243" type="image/jpeg" url="https://www.francetvinfo.fr/pictures/zGJ4S_pJkd-zvHZBaPlnrpIanOQ/0x131:4099x2436/432x243/2025/02/09/000-36xg98q-67a8e033536eb557899973.jpg"/></item><item><title>Tennis : "Il y a des chances que ce soit le dernier match de ma carri&#xE8;re", craint Lucas Pouille, victime d'une rupture du tendon d'Achille</title><description>Ancien 10e mondial, le joueur fran&#xE7;ais s'est &#xE9;croul&#xE9; en finale du tournoi Challenger de Lille lors d'une reprise d'appui, dimanche.</description><pubDate>Sun, 09 Feb 2025 19:26:02 +0100</pubDate><link>https://www.francetvinfo.fr/sports/tennis/atp/tennis-il-y-a-des-chances-que-ce-soit-le-dernier-match-de-ma-carriere-craint-lucas-pouille-qui-s-est-blesse-en-finale-d-un-tournoi-challenger_7064981.html#xtor=RSS-3-[general]</link><guid isPermaLink="true">https://www.francetvinfo.fr/sports/tennis/atp/tennis-il-y-a-des-chances-que-ce-soit-le-dernier-match-de-ma-carriere-craint-lucas-pouille-qui-s-est-blesse-en-finale-d-un-tournoi-challenger_7064981.html#xtor=RSS-3-[general]</guid><enclosure length="243" type="image/jpeg" url="https://www.francetvinfo.fr/pictures/inenwS12LrLYdrsIwxRe2JPT03Y/0x556:5340x3558/432x243/2025/02/09/maxnewsspecialtwo111214-67a8edc5dd942370409618.jpg"/></item><item><title>Vend&#xE9;e Globe : Violette Dorange devient la plus jeune navigatrice &#xE0; rallier l'arriv&#xE9;e aux Sables-d'Olonne apr&#xE8;s 90 jours en mer</title><description>&#xC0; 23 ans, la plus jeune navigatrice &#xE0; prendre le d&#xE9;part a boucl&#xE9; dimanche son premier tour du monde &#xE0; la voile en solitaire, sans assistance et sans escale, en s'offrant une 25e place.</description><pubDate>Sun, 09 Feb 2025 16:33:02 +0100</pubDate><link>https://www.francetvinfo.fr/sports/voile/vendee-globe/vendee-globe-la-benjamine-de-l-edition-violette-dorange-est-arrivee-aux-sables-d-olonne-apres-90-jours-en-mer_7064561.html#xtor=RSS-3-[general]</link><guid isPermaLink="true">https://www.francetvinfo.fr/sports/voile/vendee-globe/vendee-globe-la-benjamine-de-l-edition-violette-dorange-est-arrivee-aux-sables-d-olonne-apres-90-jours-en-mer_7064561.html#xtor=RSS-3-[general]</guid><enclosure length="243" type="image/jpeg" url="https://www.francetvinfo.fr/pictures/DGDbWS0cV7PkMJn79gUN0qe-Ij0/0x202:3894x2393/432x243/2025/02/09/000-36xg8am-67a8b62ec766a275711625.jpg"/></item><item><title>Vend&#xE9;e Globe : Violette Dorange, plus jeune skippeuse, passe la ligne d'arriv&#xE9;e</title><description>La plus jeune skippeuse du Vend&#xE9;e Globe, Violette Dorange, &#xE2;g&#xE9;e de 23 ans, termine son tour du monde du Vend&#xE9;e Globe &#xE0; la 25e place.</description><pubDate>Sun, 09 Feb 2025 15:47:04 +0100</pubDate><link>https://www.francetvinfo.fr/sports/voile/vendee-globe/vendee-globe-violette-dorange-plus-jeune-skippeuse-passe-la-ligne-d-arrivee_7064789.html#xtor=RSS-3-[general]</link><guid isPermaLink="true">https://www.francetvinfo.fr/sports/voile/vendee-globe/vendee-globe-violette-dorange-plus-jeune-skippeuse-passe-la-ligne-d-arrivee_7064789.html#xtor=RSS-3-[general]</guid><enclosure length="243" type="image/jpeg" url="https://www.francetvinfo.fr/pictures/yFo4z9IYVft9Jh2qs0e0GOPmrsQ/0x2:1625x917/432x243/2025/02/09/vendee-globe-violette-dorange-plus-jeune-skippeuse-passe-la-ligne-d-arrivee-67a8b17ab66e1514550557.jpg"/></item><item><title>Super Bowl : les six r&#xE8;gles &#xE0; conna&#xEE;tre pour tout comprendre au football am&#xE9;ricain</title><description>Le 59e Super Bowl, la finale du championnat de football am&#xE9;ricain, se d&#xE9;roule dans la nuit de dimanche &#xE0; lundi &#xE0; La Nouvelle Orl&#xE9;ans (Etats-Unis) et oppose Kansas City, double tenant du titre, &#xE0; Philadelphie.</description><pubDate>Sun, 09 Feb 2025 12:09:32 +0100</pubDate><link>https://www.francetvinfo.fr/sports/nfl/super-bowl/super-bowl-les-six-regles-a-connaitre-pour-tout-comprendre-au-football-americain_7054727.html#xtor=RSS-3-[general]</link><guid isPermaLink="true">https://www.francetvinfo.fr/sports/nfl/super-bowl/super-bowl-les-six-regles-a-connaitre-pour-tout-comprendre-au-football-americain_7054727.html#xtor=RSS-3-[general]</guid><enclosure length="243" type="image/jpeg" url="https://www.francetvinfo.fr/pictures/oidqbU-4otD728wcxGZUZiIDS4E/0x76:1024x651/432x243/2025/02/05/063-2194762881-67a368f725eea678583046.jpg"/></item><item><title>DIRECT. Vend&#xE9;e Globe 2024 : suivez l'arriv&#xE9;e puis la remont&#xE9;e du chenal de Violette Dorange, en 25e place de la course</title><description>Violette Dorange doit franchir la ligne d'arriv&#xE9;e du Vend&#xE9;e Globe ce dimanche 9 f&#xE9;vrier apr&#xE8;s 90 jours pass&#xE9;s en mer. France 3 Pays de la Loire vous proposons un dispositif exceptionnel et des images in&#xE9;dites pour suivre le retour de Violette aux Sables, &#xE0; partir de midi.</description><pubDate>Sun, 09 Feb 2025 11:14:01 +0100</pubDate><link>https://www.francetvinfo.fr/sports/voile/vendee-globe/direct-vendee-globe-2024-suivez-l-arrivee-puis-la-remontee-du-chenal-de-violette-dorange-en-25e-place-de-la-course_7064627.html#xtor=RSS-3-[general]</link><guid isPermaLink="true">https://www.francetvinfo.fr/sports/voile/vendee-globe/direct-vendee-globe-2024-suivez-l-arrivee-puis-la-remontee-du-chenal-de-violette-dorange-en-25e-place-de-la-course_7064627.html#xtor=RSS-3-[general]</guid><enclosure length="243" type="image/jpeg" url="https://www.francetvinfo.fr/pictures/OFyx1Ri5YHYRaNqcy816djAeeR4/0x0:1200x675/432x243/2025/02/09/vg2024-2404161503-v2-bi-violette-hd-18-haute-definition-67a344cfc4045876707203-67a87f9ce6a3b206639695.jpg"/></item><item><title>Vend&#xE9;e Globe 2024 : comment Violette Dorange a fait souffler une bourrasque d'air frais sur la com de la course</title><description>La jeune navigatrice, qui termine le tour du monde &#xE0; la voile en solitaire &#xE0; une honorable 25e place, a le vent en poupe et a r&#xE9;ussi &#xE0; captiver un public de n&#xE9;ophytes.</description><pubDate>Sun, 09 Feb 2025 11:02:32 +0100</pubDate><link>https://www.francetvinfo.fr/sports/voile/vendee-globe/vendee-globe-2024-comment-violette-dorange-a-fait-souffler-une-bourrasque-d-air-frais-sur-la-com-de-la-course_7039715.html#xtor=RSS-3-[general]</link><guid isPermaLink="true">https://www.francetvinfo.fr/sports/voile/vendee-globe/vendee-globe-2024-comment-violette-dorange-a-fait-souffler-une-bourrasque-d-air-frais-sur-la-com-de-la-course_7039715.html#xtor=RSS-3-[general]</guid><enclosure length="243" type="image/jpeg" url="https://www.francetvinfo.fr/pictures/oxTXfKPzparpVG0dYrRC1gpmxMI/0x0:4252x2390/432x243/2025/01/28/vg2024-2409141153-48h-azimut24-onboard-91-haute-definition-6798c7c5518eb404162701.jpg"/></item><item><title>Cyclisme : "C'est impossible de s&#xE9;curiser &#xE0; 100%"... Les organisateurs face au casse-t&#xEA;te de la s&#xE9;curisation de leurs parcours</title><description>L'intrusion de plusieurs v&#xE9;hicules &#xE0; contresens a perturb&#xE9; le d&#xE9;roulement de l'Etoile de Bess&#xE8;ges jeudi et vendredi. Ces incidents illustrent la difficult&#xE9; de prot&#xE9;ger totalement des centaines de kilom&#xE8;tres de trac&#xE9;s.</description><pubDate>Sun, 09 Feb 2025 11:00:00 +0100</pubDate><link>https://www.francetvinfo.fr/sports/cyclisme/cyclisme-c-est-impossible-de-securiser-a-100-les-organisateurs-face-au-casse-tete-de-la-securisation-de-leurs-parcours_7061135.html#xtor=RSS-3-[general]</link><guid isPermaLink="true">https://www.francetvinfo.fr/sports/cyclisme/cyclisme-c-est-impossible-de-securiser-a-100-les-organisateurs-face-au-casse-tete-de-la-securisation-de-leurs-parcours_7061135.html#xtor=RSS-3-[general]</guid><enclosure length="243" type="image/jpeg" url="https://www.francetvinfo.fr/pictures/BgN8ts9xR1fsyDxvmum758vbcKI/0x0:1024x575/432x243/2025/02/08/000-17k6tn-67a76f205552c135240964.jpg"/></item><item><title>Super Bowl, des stars et des milliards</title><description>Dimanche soir, pr&#xE8;s d&#x2019;un tiers des Am&#xE9;ricains seront tous au m&#xEA;me endroit : devant leur &#xE9;cran pour regarder l&#x2019;&#xE9;v&#xE9;nement sportif de l&#x2019;ann&#xE9;e, le Super Bowl. Un match, qui se d&#xE9;roule cette ann&#xE9;e &#xE0; la Nouvelle-Orl&#xE9;ans, et une folie des chiffres : 8 millions de dollars le spot publicitaire et un parterre de stars, avec en tribunes la pr&#xE9;sence du pr&#xE9;sident Donald Trump.</description><pubDate>Sun, 09 Feb 2025 10:22:44 +0100</pubDate><link>https://www.francetvinfo.fr/replay-jt/franceinfo/21h-minuit/23-heures/super-bowl-des-stars-et-des-milliards_7064591.html#xtor=RSS-3-[general]</link><guid isPermaLink="true">https://www.francetvinfo.fr/replay-jt/franceinfo/21h-minuit/23-heures/super-bowl-des-stars-et-des-milliards_7064591.html#xtor=RSS-3-[general]</guid><enclosure length="243" type="image/jpeg" url="https://www.francetvinfo.fr/pictures/9HK7yCdyInL8sNzJggRxdg3adZc/353x38:1602x741/432x243/2025/02/09/super-bowl-des-stars-et-des-milliards-67a873b63f686714786879.jpg"/></item><item><title>PORTRAIT. Super Bowl 2025 : Patrick Mahomes, l'h&#xE9;g&#xE9;monie d&#x2019;un surdou&#xE9; que personne ou presque n'attendait</title><description>La superstar des Kansas City Chiefs, qui compte d&#xE9;j&#xE0; trois titres en NFL, va disputer, dimanche face &#xE0; Philadelphie, son 5e Super Bowl, &#xE0; seulement 29 ans.</description><pubDate>Sun, 09 Feb 2025 06:00:01 +0100</pubDate><link>https://www.francetvinfo.fr/sports/nfl/super-bowl/portrait-super-bowl-2025-patrick-mahomes-l-hegemonie-d-un-surdoue-que-personne-ou-presque-n-attendait_7058861.html#xtor=RSS-3-[general]</link><guid isPermaLink="true">https://www.francetvinfo.fr/sports/nfl/super-bowl/portrait-super-bowl-2025-patrick-mahomes-l-hegemonie-d-un-surdoue-que-personne-ou-presque-n-attendait_7058861.html#xtor=RSS-3-[general]</guid><enclosure length="243" type="image/jpeg" url="https://www.francetvinfo.fr/pictures/V9NWwGpUpGdHFMwwfdDeLulTj7c/0x0:6000x3373/432x243/2025/02/06/063-2194603276-67a4e05f93987919720184.jpg"/></item></channel></rss>
