<?xml version="1.0"?>
<rss xmlns:content="http://purl.org/rss/1.0/modules/content/" version="2.0" xmlns:media="http://search.yahoo.com/mrss/" xmlns:atom="http://www.w3.org/2005/Atom" xmlns:schema="https://schema.org"><channel><title>Franceinfo- D&#xE9;couverte</title><description>Franceinfo- D&#xE9;couverte</description><link>https://www.francetvinfo.fr/decouverte/</link><pubDate>Mon, 10 Feb 2025 13:37:25 +0100</pubDate><generator>francetvinfo 2025 (https://www.francetvinfo.fr)</generator><atom:link rel="self" type="application/rss+xml" href="https://www.francetvinfo.fr/decouverte.rss"/><item><title>Vacances de f&#xE9;vrier : pourquoi pas une semaine fixe et une autre que l'on peut "prendre quand on veut" ?, questionne le sociologue Jean Viard</title><description>Le mois de f&#xE9;vrier correspond &#xE0; la p&#xE9;riode o&#xF9; les stations de ski r&#xE9;alisent l'essentiel de leur saison. C'est aussi le mois o&#xF9; les locations &#xE0; la montagne sont les plus ch&#xE8;res. Pour le sociologue Jean Viard, si les questions d'am&#xE9;nagement sont in&#xE9;luctables avec le r&#xE9;chauffement climatique, il convient aussi de r&#xE9;fl&#xE9;chir &#xE0; l'organisation des vacances d'hiver.</description><pubDate>Sat, 08 Feb 2025 10:00:02 +0100</pubDate><link>https://www.francetvinfo.fr/replay-radio/question-de-societe/vacances-de-fevrier-pourquoi-pas-une-semaine-fixe-et-une-autre-que-l-on-peut-prendre-quand-on-veut-questionne-le-sociologue-jean-viard_7035059.html#xtor=RSS-3-[general]</link><guid isPermaLink="true">https://www.francetvinfo.fr/replay-radio/question-de-societe/vacances-de-fevrier-pourquoi-pas-une-semaine-fixe-et-une-autre-que-l-on-peut-prendre-quand-on-veut-questionne-le-sociologue-jean-viard_7035059.html#xtor=RSS-3-[general]</guid><enclosure length="243" type="image/jpeg" url="https://www.francetvinfo.fr/pictures/Cfk1Fe0jVngVMIcB9j_Forr8bHo/0x0:4730x2659/432x243/2025/02/07/vacancesd-hiver-67a60a0192280433005640.jpg"/></item><item><title>Alsace : des plaines &#xE0; la petite ville d'Obernai, une terre de traditions</title><description>Vendredi 7 f&#xE9;vrier, "Le 13 Heures en week-end" vous emm&#xE8;ne en plaine d'Alsace &#xE0; la d&#xE9;couverte de l'abbaye Sainte-Odile et des merveilles culinaires et du patrimoine de la petite ville d'Obernai.</description><pubDate>Fri, 07 Feb 2025 17:44:05 +0100</pubDate><link>https://www.francetvinfo.fr/decouverte/alsace-des-plaines-a-la-petite-ville-d-obernai-une-terre-de-traditions_7061222.html#xtor=RSS-3-[general]</link><guid isPermaLink="true">https://www.francetvinfo.fr/decouverte/alsace-des-plaines-a-la-petite-ville-d-obernai-une-terre-de-traditions_7061222.html#xtor=RSS-3-[general]</guid><enclosure length="243" type="image/jpeg" url="https://www.francetvinfo.fr/pictures/nXUCLqeiSD2wXHaoNKOhz3TQmV4/0x9:1616x918/432x243/2025/02/07/alsace-des-plaines-a-la-petite-ville-d-obernai-une-terre-de-traditions-1-67a63736ad8fc259895850.jpg"/></item><item><title>&#xC9;boulement sur la RN90 en Savoie&#xA0;: les vacanciers peuvent-ils faire jouer leur assurance&#xA0;?</title><description>L&#x2019;acc&#xE8;s aux stations savoyardes de la Tarentaise est tr&#xE8;s compliqu&#xE9; apr&#xE8;s l&#x2019;&#xE9;boulement qui a coup&#xE9; la RN90 entre Albertville et Mo&#xFB;tiers. Mais les vacanciers touch&#xE9;s peuvent-ils &#xEA;tre indemniser&#xA0;?</description><pubDate>Wed, 05 Feb 2025 06:43:07 +0100</pubDate><link>https://www.francetvinfo.fr/economie/transports/eboulement-sur-la-rn90-en-savoie-les-vacanciers-peuvent-ils-faire-jouer-leur-assurance_7053017.html#xtor=RSS-3-[general]</link><guid isPermaLink="true">https://www.francetvinfo.fr/economie/transports/eboulement-sur-la-rn90-en-savoie-les-vacanciers-peuvent-ils-faire-jouer-leur-assurance_7053017.html#xtor=RSS-3-[general]</guid><enclosure length="243" type="image/jpeg" url="https://www.francetvinfo.fr/pictures/dG5hUXgzEJUXWb26j_Xv04oFe9M/0x250:4800x2950/432x243/2025/02/03/savoie-67a0ebb1d0bc0102984688.jpg"/></item><item><title>Alpes-de-Haute-Provence : excursion dans le ciel en montgolfi&#xE8;re</title><description>Lundi 3 f&#xE9;vrier, le 13H d&#xE9;couverte vous emm&#xE8;ne dans le Parc naturel du Verdon, dans les Alpes-de-Haute-Provence. Pour cela, le parc va &#xEA;tre survol&#xE9; en montgolfi&#xE8;re afin d&#x2019;admirer la r&#xE9;gion.</description><pubDate>Mon, 03 Feb 2025 16:22:59 +0100</pubDate><link>https://www.francetvinfo.fr/alpes-de-haute-provence/alpes-de-haute-provence-excursion-dans-le-ciel-en-montgolfiere_7052981.html#xtor=RSS-3-[general]</link><guid isPermaLink="true">https://www.francetvinfo.fr/alpes-de-haute-provence/alpes-de-haute-provence-excursion-dans-le-ciel-en-montgolfiere_7052981.html#xtor=RSS-3-[general]</guid><enclosure length="243" type="image/png" url="https://www.francetvinfo.fr/pictures/VF4HXHc82SpaVJiETI2lCvbiD5M/0x7:1350x767/432x243/2025/02/03/montgolfiere-67a0df235f6e1054046405.png"/></item><item><title>PODCAST. Gojira remporte un Grammy, raccourcir les vacances et le proc&#xE8;s de Luis Rubiales&#xA0;: &#xE7;a dit quoi ce 03 f&#xE9;vrier&#xA0;?</title><description>Ce lundi 3 f&#xE9;vrier, le groupe de m&#xE9;tal fran&#xE7;ais Gojira a remport&#xE9; un Grammy Awards pour sa performance aux JO, Emmanuel Macron veut raccourcir les vacances scolaires et le proc&#xE8;s de Luis Rubiales s'ouvre dans l'affaire du baiser forc&#xE9; avec la joueuse de football Jenni Hermoso.</description><pubDate>Mon, 03 Feb 2025 08:45:14 +0100</pubDate><link>https://www.francetvinfo.fr/replay-radio/ca-dit-quoi/gojira-remporte-un-grammy-raccourcir-les-vacances-et-le-proces-de-luis-rubiales-ca-dit-quoi-ce-03-fevrier_7040654.html#xtor=RSS-3-[general]</link><guid isPermaLink="true">https://www.francetvinfo.fr/replay-radio/ca-dit-quoi/gojira-remporte-un-grammy-raccourcir-les-vacances-et-le-proces-de-luis-rubiales-ca-dit-quoi-ce-03-fevrier_7040654.html#xtor=RSS-3-[general]</guid><enclosure length="243" type="image/jpeg" url="https://www.francetvinfo.fr/pictures/-LwJhBumaw-yKgWV9NAZxJ1alZ0/0x39:3273x1879/432x243/2025/02/03/063-2197342005-67a0636ad1805123119175.jpg"/></item><item><title>Artisanat : le savoir-faire des artisans du Comminges se r&#xE9;v&#xE8;le au fil du chemin</title><description>Dans la r&#xE9;gion au sud de Toulouse et de la Haute-Garonne, il est possible de d&#xE9;couvrir le pays de Comminges. Rien de tel qu'une promenade &#xE0; v&#xE9;lo pour contempler ce territoire o&#xF9; nous avons pr&#xE9;vu plusieurs &#xE9;tapes pour vous.</description><pubDate>Sun, 02 Feb 2025 15:11:59 +0100</pubDate><link>https://www.francetvinfo.fr/decouverte/artisanat-le-savoir-faire-des-artisans-du-comminges-se-revele-au-fil-du-chemin_7051202.html#xtor=RSS-3-[general]</link><guid isPermaLink="true">https://www.francetvinfo.fr/decouverte/artisanat-le-savoir-faire-des-artisans-du-comminges-se-revele-au-fil-du-chemin_7051202.html#xtor=RSS-3-[general]</guid><enclosure length="243" type="image/jpeg" url="https://www.francetvinfo.fr/pictures/X6UDInVbueHi55mb7cP7BEr3K4M/0x0:1920x1080/432x243/2025/02/02/artisanat-le-savoir-faire-des-artisans-du-comminges-se-revele-au-fil-du-chemin-679f7cd67c372321762964.jpg"/></item><item><title>Norv&#xE8;ge : &#xE0; la d&#xE9;couverte des fjords</title><description>Le 13h d&#xE9;couverte vous emm&#xE8;ne, vendredi 31 janvier, en Norv&#xE8;ge avec ses centaines de fjords le long du littoral et ses lumi&#xE8;res splendides. Et ce, malgr&#xE9; des journ&#xE9;es tr&#xE8;s courtes.</description><pubDate>Fri, 31 Jan 2025 18:07:46 +0100</pubDate><link>https://www.francetvinfo.fr/monde/norvege/norvege-a-la-decouverte-des-fjords_7047947.html#xtor=RSS-3-[general]</link><guid isPermaLink="true">https://www.francetvinfo.fr/monde/norvege/norvege-a-la-decouverte-des-fjords_7047947.html#xtor=RSS-3-[general]</guid><enclosure length="243" type="image/png" url="https://www.francetvinfo.fr/pictures/ChuDMjT9tElg7dhDHCD0n4QTc8Y/0x25:1346x783/432x243/2025/01/31/fjords-679cfd595fc46019006557.png"/></item><item><title>Vercors : &#xE0; la d&#xE9;couverte des somptueux d&#xE9;cors du massif</title><description>Le 13h week-end vous emm&#xE8;ne, vendredi 31 janvier, dans le massif du Vercors. C&#x2019;est un territoire riche de son patrimoine et de son histoire aux airs de petit Canada en hiver. Il est aussi connu pour son fromage &#xE0; p&#xE2;te persill&#xE9;e : le bleu du Vercors.</description><pubDate>Fri, 31 Jan 2025 17:17:42 +0100</pubDate><link>https://www.francetvinfo.fr/france/auvergne-rhone-alpes/isere/vercors-a-la-decouverte-des-somptueux-decors-du-massif_7047902.html#xtor=RSS-3-[general]</link><guid isPermaLink="true">https://www.francetvinfo.fr/france/auvergne-rhone-alpes/isere/vercors-a-la-decouverte-des-somptueux-decors-du-massif_7047902.html#xtor=RSS-3-[general]</guid><enclosure length="243" type="image/png" url="https://www.francetvinfo.fr/pictures/N5PFM_JBO3-bvJMq3HF3Z8w3sgY/0x8:1337x761/432x243/2025/01/31/vercors-679cf77ba2ee8247366650.png"/></item><item><title>Les observatoires du monde entier gardent un &#x153;il sur YR4, cet ast&#xE9;ro&#xEF;de qui se dirige vers la Terre</title><description>Si la menace d'impact semble relativement faible, et que des strat&#xE9;gies de d&#xE9;viation pourraient &#xEA;tre mises en &#x153;uvre par les agences spatiales internationales, la communaut&#xE9; scientifique et les autorit&#xE9;s internationales restent sur leur garde, en attendant des calculs plus pouss&#xE9;s.</description><pubDate>Thu, 30 Jan 2025 07:53:01 +0100</pubDate><link>https://www.francetvinfo.fr/replay-radio/le-billet-vert/les-observatoires-du-monde-entier-gardent-un-il-sur-yr4-cet-asteroide-qui-se-dirige-vers-la-terre_7016549.html#xtor=RSS-3-[general]</link><guid isPermaLink="true">https://www.francetvinfo.fr/replay-radio/le-billet-vert/les-observatoires-du-monde-entier-gardent-un-il-sur-yr4-cet-asteroide-qui-se-dirige-vers-la-terre_7016549.html#xtor=RSS-3-[general]</guid><enclosure length="243" type="image/jpeg" url="https://www.francetvinfo.fr/pictures/w5N31CclG4ZryXRbW3yDp_qrnV8/0x53:1024x629/432x243/2025/01/30/000-34gv2ve-679b1dceba0ff495832997.jpg"/></item><item><title>Norv&#xE8;ge : une randonn&#xE9;e au c&#x153;ur d'une nature majestueuse dans le pays du soleil de minuit</title><description>La Norv&#xE8;ge, avec ses paysages arctiques, permet de r&#xE9;aliser des randonn&#xE9;es grandeur nature dans un d&#xE9;cor de bout du monde, loin de l&#x2019;agitation : une exp&#xE9;rience exceptionnelle pour les amoureux de grands espaces.</description><pubDate>Tue, 28 Jan 2025 17:28:54 +0100</pubDate><link>https://www.francetvinfo.fr/decouverte/norvege-une-randonnee-grandeur-nature-au-c-ur-d-une-nature-majestueuse-dans-le-pays-du-soleil-de-minuit_7041560.html#xtor=RSS-3-[general]</link><guid isPermaLink="true">https://www.francetvinfo.fr/decouverte/norvege-une-randonnee-grandeur-nature-au-c-ur-d-une-nature-majestueuse-dans-le-pays-du-soleil-de-minuit_7041560.html#xtor=RSS-3-[general]</guid><enclosure length="243" type="image/jpeg" url="https://www.francetvinfo.fr/pictures/nfHic1vS0Rdl3uRS11BR7JVOHFg/0x0:1920x1080/432x243/2025/01/28/norvege-une-randonnees-grandeurs-nature-au-coeur-d-espaces-majestueux-dans-le-pays-du-soleil-de-minuit-6798fb7066353475336493.jpg"/></item><item><title>Italie : les lacs de Fusine, une r&#xE9;gion italienne &#xE0; la crois&#xE9;e des chemins entre trois cultures</title><description>Nich&#xE9;s entre l'Italie, la Slov&#xE9;nie et l'Autriche, les lacs de Fusine &#xE9;merveillent les visiteurs. En cette p&#xE9;riode hivernale, les chemins de randonn&#xE9;e se d&#xE9;peuplent et sont investis par les habitu&#xE9;s, toujours &#xE9;merveill&#xE9;s devant la nature enchanteresse de ces paysages.</description><pubDate>Mon, 27 Jan 2025 16:58:31 +0100</pubDate><link>https://www.francetvinfo.fr/monde/italie/italie-les-lacs-de-fusine-une-region-italienne-a-la-croisee-des-chemins-entre-trois-cultures_7039667.html#xtor=RSS-3-[general]</link><guid isPermaLink="true">https://www.francetvinfo.fr/monde/italie/italie-les-lacs-de-fusine-une-region-italienne-a-la-croisee-des-chemins-entre-trois-cultures_7039667.html#xtor=RSS-3-[general]</guid><enclosure length="243" type="image/jpeg" url="https://www.francetvinfo.fr/pictures/BRU1rvz_9o9vnT9IPkJnwXusRA8/0x11:1618x922/432x243/2025/01/27/randonnees-les-lacs-de-fusine-une-region-italienne-a-la-croisee-des-chemins-entre-trois-cultures-6797ac98aac0c109274248.jpg"/></item><item><title>D&#xE9;couverte : &#xE0; Saint-R&#xE9;my-de-Provence, se c&#xF4;toient patrimoine et savoir-faire</title><description>Dimanche 26 janvier, le 13 Heures se rend en Provence. Moins fr&#xE9;quent&#xE9;e l'hiver, elle n'en est pas moins attirante : entre son patrimoine, sa gastronomie et son savoir-faire, c'est l'une des destinations &#xE0; garder en t&#xEA;te. Et la promenade commence &#xE0; Saint-R&#xE9;my-de-Provence.</description><pubDate>Sun, 26 Jan 2025 15:27:08 +0100</pubDate><link>https://www.francetvinfo.fr/bouches-du-rhone/decouverte-a-saint-remy-de-provence-se-cotoient-patrimoine-et-savoir-faire_7037924.html#xtor=RSS-3-[general]</link><guid isPermaLink="true">https://www.francetvinfo.fr/bouches-du-rhone/decouverte-a-saint-remy-de-provence-se-cotoient-patrimoine-et-savoir-faire_7037924.html#xtor=RSS-3-[general]</guid><enclosure length="243" type="image/png" url="https://www.francetvinfo.fr/pictures/IjaymzKT9IEGd4revzPBMiWznVo/0x9:1347x767/432x243/2025/01/26/decouverte-a-saint-remy-de-provence-se-cotoient-patrimoine-679645f2df58f351270602.png"/></item><item><title>Alsace : au c&#x153;ur des Vosges, le Ballon d'Alsace offre une randonn&#xE9;e polaire</title><description>Jeudi 23 janvier, le 13 Heures vous emm&#xE8;ne explorer un territoire surnomm&#xE9; "le petit Canada". Magnifique et peu connu, il est situ&#xE9; au c&#x153;ur du massif des Vosges.</description><pubDate>Thu, 23 Jan 2025 17:28:07 +0100</pubDate><link>https://www.francetvinfo.fr/france/grand-est/vosges/alsace-au-c-ur-des-vosges-le-ballon-d-alsace-offre-une-randonnee-polaire_7032638.html#xtor=RSS-3-[general]</link><guid isPermaLink="true">https://www.francetvinfo.fr/france/grand-est/vosges/alsace-au-c-ur-des-vosges-le-ballon-d-alsace-offre-une-randonnee-polaire_7032638.html#xtor=RSS-3-[general]</guid><enclosure length="243" type="image/png" url="https://www.francetvinfo.fr/pictures/sTNpMCvSdFdFJUAgfV25BmbIIpo/0x5:801x456/432x243/2025/01/23/alsace-au-coeur-des-vosges-le-ballon-d-alsace-offre-une-randonnee-67926db4a0c89801931534.png"/></item><item><title>Ari&#xE8;ge : &#xE0; Monts&#xE9;gur, un boulanger p&#xE9;trit un pain de tradition</title><description>Le petit village de Monts&#xE9;gur est r&#xE9;put&#xE9; pour sa citadelle mais aussi pour son artisan boulanger hors du commun, Cyril Delmasse. Il perp&#xE9;tue une tradition de plusieurs si&#xE8;cles : un pain 100 % pur levain naturel.</description><pubDate>Thu, 23 Jan 2025 17:19:59 +0100</pubDate><link>https://www.francetvinfo.fr/decouverte/ariege-a-montsegur-un-boulanger-petrit-un-pain-de-tradition_7032617.html#xtor=RSS-3-[general]</link><guid isPermaLink="true">https://www.francetvinfo.fr/decouverte/ariege-a-montsegur-un-boulanger-petrit-un-pain-de-tradition_7032617.html#xtor=RSS-3-[general]</guid><enclosure length="243" type="image/png" url="https://www.francetvinfo.fr/pictures/_ghvBN3Vig1SKIs3GozeARDFIbw/0x7:791x452/432x243/2025/01/23/ariege-a-montsegur-un-boulanger-petrit-un-pain-de-tradition-67926bcc42499500054796.png"/></item><item><title>Alsace : les secrets du paradis aquatique du Grand Ried</title><description>Ce mardi 21 janvier, le &#x201C;13 Heures&#x201D; vous emm&#xE8;ne &#xE0; la d&#xE9;couverte du r&#xE9;servoir naturel du Grand Ried, un royaume enchanteur situ&#xE9; entre Strasbourg et Colmar. C&#x2019;est aussi le pays de la matelote, un tr&#xE8;s vieux plat alsacien typique.</description><pubDate>Tue, 21 Jan 2025 17:36:52 +0100</pubDate><link>https://www.francetvinfo.fr/decouverte/alsace-les-secrets-du-paradis-aquatique-du-grand-ried_7028183.html#xtor=RSS-3-[general]</link><guid isPermaLink="true">https://www.francetvinfo.fr/decouverte/alsace-les-secrets-du-paradis-aquatique-du-grand-ried_7028183.html#xtor=RSS-3-[general]</guid><enclosure length="243" type="image/png" url="https://www.francetvinfo.fr/pictures/n4xTUWvEv_B0_ozkn-GfOw4UByk/0x7:1422x807/432x243/2025/01/21/grand-ried-678fcb80148a3394279459.png"/></item><item><title>SNCF&#xA0;: la vente de billets pour les vacances de printemps ouvre &#xE0; partir de mercredi</title><description>"Les billets TGV Inoui et Intercit&#xE9;s seront disponibles &#xE0; la vente pour des circulations allant du 31 mars au 11 mai inclus", annonce la compagnie.</description><pubDate>Tue, 21 Jan 2025 16:16:28 +0100</pubDate><link>https://www.francetvinfo.fr/economie/transports/sncf/la-sncf-ouvre-a-la-vente-ses-billets-pour-les-vacances-de-printemps-a-partir-de-mercredi_7027985.html#xtor=RSS-3-[general]</link><guid isPermaLink="true">https://www.francetvinfo.fr/economie/transports/sncf/la-sncf-ouvre-a-la-vente-ses-billets-pour-les-vacances-de-printemps-a-partir-de-mercredi_7027985.html#xtor=RSS-3-[general]</guid><enclosure length="243" type="image/jpeg" url="https://www.francetvinfo.fr/pictures/xSdLAxVUO7BaQbfgist4Tv6SRVc/0x52:1024x628/432x243/2025/01/21/080-hl-ebroncard-2621109-1-678fb9a64301c133389892.jpg"/></item><item><title>Mayotte : la rentr&#xE9;e scolaire se pr&#xE9;pare</title><description>Apr&#xE8;s les cyclones Chido et Dikeledi, 40 % des b&#xE2;timents des &#xE9;coles de Mayotte sont endommag&#xE9;s, et des r&#xE9;parations sont n&#xE9;cessaires avant la rentr&#xE9;e. Les syndicats enseignants appellent &#xE0; une gr&#xE8;ve illimit&#xE9;e, estimant que les &#xE9;tablissements ne sont pas encore assez s&#xE9;curis&#xE9;s.</description><pubDate>Mon, 20 Jan 2025 12:12:57 +0100</pubDate><link>https://www.francetvinfo.fr/environnement/evenements-meteorologiques-extremes/cyclones-et-ouragans/cyclone-chido-a-mayotte/mayotte-la-rentree-scolaire-se-prepare_7025813.html#xtor=RSS-3-[general]</link><guid isPermaLink="true">https://www.francetvinfo.fr/environnement/evenements-meteorologiques-extremes/cyclones-et-ouragans/cyclone-chido-a-mayotte/mayotte-la-rentree-scolaire-se-prepare_7025813.html#xtor=RSS-3-[general]</guid><enclosure length="243" type="image/png" url="https://www.francetvinfo.fr/pictures/broigdOXPsW2Uf4rjmmbl6YAn-M/0x0:1327x747/432x243/2025/01/20/mayotte-678e2ddd99c71429250040.png"/></item><item><title>Finist&#xE8;re : les tr&#xE9;sors du d&#xE9;partement du bout du monde</title><description>Durant la basse saison, il est possible de d&#xE9;couvrir le Finist&#xE8;re en profitant de ses immenses plages pour faire du char &#xE0; voile ou en s'adonnant &#xE0; la randonn&#xE9;e.</description><pubDate>Fri, 17 Jan 2025 17:01:52 +0100</pubDate><link>https://www.francetvinfo.fr/decouverte/finistere-les-tresors-du-departement-du-bout-du-monde_7020446.html#xtor=RSS-3-[general]</link><guid isPermaLink="true">https://www.francetvinfo.fr/decouverte/finistere-les-tresors-du-departement-du-bout-du-monde_7020446.html#xtor=RSS-3-[general]</guid><enclosure length="243" type="image/jpeg" url="https://www.francetvinfo.fr/pictures/ZgFjAsG3bVDw2Y9GDeRa98DUER4/0x0:1471x828/432x243/2025/01/17/finistere-678a7cc2390df332390740.jpg"/></item><item><title>Un chercheur d'or amateur d&#xE9;couvre une broche datant de 2000 ans</title><description>Christian Mazi&#xE8;res, instituteur &#xE0; la retraite en Dordogne, est passionn&#xE9; d&#x2019;orpaillage en rivi&#xE8;re. Cette activit&#xE9; peu r&#xE9;mun&#xE9;ratrice ne l'a pas emp&#xEA;ch&#xE9; de tomber sur un tr&#xE9;sor, datant du Ier si&#xE8;cle avant J.-C.</description><pubDate>Thu, 16 Jan 2025 12:09:26 +0100</pubDate><link>https://www.francetvinfo.fr/replay-radio/dans-la-peau-de-l-info/un-chercheur-d-or-amateur-decouvre-unne-broche-datant-de-2000-ans_6989180.html#xtor=RSS-3-[general]</link><guid isPermaLink="true">https://www.francetvinfo.fr/replay-radio/dans-la-peau-de-l-info/un-chercheur-d-or-amateur-decouvre-unne-broche-datant-de-2000-ans_6989180.html#xtor=RSS-3-[general]</guid><enclosure length="243" type="image/jpeg" url="https://www.francetvinfo.fr/pictures/VM5BE8GeV54uQuA-zE92IEdnWUk/0x0:1920x1080/432x243/2025/01/16/chercheird-ordef-6788e6d45ae7e913602926.jpg"/></item><item><title>Des chercheurs de l&#x2019;universit&#xE9; de l&#x2019;Oregon ouvrent la voie &#xE0; l'hibernation pour les humains</title><description>Leurs travaux ont &#xE9;t&#xE9; publi&#xE9;s, d&#xE9;but janvier, dans la revue "Current Biology".  L'objectif est d'&#xE9;viter les s&#xE9;quelles en cas de crise cardiaque ou d&#x2019;AVC.</description><pubDate>Mon, 13 Jan 2025 09:30:52 +0100</pubDate><link>https://www.francetvinfo.fr/replay-radio/aujourd-hui-c-est-demain/des-chercheurs-de-l-universite-de-l-oregon-ouvrent-la-voie-a-l-hibernation-pour-les-humains_6983696.html#xtor=RSS-3-[general]</link><guid isPermaLink="true">https://www.francetvinfo.fr/replay-radio/aujourd-hui-c-est-demain/des-chercheurs-de-l-universite-de-l-oregon-ouvrent-la-voie-a-l-hibernation-pour-les-humains_6983696.html#xtor=RSS-3-[general]</guid><enclosure length="243" type="image/jpeg" url="https://www.francetvinfo.fr/pictures/yLY2MYljGQ1FkigVh269jxnyl-8/0x182:3500x2151/432x243/2025/01/13/sommeil-laboratoire-6784cc6f2ee71581362422.jpg"/></item></channel></rss>
