<?xml version="1.0" encoding="UTF-8"?>
<rss version="2.0" xmlns:atom="http://www.w3.org/2005/Atom" xmlns:media="http://search.yahoo.com/mrss/">
    <channel>
        <atom:link href="https://www.lefigaro.fr/rss/figaro_international.xml" rel="self" type="application/rss+xml"/>
        <category>International</category>
        <title>Le Figaro - International : Actualité internationale en direct</title>
        <description>International : Retrouvez toute l&#039;actualité internationale, le ministère des affaires étrangères, la politique étrangère sur Le Figaro</description>
        <link>http://www.lefigaro.fr</link>
        <language>fr</language>
        <copyright>Droits de reproduction et de diffusion réservés LeFigaro.fr</copyright>
        <lastBuildDate>Mon, 10 Feb 2025 13:40:21 +0100</lastBuildDate>
        <docs>https://www.lefigaro.fr/rss</docs>
        <image>
            <title>Le Figaro - International : Actualité internationale en direct</title>
            <url>https://static.lefigaro.fr/common/logos/logo-150x150.png</url>
            <link>http://www.lefigaro.fr</link>
            <description>International : Retrouvez toute l&#039;actualité internationale, le ministère des affaires étrangères, la politique étrangère sur Le Figaro</description>
        </image>

                    <item>
                <guid>https://www.lefigaro.fr/international/royaume-uni-keir-starmer-se-teste-contre-le-vih-en-public-une-premiere-pour-un-dirigeant-du-g7-20250210</guid>
                <title>Royaume-Uni : Keir Starmer se teste contre le VIH en public, une première pour un dirigeant du G7</title>
                                <link>https://www.lefigaro.fr/international/royaume-uni-keir-starmer-se-teste-contre-le-vih-en-public-une-premiere-pour-un-dirigeant-du-g7-20250210</link>
                                    <description>Le premier ministre britannique montre l’exemple en se dépistant lui-même après s’être engagé à mettre fin aux nouvelles transmissions du virus en Angleterre d’ici 2030.</description>
                                <category>International</category>
                <pubDate>Mon, 10 Feb 2025 13:15:22 +0100</pubDate>

                                                            <media:content url="https://i.f1g.fr/media/cms/3000x1687_crop/2025/02/10/11eac08163bd69884dd072dea5e9b9231a43033b40cba906fb9c513834d41011.jpg" width="3000" height="1687">
                            <media:description type="plain">Keir Starmer réalise un test de dépistage du VIH au 10 Downing Street, à Londres au Royaume-Uni.</media:description>
                            <media:credit>Lucy North / REUTERS</media:credit>
                        </media:content>
                                                </item>
                    <item>
                <guid>https://www.lefigaro.fr/international/bresil-les-transgenres-en-campagne-20250210</guid>
                <title>Brésil : les transgenres en campagne</title>
                                <link>https://www.lefigaro.fr/international/bresil-les-transgenres-en-campagne-20250210</link>
                                    <description>REPORTAGE - Alors que Donald Trump réaffirme qu’ «il y a deux genres seulement : homme et femme», la parlementaire transsexuelle Erika Hilton affiche ses ambitions politiques au Brésil. La communauté LGBT+ veut faire émerger une nouvelle société tandis que la droite bolsonariste dénonce «une petite minorité organisée».</description>
                                <category>International</category>
                <pubDate>Mon, 10 Feb 2025 13:11:03 +0100</pubDate>

                                                            <media:content url="https://i.f1g.fr/media/cms/1344x756_crop/2025/01/23/0ec3c28ab92e8bc6321edf0387a7ab71eef9793750054216bc3696e243c8a5e8.jpg" width="1344" height="756">
                            <media:description type="plain">Erika Hilton, 32 ans, devant le Congrès national de Brasília. Elle est la première députée trans de São Paulo.</media:description>
                            <media:credit>Éric Garault pour «Le Figaro Magazine»</media:credit>
                        </media:content>
                                                </item>
                    <item>
                <guid>https://www.lefigaro.fr/international/nomme-par-erreur-comment-le-nouveau-directeur-du-fbi-est-devenu-le-symbole-improbable-de-la-resistance-a-trump-20250210</guid>
                <title>Nommé par erreur, comment le nouveau directeur du FBI est devenu le «symbole improbable de la résistance» à Trump</title>
                                <link>https://www.lefigaro.fr/international/nomme-par-erreur-comment-le-nouveau-directeur-du-fbi-est-devenu-le-symbole-improbable-de-la-resistance-a-trump-20250210</link>
                                    <description>RÉCIT - L’expérimenté agent du FBI Brian Driscoll a été propulsé directeur par intérim de l’institution grâce à une erreur informatique. Il s’emploie désormais à protéger ses employés de la purge annoncée du Département de la Justice.</description>
                                <category>International</category>
                <pubDate>Mon, 10 Feb 2025 13:08:25 +0100</pubDate>

                                                            <media:content url="https://i.f1g.fr/media/cms/1279x719_crop/2025/02/10/ff25258b776a16dcd1920050606525cb2e06f912e70df347f0ca7e9e432beb4c.jpg" width="1279" height="719">
                            <media:description type="plain">Portrait officiel de Brian Driscoll.</media:description>
                            <media:credit>Federal Bureau of Investigation</media:credit>
                        </media:content>
                                                </item>
                    <item>
                <guid>https://www.lefigaro.fr/international/tout-ce-qu-on-peut-imaginer-en-matiere-d-intelligence-artificielle-va-se-produire-bertrand-rondepierre-ingenieur-de-l-ia-militaire-20250210</guid>
                <title>«Tout ce qu’on peut imaginer en matière d’intelligence artificielle va se produire»: Bertrand Rondepierre, ingénieur de l’IA militaire</title>
                                <link>https://www.lefigaro.fr/international/tout-ce-qu-on-peut-imaginer-en-matiere-d-intelligence-artificielle-va-se-produire-bertrand-rondepierre-ingenieur-de-l-ia-militaire-20250210</link>
                                    <description>PORTRAIT - Après avoir œuvré chez DeepMind, la filiale de Google spécialisée dans l’intelligence artificielle, le mathématicien a été nommé l’année dernière directeur de l’Amiad, l’agence française pour l’IA de défense.</description>
                                <category>International</category>
                <pubDate>Mon, 10 Feb 2025 09:53:59 +0100</pubDate>

                                                            <media:content url="https://i.f1g.fr/media/cms/3000x1989_crop/2025/02/09/05ae92498e8239c85f4134c10d187517fb6712ef57d4c04aa920c48fb5bf954d.jpg" width="3000" height="1989">
                            <media:description type="plain">Bertrand Rondepierre, patron de l’Agence ministérielle pour l’intelligence artificielle de défense, à Paris le 22 janvier 2025.</media:description>
                            <media:credit>SEBASTIEN SORIANO / Le Figaro</media:credit>
                        </media:content>
                                                </item>
                    <item>
                <guid>https://www.lefigaro.fr/international/allemagne-entre-olaf-scholz-et-friedrich-merz-un-duel-televise-sans-derapages-20250209</guid>
                <title>Allemagne : entre Olaf Scholz et Friedrich Merz, un duel télévisé sans dérapages</title>
                                <link>https://www.lefigaro.fr/international/allemagne-entre-olaf-scholz-et-friedrich-merz-un-duel-televise-sans-derapages-20250209</link>
                                    <description>L’immigration et l’économie ont dominé le débat entre le candidat social-démocrate et son adversaire conservateur.</description>
                                <category>International</category>
                <pubDate>Mon, 10 Feb 2025 11:32:52 +0100</pubDate>

                                                            <media:content url="https://i.f1g.fr/media/cms/3000x1862_crop/2025/02/09/dc1741e1e7018b54f9796bfd70c88e886b9c596cf742f8033417fa58b5d23ff8.jpg" width="3000" height="1862">
                            <media:description type="plain">Le chancelier Olaf Scholz (SPD) et son rival conservateur Friedrich Merz (CDU), dimanche, lors du premier débat télévisé avant le scrutin du 23 février.</media:description>
                            <media:credit>Michael Kappeler / REUTERS</media:credit>
                        </media:content>
                                                </item>
                    <item>
                <guid>https://www.lefigaro.fr/international/scandales-sexuels-crise-des-vocations-chute-des-pratiquants-l-eglise-d-angleterre-dans-la-tourmente-20250209</guid>
                <title>Scandales sexuels, crise des vocations, chute des pratiquants: l’Église d’Angleterre dans la tourmente</title>
                                <link>https://www.lefigaro.fr/international/scandales-sexuels-crise-des-vocations-chute-des-pratiquants-l-eglise-d-angleterre-dans-la-tourmente-20250209</link>
                                    <description>ENQUÊTE - Les démissions de l’archevêque de Canterbury et de l’évêque de Liverpool sur fond de scandale ont mis en lumière une crise historique. Profondément divisée entre progressistes et conservateurs, l’Église anglicane semble plus affaiblie que jamais.</description>
                                <category>International</category>
                <pubDate>Sun, 09 Feb 2025 22:09:41 +0100</pubDate>

                                                            <media:content url="https://i.f1g.fr/media/cms/3000x2000_crop/2025/02/09/3d9d2d36f4b4c74da6b3ba2469e8968c0bb2cb23809545b600ac2fa2ea4932ae.jpg" width="3000" height="2000">
                            <media:description type="plain">Début novembre 2024, un rapport accablant a scellé le sort de l’archevêque de Canterbury qui a dû démissionner (ci-dessus, lors de la dépose de sa crosse, le 6 janvier, dans la chapelle de Lambeth Palace, à Londres). Justin Welby aurait tardé à signaler aux autorités un agresseur en série.</media:description>
                            <media:credit>Neil Turner for Lambeth Palace / via REUTERS</media:credit>
                        </media:content>
                                                </item>
                    <item>
                <guid>https://www.lefigaro.fr/politique/a-madrid-les-droites-souverainistes-croient-a-un-moment-historique-20250209</guid>
                <title>À Madrid, les droites souverainistes croient à un «moment historique»</title>
                                <link>https://www.lefigaro.fr/politique/a-madrid-les-droites-souverainistes-croient-a-un-moment-historique-20250209</link>
                                    <description>DÉCRYPTAGE - Réunis dans la capitale espagnole, Marine Le Pen et ses alliés européens tablent sur des victoires aussi bien idéologiques qu’électorales.</description>
                                <category>Politique</category>
                <pubDate>Sun, 09 Feb 2025 19:21:55 +0100</pubDate>

                                                            <media:content url="https://i.f1g.fr/media/cms/3000x1687_crop/2025/02/09/5b9b017dd7a2ea48a25bffd124761d40742e0847d9862be389766f4792b599d1.jpg" width="3000" height="1687">
                            <media:description type="plain">Les chefs des droites nationalistes européennes réunis au sommet du groupe Patriotes pour l’Europe, à Madrid, en Espagne, le 8 février 2025.</media:description>
                            <media:credit>Ana Beltran / REUTERS</media:credit>
                        </media:content>
                                                </item>
                    <item>
                <guid>https://www.lefigaro.fr/international/les-etats-majors-militaires-dans-la-boucle-de-l-intelligence-artificielle-20250209</guid>
                <title>Les états-majors militaires dans la boucle de l’intelligence artificielle</title>
                                <link>https://www.lefigaro.fr/international/les-etats-majors-militaires-dans-la-boucle-de-l-intelligence-artificielle-20250209</link>
                                    <description>La vitesse de planification et de prise de décision sera un facteur essentiel de supériorité militaire.</description>
                                <category>International</category>
                <pubDate>Mon, 10 Feb 2025 10:22:13 +0100</pubDate>

                                                            <media:content url="https://i.f1g.fr/media/cms/1584x891_crop/2025/02/09/b0e796ee61008e797f6a7e4e1b720c57f90ceafc384bd955f6130b2b6c9a92ec.jpg" width="1584" height="891">
                            <media:description type="plain">Grâce aux outils d’intelligence artificielle, les systèmes de détection (ici, un détecteur anti sous-marins) se modernisent.</media:description>
                            <media:credit>©Jérôme Guégan/Marine Nation</media:credit>
                        </media:content>
                                                </item>
                    <item>
                <guid>https://www.lefigaro.fr/international/la-france-ne-peut-pas-passer-a-cote-de-cette-revolution-le-gratin-mondial-de-l-intelligence-artificielle-a-rendez-vous-a-paris-20250209</guid>
                <title>«La France ne peut pas passer à côté de cette révolution»: le gratin mondial de l’intelligence artificielle a rendez-vous à Paris</title>
                                <link>https://www.lefigaro.fr/international/la-france-ne-peut-pas-passer-a-cote-de-cette-revolution-le-gratin-mondial-de-l-intelligence-artificielle-a-rendez-vous-a-paris-20250209</link>
                                    <description>DÉCRYPTAGE - L’Europe voudrait rattraper son retard et s’imposer sur un marché dominé par les États-Unis et la Chine.</description>
                                <category>International</category>
                <pubDate>Mon, 10 Feb 2025 09:54:38 +0100</pubDate>

                                                            <media:content url="https://i.f1g.fr/media/cms/3000x1881_crop/2025/02/09/6131f659b7da98658b91757e5a34cb77cb4e361654d85d41c2f14fea68e8172a.jpg" width="3000" height="1881">
                            <media:description type="plain">Le sommet sur l’IA, coprésidé par la France et l’Inde, réunit au Grand Palais les 10 et 11 février une centaine de pays.</media:description>
                            <media:credit>tippapatt - stock.adobe.com</media:credit>
                        </media:content>
                                                </item>
                    <item>
                <guid>https://www.lefigaro.fr/international/aux-etats-unis-une-elue-democrate-annonce-s-etre-fait-steriliser-pour-echapper-a-la-politique-de-trump-20250209</guid>
                <title>Aux États-Unis, une élue démocrate annonce s’être fait stériliser pour échapper à la politique de Trump</title>
                                <link>https://www.lefigaro.fr/international/aux-etats-unis-une-elue-democrate-annonce-s-etre-fait-steriliser-pour-echapper-a-la-politique-de-trump-20250209</link>
                                    <description>Laurie Pohutsky, élue démocrate du Michigan, a déclaré s’être fait stériliser suite à l’élection présidentielle de novembre. Afin que son corps ne soit pas «traité comme une monnaie». Une étape de plus dans la dramatisation du débat politique américain.</description>
                                <category>International</category>
                <pubDate>Mon, 10 Feb 2025 10:12:58 +0100</pubDate>

                                                            <media:content url="https://i.f1g.fr/media/cms/3000x2001_crop/2025/02/09/acf57f15229bc1734ed72d3cc0dac0eff811b2031571c828747c18badaccbc49.jpg" width="3000" height="2001">
                            <media:description type="plain">Le choix de Laurie Pohutsky et sa révélation au grand public ont d’emblée fait les gros titres de la presse américaine et britannique.</media:description>
                            <media:credit>Kent Nishimura / REUTERS</media:credit>
                        </media:content>
                                                </item>
                    <item>
                <guid>https://www.lefigaro.fr/international/un-gouvernement-de-salut-et-de-reforme-pour-le-liban-20250209</guid>
                <title>Un gouvernement «de salut et de réforme» pour le Liban</title>
                                <link>https://www.lefigaro.fr/international/un-gouvernement-de-salut-et-de-reforme-pour-le-liban-20250209</link>
                                    <description>L’annonce de la formation du nouvel exécutif dirigé par le premier ministre, Nawaf Salam, met un terme à deux ans de vacance du pouvoir.</description>
                                <category>International</category>
                <pubDate>Sun, 09 Feb 2025 18:35:53 +0100</pubDate>

                                                            <media:content url="https://i.f1g.fr/media/cms/1280x878_crop/2025/02/09/1e6674edc277c81b6ecda26178358db249e46e5cac8536a628e1242b545e9bac.jpg" width="1280" height="878">
                            <media:description type="plain">Le 8 février, le premier ministre Nawaf Salam signe un décret pour la formation d’un nouveau gouvernement libanais.</media:description>
                            <media:credit>Lebanese Presidency Press Office / via REUTERS</media:credit>
                        </media:content>
                                                </item>
                    <item>
                <guid>https://www.lefigaro.fr/international/le-cessez-le-feu-dans-la-bande-de-gaza-plus-fragile-que-jamais-20250209</guid>
                <title>Le cessez-le-feu dans la bande de Gaza plus fragile que jamais</title>
                                <link>https://www.lefigaro.fr/international/le-cessez-le-feu-dans-la-bande-de-gaza-plus-fragile-que-jamais-20250209</link>
                                    <description>DÉCRYPTAGE - Horrifiés par l’état des trois otages libérés samedi, les Israéliens appellent à la mise en œuvre complète de l’accord.</description>
                                <category>International</category>
                <pubDate>Mon, 10 Feb 2025 12:49:35 +0100</pubDate>

                                                            <media:content url="https://i.f1g.fr/media/cms/3000x1687_crop/2025/02/09/fe1babb187581e45686753c18428e3b36ab38c103e688de03ced4d82e7264077.jpg" width="3000" height="1687">
                            <media:description type="plain">Trois otages israéliens avant leur libération, le 8 février 2025. Derrière eux, un message du Hamas indique sa volonté de garder le contrôle de la bande de Gaza.</media:description>
                            <media:credit>Hatem Khaled / REUTERS</media:credit>
                        </media:content>
                                                </item>
                    <item>
                <guid>https://www.lefigaro.fr/international/les-terribles-images-des-otages-israeliens-liberes-le-visage-creuse-par-des-seize-mois-de-captivite-a-gaza-20250209</guid>
                <title>Les terribles images des otages israéliens libérés, le visage creusé par seize mois de captivité à Gaza</title>
                                <link>https://www.lefigaro.fr/international/les-terribles-images-des-otages-israeliens-liberes-le-visage-creuse-par-des-seize-mois-de-captivite-a-gaza-20250209</link>
                                    <description>Ce samedi, et en échange de 183 prisonniers palestiniens, le Hamas a libéré trois otages israéliens qui ont vécu dans des «conditions inhumaines» sous la coupe du Hamas. La différence avec des photographies d’avant le 7 octobre est poignante.</description>
                                <category>International</category>
                <pubDate>Mon, 10 Feb 2025 10:42:53 +0100</pubDate>

                                                            <media:content url="https://i.f1g.fr/media/cms/orig/2025/02/09/2a584175f67f22a33a69ba76b486f522d8894f2d9da8596a099f6f75fd7583ce.jpg" width="1600" height="1066">
                            <media:description type="plain">Ohad Ben Ami en compagnie d’une de ses filles qu’il a retrouvées samedi.</media:description>
                            <media:credit>Haim Zach / via REUTERS</media:credit>
                        </media:content>
                                                </item>
                    <item>
                <guid>https://www.lefigaro.fr/international/treillis-au-milieu-des-palmiers-et-de-l-eau-turquoise-face-a-la-chine-le-paradis-marin-du-pacifique-de-palau-se-prepare-a-la-guerre-20250208</guid>
                <title>Treillis au milieu des palmiers et de l'eau turquoise : face à la Chine, le paradis marin du Pacifique de Palau se prépare à la guerre</title>
                                <link>https://www.lefigaro.fr/international/treillis-au-milieu-des-palmiers-et-de-l-eau-turquoise-face-a-la-chine-le-paradis-marin-du-pacifique-de-palau-se-prepare-a-la-guerre-20250208</link>
                                    <description>REPORTAGE - Les petites îles du Pacifique se remilitarisent, avec le soutien des États-Unis. Pour les habitants, le souvenir des terribles combats qui ont opposé Américains et Japonais pendant la Seconde Guerre mondiale se double de préoccupations stratégiques et environnementales.</description>
                                <category>International</category>
                <pubDate>Sat, 08 Feb 2025 21:28:34 +0100</pubDate>

                                                            <media:content url="https://i.f1g.fr/media/cms/3000x2000_crop/2025/02/07/fd1017d89e2a9a6e21e282934fe51b4ed183a937ae2746c4c1f829d8e4833d11.jpg" width="3000" height="2000">
                            <media:description type="plain">Le 22 juin 2024, un avion militaire a atterri sur la piste historique de Peleliu, marquant un retour significatif et triomphal des forces militaires américaines sur ce site emblématique de la Seconde Guerre mondiale. </media:description>
                            <media:credit>US Indo Pacific command</media:credit>
                        </media:content>
                                                </item>
                    <item>
                <guid>https://www.lefigaro.fr/international/les-scenarios-d-une-gouvernance-a-gaza-apres-les-annonces-stupefiantes-de-donald-trump-20250208</guid>
                <title>Les scénarios d’une gouvernance à Gaza après les annonces stupéfiantes de Donald Trump</title>
                                <link>https://www.lefigaro.fr/international/les-scenarios-d-une-gouvernance-a-gaza-apres-les-annonces-stupefiantes-de-donald-trump-20250208</link>
                                    <description>DÉCRYPTAGE - Alors que le président américain a effaré le monde en annonçant sa volonté de «prendre le contrôle» de Gaza, il est resté particulièrement flou sur les formes que pourrait prendre la future administration de cette enclave.</description>
                                <category>International</category>
                <pubDate>Sat, 08 Feb 2025 12:34:22 +0100</pubDate>

                                                            <media:content url="https://i.f1g.fr/media/cms/3000x2000_crop/2025/02/07/2c45490f1aeeb3f0e111a99726fc6bcd2631e30088fafbe7f57da4d2028f410a.jpg" width="3000" height="2000">
                            <media:description type="plain">Donald Trump a promis de «prendre le contrôle» de Gaza, sans définir les contours de son projet.</media:description>
                            <media:credit>DAWOUD ABU ALKAS / REUTERS</media:credit>
                        </media:content>
                                                </item>
                    <item>
                <guid>https://www.lefigaro.fr/international/donald-trump-part-en-croisade-contre-le-brutalisme-20250208</guid>
                <title>Donald Trump part en croisade contre le brutalisme</title>
                                <link>https://www.lefigaro.fr/international/donald-trump-part-en-croisade-contre-le-brutalisme-20250208</link>
                                    <description>VU D’AILLEURS - Le président américain a ordonné un retour à la « tradition architecturale classique » nationale, caractérisée par des colonnes blanches, de vastes arcades ou encore des aigles et des escaliers majestueux. Adieu les figures géométriques austères en blocs de béton des années 1960-1970.</description>
                                <category>International</category>
                <pubDate>Sat, 08 Feb 2025 09:00:00 +0100</pubDate>

                                                            <media:content url="https://i.f1g.fr/media/cms/1280x720_crop/2025/02/07/5187b8c94e32c16724b640d104883c41ddc2710af7e8cdddf809768e480947f4.jpg" width="1280" height="720">
                            <media:description type="plain">Le quartier général de la police de New York, d’architecture brutaliste.</media:description>
                            <media:credit>REUTERS / Eduardo Munoz</media:credit>
                        </media:content>
                                                </item>
                    <item>
                <guid>https://www.lefigaro.fr/international/rdc-le-m23-peut-il-aller-jusqu-a-kinshasa-comme-le-pretendent-les-rebelles-20250208</guid>
                <title>RDC: le M23 peut-il aller «jusqu’à Kinshasa», comme le prétendent les rebelles ?</title>
                                <link>https://www.lefigaro.fr/international/rdc-le-m23-peut-il-aller-jusqu-a-kinshasa-comme-le-pretendent-les-rebelles-20250208</link>
                                    <description>DÉCRYPTAGE - Le groupe rebelle téléguidé par le Rwanda a annoncé son intention de renverser le régime de Felix Tshisekedi. Mais les réalités de terrain complexifient cet objectif.</description>
                                <category>International</category>
                <pubDate>Sat, 08 Feb 2025 12:36:38 +0100</pubDate>

                                                            <media:content url="https://i.f1g.fr/media/cms/3000x1906_crop/2025/02/05/cf5b83888fdb20e7bc9ead12a19ada026d82d161689d73a7edd62c15571e3b51.jpg" width="3000" height="1906">
                            <media:description type="plain">Corneille Nangaa, leader de l’alliance rebelle AFC qui comprend le M23, à une conférence de presse à l’Hôtel Serena à Goma le 30 janvier 2025.</media:description>
                            <media:credit>Arlette Bashizi / REUTERS</media:credit>
                        </media:content>
                                                </item>
                    <item>
                <guid>https://www.lefigaro.fr/international/la-cour-penale-internationale-peut-elle-se-defendre-contre-les-sanctions-inedites-de-donald-trump-20250207</guid>
                <title>La Cour pénale internationale peut-elle se défendre contre les sanctions inédites de Donald Trump ?</title>
                                <link>https://www.lefigaro.fr/international/la-cour-penale-internationale-peut-elle-se-defendre-contre-les-sanctions-inedites-de-donald-trump-20250207</link>
                                    <description>DÉCRYPTAGE - La décision de Donald Trump, dont les contours sont encore flous, va grandement compliquer la tâche de la juridiction internationale.</description>
                                <category>International</category>
                <pubDate>Sun, 09 Feb 2025 11:27:44 +0100</pubDate>

                                                            <media:content url="https://i.f1g.fr/media/cms/3000x2000_crop/2025/02/07/6ff2319bcd2249cee23919fce3d0721dd2b45ab9088ca5c649cbef77c1ea8c28.jpg" width="3000" height="2000">
                            <media:description type="plain">Le procureur de la Cour pénale internationale (CPI), Karim Khan, lors d’une réunion du Conseil de sécurité des Nations Unies.</media:description>
                            <media:credit>MICHAEL M. SANTIAGO / Getty Images via AFP</media:credit>
                        </media:content>
                                                </item>
                    <item>
                <guid>https://www.lefigaro.fr/international/les-idees-radicales-nous-ont-ete-imposees-de-l-exterieur-a-damas-les-nouveaux-maitres-adaptent-leurs-preches-a-la-realite-du-pays-20250207</guid>
                <title>«Les idées radicales nous ont été imposées de l’extérieur»: à Damas, les nouveaux maitres adaptent leurs prêches à la réalité du pays</title>
                                <link>https://www.lefigaro.fr/international/les-idees-radicales-nous-ont-ete-imposees-de-l-exterieur-a-damas-les-nouveaux-maitres-adaptent-leurs-preches-a-la-realite-du-pays-20250207</link>
                                    <description>REPORTAGE - Originellement lié au salafisme le plus radical, le groupe Hayat Tahrir al-Cham prétend désormais incarner une voie médiane entre les divers courants religieux qui prévalent en Syrie.</description>
                                <category>International</category>
                <pubDate>Sat, 08 Feb 2025 08:57:17 +0100</pubDate>

                                                            <media:content url="https://i.f1g.fr/media/cms/3000x2000_crop/2025/02/07/b627d294e69ba8b3cc2a8480ec12eea0bd32ecdf1032c5f0237393641ade2f2f.jpg" width="3000" height="2000">
                            <media:description type="plain">Des fidèles prient dans la Grande mosquée des Omeyyades, à Damas, en Syrie, le 23 janvier 2025</media:description>
                            <media:credit>Philémon Barbier / Hors Format pour le Figaro</media:credit>
                        </media:content>
                                                </item>
                    <item>
                <guid>https://www.lefigaro.fr/international/les-syriennes-scrutent-les-premiers-pas-du-nouveau-gouvernement-20250207</guid>
                <title>Les Syriennes veulent défendre leurs droits face au nouveau pouvoir: le récit de l’envoyée spéciale du Figaro</title>
                                <link>https://www.lefigaro.fr/international/les-syriennes-scrutent-les-premiers-pas-du-nouveau-gouvernement-20250207</link>
                                    <description>REPORTAGE - Les femmes s’inquiètent de la place que leur réservera le pouvoir post-Assad, issu des rangs des islamistes du HTC.</description>
                                <category>International</category>
                <pubDate>Fri, 07 Feb 2025 18:54:55 +0100</pubDate>

                                                            <media:content url="https://i.f1g.fr/media/cms/3000x2001_crop/2025/02/07/4064b50676b46d91f1c861ad37c628c68d54820c3818b55f9f820f33cdfe7d1f.jpg" width="3000" height="2001">
                            <media:description type="plain">Des femmes partagent un moment de détente au mont Qassioun, sur les hauteurs de Damas, le 21 décembre 2024</media:description>
                            <media:credit>Leo Correa / AP</media:credit>
                        </media:content>
                                                </item>
            </channel>
</rss>
