<?xml version="1.0" encoding="UTF-8"?>
<rss version="2.0" xmlns:atom="http://www.w3.org/2005/Atom" xmlns:media="http://search.yahoo.com/mrss/">
    <channel>
        <atom:link href="https://www.lefigaro.fr/rss/figaro_management.xml" rel="self" type="application/rss+xml"/>
        <category>La Une Management</category>
        <title>Le Figaro - Management - Actualités et conseils sur le monde de l&#039;entreprise, l&#039;emploi et les entrepreneurs.</title>
        <description>Retrouvez les actualités et nos conseils sur le management, la gestion et le développement de votre entreprise sur Le Figaro : emploi, social, droit, entrepreneurs, etc.</description>
        <link>http://www.lefigaro.fr</link>
        <language>fr</language>
        <copyright>Droits de reproduction et de diffusion réservés LeFigaro.fr</copyright>
        <lastBuildDate>Mon, 10 Feb 2025 13:36:06 +0100</lastBuildDate>
        <docs>https://www.lefigaro.fr/rss</docs>
        <image>
            <title>Le Figaro - Management - Actualités et conseils sur le monde de l&#039;entreprise, l&#039;emploi et les entrepreneurs.</title>
            <url>https://static.lefigaro.fr/common/logos/logo-150x150.png</url>
            <link>http://www.lefigaro.fr</link>
            <description>Retrouvez les actualités et nos conseils sur le management, la gestion et le développement de votre entreprise sur Le Figaro : emploi, social, droit, entrepreneurs, etc.</description>
        </image>

                    <item>
                <guid>https://www.lefigaro.fr/decideurs/jo-paris-2024-travailler-ou-teletravailler-sans-perdre-une-miette-de-l-athletisme-c-est-possible-20240805</guid>
                <title>JO Paris 2024: travailler - ou télétravailler - sans perdre une miette de l'athlétisme, c'est possible</title>
                                <link>https://www.lefigaro.fr/decideurs/jo-paris-2024-travailler-ou-teletravailler-sans-perdre-une-miette-de-l-athletisme-c-est-possible-20240805</link>
                                    <description>Les courses, les sauts et les lancers sont les disciplines reines des Jeux olympiques. Difficile de les manquer. À condition pour les entreprises de savoir gérer l’emploi du temps de leurs collaborateurs.</description>
                                <category>Décideurs</category>
                <pubDate>Mon, 05 Aug 2024 07:00:00 +0200</pubDate>

                                                            <media:content url="https://i.f1g.fr/media/cms/3000x2001_crop/2024/08/01/b94cd4aea77776fcb096d111736c79fff2f5f87fbba60ea650647d05570575b8.jpg" width="3000" height="2001">
                            <media:description type="plain">L’athlétisme est la quintessence du sport olympique. </media:description>
                            <media:credit>Panoramic</media:credit>
                        </media:content>
                                                </item>
                    <item>
                <guid>https://www.lefigaro.fr/decideurs/management/l-epoque-ou-les-chefs-se-reservaient-les-plus-beaux-et-les-plus-grands-espaces-est-revolue-assure-ce-dirigeant-20240707</guid>
                <title>L’époque où les chefs se réservaient les plus beaux et les plus grands espaces est révolue, assure ce dirigeant</title>
                                <link>https://www.lefigaro.fr/decideurs/management/l-epoque-ou-les-chefs-se-reservaient-les-plus-beaux-et-les-plus-grands-espaces-est-revolue-assure-ce-dirigeant-20240707</link>
                                    <description>UNE HEURE DANS LE BUREAU - Chaque lundi, un dirigeant ouvre sa porte au Figaro. C’est au tour de Vincent Lecomte, patron de BNP Paribas Wealth Management.</description>
                                <category>Management</category>
                <pubDate>Mon, 08 Jul 2024 09:55:53 +0200</pubDate>

                                                            <media:content url="https://i.f1g.fr/media/cms/3000x2001_crop/2024/07/07/978db93838acacaf34ce2ed618ffb3180339a4a57a82d5db11f0dffdf71baa70.jpg" width="3000" height="2001">
                            <media:description type="plain">Vincent Lecomte, CEO de BNP Paribas Wealth Management, dans son bureau au siÃ¨ge de la BNP Paris le 18/06/2024 Photo FranÃ§ois Bouchon / Le Figaro</media:description>
                            <media:credit>FranÃ§ois BOUCHON  / FranÃ§ois Bouchon / Le Figaro</media:credit>
                        </media:content>
                                                </item>
                    <item>
                <guid>https://www.lefigaro.fr/decideurs/management/mon-plus-grand-stress-ne-pas-etre-au-rendez-vous-visite-intime-chez-pierre-gagnaire-cote-coulisses-20240421</guid>
                <title>«Mon plus grand stress? Ne pas être au rendez-vous»: visite intime chez Pierre Gagnaire</title>
                                <link>https://www.lefigaro.fr/decideurs/management/mon-plus-grand-stress-ne-pas-etre-au-rendez-vous-visite-intime-chez-pierre-gagnaire-cote-coulisses-20240421</link>
                                    <description>UNE HEURE DANS LE BUREAU - Chaque semaine, un dirigeant ouvre sa porte au Figaro. C’est au tour du chef triplement étoilé.</description>
                                <category>Vie de bureau</category>
                <pubDate>Sun, 21 Apr 2024 18:00:00 +0200</pubDate>

                                                            <media:content url="https://i.f1g.fr/media/cms/3000x1687_crop/2024/04/21/ac163d1a2233da3f81b0b88f915763613b2e22523f7e191b1f69d9de87c193f2.jpg" width="3000" height="1687">
                            <media:description type="plain">Pierre Gagnaire, dans son bureau installé dans l'immeuble qui jouxte son restaurant de la rue de Balzac, à Paris.</media:description>
                            <media:credit>SEBASTIEN SORIANO / Le Figaro</media:credit>
                        </media:content>
                                                </item>
                    <item>
                <guid>https://www.lefigaro.fr/decideurs/visite-guidee-du-bureau-labo-du-philippe-pouletty-medecin-et-chasseur-de-brevets-20240324</guid>
                <title>Visite guidée du bureau-labo du Dr Pouletty, chercheur-entrepreneur et chasseur de brevets</title>
                                <link>https://www.lefigaro.fr/decideurs/visite-guidee-du-bureau-labo-du-philippe-pouletty-medecin-et-chasseur-de-brevets-20240324</link>
                                    <description>UNE HEURE DANS LE BUREAU - Chaque lundi, un dirigeant ouvre sa porte au Figaro. C’est le tour du chercheur-entrepreneur, cofondateur de Truffle Capital.</description>
                                <category>Vie de bureau</category>
                <pubDate>Sun, 24 Mar 2024 17:41:03 +0100</pubDate>

                                                            <media:content url="https://i.f1g.fr/media/cms/3000x1687_crop/2024/03/24/2f38f72d49629f587ffb8e2eab98f9c15a167b188763d43896f579ed5352ce5f.jpg" width="3000" height="1687">
                            <media:description type="plain">Philippe Pouletty a déposé 30 brevets.</media:description>
                            <media:credit>Quentin PÉRINEL</media:credit>
                        </media:content>
                                                </item>
                    <item>
                <guid>https://www.lefigaro.fr/decideurs/vie-bureau/olivier-kretz-une-colocation-familiale-et-professionnelle-20240310</guid>
                <title>Visite guidée dans la «colocation familiale et professionnelle» de la famille Kretz, à Boulogne</title>
                                <link>https://www.lefigaro.fr/decideurs/vie-bureau/olivier-kretz-une-colocation-familiale-et-professionnelle-20240310</link>
                                    <description>UNE HEURE DANS LE BUREAU - Chaque semaine, un dirigeant ouvre sa porte au Figaro. Cette semaine, Olivier Kretz, fondateur de L’Agence.</description>
                                <category>Vie de bureau</category>
                <pubDate>Mon, 11 Mar 2024 15:19:41 +0100</pubDate>

                                                            <media:content url="https://i.f1g.fr/media/eidos/630x354_crop/2024/03/10/XVM9fd86938-ded0-11ee-bf29-e9a52e634e7a.jpg" width="630" height="354">
                            <media:description type="plain">Olivier Kretz dans sa maison-bureau à Boulogne-Billancourt.</media:description>
                            <media:credit>SEBASTIEN SORIANO/Le Figaro</media:credit>
                        </media:content>
                                                </item>
                    <item>
                <guid>https://www.lefigaro.fr/decideurs/vie-bureau/pourquoi-miser-sur-un-premier-poste-a-londres-reste-une-bonne-idee-pour-les-jeunes-diplomes-francais-20240228</guid>
                <title>Pourquoi miser sur un premier poste à Londres reste une bonne idée pour les jeunes diplômés français</title>
                                <link>https://www.lefigaro.fr/decideurs/vie-bureau/pourquoi-miser-sur-un-premier-poste-a-londres-reste-une-bonne-idee-pour-les-jeunes-diplomes-francais-20240228</link>
                                    <description>TÉMOIGNAGES – Si les difficultés économiques s’amoncellent depuis le Brexit, nombre de jeunes professionnels restent attirés par le Royaume-Uni et ses carrières professionnelles prometteuses.</description>
                                <category>Vie de bureau</category>
                <pubDate>Sun, 03 Mar 2024 23:38:41 +0100</pubDate>

                                                            <media:content url="https://i.f1g.fr/media/cms/3000x2000_crop/2024/02/26/aead5ca4a946b0fad92cbca13471e7bce75ab9e4ee69bfc42ffa5e5f14a883f1.jpg" width="3000" height="2000">
                            <media:description type="plain">Londres est loin d'avoir dit son dernier mot et conserve une véritable attractivité auprès des jeunes diplômés français.</media:description>
                            <media:credit>merla - stock.adobe.com</media:credit>
                        </media:content>
                                                </item>
                    <item>
                <guid>https://www.lefigaro.fr/decideurs/vie-bureau/alain-crevet-une-ambiance-musee-et-rock-20240225</guid>
                <title>Alain Crevet: «Mon bureau est mon temple depuis 2006 avec son ambiance musée et rock»</title>
                                <link>https://www.lefigaro.fr/decideurs/vie-bureau/alain-crevet-une-ambiance-musee-et-rock-20240225</link>
                                    <description>UNE HEURE DANS LE BUREAU - Chaque semaine, un dirigeant ouvre sa porte au Figaro. C’est au tour du président du directoire de ST Dupont.</description>
                                <category>Vie de bureau</category>
                <pubDate>Tue, 27 Feb 2024 16:29:06 +0100</pubDate>

                                                            <media:content url="https://i.f1g.fr/media/eidos/630x354_crop/2024/02/25/XVM4bde0eba-d254-11ee-9289-e01cd381f652.jpg" width="630" height="354">
                            <media:description type="plain">«Je suis un homme d’affaires qui s’amuse», confie Alain Crevet, président du directoire de ST Dupont.</media:description>
                            <media:credit>SEBASTIEN SORIANO/Le Figaro</media:credit>
                        </media:content>
                                                </item>
                    <item>
                <guid>https://www.lefigaro.fr/decideurs/vie-bureau/jean-charles-de-castelbajac-l-archipel-de-mes-emotions-20240211</guid>
                <title>Jean-Charles de Castelbajac: «Chez moi, mon bureau est l’archipel de mes émotions»</title>
                                <link>https://www.lefigaro.fr/decideurs/vie-bureau/jean-charles-de-castelbajac-l-archipel-de-mes-emotions-20240211</link>
                                    <description>UNE HEURE DANS LE BUREAU - Chaque semaine, un dirigeant ouvre sa porte au Figaro. C’est au tour de l’artiste et créateur de mode de présenter son appartement atelier parisien.</description>
                                <category>Vie de bureau</category>
                <pubDate>Mon, 12 Feb 2024 14:48:34 +0100</pubDate>

                                                            <media:content url="https://i.f1g.fr/media/eidos/630x354_crop/2024/02/11/XVM1cd2a76a-c760-11ee-982d-ddc8afb59c04.jpg" width="630" height="354">
                            <media:description type="plain">Jean-Charles de Castelbajac, artiste protéiforme et entrepreneur.</media:description>
                            <media:credit>François Bouchon / Le Figaro</media:credit>
                        </media:content>
                                                </item>
                    <item>
                <guid>https://www.lefigaro.fr/decideurs/vie-bureau/le-monde-perd-ses-couleurs-au-royaume-du-conformisme-l-inclusion-est-elle-une-tyrannie-deguisee-20240205</guid>
                <title>Pourquoi le diktat de l’inclusion et de la bienveillance au travail pourrait être une tyrannie déguisée</title>
                                <link>https://www.lefigaro.fr/decideurs/vie-bureau/le-monde-perd-ses-couleurs-au-royaume-du-conformisme-l-inclusion-est-elle-une-tyrannie-deguisee-20240205</link>
                                    <description>Posons la question. Le mouvement de l’inclusivité auquel s’adonne à l’envi le monde du travail cacherait-il des coulisses plus sombres ? La simplification et l’uniformisation ont leurs travers. Explications.</description>
                                <category>Vie de bureau</category>
                <pubDate>Sun, 11 Feb 2024 18:07:22 +0100</pubDate>

                                                            <media:content url="https://i.f1g.fr/media/cms/3000x2000_crop/2024/02/05/a8e2d711ddb45adcbcd83f7bc09bb83734ac7a62b93321ba0b07984929fbf00b.jpg" width="3000" height="2000">
                            <media:description type="plain">Ce diktat de l'humanisme actuel est porté par la peur.</media:description>
                            <media:credit>Takashi / stock.adobe.com</media:credit>
                        </media:content>
                                                </item>
                    <item>
                <guid>https://www.lefigaro.fr/decideurs/vie-bureau/c-est-la-grande-recreation-quand-la-flexibilite-au-travail-degenere-en-conflits-et-abus-de-confiance-20240204</guid>
                <title>«C’est la grande récréation» : quand la flexibilité au travail dégénère en conflits et abus de confiance</title>
                                <link>https://www.lefigaro.fr/decideurs/vie-bureau/c-est-la-grande-recreation-quand-la-flexibilite-au-travail-degenere-en-conflits-et-abus-de-confiance-20240204</link>
                                    <description>Cette nouvelle liberté au travail, la sacro-sainte «flexibilité», peut parfois se retourner contre elle-même et mener au chaos. Certaines tensions sont l’occasion de remettre l’église au centre du village. Explications.</description>
                                <category>Vie de bureau</category>
                <pubDate>Mon, 05 Feb 2024 11:38:22 +0100</pubDate>

                                                            <media:content url="https://i.f1g.fr/media/cms/3000x2000_crop/2024/01/29/567913e3eee08c8480ad66fb5074f3d0678f19b4d9de80ad94ebdf9df6582ede.jpg" width="3000" height="2000">
                            <media:description type="plain">L’entrée du parc Disneyland Paris.</media:description>
                            <media:credit>ALF photo / stock.adobe.com</media:credit>
                        </media:content>
                                                </item>
                    <item>
                <guid>https://www.lefigaro.fr/decideurs/vie-bureau/guillaume-chesneau-ce-lieu-incarne-les-innovations-de-notre-epoque-20240128</guid>
                <title>Guillaume Chesneau: «Ce lieu incarne les innovations de notre époque»</title>
                                <link>https://www.lefigaro.fr/decideurs/vie-bureau/guillaume-chesneau-ce-lieu-incarne-les-innovations-de-notre-epoque-20240128</link>
                                    <description>UNE HEURE DANS LE BUREAU - Chaque semaine, un dirigeant ouvre sa porte au Figaro. C’est au tour du directeur général de Nespresso France.</description>
                                <category>Vie de bureau</category>
                <pubDate>Sun, 28 Jan 2024 16:32:00 +0100</pubDate>

                                                            <media:content url="https://i.f1g.fr/media/eidos/630x354_crop/2024/01/28/XVMde4376a4-bdce-11ee-98d0-78a341fc95ac.jpg" width="630" height="354">
                            <media:description type="plain">Guillaume Chesneau, directeur général de Nespresso France.</media:description>
                            <media:credit>François Bouchon/Le Figaro</media:credit>
                        </media:content>
                                                </item>
                    <item>
                <guid>https://www.lefigaro.fr/decideurs/vie-bureau/frederic-nouel-notre-ecrin-reinvente-le-metier-d-avocat-20240121</guid>
                <title>Frédéric Nouel: «Nos bureaux ont été créés pour réinventer le métier d’avocat»</title>
                                <link>https://www.lefigaro.fr/decideurs/vie-bureau/frederic-nouel-notre-ecrin-reinvente-le-metier-d-avocat-20240121</link>
                                    <description>UNE HEURE DANS LE BUREAU - L’associé du cabinet d’avocats Gide Loyrette Nouel ouvre sa porte au Figaro.</description>
                                <category>Vie de bureau</category>
                <pubDate>Mon, 22 Jan 2024 14:38:25 +0100</pubDate>

                                                            <media:content url="https://i.f1g.fr/media/eidos/630x354_crop/2024/01/21/XVM0b0266e4-b6d8-11ee-bace-39ccf1990860.jpg" width="630" height="354">
                            <media:description type="plain">Frédéric Nouel.</media:description>
                            <media:credit>SEBASTIEN SORIANO/Le Figaro</media:credit>
                        </media:content>
                                                </item>
                    <item>
                <guid>https://www.lefigaro.fr/decideurs/vie-bureau/chers-collegues-l-enfer-c-est-les-autres-surtout-lorsqu-on-ne-les-choisit-pas-20240120</guid>
                <title>«Chers collègues»: l’enfer c’est les autres... surtout lorsqu’on ne les choisit pas</title>
                                <link>https://www.lefigaro.fr/decideurs/vie-bureau/chers-collegues-l-enfer-c-est-les-autres-surtout-lorsqu-on-ne-les-choisit-pas-20240120</link>
                                    <description>CRITIQUE - Quentin Périnel, jeune homme jovial officiant au Figaro, a recensé une soixantaine de types de collègues dans un ouvrage très drôle.</description>
                                <category>Vie de bureau</category>
                <pubDate>Sat, 20 Jan 2024 07:00:20 +0100</pubDate>

                                                            <media:content url="https://i.f1g.fr/media/eidos/630x354_crop/2024/01/20/XVMde348942-b387-11ee-a556-e12b0fbe7570.jpg" width="630" height="354">
                            <media:description type="plain">Quentin Périnel.</media:description>
                            <media:credit>François BOUCHON</media:credit>
                        </media:content>
                                                </item>
                    <item>
                <guid>https://www.lefigaro.fr/decideurs/vie-bureau/emmanuelle-malecaze-doublet-dg-du-pmu-ma-porte-ne-ferme-plus-20240114</guid>
                <title>Emmanuelle Malecaze-Doublet, DG du PMU: «La localisation de notre siège est la plus «juste» pour tous les salariés»</title>
                                <link>https://www.lefigaro.fr/decideurs/vie-bureau/emmanuelle-malecaze-doublet-dg-du-pmu-ma-porte-ne-ferme-plus-20240114</link>
                                    <description>UNE HEURE DANS LE BUREAU - Chaque lundi, un dirigeant ouvre sa porte au Figaro. La jeune directice générale de 35 ans revient sur son parcours et le déménagement des locaux du groupe.</description>
                                <category>Vie de bureau</category>
                <pubDate>Mon, 15 Jan 2024 09:51:29 +0100</pubDate>

                                                            <media:content url="https://i.f1g.fr/media/eidos/630x354_crop/2024/01/14/XVM5d1a0b4a-b2cc-11ee-b884-0a23e89d1b32.jpg" width="630" height="354">
                            <media:description type="plain">La directrice générale du Pari mutuel urbain dans son bureau.</media:description>
                            <media:credit>François BOUCHON /François Bouchon / Le Figaro</media:credit>
                        </media:content>
                                                </item>
                    <item>
                <guid>https://www.lefigaro.fr/decideurs/vie-bureau/corine-de-bilbao-ici-aucun-espace-de-travail-n-est-sacre-20240107</guid>
                <title>Corine de Bilbao, CEO de Microsoft France: «Il faut réparer les erreurs de la crise sanitaire»</title>
                                <link>https://www.lefigaro.fr/decideurs/vie-bureau/corine-de-bilbao-ici-aucun-espace-de-travail-n-est-sacre-20240107</link>
                                    <description>UNE HEURE DANS LE BUREAU - Chaque lundi, un dirigeant ouvre sa porte au Figaro. La patronne de Microsoft en France revient sur les erreurs qui ont été commises par les entreprises pendant la crise de la Covid-19.</description>
                                <category>Vie de bureau</category>
                <pubDate>Mon, 08 Jan 2024 09:57:36 +0100</pubDate>

                                                            <media:content url="https://i.f1g.fr/media/eidos/630x354_crop/2024/01/07/XVM70f3cc44-ab1c-11ee-844f-d602fe6ffe3c.jpg" width="630" height="354">
                            <media:description type="plain">Corine de Bilbao a ses habitudes au 7
e étage où l’on trouve traditionnellement la Leadership Team.</media:description>
                            <media:credit>François Bouchon / Le Figaro</media:credit>
                        </media:content>
                                                </item>
                    <item>
                <guid>https://www.lefigaro.fr/decideurs/vie-bureau/faire-semblant-de-rigoler-pendant-deux-jours-c-est-absurde-comment-les-entreprises-se-trompent-sur-les-effets-du-team-building-20231220</guid>
                <title>«Faire semblant de rigoler pendant deux jours, c'est absurde!» : comment les entreprises se trompent sur les effets du team building</title>
                                <link>https://www.lefigaro.fr/decideurs/vie-bureau/faire-semblant-de-rigoler-pendant-deux-jours-c-est-absurde-comment-les-entreprises-se-trompent-sur-les-effets-du-team-building-20231220</link>
                                    <description>DÉCRYPTAGE - Des salariés mal à l’aise, des chefs qui vous poussent à boire, l’obligation de faire semblant de s’amuser quitte à se moquer des autres... Une étude menée par deux chercheurs révèle à quel point ces moments censés souder les équipes dégoûtent les jeunes diplômés.</description>
                                <category>Vie de bureau</category>
                <pubDate>Wed, 20 Dec 2023 10:12:29 +0100</pubDate>

                                                            <media:content url="https://i.f1g.fr/media/cms/3000x2000_crop/2023/12/11/1a4efab7bbbc6d17160dda6555a8469e0d3560214c35428a2fafc6a8c7aa92ae.jpg" width="3000" height="2000">
                            <media:description type="plain">Le Segway est l’attraction en vogue pour les séances de team building. Pour le meilleur et pour le pire.</media:description>
                            <media:credit>Kzenon - stock.adobe.com</media:credit>
                        </media:content>
                                                </item>
                    <item>
                <guid>https://www.lefigaro.fr/decideurs/vie-bureau/c-etait-mon-ami-et-il-m-a-vire-ce-que-vous-risquez-a-faire-venir-un-proche-dans-votre-entreprise-20231214</guid>
                <title>«C’était mon ami et il m’a viré !» : Ce que vous risquez à faire venir un proche dans votre entreprise</title>
                                <link>https://www.lefigaro.fr/decideurs/vie-bureau/c-etait-mon-ami-et-il-m-a-vire-ce-que-vous-risquez-a-faire-venir-un-proche-dans-votre-entreprise-20231214</link>
                                    <description>NOS CONSEILS - Les salariés qui aident une de leurs connaissances à se faire embaucher tombent parfois de haut.</description>
                                <category>Vie de bureau</category>
                <pubDate>Thu, 14 Dec 2023 14:40:48 +0100</pubDate>

                                                            <media:content url="https://i.f1g.fr/media/cms/3000x2000_crop/2023/12/08/894016da7538642b71c1b027c02074fdf7861b0237de6b7b98fe5f6a9a8b7502.jpg" width="3000" height="2000">
                            <media:description type="plain">Devoir son poste à l’un de ses collaborateurs n’est pas facile à vivre.</media:description>
                            <media:credit>auremar - stock.adobe.com</media:credit>
                        </media:content>
                                                </item>
                    <item>
                <guid>https://www.lefigaro.fr/decideurs/vie-bureau/jean-philippe-dogneton-un-coup-de-foudre-professionnel-20231126</guid>
                <title>Jean-Philippe Dogneton: «Mon bureau raconte mon coup de foudre professionnel»</title>
                                <link>https://www.lefigaro.fr/decideurs/vie-bureau/jean-philippe-dogneton-un-coup-de-foudre-professionnel-20231126</link>
                                    <description>UNE HEURE DANS LE BUREAU - Le directeur général de la Macif ouvre sa porte au Figaro .</description>
                                <category>Vie de bureau</category>
                <pubDate>Mon, 27 Nov 2023 16:49:17 +0100</pubDate>

                                                            <media:content url="https://i.f1g.fr/media/eidos/630x354_crop/2023/11/26/XVM0c81b920-8c4e-11ee-a87a-415cd9f17718.jpg" width="630" height="354">
                            <media:description type="plain">Jean-Philippe Dogneton, directeur général de la Macif.</media:description>
                            <media:credit>François Bouchon / Le Figaro</media:credit>
                        </media:content>
                                                </item>
                    <item>
                <guid>https://www.lefigaro.fr/decideurs/vie-bureau/nina-caput-un-petit-monde-ou-tout-le-monde-se-connait-20231119</guid>
                <title>Nina Caput: «Mon bureau, c’est l’univers des chevaux»</title>
                                <link>https://www.lefigaro.fr/decideurs/vie-bureau/nina-caput-un-petit-monde-ou-tout-le-monde-se-connait-20231119</link>
                                    <description>UNE HEURE DANS LE BUREAU - La cofondatrice d’Eqwin ouvre sa porte au Figaro.</description>
                                <category>Vie de bureau</category>
                <pubDate>Mon, 20 Nov 2023 09:08:04 +0100</pubDate>

                                                            <media:content url="https://i.f1g.fr/media/eidos/630x354_crop/2023/11/19/XVMea5b9ec2-86c8-11ee-9779-b03716c79d1d.jpg" width="630" height="354">
                            <media:description type="plain">Nina Caput, cofondatrice d’Eqwin.</media:description>
                            <media:credit>Quentin Périnel</media:credit>
                        </media:content>
                                                </item>
                    <item>
                <guid>https://www.lefigaro.fr/decideurs/vie-bureau/olivier-girard-en-1997-j-etais-deja-en-flex-office-20231029</guid>
                <title>Olivier Girard: «En 1997, j’étais déjà en flex office»</title>
                                <link>https://www.lefigaro.fr/decideurs/vie-bureau/olivier-girard-en-1997-j-etais-deja-en-flex-office-20231029</link>
                                    <description>UNE HEURE DANS LE BUREAU - Chaque semaine, un dirigeant ouvre sa porte au Figaro.</description>
                                <category>Vie de bureau</category>
                <pubDate>Sun, 29 Oct 2023 17:45:12 +0100</pubDate>

                                                            <media:content url="https://i.f1g.fr/media/eidos/630x354_crop/2023/10/29/XVMb2995c52-7644-11ee-961b-16cdb2716e3a.jpg" width="630" height="354">
                            <media:description type="plain">«Moins je passe de temps ici, plus je bosse», avoue Olivier Girard.</media:description>
                            <media:credit>François Bouchon / Le Figaro</media:credit>
                        </media:content>
                                                </item>
            </channel>
</rss>
