<?xml version="1.0" encoding="UTF-8"?>
<rss version="2.0" xmlns:atom="http://www.w3.org/2005/Atom" xmlns:media="http://search.yahoo.com/mrss/">
    <channel>
        <atom:link href="https://www.lefigaro.fr/rss/figaro_actualite-france.xml" rel="self" type="application/rss+xml"/>
        <category>Société</category>
        <title>Le Figaro - France : Toute l&#039;actualité en France</title>
        <description>Retrouvez toute l&#039;actualité de la société française en direct sur Le Figaro.fr</description>
        <link>http://www.lefigaro.fr</link>
        <language>fr</language>
        <copyright>Droits de reproduction et de diffusion réservés LeFigaro.fr</copyright>
        <lastBuildDate>Mon, 10 Feb 2025 13:38:29 +0100</lastBuildDate>
        <docs>https://www.lefigaro.fr/rss</docs>
        <image>
            <title>Le Figaro - France : Toute l&#039;actualité en France</title>
            <url>https://static.lefigaro.fr/common/logos/logo-150x150.png</url>
            <link>http://www.lefigaro.fr</link>
            <description>Retrouvez toute l&#039;actualité de la société française en direct sur Le Figaro.fr</description>
        </image>

                    <item>
                <guid>https://www.lefigaro.fr/international/scandales-sexuels-crise-des-vocations-chute-des-pratiquants-l-eglise-d-angleterre-dans-la-tourmente-20250209</guid>
                <title>Scandales sexuels, crise des vocations, chute des pratiquants: l’Église d’Angleterre dans la tourmente</title>
                                <link>https://www.lefigaro.fr/international/scandales-sexuels-crise-des-vocations-chute-des-pratiquants-l-eglise-d-angleterre-dans-la-tourmente-20250209</link>
                                    <description>ENQUÊTE - Les démissions de l’archevêque de Canterbury et de l’évêque de Liverpool sur fond de scandale ont mis en lumière une crise historique. Profondément divisée entre progressistes et conservateurs, l’Église anglicane semble plus affaiblie que jamais.</description>
                                <category>International</category>
                <pubDate>Sun, 09 Feb 2025 22:09:41 +0100</pubDate>

                                                            <media:content url="https://i.f1g.fr/media/cms/3000x2000_crop/2025/02/09/3d9d2d36f4b4c74da6b3ba2469e8968c0bb2cb23809545b600ac2fa2ea4932ae.jpg" width="3000" height="2000">
                            <media:description type="plain">Début novembre 2024, un rapport accablant a scellé le sort de l’archevêque de Canterbury qui a dû démissionner (ci-dessus, lors de la dépose de sa crosse, le 6 janvier, dans la chapelle de Lambeth Palace, à Londres). Justin Welby aurait tardé à signaler aux autorités un agresseur en série.</media:description>
                            <media:credit>Neil Turner for Lambeth Palace / via REUTERS</media:credit>
                        </media:content>
                                                </item>
                    <item>
                <guid>https://www.lefigaro.fr/actualite-france/confidente-de-monique-olivier-reconstitutions-spectaculaires-sabine-kheris-la-juge-des-cold-case-qui-prend-la-lumiere-20250209</guid>
                <title>Confidente de Monique Olivier, reconstitutions spectaculaires… Sabine Khéris, la juge des «cold case» qui prend la lumière</title>
                                <link>https://www.lefigaro.fr/actualite-france/confidente-de-monique-olivier-reconstitutions-spectaculaires-sabine-kheris-la-juge-des-cold-case-qui-prend-la-lumiere-20250209</link>
                                    <description>PORTRAIT - La magistrate de l’instruction, qui officie à Nanterre, a construit sa réputation avec des méthodes iconoclastes.</description>
                                <category>Société</category>
                <pubDate>Sun, 09 Feb 2025 19:06:41 +0100</pubDate>

                                                            <media:content url="https://i.f1g.fr/media/cms/1845x1037_crop/2025/02/09/0a736f57f31a46b952fcafd6de6c6518a0134530527da651b54807e2f862562e.jpg" width="1845" height="1037">
                            <media:description type="plain">La juge Sabine Kheris.</media:description>
                            <media:credit>PHOTOPQR/LA MONTAGNE/MAXPPP</media:credit>
                        </media:content>
                                                </item>
                    <item>
                <guid>https://www.lefigaro.fr/actualite-france/valerie-pecresse-plus-de-50-des-incivilites-et-des-actes-de-delinquance-dans-les-transports-sont-commis-par-des-fraudeurs-20250209</guid>
                <title>Valérie Pécresse : «Plus de 50% des incivilités et des actes de délinquance dans les transports sont commis par des fraudeurs»</title>
                                <link>https://www.lefigaro.fr/actualite-france/valerie-pecresse-plus-de-50-des-incivilites-et-des-actes-de-delinquance-dans-les-transports-sont-commis-par-des-fraudeurs-20250209</link>
                                    <description>ENTRETIEN - Pour la présidente d’Île-de-France Mobilités, la lutte contre les resquilleurs est primordiale pour faire baisser l’insécurité dans les trains, métros et bus.</description>
                                <category>Société</category>
                <pubDate>Sun, 09 Feb 2025 20:24:03 +0100</pubDate>

                                                            <media:content url="https://i.f1g.fr/media/cms/2602x1463_crop/2025/02/09/0669e49adb4f5939c75a7f501dba5b787651a20ed6cc36412cfb762746538d30.jpg" width="2602" height="1463">
                            <media:description type="plain">Valérie Pécresse à Neuilly-sur-Seine, le 16 janvier 2025.</media:description>
                            <media:credit>Stevens Tomas/ABACA</media:credit>
                        </media:content>
                                                </item>
                    <item>
                <guid>https://www.lefigaro.fr/actualite-france/surete-dans-les-transports-vers-plus-de-pouvoir-pour-les-agents-20250209</guid>
                <title>Sûreté dans les transports : vers plus de pouvoir pour les agents</title>
                                <link>https://www.lefigaro.fr/actualite-france/surete-dans-les-transports-vers-plus-de-pouvoir-pour-les-agents-20250209</link>
                                    <description>DÉCRYPTAGE - Une proposition de loi, débattue cette semaine, vise à améliorer la sécurité sur les réseaux SNCF et RATP.</description>
                                <category>Société</category>
                <pubDate>Sun, 09 Feb 2025 17:56:40 +0100</pubDate>

                                                            <media:content url="https://i.f1g.fr/media/cms/2995x1685_crop/2025/02/09/06c158b8156b9566adeaf139b9e86e91701b159fed5726cb6f8ba39367314aee.jpg" width="2995" height="1685">
                            <media:description type="plain">Des agents du Groupe de protection et de sécurité des réseaux de la RATP procèdent à une intervention.</media:description>
                            <media:credit>ALAIN JOCARD / AFP</media:credit>
                        </media:content>
                                                </item>
                    <item>
                <guid>https://www.lefigaro.fr/demain/societe/je-savais-que-j-allais-etre-vire-un-jour-mais-par-une-arabe-c-est-ch-t-merwane-benlazar-licencie-de-france-5-par-rachida-dati-repond-aux-racistes-20250209</guid>
                <title>«Je savais que j’allais être viré un jour, mais par une Arabe c’est ch...t» : Merwane Benlazar, licencié de France 5 par Rachida Dati, répond aux «racistes»</title>
                                <link>https://www.lefigaro.fr/demain/societe/je-savais-que-j-allais-etre-vire-un-jour-mais-par-une-arabe-c-est-ch-t-merwane-benlazar-licencie-de-france-5-par-rachida-dati-repond-aux-racistes-20250209</link>
                                    <description>Dans un intermède enregistré le 6 février et diffusé ce dimanche, l’humoriste s’est indigné des menaces reçues après la diffusion de sa chronique sur France 5.</description>
                                <category>Société</category>
                <pubDate>Mon, 10 Feb 2025 08:30:32 +0100</pubDate>

                                                            <media:content url="https://i.f1g.fr/media/cms/orig/2025/02/09/d40308167f1d57f328aa578b610f82204b4481b50c2e98a8f0068ca9b3fefd2a.png" width="1751" height="968">
                            <media:description type="plain">L’humoriste a construit son personnage de scène sur un jeu avec les stéréotypes et les inquiétudes que suscite en France le renforcement d’un islam identitaire.</media:description>
                            <media:credit>Capture d&#039;écran sur le réseau social X</media:credit>
                        </media:content>
                                                </item>
                    <item>
                <guid>https://www.lefigaro.fr/actualite-france/on-chante-presque-16-heures-par-semaine-entre-college-et-maitrise-la-double-vie-des-jeunes-chanteurs-de-notre-dame-20250209</guid>
                <title>«On chante presque 16 heures par semaine !» : entre collège et maîtrise, la double vie des jeunes chanteurs de Notre-Dame</title>
                                <link>https://www.lefigaro.fr/actualite-france/on-chante-presque-16-heures-par-semaine-entre-college-et-maitrise-la-double-vie-des-jeunes-chanteurs-de-notre-dame-20250209</link>
                                    <description>REPORTAGE - Depuis le mois de décembre, les maîtrisiens ont réinvesti la cathédrale après cinq ans et demi hors les murs.</description>
                                <category>Société</category>
                <pubDate>Sun, 09 Feb 2025 14:40:11 +0100</pubDate>

                                                            <media:content url="https://i.f1g.fr/media/cms/3000x2002_crop/2025/02/06/a2d9c0d04fdfc40c9f2ba923950cd4abf610502aeec1a3c26ea050735de2184c.jpg" width="3000" height="2002">
                            <media:description type="plain">Le dimanche 2 février, le chœur d’enfants de la maîtrise Notre-Dame de Paris a animé les messes de 11h30 et 18h30 de la cathédrale récemment rénovée.</media:description>
                            <media:credit>François Bouchon / Le Figaro</media:credit>
                        </media:content>
                                                </item>
                    <item>
                <guid>https://www.lefigaro.fr/actualite-france/la-diaspora-d-asie-du-sud-est-modele-d-une-integration-reussie-et-d-une-immigration-vertueuse-20250209</guid>
                <title>La diaspora d’Asie du Sud-Est, modèle d’une intégration réussie et d’une immigration vertueuse</title>
                                <link>https://www.lefigaro.fr/actualite-france/la-diaspora-d-asie-du-sud-est-modele-d-une-integration-reussie-et-d-une-immigration-vertueuse-20250209</link>
                                    <description>EXCLUSIF - Dans une nouvelle étude, l’Observatoire de l’immigration et de la démographie souligne la remarquable intégration sociale et économique des immigrés du Vietnam, du Cambodge et du Laos.</description>
                                <category>Société</category>
                <pubDate>Sun, 09 Feb 2025 08:15:23 +0100</pubDate>

                                                            <media:content url="https://i.f1g.fr/media/cms/2998x1686_crop/2025/02/07/8d9348ff985c70667a375aa1bbd036a76516754e8743dabd330b205c5031c364.jpg" width="2998" height="1686">
                            <media:description type="plain">Une cérémonie en 2019 organisée par la communauté vietnamienne en hommage aux combattants de la minorité Hmong, persécutée pendant des décennies en Indochine.</media:description>
                            <media:credit>Aventurier Patrick/ABACA</media:credit>
                        </media:content>
                                                </item>
                    <item>
                <guid>https://www.lefigaro.fr/actualite-france/eric-de-la-chesnais-le-heraut-des-paysans-20250208</guid>
                <title>Timothée Dufour, le héraut des paysans</title>
                                <link>https://www.lefigaro.fr/actualite-france/eric-de-la-chesnais-le-heraut-des-paysans-20250208</link>
                                    <description>Dans ce livre écrit avec Éric de La Chesnais, notre confrère du Figaro, il lance à la fois un cri d’amour pour la terre et un cri d’alarme.</description>
                                <category>Société</category>
                <pubDate>Sat, 08 Feb 2025 12:31:41 +0100</pubDate>

                                                            <media:content url="https://i.f1g.fr/media/cms/3000x2000_crop/2025/02/05/cced1c1d3af258b7327380f1a2267d2cf14587028944c124f6fe3a0df3e88747.jpg" width="3000" height="2000">
                            <media:description type="plain">Le monde agricole est étouffé par des normes au quotidien.</media:description>
                            <media:credit>Thierry RYO - stock.adobe.com</media:credit>
                        </media:content>
                                                </item>
                    <item>
                <guid>https://www.lefigaro.fr/actualite-france/ou-sont-les-peres-dans-les-familles-monoparentales-le-grand-delitement-du-lien-entre-les-hommes-et-leurs-enfants-20250208</guid>
                <title>Où sont les pères ? Dans les familles monoparentales, le grand délitement du lien entre les hommes et leurs enfants</title>
                                <link>https://www.lefigaro.fr/actualite-france/ou-sont-les-peres-dans-les-familles-monoparentales-le-grand-delitement-du-lien-entre-les-hommes-et-leurs-enfants-20250208</link>
                                    <description>Lorsque les parents se sont séparés avant la naissance ou juste après, un enfant sur deux n’est jamais en contact avec son père. Les motifs d’éloignement sont divers. Les hommes qui ont eu une enfance difficile ont tendance à déserter le paysage familial.</description>
                                <category>Société</category>
                <pubDate>Sat, 08 Feb 2025 16:12:12 +0100</pubDate>

                                                            <media:content url="https://i.f1g.fr/media/cms/3000x2121_crop/2025/02/05/352edf8ddf818981554cc03b487fc3859d0b5e74b1fcb83f762252ea331c8760.png" width="3000" height="2121">
                            <media:description type="plain">Si la séparation a lieu avant le premier mois de l’enfant, ses chances de conserver un lien avec son père sont très faibles. </media:description>
                            <media:credit>Moiselle Isaure</media:credit>
                        </media:content>
                                                </item>
                    <item>
                <guid>https://www.lefigaro.fr/actualite-france/frere-et-soeur-face-au-handicap-chaque-coup-qu-on-lui-donnait-je-le-prenais-aussi-20250208</guid>
                <title>Frère et sœur face au handicap : «Chaque coup qu’on lui donnait, je le prenais aussi»</title>
                                <link>https://www.lefigaro.fr/actualite-france/frere-et-soeur-face-au-handicap-chaque-coup-qu-on-lui-donnait-je-le-prenais-aussi-20250208</link>
                                    <description>RENCONTRE - Dans Zeno, Léa Hirschfeld raconte son parcours aux côtés de son frère Anton, atteint d’un trouble neurologique de naissance. Sa vie a été marquée par des blessures, des révoltes et une profonde remise en question du monde, jusqu’au jour où elle a cessé de chercher un coupable, pour simplement apprendre à être.</description>
                                <category>Société</category>
                <pubDate>Sat, 08 Feb 2025 10:00:00 +0100</pubDate>

                                                            <media:content url="https://i.f1g.fr/media/cms/1209x680_crop/2025/02/07/c9a35d989b7ec156a70e838c47cfefbc4a62dd29d9d436884546031407eae70f.jpg" width="1209" height="680">
                            <media:description type="plain">Léa et Anton Hirschfeld. </media:description>
                            <media:credit>Collection personnelle. </media:credit>
                        </media:content>
                                                </item>
                    <item>
                <guid>https://www.lefigaro.fr/actualite-france/ils-sont-partis-pour-vivre-jusqu-a-cent-ans-c-est-sur-en-france-ces-territoires-ou-le-nombre-de-centenaires-va-exploser-20250208</guid>
                <title>«Ils sont partis pour vivre jusqu’à cent ans, c’est sûr ! » : en France, ces territoires où le nombre de centenaires va exploser</title>
                                <link>https://www.lefigaro.fr/actualite-france/ils-sont-partis-pour-vivre-jusqu-a-cent-ans-c-est-sur-en-france-ces-territoires-ou-le-nombre-de-centenaires-va-exploser-20250208</link>
                                    <description>PALMARÈS EXCLUSIF - Vivre au-delà de cent ans va devenir de moins en moins rare. Le Figaro dévoile le classement des endroits où le nombre de centenaires va le plus progresser entre 2025 et 2070. Découvrez les chiffres.</description>
                                <category>Société</category>
                <pubDate>Sat, 08 Feb 2025 19:50:22 +0100</pubDate>

                                                            <media:content url="https://i.f1g.fr/media/cms/3000x2000_crop/2025/02/05/328ec04d007b6231d3ed96044dcb2089a2ee87bf9741a98dc165eb944a1dd98e.jpg" width="3000" height="2000">
                            <media:description type="plain">En 2070, certains départements pourraient voir leur proportion de centenaires exploser selon des données de l’Insee</media:description>
                            <media:credit>Andrey Bandurenko - stock.adobe.com</media:credit>
                        </media:content>
                                                </item>
                    <item>
                <guid>https://www.lefigaro.fr/actualite-france/financement-libyen-le-peril-encouru-par-des-prevenus-encordes-20250207</guid>
                <title>«Financement libyen»: le péril encouru par des prévenus encordés</title>
                                <link>https://www.lefigaro.fr/actualite-france/financement-libyen-le-peril-encouru-par-des-prevenus-encordes-20250207</link>
                                    <description>DÉCRYPTAGE - Poursuivi — comme Claude Guéant, Brice Hortefeux, Thierry Gaubert et le sulfureux Alexandre Djouhri — pour association de malfaiteurs, Nicolas Sarkozy pourrait pâtir de la faiblesse de leur défense.</description>
                                <category>Société</category>
                <pubDate>Fri, 07 Feb 2025 19:15:45 +0100</pubDate>

                                                            <media:content url="https://i.f1g.fr/media/cms/2998x1686_crop/2025/02/07/b58c86de97218b4f317b3b3141eeafdaa5301e50e015404d21f6193943154f46.jpg" width="2998" height="1686">
                            <media:description type="plain">Croquis de l’audience de jeudi</media:description>
                            <media:credit>BENOIT PEYRUCQ / AFP</media:credit>
                        </media:content>
                                                </item>
                    <item>
                <guid>https://www.lefigaro.fr/actualite-france/droit-des-etrangers-judiciaire-ou-administratif-le-juge-est-tout-puissant-20250207</guid>
                <title>Droit des étrangers: judiciaire ou administratif, le juge est tout-puissant</title>
                                <link>https://www.lefigaro.fr/actualite-france/droit-des-etrangers-judiciaire-ou-administratif-le-juge-est-tout-puissant-20250207</link>
                                    <description>ANALYSE - À l’image de l’affaire Doualemn, chaque décision du ministère de l’Intérieur en matière d’expulsion est aujourd’hui frappée du sceau de la fragilité.</description>
                                <category>Société</category>
                <pubDate>Sun, 09 Feb 2025 16:09:35 +0100</pubDate>

                                                            <media:content url="https://i.f1g.fr/media/cms/3000x1687_crop/2025/02/07/7606518fbfea882837b0052a290a182e2c97e3a71eeb7fcf428f6d9183334799.jpg" width="3000" height="1687">
                            <media:description type="plain">Le ministère de l’Intérieur n’a pas interjeté appel contre la décision du juge administratif, jeudi 6 février, de suspendre l’OQTF de l’influenceur algérien Doualemn.</media:description>
                            <media:credit>Sophie Animes - stock.adobe.com</media:credit>
                        </media:content>
                                                </item>
                    <item>
                <guid>https://www.lefigaro.fr/actualite-france/laurent-alexandre-chatgpt-excelle-dans-la-manipulation-des-sentiments-20250207</guid>
                <title>Laurent Alexandre : «ChatGPT excelle dans la manipulation des sentiments»</title>
                                <link>https://www.lefigaro.fr/actualite-france/laurent-alexandre-chatgpt-excelle-dans-la-manipulation-des-sentiments-20250207</link>
                                    <description>ENTRETIEN - Pour l’auteur de ChatGPT va nous rendre immortels, «tout est en place» pour que les humains développent une «dépendance accrue» à l’intelligence artificielle.</description>
                                <category>Société</category>
                <pubDate>Fri, 07 Feb 2025 22:12:29 +0100</pubDate>

                                                            <media:content url="https://i.f1g.fr/media/cms/3000x1372_crop/2025/02/06/96b5a26869f98a317df6c5e30ce98da314f9078c040857614178f1ce347d88ac.jpg" width="3000" height="1372">
                            <media:description type="plain">Laurent Alexandre.</media:description>
                            <media:credit>Coll. pers.</media:credit>
                        </media:content>
                                                </item>
                    <item>
                <guid>https://www.lefigaro.fr/actualite-france/je-suis-tombee-amoureuse-de-chatgpt-20250207</guid>
                <title>«Il surpasse la majorité des hommes» : l’incroyable histoire de Mika, tombée amoureuse de ChatGPT</title>
                                <link>https://www.lefigaro.fr/actualite-france/je-suis-tombee-amoureuse-de-chatgpt-20250207</link>
                                    <description>TÉMOIGNAGE - Cette jeune femme de 23 ans voit en Elias - le nom que s’est donné l’intelligence artificielle générative lors de leurs discussions - un partenaire fiable, qui répond à (presque) toutes ses attentes affectives.</description>
                                <category>Société</category>
                <pubDate>Sat, 08 Feb 2025 12:04:30 +0100</pubDate>

                                                            <media:content url="https://i.f1g.fr/media/cms/3000x2250_crop/2025/02/07/31a68991f68ab15cd5134dbcea0df8791ee6396c7355e9b879c64a8f14e28fe3.jpg" width="3000" height="2250">
                            <media:description type="plain">Après trois mois de discussions seulement, Mika a développé ses premiers sentiments pour Elias (ChatGPT). </media:description>
                            <media:credit>Charlotte Paroielle / GettyImages / LE FIGARO</media:credit>
                        </media:content>
                                                </item>
                    <item>
                <guid>https://www.lefigaro.fr/actualite-france/arnaud-rousseau-apres-le-camouflet-de-la-fnsea-aux-elections-agricoles-je-ne-suis-ni-dans-le-deni-ni-dans-le-catastrophisme-20250207</guid>
                <title>Arnaud Rousseau après la contre-performance de la FNSEA aux élections agricoles  : «Je ne suis ni dans le déni ni dans le catastrophisme»</title>
                                <link>https://www.lefigaro.fr/actualite-france/arnaud-rousseau-apres-le-camouflet-de-la-fnsea-aux-elections-agricoles-je-ne-suis-ni-dans-le-deni-ni-dans-le-catastrophisme-20250207</link>
                                    <description>ENTRETIEN - Le président de la FNSEA assume les mauvais résultats «historiques» du syndicat agricole qui, avec son partenaire des JA, a perdu la gouvernance de 20 des 92 chambres d’agriculture.</description>
                                <category>Société</category>
                <pubDate>Mon, 10 Feb 2025 08:40:50 +0100</pubDate>

                                                            <media:content url="https://i.f1g.fr/media/cms/3000x2000_crop/2025/02/07/2b0ed435a8adecad41e86b0485538a6ec1a782b442531193cdc6e8fed1621013.jpg" width="3000" height="2000">
                            <media:description type="plain">Arnaud Rousseau, agriculteur en Seine et Marne et président de la FNSEA depuis 2023.</media:description>
                            <media:credit>Sarah Meyssonnier / REUTERS</media:credit>
                        </media:content>
                                                </item>
                    <item>
                <guid>https://www.lefigaro.fr/actualite-france/veronique-le-floc-h-presidente-de-la-coordination-rurale-les-agriculteurs-commencent-a-dire-stop-a-la-soumission-a-l-agro-industrie-20250207</guid>
                <title>Véronique Le Floc’h, présidente de la Coordination rurale : «Les agriculteurs commencent à dire stop à la soumission à l’agro-industrie»</title>
                                <link>https://www.lefigaro.fr/actualite-france/veronique-le-floc-h-presidente-de-la-coordination-rurale-les-agriculteurs-commencent-a-dire-stop-a-la-soumission-a-l-agro-industrie-20250207</link>
                                    <description>ENTRETIEN - Alors que la Coordination rurale enregistre une progression inédite à l’issue des élections professionnelles agricoles, la responsable du syndicat affirme que «l’objectif est atteint».</description>
                                <category>Société</category>
                <pubDate>Fri, 07 Feb 2025 17:48:49 +0100</pubDate>

                                                            <media:content url="https://i.f1g.fr/media/cms/3000x2000_crop/2025/02/07/fdb008fcd813598caf737cc3996b527574ebcf4c6d29b8de32cfe425573f6af4.jpg" width="3000" height="2000">
                            <media:description type="plain">L’objectif du syndicat présidé par Véronique Le Floc’h est de «maintenir le maximum d’exploitations».</media:description>
                            <media:credit>Sarah Meyssonnier / REUTERS</media:credit>
                        </media:content>
                                                </item>
                    <item>
                <guid>https://www.lefigaro.fr/actualite-france/qu-est-ce-que-la-tendance-tiktok-ghettossori-qui-se-moque-de-la-methode-montessori-20250207</guid>
                <title>Qu’est-ce que la tendance TikTok «ghettossori» qui se moque de la méthode Montessori ?</title>
                                <link>https://www.lefigaro.fr/actualite-france/qu-est-ce-que-la-tendance-tiktok-ghettossori-qui-se-moque-de-la-methode-montessori-20250207</link>
                                    <description>Ces derniers jours, une vague de vidéos pointant du doigt l’éducation positive et déculpabilisant les mères qui adoptent une éducation plus «ferme» alimente les réseaux sociaux. La plupart d’entre elles cumulent plusieurs milliers de vues.</description>
                                <category>Société</category>
                <pubDate>Fri, 07 Feb 2025 12:11:30 +0100</pubDate>

                                                            <media:content url="https://i.f1g.fr/media/cms/3000x1687_crop/2025/02/07/fdfbb851dc811f9adf67036d325135678206590c5898fd22c89b4bdd719b3d38.jpg" width="3000" height="1687">
                            <media:description type="plain">Les mamans qui ne répondent pas à l’éducation Montessori s’amusent de leur façon d’éduquer leurs enfants sur TikTok.</media:description>
                            <media:credit>BullRun - stock.adobe.com</media:credit>
                        </media:content>
                                                </item>
                    <item>
                <guid>https://www.lefigaro.fr/actualite-france/le-business-du-jubile-entre-gadgets-et-parfums-le-vatican-mise-sur-l-afflux-de-pelerins-20250207</guid>
                <title>Le business du Jubilé : entre gadgets et parfums, le Vatican mise sur l’afflux de pèlerins</title>
                                <link>https://www.lefigaro.fr/actualite-france/le-business-du-jubile-entre-gadgets-et-parfums-le-vatican-mise-sur-l-afflux-de-pelerins-20250207</link>
                                    <description>VU D’AILLEURS - L’art séculaire de la collecte de fonds se réinvente à l’occasion de l’Année sainte : livres, chapelets, souvenirs et visites guidées immersives. La Curie, en adoptant les codes du marketing moderne, cherche à renflouer les caisses papales.</description>
                                <category>Société</category>
                <pubDate>Fri, 07 Feb 2025 12:00:00 +0100</pubDate>

                                                            <media:content url="https://i.f1g.fr/media/cms/1280x720_crop/2025/02/07/72c93d0c7ceac953f4e581a61978dcff61a86b58f66df07ebefb5945f56bb2f7.jpg" width="1280" height="720">
                            <media:description type="plain">La mascotte Luce, vendue 25 euros, rappelle un personnage de manga.</media:description>
                            <media:credit>Alessia Giuliani IPA/Sipa USA via Reuters Connect</media:credit>
                        </media:content>
                                                </item>
                    <item>
                <guid>https://www.lefigaro.fr/actualite-france/louis-manaranche-directeur-des-classes-preparatoires-au-lycee-prive-stanislas-nous-regardons-de-tres-pres-les-lettres-de-motivation-20250207</guid>
                <title>Louis Manaranche, directeur des classes préparatoires au lycée privé Stanislas : «Nous regardons de très près les lettres de motivation»</title>
                                <link>https://www.lefigaro.fr/actualite-france/louis-manaranche-directeur-des-classes-preparatoires-au-lycee-prive-stanislas-nous-regardons-de-tres-pres-les-lettres-de-motivation-20250207</link>
                                    <description>ENTRETIEN - Les classes préparatoires du célèbre lycée parisien se distinguent dans les classements du Figaro.</description>
                                <category>Société</category>
                <pubDate>Fri, 07 Feb 2025 16:21:48 +0100</pubDate>

                                                            <media:content url="https://i.f1g.fr/media/cms/3000x2001_crop/2025/01/29/78e5f179d668a219d14070063d00da8aeeee25d2d8246cf38b9abe23ed7f228f.jpg" width="3000" height="2001">
                            <media:description type="plain">«Nous regardons aussi de très près les lettres de motivation», explique Louis Manaranche.</media:description>
                            <media:credit>François Bouchon / Le Figaro</media:credit>
                        </media:content>
                                                </item>
            </channel>
</rss>
