<?xml version="1.0" encoding="UTF-8"?>
<rss version="2.0" xmlns:atom="http://www.w3.org/2005/Atom" xmlns:media="http://search.yahoo.com/mrss/">
    <channel>
        <atom:link href="https://www.lefigaro.fr/rss/figaro_bourse.xml" rel="self" type="application/rss+xml"/>
        <category>Eco-Bourse</category>
        <title>Le Figaro - Bourse - Actualités financières, cotations et cours en direct</title>
        <description>L&#039;actualité de la bourse en temps réel, analyses, évolutions et tendances des marchés, cac 40, indices boursiers</description>
        <link>http://www.lefigaro.fr</link>
        <language>fr</language>
        <copyright>Droits de reproduction et de diffusion réservés LeFigaro.fr</copyright>
        <lastBuildDate>Mon, 10 Feb 2025 13:30:44 +0100</lastBuildDate>
        <docs>https://www.lefigaro.fr/rss</docs>
        <image>
            <title>Le Figaro - Bourse - Actualités financières, cotations et cours en direct</title>
            <url>https://static.lefigaro.fr/common/logos/logo-150x150.png</url>
            <link>http://www.lefigaro.fr</link>
            <description>L&#039;actualité de la bourse en temps réel, analyses, évolutions et tendances des marchés, cac 40, indices boursiers</description>
        </image>

                    <item>
                <guid>https://bourse.lefigaro.fr/actu-conseils/une-saison-halloween-qui-bat-tous-les-records-compagnie-des-alpes-commence-l-hiver-tout-schuss-20250210</guid>
                <title>«Une saison Halloween qui bat tous les records»: Compagnie des Alpes commence l’hiver tout schuss</title>
                                <link>https://bourse.lefigaro.fr/actu-conseils/une-saison-halloween-qui-bat-tous-les-records-compagnie-des-alpes-commence-l-hiver-tout-schuss-20250210</link>
                                    <description>NOTRE CONSEIL ACTION SUR COMPAGNIE DES ALPES - Le groupe de loisirs a publié une croissance soutenue de ses ventes au 1er trimestre 2024/2025, qui comprend les vacances de Noël. Ce qui augure favorablement de la suite.</description>
                                <category>Actualité boursière</category>
                <pubDate>Mon, 10 Feb 2025 12:34:00 +0100</pubDate>

                                                            <media:content url="https://i.f1g.fr/media/eidos/805x453_crop/2025/02/10/XVM3ef7b904-e797-11ef-b3bd-c8e041bb64a9.jpg" width="805" height="453">
                            <media:description type="plain">Vue des pistes aux Menuires, l’une des stations de ski alpines exploitée par Compagnie des Alpes.</media:description>
                            <media:credit>Marine Vernaz - Les Menuires / Compagnie des Alpes</media:credit>
                        </media:content>
                                                </item>
                    <item>
                <guid>https://bourse.lefigaro.fr/actu-conseils/eiffage-ce-vinci-en-miniature-merite-mieux-en-bourse-selon-les-analystes-d-ubs-20250210</guid>
                <title>Eiffage, ce Vinci en miniature, mérite mieux en Bourse, selon les analystes d’UBS</title>
                                <link>https://bourse.lefigaro.fr/actu-conseils/eiffage-ce-vinci-en-miniature-merite-mieux-en-bourse-selon-les-analystes-d-ubs-20250210</link>
                                    <description>CONFIDENTIEL BOURSE - Chaque semaine, Le Figaro Patrimoine et Bourse relaie des informations confidentielles repérées dans les notes d’analystes pour vous aider dans vos décisions d’investissement.</description>
                                <category>Actualité boursière</category>
                <pubDate>Mon, 10 Feb 2025 08:54:41 +0100</pubDate>

                                                            <media:content url="https://i.f1g.fr/media/cms/1920x1080_crop/2025/02/06/c07ff74c3113d527cbb4d3985157a7b21edef73daeaa8abe988cba5ce447b5ef.jpg" width="1920" height="1080">
                            <media:description type="plain">Selon UBS, les dividendes touchés par Eiffage provenant d’APRR devraient s’élever à 5,2 milliards d’euros d’ici le terme de la concession, en 2035. Comment ce capital sera-t-il redéployé ?</media:description>
                            <media:credit>XXI Communication / APRR - Figaro Patrimoine et Bourse</media:credit>
                        </media:content>
                                                </item>
                    <item>
                <guid>https://bourse.lefigaro.fr/actu-conseils/un-mois-de-janvier-2025-marque-par-la-surprenante-activite-des-banques-centrales-20250208</guid>
                <title>Un mois de janvier 2025 marqué par la surprenante activité des banques centrales</title>
                                <link>https://bourse.lefigaro.fr/actu-conseils/un-mois-de-janvier-2025-marque-par-la-surprenante-activite-des-banques-centrales-20250208</link>
                                    <description>Pour les marchés financiers, l’actualité politique ne se limite pas aux annonces de Donald Trump. Plus discrètes, les banques centrales n’en sont pas moins actives ces dernières semaines. Mais aussi discordantes.</description>
                                <category>Actualité boursière</category>
                <pubDate>Sat, 08 Feb 2025 07:15:00 +0100</pubDate>

                                                            <media:content url="https://i.f1g.fr/media/cms/3000x2001_crop/2025/02/07/c116c269332f1ff98fe5a9092972c1b14997ebd3387072d4ccc71067ac786e00.jpg" width="3000" height="2001">
                            <media:description type="plain">Christine Lagarde (à gauche), la présidente de la Banque centrale européenne (BCE), et Jerome Powell (à droite), son homologue de la Réserve fédérale américaine, en 2022. Deux établissements émetteurs dont les politiques monétaires ne sont plus sur la même longueur d’ondes.</media:description>
                            <media:credit>Sérgio Garcia | Your Image / BCE</media:credit>
                        </media:content>
                                                </item>
                    <item>
                <guid>https://bourse.lefigaro.fr/actu-conseils/bourse-de-paris-vinci-dans-les-plus-fortes-hausses-un-groupe-de-spiritueux-rechute-20250207</guid>
                <title>Bourse de Paris : Vinci dans les plus fortes hausses, un groupe de spiritueux rechute</title>
                                <link>https://bourse.lefigaro.fr/actu-conseils/bourse-de-paris-vinci-dans-les-plus-fortes-hausses-un-groupe-de-spiritueux-rechute-20250207</link>
                                    <description>Comme l’ensemble des Bourses mondiales, le CAC 40 se rétracte ce vendredi. L’indice français n’a pas réussi à rester au-dessus des 8 000 points à cause des consommateurs américains qui ont surpris les marchés financiers.</description>
                                <category>Actualité boursière</category>
                <pubDate>Fri, 07 Feb 2025 17:41:18 +0100</pubDate>

                                                            <media:content url="https://i.f1g.fr/media/cms/3000x2002_crop/2025/02/07/0fb530a07d80801412c0c55bdeb85a527bc2205387906c611dfd75b4a7f24ffe.jpg" width="3000" height="2002">
                            <media:description type="plain">Xavier Huillard, président-directeur général de Vinci, s’est également inquiété de l’augmentation de la fiscalité sur les grandes entreprises en France.</media:description>
                            <media:credit>Sylvain Robin / OceanProd - stock.adobe.com</media:credit>
                        </media:content>
                                                </item>
                    <item>
                <guid>https://bourse.lefigaro.fr/actu-conseils/l-oreal-la-chine-pese-toujours-sur-la-croissance-mais-n-empeche-pas-une-marge-record-de-20-20250207</guid>
                <title>L’Oréal: la Chine pèse toujours sur la croissance mais n’empêche pas une marge record de 20%</title>
                                <link>https://bourse.lefigaro.fr/actu-conseils/l-oreal-la-chine-pese-toujours-sur-la-croissance-mais-n-empeche-pas-une-marge-record-de-20-20250207</link>
                                    <description>NOTRE CONSEIL ACTION SUR L’ORÉAL - Le numéro un mondial des cosmétiques est parvenu à inscrire plusieurs records en 2024 dans un contexte compliqué, mais l’action souffre toujours. Nos explications.</description>
                                <category>Actualité boursière</category>
                <pubDate>Fri, 07 Feb 2025 15:46:49 +0100</pubDate>

                                                            <media:content url="https://i.f1g.fr/media/eidos/805x453_crop/2025/02/07/XVMb02068c6-e547-11ef-a070-f9e22d32d10d.jpg" width="805" height="453">
                            <media:description type="plain">L’action L’Oréal a replongé dans le rouge suite à la publication des comptes annuels du groupe, et elle cède près de 25% sur un an.</media:description>
                            <media:credit>1075387327/piter2121 - stock.adobe.com</media:credit>
                        </media:content>
                                                </item>
                    <item>
                <guid>https://bourse.lefigaro.fr/actu-conseils/lvmh-le-bureau-d-analyse-stifel-souligne-les-tendances-positives-du-numero-un-mondial-du-luxe-pour-2025-20250207</guid>
                <title>LVMH : le bureau d’analyse Stifel souligne les tendances positives du numéro un mondial du luxe pour 2025</title>
                                <link>https://bourse.lefigaro.fr/actu-conseils/lvmh-le-bureau-d-analyse-stifel-souligne-les-tendances-positives-du-numero-un-mondial-du-luxe-pour-2025-20250207</link>
                                    <description>CONFIDENTIEL BOURSE - Chaque semaine, Le Figaro Patrimoine et Bourse relaie des informations confidentielles repérées dans les notes d’analystes pour vous aider dans vos décisions d’investissement.</description>
                                <category>Actualité boursière</category>
                <pubDate>Fri, 07 Feb 2025 11:57:00 +0100</pubDate>

                                                            <media:content url="https://i.f1g.fr/media/cms/1920x1080_crop/2025/02/06/579c0f26991d96a5a71ae5dad30ac5632c513a108818f2d4108245544e70f0b0.jpg" width="1920" height="1080">
                            <media:description type="plain">La marque phare de LVMH, Louis Vuitton, a retrouvé une croissance à deux chiffres en janvier.</media:description>
                            <media:credit>Adobe Stock / Viktor Fedorenko</media:credit>
                        </media:content>
                                                </item>
                    <item>
                <guid>https://bourse.lefigaro.fr/actu-conseils/les-6-conditions-pour-que-les-bourses-europeennes-fassent-mieux-que-wall-street-en-2025-selon-neuflize-obc-20250207</guid>
                <title>Les 6 conditions pour que les Bourses européennes fassent mieux que Wall Street en 2025, selon Neuflize OBC</title>
                                <link>https://bourse.lefigaro.fr/actu-conseils/les-6-conditions-pour-que-les-bourses-europeennes-fassent-mieux-que-wall-street-en-2025-selon-neuflize-obc-20250207</link>
                                    <description>Macroéconomie, politique monétaire, phénomènes de marché: chaque semaine, le Figaro Patrimoine et Bourse propose l’éclairage d’un professionnel de la finance.</description>
                                <category>Actualité boursière</category>
                <pubDate>Fri, 07 Feb 2025 10:12:06 +0100</pubDate>

                                                            <media:content url="https://i.f1g.fr/media/eidos/805x453_crop/2025/02/07/XVM8f033c0a-e3ed-11ef-973d-6bd8d1b26442.jpg" width="805" height="453">
                            <media:description type="plain"></media:description>
                            <media:credit>Adobe Stock /  Rawf8</media:credit>
                        </media:content>
                                                </item>
                    <item>
                <guid>https://bourse.lefigaro.fr/actu-conseils/bourse-de-paris-le-cac-40-repasse-au-dessus-des-8-000-points-societe-generale-et-emeis-ex-orpea-decollent-20250206</guid>
                <title>Bourse de Paris : le CAC 40 repasse au-dessus des 8 000 points, Société Générale et Emeis (ex-Orpéa) décollent</title>
                                <link>https://bourse.lefigaro.fr/actu-conseils/bourse-de-paris-le-cac-40-repasse-au-dessus-des-8-000-points-societe-generale-et-emeis-ex-orpea-decollent-20250206</link>
                                    <description>Le CAC 40 a mis de côté la guerre commerciale entre les États-Unis et la Chine pour rebondir ce jeudi. L’indice parisien a notamment profité des résultats de sociétés comme ArcelorMittal et Société Générale pour franchir le seuil symbolique des 8 000 points.</description>
                                <category>Actualité boursière</category>
                <pubDate>Fri, 07 Feb 2025 16:26:59 +0100</pubDate>

                                                            <media:content url="https://i.f1g.fr/media/cms/3000x2001_crop/2025/02/06/b6ef272d8862a9783f13062ff3c32bfef16f5ded8368f7702dac264a0cd36076.jpg" width="3000" height="2001">
                            <media:description type="plain">Anciennement Orpéa, Emeis change de nom en mars 2024.</media:description>
                            <media:credit>HJBC - stock.adobe.com</media:credit>
                        </media:content>
                                                </item>
                    <item>
                <guid>https://bourse.lefigaro.fr/actu-conseils/surprise-la-bourse-applaudit-pernod-ricard-qui-pourtant-abaisse-ses-perspectives-20250206</guid>
                <title>Surprise, la Bourse applaudit Pernod Ricard qui pourtant abaisse ses perspectives</title>
                                <link>https://bourse.lefigaro.fr/actu-conseils/surprise-la-bourse-applaudit-pernod-ricard-qui-pourtant-abaisse-ses-perspectives-20250206</link>
                                    <description>NOTRE CONSEIL ACTION SUR PERNOD RICARD - Le groupe de vins &amp;amp; spiritueux est toujours plombé par un marché chinois en berne, contraignant la direction à revoir ses ambitions à la baisse. Mais la Bourse apprécie! Nos explications.</description>
                                <category>Actualité boursière</category>
                <pubDate>Thu, 06 Feb 2025 17:23:18 +0100</pubDate>

                                                            <media:content url="https://i.f1g.fr/media/eidos/805x453_crop/2025/02/06/XVMa54cdac0-e497-11ef-9956-b34a2d6fef34.jpg" width="805" height="453">
                            <media:description type="plain">L’action Pernod Ricard a touché un plus bas de 8 ans le 5 février.</media:description>
                            <media:credit>711421102/piter2121 - stock.adobe.com</media:credit>
                        </media:content>
                                                </item>
                    <item>
                <guid>https://bourse.lefigaro.fr/actu-conseils/pourquoi-l-or-continue-t-il-de-grimper-alors-que-les-actions-comme-l-indice-nasdaq-restent-bien-orientees-20250206</guid>
                <title>«Pourquoi l’or continue-t-il de grimper alors que les actions, comme l’indice Nasdaq, restent bien orientées?»</title>
                                <link>https://bourse.lefigaro.fr/actu-conseils/pourquoi-l-or-continue-t-il-de-grimper-alors-que-les-actions-comme-l-indice-nasdaq-restent-bien-orientees-20250206</link>
                                    <description>Vie des entreprises, fonctionnement du marché, droit boursier, ... La rédaction du Figaro Patrimoine et Bourse se saisit de vos questions et vous apporte son expertise.</description>
                                <category>Actualité boursière</category>
                <pubDate>Fri, 07 Feb 2025 16:09:10 +0100</pubDate>

                                                            <media:content url="https://i.f1g.fr/media/eidos/805x453_crop/2025/02/06/XVMe2ddbfbe-e3e6-11ef-8ab1-af8189898af5.jpg" width="805" height="453">
                            <media:description type="plain">Des barres d’or monétaire de 400 onces «troy» (environ 12,5 kilogrammes) faisant partie du stock de la Bundesbank, la banque centrale d’Allemagne. Mais ce sont les établissements émetteurs des pays émergents qui tendent à accumuler du métal jaune actuellement.</media:description>
                            <media:credit>Nils Thies / Deutsche Bundesbank</media:credit>
                        </media:content>
                                                </item>
                    <item>
                <guid>https://bourse.lefigaro.fr/actu-conseils/4-nouvelles-actions-entrent-dans-le-superportefeuille-high-five-de-portzamparc-de-fevrier-20250206</guid>
                <title>4 nouvelles actions entrent dans le superportefeuille «High Five» de Portzamparc de février</title>
                                <link>https://bourse.lefigaro.fr/actu-conseils/4-nouvelles-actions-entrent-dans-le-superportefeuille-high-five-de-portzamparc-de-fevrier-20250206</link>
                                    <description>C’est déjà l’heure du rapport d’étape mensuel de la liste «High Five», les actions françaises préférées des analystes de Portzamparc. Une valeur reste en course, et quatre nouvelles venues font leur entrée.</description>
                                <category>Actualité boursière</category>
                <pubDate>Thu, 06 Feb 2025 14:28:03 +0100</pubDate>

                                                            <media:content url="https://i.f1g.fr/media/cms/3000x1688_crop/2025/02/06/008db59be194298f12c9efab2c6c0ec492441329c702052ec00052f9690700a0.jpg" width="3000" height="1688">
                            <media:description type="plain">Un portefeuille de 5 valeurs seulement : tous les mois, la société de Bourse Portzamparc sélectionne des petites et moyennes valeurs retenues pour «leurs excellents fondamentaux et [leur] potentiel boursier à court terme». Un microportefeuille aux remarquables performances.</media:description>
                            <media:credit>NeoLeo - stock.adobe.com</media:credit>
                        </media:content>
                                                </item>
                    <item>
                <guid>https://bourse.lefigaro.fr/actu-conseils/apres-un-beau-rally-le-cac-40-aurait-besoin-de-souffler-surveillez-bien-nos-points-cle-avant-d-intervenir-20250206</guid>
                <title>Après un beau rally, le CAC 40 aurait besoin de souffler: surveillez bien nos points clé avant d’intervenir</title>
                                <link>https://bourse.lefigaro.fr/actu-conseils/apres-un-beau-rally-le-cac-40-aurait-besoin-de-souffler-surveillez-bien-nos-points-cle-avant-d-intervenir-20250206</link>
                                    <description>Tous les jeudis, le Figaro Patrimoine et Bourse vous propose un regard technique sur le CAC 40: supports, résistances, stratégie et conseils.</description>
                                <category>Actualité boursière</category>
                <pubDate>Thu, 06 Feb 2025 10:48:40 +0100</pubDate>

                                                            <media:content url="https://i.f1g.fr/media/eidos/805x453_crop/2025/02/06/XVM87cc308e-e462-11ef-973d-6bd8d1b26442.jpg" width="805" height="453">
                            <media:description type="plain">D’un point de vue technique, la configuration du CAC 40 devient moins favorable, mais elle n’est pas menaçante à ce stade.</media:description>
                            <media:credit>Adobe Stock - Figaro Bourse</media:credit>
                        </media:content>
                                                </item>
                    <item>
                <guid>https://bourse.lefigaro.fr/expertise/les-chiffres-fous-d-orange-le-pari-boursier-de-la-semaine-consultez-la-lettre-des-placements-du-5-fevrier-20250205</guid>
                <title>Les chiffres fous d’Orange, le pari boursier de la semaine… Consultez La lettre des placements du 5 février</title>
                                <link>https://bourse.lefigaro.fr/expertise/les-chiffres-fous-d-orange-le-pari-boursier-de-la-semaine-consultez-la-lettre-des-placements-du-5-fevrier-20250205</link>
                                    <description>L’édition du mercredi 5 février de La lettre des placements, l’hebdomadaire de conseils boursiers du Figaro, vient de paraître. Découvrez le sommaire de ce numéro et consultez le PDF de La lettre.</description>
                                <category>Conseils bourse</category>
                <pubDate>Wed, 05 Feb 2025 20:28:39 +0100</pubDate>

                                                            <media:content url="https://i.f1g.fr/media/cms/1920x1080_crop/2025/02/05/9f4f378143fb37caf4b4405604d253313400e78e2b7d971182d9580f3a6ab993.jpg" width="1920" height="1080">
                            <media:description type="plain">Cette semaine dans La lettre, deux valeurs étrangères sont passées au crible : Roche Holding, la pharma suisse qui a renoué avec la croissance, et UMG (Universal Music Group), qui rassure les investisseurs après avoir traversé une mauvaise passe. </media:description>
                            <media:credit>Adobestock / Le Figaro</media:credit>
                        </media:content>
                                                </item>
                    <item>
                <guid>https://bourse.lefigaro.fr/actu-conseils/cac-40-paris-oscille-entre-espoir-et-crainte-20250205</guid>
                <title>CAC 40: Paris oscille entre espoir et crainte</title>
                                <link>https://bourse.lefigaro.fr/actu-conseils/cac-40-paris-oscille-entre-espoir-et-crainte-20250205</link>
                                    <description>Tous les mercredis, la rédaction du Figaro Bourse et placements revient sur les tendances clé du CAC 40 durant la semaine écoulée.</description>
                                <category>Actualité boursière</category>
                <pubDate>Wed, 05 Feb 2025 19:38:15 +0100</pubDate>

                                                            <media:content url="https://i.f1g.fr/media/eidos/805x453_crop/2025/02/05/XVMe22f49b4-41dc-11ee-a947-f2318853ac79.jpg" width="805" height="453">
                            <media:description type="plain"></media:description>
                            <media:credit>Le Figaro Patrimoine et Bourse</media:credit>
                        </media:content>
                                                </item>
                    <item>
                <guid>https://bourse.lefigaro.fr/actu-conseils/bourse-de-paris-un-fabricant-de-vaccins-en-tres-forte-hausse-renault-recule-avec-l-echec-de-fusion-de-nissan-20250205</guid>
                <title>Bourse de Paris: un fabricant de vaccins en forte hausse, Renault recule avec l’échec de la fusion entre Nissan et Honda</title>
                                <link>https://bourse.lefigaro.fr/actu-conseils/bourse-de-paris-un-fabricant-de-vaccins-en-tres-forte-hausse-renault-recule-avec-l-echec-de-fusion-de-nissan-20250205</link>
                                    <description>Après un léger rebond hier, le CAC 40 se replie en raison des tensions commerciales qui ne se sont toujours pas apaisées. Les ripostes menées par les deux premières économies mondiales paralysent les Bourses mondiales, qui ne sont pas aidées non plus par certains poids lourds américains.</description>
                                <category>Actualité boursière</category>
                <pubDate>Wed, 05 Feb 2025 17:50:46 +0100</pubDate>

                                                            <media:content url="https://i.f1g.fr/media/cms/3000x1836_crop/2025/02/05/3824b2e9f08f06d5981636303b6243702e9b9d549282c740a2dcf25b4555528b.jpg" width="3000" height="1836">
                            <media:description type="plain">Après une fin d’année 2024 en chute libre, Valneva se reprend en ce début d’année 2025 grâce à de bonnes nouvelles sur ses vaccins.</media:description>
                            <media:credit>Ascannio - stock.adobe.com</media:credit>
                        </media:content>
                                                </item>
                    <item>
                <guid>https://bourse.lefigaro.fr/actu-conseils/des-profits-record-pour-bnp-paribas-qui-des-2025-va-payer-son-dividende-en-deux-temps-20250205</guid>
                <title>Des profits record pour BNP Paribas, qui dès 2025 va payer son dividende en deux temps</title>
                                <link>https://bourse.lefigaro.fr/actu-conseils/des-profits-record-pour-bnp-paribas-qui-des-2025-va-payer-son-dividende-en-deux-temps-20250205</link>
                                    <description>NOTRE CONSEIL ACTION SUR BNP PARIBAS - En tendance, les profits du groupe bancaire français ont pris de la vitesse en 2024, et ce n’est pas fini. Ce qui permet d’augmenter les retours aux actionnaires.</description>
                                <category>Actualité boursière</category>
                <pubDate>Wed, 05 Feb 2025 17:09:17 +0100</pubDate>

                                                            <media:content url="https://i.f1g.fr/media/eidos/805x453_crop/2025/02/05/XVM7390b6f8-e3b8-11ef-8ab1-af8189898af5.jpg" width="805" height="453">
                            <media:description type="plain">Depuis décembre 2011, Jean-Laurent Bonnafé est le directeur général de BNP Paribas, la plus importante capitalisation boursière du secteur bancaire en France.</media:description>
                            <media:credit>Sébastien SORIANO/Le Figaro</media:credit>
                        </media:content>
                                                </item>
                    <item>
                <guid>https://bourse.lefigaro.fr/actu-conseils/wavestone-tient-ses-prix-malgre-la-conjoncture-la-bourse-apprecie-20250205</guid>
                <title>Wavestone tient ses prix malgré la conjoncture, la Bourse apprécie</title>
                                <link>https://bourse.lefigaro.fr/actu-conseils/wavestone-tient-ses-prix-malgre-la-conjoncture-la-bourse-apprecie-20250205</link>
                                    <description>NOTRE CONSEIL ACTION SUR WAVESTONE - Le cabinet de conseil a publié une activité trimestrielle plutôt rassurante qui lui a permis de confirmer ses objectifs annuels.</description>
                                <category>Actualité boursière</category>
                <pubDate>Thu, 06 Feb 2025 16:47:54 +0100</pubDate>

                                                            <media:content url="https://i.f1g.fr/media/eidos/805x453_crop/2025/02/05/XVMa6166268-e3ad-11ef-973d-6bd8d1b26442.jpg" width="805" height="453">
                            <media:description type="plain">Le taux d’activité des consultants de Wavestone est resté stable au troisième trimestre, malgré l’attentisme actuel des donneurs d’ordre.</media:description>
                            <media:credit>239145049/WrightStudio - stock.adobe.com</media:credit>
                        </media:content>
                                                </item>
                    <item>
                <guid>https://bourse.lefigaro.fr/actu-conseils/bourse-de-paris-bnp-paribas-bondit-apres-ses-resultats-les-spiritueux-penalises-par-les-droits-de-douane-20250204</guid>
                <title>Bourse de Paris : BNP Paribas bondit après ses résultats, les spiritueux pénalisés par les droits de douane</title>
                                <link>https://bourse.lefigaro.fr/actu-conseils/bourse-de-paris-bnp-paribas-bondit-apres-ses-resultats-les-spiritueux-penalises-par-les-droits-de-douane-20250204</link>
                                    <description>Le CAC 40 a retrouvé progressivement le chemin des gains ce mardi. Les États-Unis ont temporairement suspendu les taxes douanières pour le Mexique et le Canada tandis que la situation avec Pékin n’est pas rentrée dans une escalade pourtant redoutée. Les Bourses européennes clôturent majoritairement dans le vert.</description>
                                <category>Actualité boursière</category>
                <pubDate>Tue, 04 Feb 2025 17:51:49 +0100</pubDate>

                                                            <media:content url="https://i.f1g.fr/media/cms/3000x2000_crop/2025/02/04/8e9451ffa66d76dda1eb4f831ca4851c7a1e9e28f37b395436accb8f10607adb.jpg" width="3000" height="2000">
                            <media:description type="plain">BNP Paribas est la première valeur bancaire française a publié ses résultats pour le premier semestre de l’exercice 2024/2025.</media:description>
                            <media:credit>OlekAdobe - stock.adobe.com</media:credit>
                        </media:content>
                                                </item>
                    <item>
                <guid>https://bourse.lefigaro.fr/actu-conseils/apres-une-annee-historique-pour-publicis-l-action-proche-des-sommets-20250204</guid>
                <title>Après une année historique pour Publicis, l’action proche des sommets</title>
                                <link>https://bourse.lefigaro.fr/actu-conseils/apres-une-annee-historique-pour-publicis-l-action-proche-des-sommets-20250204</link>
                                    <description>NOTRE CONSEIL ACTION SUR PUBLICIS - Le groupe de communication n’a pas faibli dans les derniers mois de 2024, dépassant même son objectif de croissance organique. Et 2025 se présente bien.</description>
                                <category>Actualité boursière</category>
                <pubDate>Tue, 04 Feb 2025 15:56:50 +0100</pubDate>

                                                            <media:content url="https://i.f1g.fr/media/eidos/805x453_crop/2025/02/04/XVMc81c4b74-e2e6-11ef-8ab1-af8189898af5.jpg" width="805" height="453">
                            <media:description type="plain">Arthur Sadoun, président du directoire de Publicis depuis juin 2017, est devenu président-directeur général du groupe en mai 2024.</media:description>
                            <media:credit>François BOUCHON/Le Figaro</media:credit>
                        </media:content>
                                                </item>
                    <item>
                <guid>https://bourse.lefigaro.fr/actu-conseils/amundi-le-blackrock-europeen-en-avance-sur-bon-nombre-de-ses-objectifs-pour-2025-20250204</guid>
                <title>Amundi, le BlackRock européen, en avance sur bon nombre de ses objectifs pour 2025</title>
                                <link>https://bourse.lefigaro.fr/actu-conseils/amundi-le-blackrock-europeen-en-avance-sur-bon-nombre-de-ses-objectifs-pour-2025-20250204</link>
                                    <description>NOTRE CONSEIL ACTION SUR AMUNDI - La Bourse peine à reconnaître les vertus du géant européen de la gestion d’actifs, qui pourtant aligne les publications supérieures aux attentes émaillées de records.</description>
                                <category>Actualité boursière</category>
                <pubDate>Tue, 04 Feb 2025 12:29:02 +0100</pubDate>

                                                            <media:content url="https://i.f1g.fr/media/eidos/805x453_crop/2025/02/04/XVM5fc366a0-e2cf-11ef-973d-6bd8d1b26442.jpg" width="805" height="453">
                            <media:description type="plain">Voilà près de 10 ans qu’Amundi est coté à la Bourse de Paris, suivant un prix de référence d’alors 45€ par action à l’introduction. En 2015, la capitalisation du leader européen de la gestion d’actifs était de l’ordre de 7,5 milliards d’euros. À ce jour, elle frôle les 14 milliards.</media:description>
                            <media:credit>542984425/HJBC - stock.adobe.com</media:credit>
                        </media:content>
                                                </item>
            </channel>
</rss>
