<?xml version="1.0" encoding="UTF-8"?>
<rss version="2.0" xmlns:atom="http://www.w3.org/2005/Atom" xmlns:media="http://search.yahoo.com/mrss/">
    <channel>
        <atom:link href="https://www.lefigaro.fr/rss/figaro_horlogerie.xml" rel="self" type="application/rss+xml"/>
        <category>Horlogerie</category>
        <title>Le Figaro - Horlogerie : actualité des montres de luxe</title>
        <description>Toute l&#039;information sur l&#039;horlogerie, l&#039;actualité des montres de luxe et les dernières nouveautés : montres de marques, automatiques, mécaniques, de poche.</description>
        <link>http://www.lefigaro.fr</link>
        <language>fr</language>
        <copyright>Droits de reproduction et de diffusion réservés LeFigaro.fr</copyright>
        <lastBuildDate>Mon, 10 Feb 2025 13:37:49 +0100</lastBuildDate>
        <docs>https://www.lefigaro.fr/rss</docs>
        <image>
            <title>Le Figaro - Horlogerie : actualité des montres de luxe</title>
            <url>https://static.lefigaro.fr/common/logos/logo-150x150.png</url>
            <link>http://www.lefigaro.fr</link>
            <description>Toute l&#039;information sur l&#039;horlogerie, l&#039;actualité des montres de luxe et les dernières nouveautés : montres de marques, automatiques, mécaniques, de poche.</description>
        </image>

                    <item>
                <guid>https://www.lefigaro.fr/horlogerie/retromobile-des-bolides-et-des-montres-20250207</guid>
                <title>Rétromobile: des bolides et des montres</title>
                                <link>https://www.lefigaro.fr/horlogerie/retromobile-des-bolides-et-des-montres-20250207</link>
                                    <description>Le salon dédié aux amoureux de l’automobile et de la moto de collection, est aussi le rendez-vous des amateurs d’horlogerie.</description>
                                <category>Horlogerie</category>
                <pubDate>Fri, 07 Feb 2025 07:00:06 +0100</pubDate>

                                                            <media:content url="https://i.f1g.fr/media/eidos/630x354_crop/2025/02/07/XVM53d1b914-dcb7-11ef-8d6d-353efc76dcf5.jpg" width="630" height="354">
                            <media:description type="plain"></media:description>
                            <media:credit>sdp</media:credit>
                        </media:content>
                                                </item>
                    <item>
                <guid>https://www.lefigaro.fr/horlogerie/a-l-heure-des-amoureux-20250203</guid>
                <title>À l’heure des amoureux</title>
                                <link>https://www.lefigaro.fr/horlogerie/a-l-heure-des-amoureux-20250203</link>
                                    <description>Et si elle et lui portaient tous les deux la même, ou presque ? Les montres de couple sont (presque) de retour.</description>
                                <category>Horlogerie</category>
                <pubDate>Mon, 03 Feb 2025 16:49:16 +0100</pubDate>

                                                            <media:content url="https://i.f1g.fr/media/cms/2796x2097_crop/2025/01/31/bb65039ba32583dd11456909684a81335464da94756fd976a0794d52cb42c772.jpg" width="2796" height="2097">
                            <media:description type="plain">Des duos horlogers de la collection Millesime, signés Raymond Weil</media:description>
                            <media:credit>Raymond Weil</media:credit>
                        </media:content>
                                                </item>
                    <item>
                <guid>https://www.lefigaro.fr/horlogerie/daniel-craig-david-beckham-lewis-hamilton-pourquoi-leur-poignet-passionne-tant-les-watch-spotters-20250203</guid>
                <title>Horlogerie : Daniel Craig, David Beckham, Lewis Hamilton... Pourquoi leur poignet passionne tant les «watch spotters» ?</title>
                                <link>https://www.lefigaro.fr/horlogerie/daniel-craig-david-beckham-lewis-hamilton-pourquoi-leur-poignet-passionne-tant-les-watch-spotters-20250203</link>
                                    <description>Quand Omega « teste » ses nouveautés au poignet de Daniel Craig, tout comme Tudor avec David Beckham, ce sont les aficionados de nouvelles montres qui se chargent du buzz sur internet…</description>
                                <category>Horlogerie</category>
                <pubDate>Mon, 03 Feb 2025 17:00:54 +0100</pubDate>

                                                            <media:content url="https://i.f1g.fr/media/cms/1920x1080_crop/2025/02/03/9758bd6dd65f2ce3cdf212ce4ef10dc6fd7277e033fd2f596dd4bff9bc129b03.jpg" width="1920" height="1080">
                            <media:description type="plain">Des poignets de stars scrutés de près par les passionnés de montres.</media:description>
                            <media:credit>Instagram David Beckham &amp;amp; Lewis Hamilton / Omega </media:credit>
                        </media:content>
                                                </item>
                    <item>
                <guid>https://www.lefigaro.fr/horlogerie/l-heure-h-les-news-horlogeres-de-la-semaine-20250131</guid>
                <title>L’Heure H, les news horlogères de la semaine</title>
                                <link>https://www.lefigaro.fr/horlogerie/l-heure-h-les-news-horlogeres-de-la-semaine-20250131</link>
                                    <description>Des cadrans en pierre dure, un morceau de Pays Basque et une touche de rugby : c’est le meilleur de l’air du temps.</description>
                                <category>Horlogerie</category>
                <pubDate>Fri, 31 Jan 2025 16:58:06 +0100</pubDate>

                                                            <media:content url="https://i.f1g.fr/media/cms/3000x2159_crop/2025/01/31/ee02f2e7cc4f75cb7ee665e4d85fd577af5302e866170342aad80a4dc3403a02.jpg" width="3000" height="2159">
                            <media:description type="plain">La nouvelle collection en édition limitée Chronomat Six Nations de Breitling.</media:description>
                            <media:credit>franz j. venzin</media:credit>
                        </media:content>
                                                </item>
                    <item>
                <guid>https://www.lefigaro.fr/horlogerie/rugby-voici-la-nouvelle-montre-breitling-du-xv-de-france-20250131</guid>
                <title>Rugby : voici la nouvelle montre Breitling du XV de France</title>
                                <link>https://www.lefigaro.fr/horlogerie/rugby-voici-la-nouvelle-montre-breitling-du-xv-de-france-20250131</link>
                                    <description>Alors que le Tournoi de rugby débute à Paris face au Pays de Galles, l’horloger suisse dévoile les nouvelles éditions limitées de sa Chronomat Six Nations aux couleurs de chaque équipe.</description>
                                <category>Horlogerie</category>
                <pubDate>Fri, 31 Jan 2025 16:35:54 +0100</pubDate>

                                                            <media:content url="https://i.f1g.fr/media/cms/3000x1988_crop/2025/01/31/8fcb6be305060596bf21755c7e621cf37eeed5c38809d334e71aad5f02dc3515.jpg" width="3000" height="1988">
                            <media:description type="plain">Breitling Chronomat Six Nations édition France.</media:description>
                            <media:credit>franz j. venzin</media:credit>
                        </media:content>
                                                </item>
                    <item>
                <guid>https://www.lefigaro.fr/horlogerie/coeurs-de-pierre-20250131</guid>
                <title>Des montres au cœur de pierre</title>
                                <link>https://www.lefigaro.fr/horlogerie/coeurs-de-pierre-20250131</link>
                                    <description>Fastueux et colorés, complexes à réaliser, les cadrans en pierre dure sont des petits bijoux d’élégance horlogère.</description>
                                <category>Horlogerie</category>
                <pubDate>Fri, 31 Jan 2025 17:13:26 +0100</pubDate>

                                                            <media:content url="https://i.f1g.fr/media/eidos/630x354_crop/2025/01/31/XVM598cce32-dcb9-11ef-b14e-6c94e49a5c73.jpg" width="630" height="354">
                            <media:description type="plain">Streamliner Tourbillon Concept Wyoming Jade et montre Andy ­Warhol de Piaget</media:description>
                            <media:credit>H. Moser &amp;amp; Cie / Piaget</media:credit>
                        </media:content>
                                                </item>
                    <item>
                <guid>https://www.lefigaro.fr/horlogerie/voici-la-premiere-montre-basque-au-monde-20250130</guid>
                <title>Voici la première montre basque au monde</title>
                                <link>https://www.lefigaro.fr/horlogerie/voici-la-premiere-montre-basque-au-monde-20250130</link>
                                    <description>La marque française March LA.B, créée au Pays Basque par Alain Marhic il y a 13 ans, a imaginé un garde-temps bilingue.</description>
                                <category>Horlogerie</category>
                <pubDate>Thu, 30 Jan 2025 12:29:18 +0100</pubDate>

                                                            <media:content url="https://i.f1g.fr/media/cms/1772x1404_crop/2025/01/30/6a28a4dcbaba23422e4bb2420348808a2040830d945e9266d06fada5c41321f5.jpg" width="1772" height="1404">
                            <media:description type="plain">Un affichage inédit des jours de la semaine adapté de la langue basque.</media:description>
                            <media:credit>March LA.B</media:credit>
                        </media:content>
                                                </item>
                    <item>
                <guid>https://www.lefigaro.fr/horlogerie/l-heure-h-special-lvmh-watch-week-20250124</guid>
                <title>L’Heure H - Spécial LVMH Watch Week</title>
                                <link>https://www.lefigaro.fr/horlogerie/l-heure-h-special-lvmh-watch-week-20250124</link>
                                    <description>Cette semaine, New York accueillait l’édition 2025 de la LVMH Watch Week. Le Figaro y a assisté en exclusivité.</description>
                                <category>Horlogerie</category>
                <pubDate>Fri, 24 Jan 2025 16:05:55 +0100</pubDate>

                                                            <media:content url="https://i.f1g.fr/media/cms/1794x1234_crop/2025/01/24/529c8e4792ad9b089303634125dac3fd763ec4d1b1bf789c0417cf737e8e7c16.jpg" width="1794" height="1234">
                            <media:description type="plain">Le Landmark, le vaisseau-amiral de Tiffany &amp; Co sur la Ve Avenue, à New York.</media:description>
                            <media:credit>Judikael Hirel</media:credit>
                        </media:content>
                                                </item>
                    <item>
                <guid>https://www.lefigaro.fr/horlogerie/lvmh-watch-week-un-nouvel-ovni-horloger-signe-gerald-genta-20250124</guid>
                <title>LVMH Watch Week : un nouvel OVNI horloger signé Gérald Genta</title>
                                <link>https://www.lefigaro.fr/horlogerie/lvmh-watch-week-un-nouvel-ovni-horloger-signe-gerald-genta-20250124</link>
                                    <description>La nouvelle Gentissima Oursin Fire Opal marie grain de folie esthétique et technicité extrême. Un mariage fidèle à l’esprit du Picasso des montres.</description>
                                <category>Horlogerie</category>
                <pubDate>Fri, 24 Jan 2025 15:05:37 +0100</pubDate>

                                                            <media:content url="https://i.f1g.fr/media/cms/3000x2140_crop/2025/01/24/8371510861fd79d556aa1c15e46994011b6f2550d8480522963e036ff7d3c809.jpg" width="3000" height="2140">
                            <media:description type="plain">Gentissima Oursin Fire Opal.</media:description>
                            <media:credit>Gérald Genta</media:credit>
                        </media:content>
                                                </item>
                    <item>
                <guid>https://www.lefigaro.fr/horlogerie/lvmh-watch-week-hublot-revisite-sa-big-bang-meca-10-20250124</guid>
                <title>LVMH Watch Week : Hublot revisite sa Big Bang Meca-10</title>
                                <link>https://www.lefigaro.fr/horlogerie/lvmh-watch-week-hublot-revisite-sa-big-bang-meca-10-20250124</link>
                                    <description>En ce début d’année, la manufacture de Nyon remet l’accent sur la qualité de ses calibres avec un trio de Big Bang Meca-10 de 42 mm de diamètre.</description>
                                <category>Horlogerie</category>
                <pubDate>Fri, 24 Jan 2025 12:38:44 +0100</pubDate>

                                                            <media:content url="https://i.f1g.fr/media/cms/3000x2148_crop/2025/01/24/a2268eec8b998643a51bc7e8899b9e4b2ef17900aa49d8548953ba7a0b7f84b5.jpg" width="3000" height="2148">
                            <media:description type="plain">Hublot Big Bang MECA-10.</media:description>
                            <media:credit>Hublot</media:credit>
                        </media:content>
                                                </item>
                    <item>
                <guid>https://www.lefigaro.fr/horlogerie/les-montres-de-voyage-eternelles-globe-trotteuses-20250124</guid>
                <title>Les montres de voyage, éternelles globe-trotteuses</title>
                                <link>https://www.lefigaro.fr/horlogerie/les-montres-de-voyage-eternelles-globe-trotteuses-20250124</link>
                                    <description>Le nouvel opus de The Millennium Watch Book se penche cette fois sur les montres de voyage. Tout un monde au poignet...</description>
                                <category>Horlogerie</category>
                <pubDate>Fri, 24 Jan 2025 11:48:13 +0100</pubDate>

                                                            <media:content url="https://i.f1g.fr/media/cms/1222x988_crop/2025/01/24/269d79d5f1f3f5f94dfa9b1967fe4153d735180a1a661c63b87d1a3584b33ec1.jpg" width="1222" height="988">
                            <media:description type="plain">The Millenium Watch Book se penche sur les montres de voyage.</media:description>
                            <media:credit>TMWB</media:credit>
                        </media:content>
                                                </item>
                    <item>
                <guid>https://www.lefigaro.fr/horlogerie/lvmh-watch-week-la-geniale-spin-time-de-louis-vuitton-est-de-retour-20250124</guid>
                <title>LVMH Watch Week : la géniale Spin Time de Louis Vuitton est de retour</title>
                                <link>https://www.lefigaro.fr/horlogerie/lvmh-watch-week-la-geniale-spin-time-de-louis-vuitton-est-de-retour-20250124</link>
                                    <description>La même, mais en mieux : la géniale Spin Time, premier mouvement développé par La Fabrique du Temps, est de retour en édition limitée.</description>
                                <category>Horlogerie</category>
                <pubDate>Fri, 24 Jan 2025 11:31:05 +0100</pubDate>

                                                            <media:content url="https://i.f1g.fr/media/cms/1732x1352_crop/2025/01/24/6365f9cb9b697e43923f9030cc7fb9749db80d54bc5e72d1606b1a1c15819692.jpg" width="1732" height="1352">
                            <media:description type="plain">La Spin Time de Louis Vuitton est de retour.</media:description>
                            <media:credit>LFDT</media:credit>
                        </media:content>
                                                </item>
                    <item>
                <guid>https://www.lefigaro.fr/horlogerie/horlogerie-le-tour-du-monde-20250124</guid>
                <title>Heures universelles, le tour du monde au poignet</title>
                                <link>https://www.lefigaro.fr/horlogerie/horlogerie-le-tour-du-monde-20250124</link>
                                    <description>Pour les globe-trotteurs amateurs de montres sophistiquées, les heures universelles font tourner les destinations, et les têtes.</description>
                                <category>Horlogerie</category>
                <pubDate>Fri, 24 Jan 2025 11:41:29 +0100</pubDate>

                                                            <media:content url="https://i.f1g.fr/media/eidos/630x354_crop/2025/01/24/XVM31912f30-da3f-11ef-822a-f9bc91d94e8b.jpg" width="630" height="354">
                            <media:description type="plain">Carl F. Bucherer</media:description>
                            <media:credit>Carl F. Bucherer</media:credit>
                        </media:content>
                                                </item>
                    <item>
                <guid>https://www.lefigaro.fr/horlogerie/a-new-york-lvmh-veut-marquer-son-temps-20250123</guid>
                <title>À New York, LVMH veut marquer son temps</title>
                                <link>https://www.lefigaro.fr/horlogerie/a-new-york-lvmh-veut-marquer-son-temps-20250123</link>
                                    <description>Toutes les forces vives horlogères du groupe français étaient réunies, cette semaine, à Manhattan, afin de dévoiler les montres de neuf de ses marques, ainsi que la nouvelle stratégie de synergie industrielle en termes de mouvements dernier cri.</description>
                                <category>Horlogerie</category>
                <pubDate>Fri, 24 Jan 2025 11:06:43 +0100</pubDate>

                                                            <media:content url="https://i.f1g.fr/media/cms/3000x2250_crop/2025/01/23/718521d18be1f71c92bab710995c02a5daff5da91697dfcd469fe6789fd50cae.jpg" width="3000" height="2250">
                            <media:description type="plain">Le Landmark, le vaisseau-amiral de Tiffany &amp; Co sur la Ve Avenue, à New York, accueillait la LVMH Watch Week 2025.</media:description>
                            <media:credit>Judikael Hirel</media:credit>
                        </media:content>
                                                </item>
                    <item>
                <guid>https://www.lefigaro.fr/horlogerie/la-haute-couture-horlogere-de-tiffany-co-20250123</guid>
                <title>La haute couture horlogère de Tiffany &amp; Co.</title>
                                <link>https://www.lefigaro.fr/horlogerie/la-haute-couture-horlogere-de-tiffany-co-20250123</link>
                                    <description>La maison new-yorkaise a profité de la LVMH Watch Week pour présenter ses nouvelles montres joaillières créées sous l’égide de Nicolas Beau, vice-président en charge de l’horlogerie.</description>
                                <category>Horlogerie</category>
                <pubDate>Thu, 23 Jan 2025 11:15:27 +0100</pubDate>

                                                            <media:content url="https://i.f1g.fr/media/cms/2352x1323_crop/2025/01/22/e2756839bfb8f461e2d3bbc11bb8f87525d6901c4ad07d36684c2937554cd62f.jpg" width="2352" height="1323">
                            <media:description type="plain">Montre Twenty Four Stone, collection Jean Schlumberger by Tiffany &amp; Co.</media:description>
                            <media:credit>Tiffany &amp;amp; Co. Studio</media:credit>
                        </media:content>
                                                </item>
                    <item>
                <guid>https://www.lefigaro.fr/horlogerie/lvmh-watch-week-la-tag-heuer-formula-1-passe-la-cinquieme-20250122</guid>
                <title>LVMH Watch Week : la TAG Heuer Formula 1 passe la cinquième</title>
                                <link>https://www.lefigaro.fr/horlogerie/lvmh-watch-week-la-tag-heuer-formula-1-passe-la-cinquieme-20250122</link>
                                    <description>Le nouveau chronométreur de la F1, et toujours partenaire de l’écurie Oracle Red Bull Racing dévoile cinq nouvelles montres Formula 1.</description>
                                <category>Horlogerie</category>
                <pubDate>Wed, 22 Jan 2025 11:26:27 +0100</pubDate>

                                                            <media:content url="https://i.f1g.fr/media/cms/1843x1037_crop/2025/01/22/ef692cbb09e9226d8e923c7c90dfe48b9bb3fe9330cb2a732e48c4b3e7f2d138.jpg" width="1843" height="1037">
                            <media:description type="plain">TAG Heuer Formula 1.</media:description>
                            <media:credit>TAG Heuer</media:credit>
                        </media:content>
                                                </item>
                    <item>
                <guid>https://www.lefigaro.fr/horlogerie/lvmh-watch-week-zenith-entre-squelette-et-arc-en-ciel-20250122</guid>
                <title>LVMH Watch Week : Zenith entre squelette et arc-en-ciel</title>
                                <link>https://www.lefigaro.fr/horlogerie/lvmh-watch-week-zenith-entre-squelette-et-arc-en-ciel-20250122</link>
                                    <description>À l’occasion de la LVMH Watch Week 2025 a dévoilé une version squelettée de la DEFY Skyline Chronograph ainsi qu’une étonnante pièce sertie.</description>
                                <category>Horlogerie</category>
                <pubDate>Thu, 23 Jan 2025 15:23:20 +0100</pubDate>

                                                            <media:content url="https://i.f1g.fr/media/cms/3000x1689_crop/2025/01/22/95ad7c4f26a9e4fe445135a6e4cc1c27d3295266bfb572561b1e1c019dfceee6.jpg" width="3000" height="1689">
                            <media:description type="plain">Zenith Chronomaster Sport « Rainbow »</media:description>
                            <media:credit>Zenith</media:credit>
                        </media:content>
                                                </item>
                    <item>
                <guid>https://www.lefigaro.fr/horlogerie/lvmh-watch-week-une-watch-box-transparente-signee-l-epee-1839-20250122</guid>
                <title>LVMH Watch Week : une «watch box » transparente signée L’Epée 1839</title>
                                <link>https://www.lefigaro.fr/horlogerie/lvmh-watch-week-une-watch-box-transparente-signee-l-epee-1839-20250122</link>
                                    <description>La manufacture suisse a dévoilé un écrin de luxe dans lequel abriter ses garde-temps préférés</description>
                                <category>Horlogerie</category>
                <pubDate>Wed, 22 Jan 2025 05:55:08 +0100</pubDate>

                                                            <media:content url="https://i.f1g.fr/media/cms/3000x2568_crop/2025/01/22/1116bf3179c74e27429d15d5d04c5f6aab66627b4be895d0db43fe935c33c515.jpg" width="3000" height="2568">
                            <media:description type="plain">L’Epée Watch box</media:description>
                            <media:credit>L&#039;Epée</media:credit>
                        </media:content>
                                                </item>
                    <item>
                <guid>https://www.lefigaro.fr/horlogerie/lvmh-watch-week-une-tambour-convergence-a-guichet-pour-louis-vuitton-20250122</guid>
                <title>LVMH Watch Week : une Tambour Convergence à guichet pour Louis Vuitton</title>
                                <link>https://www.lefigaro.fr/horlogerie/lvmh-watch-week-une-tambour-convergence-a-guichet-pour-louis-vuitton-20250122</link>
                                    <description>Surprise : la Fabrique du Temps Louis Vuitton rend hommage aux montres à guichet, en les réinterprétant dans un style contemporain.</description>
                                <category>Horlogerie</category>
                <pubDate>Wed, 22 Jan 2025 05:29:29 +0100</pubDate>

                                                            <media:content url="https://i.f1g.fr/media/cms/1760x1378_crop/2025/01/22/567027bd394609ebec2055fb2778c7a9280a18258f8293859ad3742a56ef0b9f.jpg" width="1760" height="1378">
                            <media:description type="plain">Louis Vuitton Tambour Convergence.</media:description>
                            <media:credit>Louis Vuitton</media:credit>
                        </media:content>
                                                </item>
                    <item>
                <guid>https://www.lefigaro.fr/horlogerie/l-heure-h-les-news-horlogeres-de-la-semaine-20250117</guid>
                <title>L’Heure H, les news horlogères de la semaine</title>
                                <link>https://www.lefigaro.fr/horlogerie/l-heure-h-les-news-horlogeres-de-la-semaine-20250117</link>
                                    <description>Quelles sont les dernières tendances de l’air du temps ? Voici les cinq actualités horlogères de la semaine...</description>
                                <category>Horlogerie</category>
                <pubDate>Fri, 17 Jan 2025 18:34:43 +0100</pubDate>

                                                            <media:content url="https://i.f1g.fr/media/cms/3000x2121_crop/2025/01/17/a1f3602b19d45d8da5c08a3313a1a54122571d5947537bddd139f126080c475d.jpg" width="3000" height="2121">
                            <media:description type="plain">Après le flamant rose, place au flamant bleu pour Tudor en 2025</media:description>
                            <media:credit>Tudor</media:credit>
                        </media:content>
                                                </item>
            </channel>
</rss>
