<?xml version="1.0" encoding="UTF-8"?>
<rss version="2.0" xmlns:atom="http://www.w3.org/2005/Atom" xmlns:media="http://search.yahoo.com/mrss/">
    <channel>
        <atom:link href="https://www.lefigaro.fr/rss/figaro_histoire.xml" rel="self" type="application/rss+xml"/>
        <category>La Une Histoire</category>
        <title>Le Figaro - Histoire</title>
        <description>Avec Le Figaro Histoire redécouvrez l&#039;histoire française, l&#039;histoire du monde, à travers les événements, rétrospectives, dossiers spéciaux historiques</description>
        <link>http://www.lefigaro.fr</link>
        <language>fr</language>
        <copyright>Droits de reproduction et de diffusion réservés LeFigaro.fr</copyright>
        <lastBuildDate>Mon, 10 Feb 2025 13:32:07 +0100</lastBuildDate>
        <docs>https://www.lefigaro.fr/rss</docs>
        <image>
            <title>Le Figaro - Histoire</title>
            <url>https://static.lefigaro.fr/common/logos/logo-150x150.png</url>
            <link>http://www.lefigaro.fr</link>
            <description>Avec Le Figaro Histoire redécouvrez l&#039;histoire française, l&#039;histoire du monde, à travers les événements, rétrospectives, dossiers spéciaux historiques</description>
        </image>

                    <item>
                <guid>https://www.lefigaro.fr/histoire/le-nouveau-figaro-histoire-israel-naissance-d-une-nation-20241205</guid>
                <title>Le nouveau Figaro Histoire : Israël, naissance d’une nation</title>
                                <link>https://www.lefigaro.fr/histoire/le-nouveau-figaro-histoire-israel-naissance-d-une-nation-20241205</link>
                                    <description>LE FIGARO HISTOIRE - Le nouveau numéro du magazine, en kiosque actuellement, consacre un dossier exceptionnel au sionisme et à la naissance de l’État d’Israël.</description>
                                <category>Histoire</category>
                <pubDate>Thu, 05 Dec 2024 15:33:29 +0100</pubDate>

                                                            <media:content url="https://i.f1g.fr/media/cms/1280x720_crop/2024/12/03/1b6828eabd101de9e0a1d09a2ef998204995a220d29257f297ef37b435cc0078.jpg" width="1280" height="720">
                            <media:description type="plain">Le Figaro Histoire, décembre 2024 - janvier 2025.</media:description>
                            <media:credit>Le Figaro Histoire</media:credit>
                        </media:content>
                                                </item>
                    <item>
                <guid>https://www.lefigaro.fr/histoire/livres/memoricide-de-philippe-de-villiers-est-ce-ainsi-que-les-nations-meurent-20241205</guid>
                <title>Mémoricide, de Philippe de Villiers : est-ce ainsi que les nations meurent ?</title>
                                <link>https://www.lefigaro.fr/histoire/livres/memoricide-de-philippe-de-villiers-est-ce-ainsi-que-les-nations-meurent-20241205</link>
                                    <description>CRITIQUE - Avec Mémoricide, Philippe de Villiers nous livre une puissante méditation sur l’état de notre vieux pays, menacé d’un basculement démographique et fragilisé par la haine de son propre passé.</description>
                                <category>Histoire Livres</category>
                <pubDate>Thu, 05 Dec 2024 09:00:00 +0100</pubDate>

                                                            <media:content url="https://i.f1g.fr/media/cms/2445x1375_crop/2024/12/03/09c2f56fb96f5564222a89f8628176427224f8de48ade9a88e298efff5446fea.jpg" width="2445" height="1375">
                            <media:description type="plain">Nostalgique, Villiers prouve par sa vie qu’on peut concilier le conservatisme avec la créativité, l’énergie, l’espoir et la capacité à fédérer les enthousiasmes présents en puisant dans les mélodies du passé.</media:description>
                            <media:credit>Gregoire Elodie/ABACA</media:credit>
                        </media:content>
                                                </item>
                    <item>
                <guid>https://www.lefigaro.fr/vox/histoire/vincent-tremolet-de-villers-quand-jerome-fourquet-devoile-la-desagregation-francaise-20241205</guid>
                <title>Vincent Trémolet de Villers: «Quand Jérôme Fourquet dévoile la désagrégation française»</title>
                                <link>https://www.lefigaro.fr/vox/histoire/vincent-tremolet-de-villers-quand-jerome-fourquet-devoile-la-desagregation-francaise-20241205</link>
                                    <description>FIGAROVOX/CHRONIQUE - Sous l’effet de la désindustrialisation, de l’immigration et de la déculturation, les paysages, les décors, les mœurs et même les êtres n’ont plus de point d’unité.</description>
                                <category>Vox Histoire</category>
                <pubDate>Thu, 05 Dec 2024 08:00:10 +0100</pubDate>

                                                            <media:content url="https://i.f1g.fr/media/eidos/630x354_crop/2024/12/05/XVM15613722-b17e-11ef-b650-9e8c2aa10b31.jpg" width="630" height="354">
                            <media:description type="plain">Vincent Trémolet de Villers.</media:description>
                            <media:credit>François BOUCHON/Le Figaro</media:credit>
                        </media:content>
                                                </item>
                    <item>
                <guid>https://www.lefigaro.fr/histoire/les-vitraux-de-notre-dame-une-resurrection-en-couleurs-et-en-lumiere-20241205</guid>
                <title>Les vitraux de Notre-Dame: une résurrection en couleurs et en lumière</title>
                                <link>https://www.lefigaro.fr/histoire/les-vitraux-de-notre-dame-une-resurrection-en-couleurs-et-en-lumiere-20241205</link>
                                    <description>RÉCIT - Déposés, nettoyés et réinstallés dans une cathédrale à la clarté renouvelée, les vitraux de Notre-Dame resplendissent d’une façon jamais vue depuis Viollet-le-Duc.</description>
                                <category>Histoire</category>
                <pubDate>Fri, 06 Dec 2024 17:20:06 +0100</pubDate>

                                                            <media:content url="https://i.f1g.fr/media/cms/3000x1687_crop/2024/12/02/2adc70b98cea2a39c9f80a554b8dad11ef4a8174d0b65edc74c65a07e8e53998.jpg" width="3000" height="1687">
                            <media:description type="plain">Glorification de la Vierge entourée, à gauche, de l’Annonciation et, à droite, de la Visitation, par Maréchal de Metz, 1856, vue des trois fenêtres hautes du rond-point du chœur.</media:description>
                            <media:credit>Patrick Zachmann / Magnum Pho</media:credit>
                        </media:content>
                                                </item>
                    <item>
                <guid>https://www.lefigaro.fr/vox/histoire/eugenie-bastie-le-decolonialisme-une-imposture-intellectuelle-20241204</guid>
                <title>Eugénie Bastié: «Le décolonialisme, une imposture intellectuelle»</title>
                                <link>https://www.lefigaro.fr/vox/histoire/eugenie-bastie-le-decolonialisme-une-imposture-intellectuelle-20241204</link>
                                    <description>CHRONIQUE - Un collectif d’universitaires critique ce mouvement d’idées né en Amérique du Sud qui a colonisé les sciences sociales. Une lecture manichéenne, simpliste et essentialiste des rapports entre l’Occident et le reste du monde.</description>
                                <category>Vox Histoire</category>
                <pubDate>Wed, 04 Dec 2024 19:24:02 +0100</pubDate>

                                                            <media:content url="https://i.f1g.fr/media/cms/2998x1686_crop/2024/12/04/8cd6a3644f89270fc67aaee04aa4b6d836bf38616c9d5c6fd9285a1249002747.jpg" width="2998" height="1686">
                            <media:description type="plain">Comme la théorie du genre, le décolonialisme s’est imposé dans les universités en mêlant constamment la prétention affichée à une scientificité et l’attachement revendiqué à une cause militante.</media:description>
                            <media:credit>Le Figaro</media:credit>
                        </media:content>
                                                </item>
                    <item>
                <guid>https://www.lefigaro.fr/histoire/notre-dame-de-paris-ces-decouvertes-archeologiques-permises-par-le-chantier-20241204</guid>
                <title>Notre-Dame de Paris: ces découvertes archéologiques permises par le chantier</title>
                                <link>https://www.lefigaro.fr/histoire/notre-dame-de-paris-ces-decouvertes-archeologiques-permises-par-le-chantier-20241204</link>
                                    <description>DÉCRYPTAGE - Si l’incendie de Notre-Dame fut une catastrophe, il a aussi permis des découvertes archéologiques inouïes qui dessinent la vie de la cathédrale au fil des siècles.</description>
                                <category>Histoire</category>
                <pubDate>Wed, 04 Dec 2024 11:23:23 +0100</pubDate>

                                                            <media:content url="https://i.f1g.fr/media/cms/612x918_crop/2024/12/03/4bb4c3bb018fda3236a0f943df811c49e47875fc3418d62c901ae53487b0abb6.jpg" width="612" height="918">
                            <media:description type="plain">Vue de la fouille de la croisée du transept. C’est là que furent mis au jour des fragments du jubé du XIIIe siècle détruit au XVIIIe</media:description>
                            <media:credit>Denis Gliksman</media:credit>
                        </media:content>
                                                </item>
                    <item>
                <guid>https://www.lefigaro.fr/histoire/notre-dame-le-second-souffle-du-grand-orgue-20241203</guid>
                <title>Notre-Dame: le second souffle du grand orgue</title>
                                <link>https://www.lefigaro.fr/histoire/notre-dame-le-second-souffle-du-grand-orgue-20241203</link>
                                    <description>Le grand orgue a échappé aux flammes mais pas aux poussières de plomb. Nettoyé et harmonisé, il retentit à nouveau sous les voûtes de la cathédrale.</description>
                                <category>Histoire</category>
                <pubDate>Tue, 03 Dec 2024 11:01:16 +0100</pubDate>

                                                            <media:content url="https://i.f1g.fr/media/cms/918x612_crop/2024/12/02/6f7df87b2724d076585a51f5c50cccb7387ac12d37ae452a7fc1c550b51b7087.jpg" width="918" height="612">
                            <media:description type="plain">Couvert de poussières de plomb lors de l’incendie, l’orgue a été en grande partie démonté et restauré en atelier entre 2020 et 2022. Après le remontage, chacun des 7952 tuyaux en métal et en bois a été harmonisé et accordé dans le silence de la nuit.</media:description>
                            <media:credit>Patrick Zachmann.</media:credit>
                        </media:content>
                                                </item>
                    <item>
                <guid>https://www.lefigaro.fr/histoire/notre-dame-de-paris-10-mars-1687-adieux-au-prince-20241203</guid>
                <title>Notre-Dame de Paris, 10 mars 1687: adieux au prince</title>
                                <link>https://www.lefigaro.fr/histoire/notre-dame-de-paris-10-mars-1687-adieux-au-prince-20241203</link>
                                    <description>FIGARO HORS-SÉRIE (4/7) -&amp;#160;Pendant sept jours, Le Figaro hors-série vous raconte la vie de la cathédrale en sept dates clés. Aujourd’hui, le Grand Condé y est honoré par la plus grandiose des pompes funèbres.</description>
                                <category>Histoire</category>
                <pubDate>Tue, 03 Dec 2024 10:06:23 +0100</pubDate>

                                                            <media:content url="https://i.f1g.fr/media/cms/1280x720_crop/2024/12/02/9263957af363ae183d9d3a3c356178c9d4f3e76e721095c9975b094bb60bf681.jpg" width="1280" height="720">
                            <media:description type="plain">Abrité par un grand portique, le catafalque est couvert d’un poêle de drap d’or brodé d’hermine, de la couronne à fleurs de lys, des colliers des ordres et du manteau du prince.</media:description>
                            <media:credit>Jean Berain / The Metropolitan Museum of Art, domaine public</media:credit>
                        </media:content>
                                                </item>
                    <item>
                <guid>https://www.lefigaro.fr/vox/histoire/220-ans-apres-son-sacre-le-2-decembre-1804-avons-nous-renonce-a-celebrer-l-heritage-de-napoleon-20241202</guid>
                <title>220 ans après son sacre, le 2 décembre 1804, avons-nous renoncé à célébrer l’héritage de Napoléon ?</title>
                                <link>https://www.lefigaro.fr/vox/histoire/220-ans-apres-son-sacre-le-2-decembre-1804-avons-nous-renonce-a-celebrer-l-heritage-de-napoleon-20241202</link>
                                    <description>FIGAROVOX/TRIBUNE - Alors que la France moderne est encore largement tributaire du legs impérial, le 2 décembre devrait être la date napoléonienne par excellence de notre calendrier mémoriel, estime le député UDR et historien Maxime Michelet.</description>
                                <category>Vox Histoire</category>
                <pubDate>Mon, 02 Dec 2024 17:57:43 +0100</pubDate>

                                                            <media:content url="https://i.f1g.fr/media/cms/1023x575_crop/2024/12/02/f47ccdba759606b2419f17c377fc851c9b878d07c216d6812cce2b048c4c6412.jpg" width="1023" height="575">
                            <media:description type="plain">« Renouer le fil distendu de l’héritage napoléonien apparaît comme une des solutions face aux crises multiples qui s’abattent sur notre pays. »</media:description>
                            <media:credit>/ Bridgeman Images</media:credit>
                        </media:content>
                                                </item>
                    <item>
                <guid>https://www.lefigaro.fr/histoire/comment-les-tours-de-notre-dame-de-paris-ont-ete-miraculeusement-sauvees-des-flammes-20241202</guid>
                <title>Comment les tours de Notre-Dame de Paris ont été miraculeusement sauvées des flammes</title>
                                <link>https://www.lefigaro.fr/histoire/comment-les-tours-de-notre-dame-de-paris-ont-ete-miraculeusement-sauvees-des-flammes-20241202</link>
                                    <description>LES MIRACLES (3/7) - Le 15 avril 2019, les tours ont failli tomber sous les flammes, laissant un grand trou dans le ciel parisien occupé depuis mille ans.</description>
                                <category>Histoire</category>
                <pubDate>Tue, 03 Dec 2024 10:25:29 +0100</pubDate>

                                                            <media:content url="https://i.f1g.fr/media/cms/1280x720_crop/2024/12/01/4db80bde14e3da25bd2d51c9d52fdfb026432e65907671397a40aaa45cf649d0.jpg" width="1280" height="720">
                            <media:description type="plain">Les tours de Notre-Dame, au soir de l’incendie, alors que la charpente, la flèche et la toiture sont perdues.</media:description>
                            <media:credit>REVELLI-BEAUMONT/SIPA</media:credit>
                        </media:content>
                                                </item>
                    <item>
                <guid>https://www.lefigaro.fr/histoire/archives/j-ai-vu-l-agonie-de-bhopal-il-y-a-40-ans-le-figaro-temoignait-du-martyre-de-la-ville-indienne-20241202</guid>
                <title>«J’ai vu l’agonie de Bhopal» : il y a 40 ans, Le Figaro témoignait du martyre de la ville indienne</title>
                                <link>https://www.lefigaro.fr/histoire/archives/j-ai-vu-l-agonie-de-bhopal-il-y-a-40-ans-le-figaro-temoignait-du-martyre-de-la-ville-indienne-20241202</link>
                                    <description>LES ARCHIVES DU FIGARO - Après la libération d’un nuage toxique par une usine de pesticides dans la nuit du 2 au 3 décembre 1984 à Bhopal, l’envoyée spéciale du Figaro découvrait les ravages provoqués par l’un des plus graves accidents industriels de l’histoire.</description>
                                <category>Histoire Archives</category>
                <pubDate>Mon, 02 Dec 2024 10:00:00 +0100</pubDate>

                                                            <media:content url="https://i.f1g.fr/media/cms/2850x1603_crop/2024/11/29/bbe1021d3bafff0fceb360239a584aa2eb0c1184c6513d323367e23bb8eb94af.jpg" width="2850" height="1603">
                            <media:description type="plain">Les victimes de l’accident de l’usine de pesticides à Bhopal attendent d’être soignées devant un hôpital submergé.</media:description>
                            <media:credit>BEDI / AFP</media:credit>
                        </media:content>
                                                </item>
                    <item>
                <guid>https://www.lefigaro.fr/histoire/notre-dame-de-paris-le-18-aout-1572-noces-de-sang-20241202</guid>
                <title>Notre-Dame de Paris, le 18 août 1572: noces de sang</title>
                                <link>https://www.lefigaro.fr/histoire/notre-dame-de-paris-le-18-aout-1572-noces-de-sang-20241202</link>
                                    <description>FIGARO HORS-SÉRIE (3/7) - Pendant sept jours, Le Figaro hors-série vous raconte la vie de la cathédrale en sept dates clés. Aujourd’hui, Marguerite de Valois y épouse Henri de Navarre, quatre jours avant la Saint-Barthélemy.</description>
                                <category>Histoire</category>
                <pubDate>Thu, 05 Dec 2024 12:44:13 +0100</pubDate>

                                                            <media:content url="https://i.f1g.fr/media/cms/1280x720_crop/2024/12/05/c6ae58946a3698a1e739dcaea1247ba00cda046a0da590c66b1fa715feaacbc4.jpg" width="1280" height="720">
                            <media:description type="plain">«Le Massacre de la Saint-Barthélémy», par François Dubois (1529-1584). Symbole de la coexistence pacifique des deux religions, les noces de Marguerite de Valois et de Henri de Navarre n’empêcheront pas le massacre de plusieurs milliers de protestants par les catholiques, le 24 août 1572 à Paris.</media:description>
                            <media:credit>Josse/Bridgeman Images</media:credit>
                        </media:content>
                                                </item>
                    <item>
                <guid>https://www.lefigaro.fr/histoire/archives/quel-atroce-proces-le-1er-decembre-1944-les-tortionnaires-du-93-rue-lauriston-devant-la-justice-20241201</guid>
                <title>«Quel atroce procès!» : le 1er décembre 1944, les tortionnaires du 93 rue Lauriston devant la justice</title>
                                <link>https://www.lefigaro.fr/histoire/archives/quel-atroce-proces-le-1er-decembre-1944-les-tortionnaires-du-93-rue-lauriston-devant-la-justice-20241201</link>
                                    <description>LE FAIT D’HIER - Il y a 80 ans, les truands de la Gestapo française qui sévissaient dans la tristement célèbre officine parisienne répondaient de leurs crimes devant la cour de justice de la Seine.</description>
                                <category>Histoire Archives</category>
                <pubDate>Sun, 01 Dec 2024 12:38:05 +0100</pubDate>

                                                            <media:content url="https://i.f1g.fr/media/cms/orig/2024/12/01/705edacc3f6a53613ac44cb1af851c0bfc21d73d7a096363c8db5dbb465bf1e3.jpg" width="2375" height="1335">
                            <media:description type="plain">Le procès des membres de la Gestapo de la rue Lauriston s’ouvre le 1er décembre 1944. Tout à gauche sur le banc des prévenus, les chefs de la Carlingue, Henri Lafont et Pierre Bonny (lunettes et moustache)</media:description>
                            <media:credit>- / AFP</media:credit>
                        </media:content>
                                                </item>
                    <item>
                <guid>https://www.lefigaro.fr/vox/histoire/en-algerie-60-ans-de-dictature-militaire-et-de-captation-de-la-richesse-nationale-par-les-dirigeants-du-pays-20241130</guid>
                <title>En Algérie, 60 ans de dictature militaire et de captation de la richesse nationale par la classe dirigeante du pays</title>
                                <link>https://www.lefigaro.fr/vox/histoire/en-algerie-60-ans-de-dictature-militaire-et-de-captation-de-la-richesse-nationale-par-les-dirigeants-du-pays-20241130</link>
                                    <description>GRAND RÉCIT - Le régime algérien est presque immuable depuis l’indépendance en 1962. Le principal objectif de l’oligarchie qui le dirige consiste à durer, en réprimant les opposants comme Boualem Sansal et en faisant de la France, mais aussi du Maroc, des boucs émissaires.</description>
                                <category>Vox Histoire</category>
                <pubDate>Mon, 13 Jan 2025 10:13:31 +0100</pubDate>

                                                            <media:content url="https://i.f1g.fr/media/cms/1918x1079_crop/2024/11/30/7c865a11d1b46991b880bf37950efcc629888bdd94c856da58bcbdfc58939aee.jpg" width="1918" height="1079">
                            <media:description type="plain">Les présidents Ben Bella (1963-1965), Boumediene (1965-1978), Bouteflika (1999-2019) et Tebboune (depuis 2019). Boumediene occupe une place à part dans la mémoire collective, car il est considéré comme un homme désintéressé à l’égard de l’argent.</media:description>
                            <media:credit>AFP / - / Bridgeman Images / Â© Giovanni Coruzzi / AFP / ALASTAIR GRANT / AFP / -</media:credit>
                        </media:content>
                                                </item>
                    <item>
                <guid>https://www.lefigaro.fr/histoire/notre-dame-de-paris-vers-1260-la-couronne-et-la-gloire-20241129</guid>
                <title>Notre-Dame de Paris, vers 1260 : la couronne et la gloire</title>
                                <link>https://www.lefigaro.fr/histoire/notre-dame-de-paris-vers-1260-la-couronne-et-la-gloire-20241129</link>
                                    <description>FIGARO HORS-SÉRIE (2/7) - Louis IX s’est fait sculpter en façade de la nouvelle cathédrale. N’a-t-il pas offert à la fille aînée de l’Eglise les saintes reliques de la Passion ?</description>
                                <category>Histoire</category>
                <pubDate>Tue, 03 Dec 2024 10:36:34 +0100</pubDate>

                                                            <media:content url="https://i.f1g.fr/media/cms/3000x1986_crop/2024/11/29/782c23dcf917764a8240c8644253cb6e10503460ef5dcfe5c7df48fb1260d223.jpg" width="3000" height="1986">
                            <media:description type="plain">Le tympan du portail Sainte-Anne figure l’enfance du Christ. Au centre, la Vierge à l’Enfant est entourée du roi de France et de l’évêque de Paris.</media:description>
                            <media:credit>akg-images / British Library</media:credit>
                        </media:content>
                                                </item>
                    <item>
                <guid>https://www.lefigaro.fr/histoire/notre-dame-de-paris-le-19-mai-1182-maurice-de-sully-l-eveque-batisseur-20241127</guid>
                <title>Notre-Dame de Paris, le 19 mai 1182: Maurice de Sully, l’évêque bâtisseur</title>
                                <link>https://www.lefigaro.fr/histoire/notre-dame-de-paris-le-19-mai-1182-maurice-de-sully-l-eveque-batisseur-20241127</link>
                                    <description>FIGARO HORS-SÉRIE (1/7) - Le légat du pape consacre l’autel de la nouvelle cathédrale voulue par l’évêque de Paris, Maurice de Sully.</description>
                                <category>Histoire</category>
                <pubDate>Thu, 28 Nov 2024 18:13:45 +0100</pubDate>

                                                            <media:content url="https://i.f1g.fr/media/cms/1920x1080_crop/2024/11/26/d1c8abbaf5f555e25cb9a9f4d85f1fff50a5d45cdcc3d2f78d5a45ec19ef3aa8.jpg" width="1920" height="1080">
                            <media:description type="plain">Le tympan et le linteau supérieur du portail Sainte-Anne, réalisés vers 1150, proviennent d’un portail de la cathédrale romane qui fut détruite pour édifier Notre-Dame.</media:description>
                            <media:credit>Archives nationales</media:credit>
                        </media:content>
                                                </item>
                    <item>
                <guid>https://www.lefigaro.fr/vox/histoire/80-ans-apres-sa-mort-nous-aurions-besoin-de-marc-bloch-pour-nous-instruire-sur-nos-propres-errements-20241126</guid>
                <title>80 ans après sa mort, nous aurions besoin de Marc Bloch pour nous instruire sur nos propres errements</title>
                                <link>https://www.lefigaro.fr/vox/histoire/80-ans-apres-sa-mort-nous-aurions-besoin-de-marc-bloch-pour-nous-instruire-sur-nos-propres-errements-20241126</link>
                                    <description>TRIBUNE - Le 23 novembre, Emmanuel Macron a annoncé l’entrée au Panthéon de celui qui fut fusillé par la Gestapo en 1944. Historien impartial et fervent patriote, Marc Bloch nous met en garde contre le dédain pour ce qui nous a précédés, explique l’historien Julien Broch.</description>
                                <category>Vox Histoire</category>
                <pubDate>Mon, 02 Dec 2024 12:21:27 +0100</pubDate>

                                                            <media:content url="https://i.f1g.fr/media/cms/2211x1243_crop/2024/11/26/bc7cf688c3568b6eb3c0d4b1c8e207929b74400399388c02a5f648e35aca29b5.jpg" width="2211" height="1243">
                            <media:description type="plain">«Marc Bloch nous y met en garde contre l’écrasement du temps»</media:description>
                            <media:credit>/ Bridgeman Images</media:credit>
                        </media:content>
                                                </item>
                    <item>
                <guid>https://www.lefigaro.fr/histoire/archives/le-26-novembre-1974-simone-veil-defendait-son-projet-de-loi-sur-l-avortement-20241126</guid>
                <title>Le 26 novembre 1974, Simone Veil défendait son projet de loi sur l’avortement</title>
                                <link>https://www.lefigaro.fr/histoire/archives/le-26-novembre-1974-simone-veil-defendait-son-projet-de-loi-sur-l-avortement-20241126</link>
                                    <description>LES ARCHIVES DU FIGARO - Il y a 50 ans, la ministre de la Santé présentait devant une Assemblée nationale houleuse son texte sur la légalisation de l’IVG. Un débat suivi de près dans les pages du Figaro.</description>
                                <category>Histoire Archives</category>
                <pubDate>Tue, 26 Nov 2024 06:00:00 +0100</pubDate>

                                                            <media:content url="https://i.f1g.fr/media/cms/2850x1603_crop/2024/11/25/2036df96d08bfae4969dbf36be5ab3d4c73b114090259e97b3ee7ed80d16b098.jpg" width="2850" height="1603">
                            <media:description type="plain">Le 26 novembre 1974, Simone Veil défendait son projet de loi de dépénalisation de l’avortement devant une assemblée nationale houleuse.</media:description>
                            <media:credit>- / AFP</media:credit>
                        </media:content>
                                                </item>
                    <item>
                <guid>https://www.lefigaro.fr/histoire/archives/le-23-novembre-1944-la-ville-de-strasbourg-etait-liberee-20241125</guid>
                <title>Le 23 novembre 1944, la ville de Strasbourg était libérée</title>
                                <link>https://www.lefigaro.fr/histoire/archives/le-23-novembre-1944-la-ville-de-strasbourg-etait-liberee-20241125</link>
                                    <description>LES ARCHIVES DU FIGARO - Après la libération de la capitale alsacienne par la 2e DB du général Leclerc, Le Figaro parcourait les rues d’une ville meurtrie par quatre années d’occupation.</description>
                                <category>Histoire Archives</category>
                <pubDate>Mon, 25 Nov 2024 12:24:01 +0100</pubDate>

                                                            <media:content url="https://i.f1g.fr/media/cms/2848x1602_crop/2024/11/18/e48d4769cdcdbad3ddb521859dd7cc7f383b626d4756eb292ca29c5ba32ce2b3.jpg" width="2848" height="1602">
                            <media:description type="plain">Des soldats de la 2e DB accueillis en libérateurs à Strasbourg le 23 novembre 1944.</media:description>
                            <media:credit>/ Bridgeman Images</media:credit>
                        </media:content>
                                                </item>
                    <item>
                <guid>https://www.lefigaro.fr/histoire/archives/le-25-novembre-2004-emile-louis-le-boucher-de-l-yonne-etait-condamne-a-la-reclusion-a-perpetuite-20241124</guid>
                <title>Le 25 novembre 2004, Emile Louis, le «boucher de l’Yonne», était condamné à la réclusion à perpétuité</title>
                                <link>https://www.lefigaro.fr/histoire/archives/le-25-novembre-2004-emile-louis-le-boucher-de-l-yonne-etait-condamne-a-la-reclusion-a-perpetuite-20241124</link>
                                    <description>LE FAIT D’HIER - Il y a 20 ans, le verdict tombait pour le tueur en série jugé à Auxerre dans «l’affaire des disparues de l’Yonne».</description>
                                <category>Histoire Archives</category>
                <pubDate>Sun, 24 Nov 2024 08:00:00 +0100</pubDate>

                                                            <media:content url="https://i.f1g.fr/media/cms/1371x771_crop/2024/11/22/1a1c4aec48160902b00b3a9240b57ed8451bb44b1b3e9bb1573e129de2446c36.jpg" width="1371" height="771">
                            <media:description type="plain">Emile Louis, ici le 10 novembre 2004 lors d’un déplacement de la cour d’assises de l’Yonne sur les lieux où les corps de deux des disparues ont été retrouvés, est condamné le 25 novembre à la réclusion à perpétuité.</media:description>
                            <media:credit>MARTIN BUREAU / AFP</media:credit>
                        </media:content>
                                                </item>
            </channel>
</rss>
