<?xml version="1.0" encoding="UTF-8"?>
<rss version="2.0" xmlns:atom="http://www.w3.org/2005/Atom" xmlns:media="http://search.yahoo.com/mrss/">
    <channel>
        <atom:link href="https://www.lefigaro.fr/rss/figaro_videos.xml" rel="self" type="application/rss+xml"/>
        <category>Sélection vidéos</category>
        <title>Le Figaro Live - Vidéos : toutes les vidéos</title>
        <description>Sur la chaine vidéo du Figaro, retrouvez nos émissions (Le Talk, Le Buzz-média, Le Live…), nos interviews (actualité, politique, musique, international), nos reportages et toutes nos vidéos : actualité, politique, international, sport, médias, plus vues, essais automobiles, cinéma, critiques cinéma, bandes annonces, Le Club Immo, mode, défilés, critique, people, tests produits high tech, économie, culture, critiques littéraires, zapping…</description>
        <link>http://video.lefigaro.fr</link>
        <language>fr</language>
        <copyright>Droits de reproduction et de diffusion réservés LeFigaro.fr</copyright>
        <lastBuildDate>Mon, 10 Feb 2025 13:39:28 +0100</lastBuildDate>
        <docs>https://www.lefigaro.fr/rss</docs>
        <image>
            <title>Le Figaro Live - Vidéos : toutes les vidéos</title>
            <url>https://static.lefigaro.fr/common/logos/logo-150x150.png</url>
            <link>http://video.lefigaro.fr</link>
            <description>Sur la chaine vidéo du Figaro, retrouvez nos émissions (Le Talk, Le Buzz-média, Le Live…), nos interviews (actualité, politique, musique, international), nos reportages et toutes nos vidéos : actualité, politique, international, sport, médias, plus vues, essais automobiles, cinéma, critiques cinéma, bandes annonces, Le Club Immo, mode, défilés, critique, people, tests produits high tech, économie, culture, critiques littéraires, zapping…</description>
        </image>

                    <item>
                <guid>https://video.lefigaro.fr/figaro/video/super-bowl-kendrick-lamar-portait-un-jean-dune-marque-francaise-inspiree-par-une-celebrite/</guid>
                <title>Super Bowl : Kendrick Lamar portait un jean d’une marque française inspirée par une célébrité</title>
                                <link>https://video.lefigaro.fr/figaro/video/super-bowl-kendrick-lamar-portait-un-jean-dune-marque-francaise-inspiree-par-une-celebrite/</link>
                                    <description>Le rappeur Kendrick Lamar a assuré le concert de la mi-temps du Super Bowl ce 10 février à la Nouvelle-Orléans. En plus de sa prestation, sa tenue a également fait sensation, et notamment son jean, qui s&#039;avère être français ! De la marque Celine, ce modèle s&#039;inspire de Serge Gainsbourg.</description>
                                <category>1663585737997363173</category>
                <pubDate>Mon, 10 Feb 2025 13:19:05 +0100</pubDate>

                                                            <media:content url="https://i.f1g.fr/media/ext/orig/api-video-public.lefigaro.fr/assets/b7/25/f7/b725f766234246a7cbc5d4ad91a23b21.jpeg" width="1920" height="1080">
                            <media:description type="plain"></media:description>
                            <media:credit></media:credit>
                        </media:content>
                                                </item>
                    <item>
                <guid>https://video.lefigaro.fr/figaro/video/loffensive-judiciaire-de-liba-quand-le-s-67a9e65b9662e05191756a05-feb-10-2025-12-11-49/</guid>
                <title>La Fédération internationale de boxe porte plainte contre le CIO au sujet d’Imane Khelif et de Lin Yu-Ting</title>
                                <link>https://video.lefigaro.fr/figaro/video/loffensive-judiciaire-de-liba-quand-le-s-67a9e65b9662e05191756a05-feb-10-2025-12-11-49/</link>
                                    <description>La Fédération internationale de boxe (IBA), exclue du mouvement olympique mais qui contestait lors des JO de Paris le droit de deux boxeuses à concourir chez les femmes, a annoncé lundi une offensive judiciaire contre le CIO. L&#039;instance dirigée par le Russe Umar Kremlev affirme «déposer plainte auprès du procureur général de la Suisse», Stefan Blätter, et préparer «des plaintes similaires» auprès des procureurs généraux de France et des États-Unis.</description>
                                <category>1663585737997363173</category>
                <pubDate>Mon, 10 Feb 2025 13:14:52 +0100</pubDate>

                                                            <media:content url="https://i.f1g.fr/media/ext/orig/api-video-public.lefigaro.fr/assets/f6/1a/0d/f61a0ded1a0bd7edf4bd4adf4aa64478.jpeg" width="1920" height="1080">
                            <media:description type="plain"></media:description>
                            <media:credit></media:credit>
                        </media:content>
                                                </item>
                    <item>
                <guid>https://video.lefigaro.fr/gala/video/harry-meghan-et-la-team-invictus-france/</guid>
                <title>Harry, Meghan et la team Invictus France</title>
                                <link>https://video.lefigaro.fr/gala/video/harry-meghan-et-la-team-invictus-france/</link>
                                    <description></description>
                                <category>dc40c6df-fe52-11ee-b6b0-42010a05f018</category>
                <pubDate>Mon, 10 Feb 2025 13:05:03 +0100</pubDate>

                                                            <media:content url="https://i.f1g.fr/media/ext/orig/api-video-public.lefigaro.fr/assets/cb/cc/97/cbcc9787a2cd312b531cdb73289770e5.jpeg" width="1920" height="3414">
                            <media:description type="plain"></media:description>
                            <media:credit></media:credit>
                        </media:content>
                                                </item>
                    <item>
                <guid>https://video.lefigaro.fr/figaro/video/380-kilos-de-cocaine-saisis-pres-de-narbonne/</guid>
                <title>380 kilos de cocaïne saisis près de Narbonne</title>
                                <link>https://video.lefigaro.fr/figaro/video/380-kilos-de-cocaine-saisis-pres-de-narbonne/</link>
                                    <description>Un automobiliste a été arrêté dans une aire d&#039;autoroute avec 380 kilos de cocaïne à son bord. Son véhicule avait été repéré à la frontière espagnole.</description>
                                <category>1663585737997363173</category>
                <pubDate>Mon, 10 Feb 2025 13:01:59 +0100</pubDate>

                                                            <media:content url="https://i.f1g.fr/media/ext/orig/api-video-public.lefigaro.fr/assets/ac/6b/3b/ac6b3b1c2267a0f4f4b0ce61e66bd33b.jpeg" width="1920" height="1080">
                            <media:description type="plain"></media:description>
                            <media:credit></media:credit>
                        </media:content>
                                                </item>
                    <item>
                <guid>https://video.lefigaro.fr/figaro/video/droit-du-sol-francois-hollande-denonce-un-debat-inutile-sur-un-des-principes-fondamentaux-de-la-republique/</guid>
                <title>Droit du sol : François Hollande dénonce un débat «inutile» sur «un des principes fondamentaux de la République»</title>
                                <link>https://video.lefigaro.fr/figaro/video/droit-du-sol-francois-hollande-denonce-un-debat-inutile-sur-un-des-principes-fondamentaux-de-la-republique/</link>
                                    <description>La discussion n’a même pas encore commencé qu’elle crispe déjà une partie de la classe politique. Alors que l’Assemblée nationale a restreint cette semaine le droit du sol à Mayotte pour tenter d’endiguer l’immigration qui arrive des Comores sur l’île de l’Océan indien, le ministre de la Justice Gérald Darmanin, qui dissimule à peine ses ambitions pour la présidentielle de 2027, a appelé à un grand «débat» sur l’accès automatique à la nationalité française des nouveau-nés sur le territoire ultramarin. Invité dimanche 9 février de BFMTV, l’ancien chef de l’État François Hollande a tout simplement qualifié ce débat d’«inutile».</description>
                                <category>1663585737997363173</category>
                <pubDate>Mon, 10 Feb 2025 13:00:36 +0100</pubDate>

                                                            <media:content url="https://i.f1g.fr/media/ext/orig/api-video-public.lefigaro.fr/assets/9b/88/52/9b885274fe941b979c8db65660b0d283.jpeg" width="1920" height="1080">
                            <media:description type="plain"></media:description>
                            <media:credit></media:credit>
                        </media:content>
                                                </item>
                    <item>
                <guid>https://video.lefigaro.fr/figaro/video/politique-sommet-sur-lia-reindustrialisation-toute-lactualite-dans-points-de-vue/</guid>
                <title>Réindustrialisation : un modèle à révolutionner ? Le point de vue d'Anaïs Voy-Gillis</title>
                                <link>https://video.lefigaro.fr/figaro/video/politique-sommet-sur-lia-reindustrialisation-toute-lactualite-dans-points-de-vue/</link>
                                    <description>Anaïs Voy-Gillis, auteur de «Pour une Révolution industrielle» (Presses de la Cité), est l&#039;invitée d&#039;Anne-Emmanuelle Isaac dans Points de Vue.</description>
                                <category>1663585737997363173</category>
                <pubDate>Mon, 10 Feb 2025 13:28:35 +0100</pubDate>

                                                            <media:content url="https://i.f1g.fr/media/ext/orig/api-video-public.lefigaro.fr/assets/79/96/12/799612a69f1a04f30e685a7f8cc64232.jpeg" width="1920" height="1080">
                            <media:description type="plain"></media:description>
                            <media:credit></media:credit>
                        </media:content>
                                                </item>
                    <item>
                <guid>https://video.lefigaro.fr/figaro/video/colombie-le-president-appelle-son-gouvernement-a-demissionner-trois-ministres-quittent-leur-poste/</guid>
                <title>Colombie : le président appelle son gouvernement à démissionner, trois ministres quittent leur poste</title>
                                <link>https://video.lefigaro.fr/figaro/video/colombie-le-president-appelle-son-gouvernement-a-demissionner-trois-ministres-quittent-leur-poste/</link>
                                    <description>Suite à un conseil des ministres très tendu le 4 février, le président colombien Petro à inciter ses ministres et ses hauts fonctionnaires à démissionner, considérant qu&#039;ils n&#039;avaient pas mener les réformes qu&#039;il souhaitait mettre en place. Déjà trois membres de son gouvernement ont démissionné depuis, dont la ministre de l&#039;Environnement Susana Muhamad,</description>
                                <category>1663585737997363173</category>
                <pubDate>Mon, 10 Feb 2025 12:38:59 +0100</pubDate>

                                                            <media:content url="https://i.f1g.fr/media/ext/orig/api-video-public.lefigaro.fr/assets/9f/5c/53/9f5c5399de74724c37072ab9d4766a1a.jpeg" width="1920" height="1080">
                            <media:description type="plain"></media:description>
                            <media:credit></media:credit>
                        </media:content>
                                                </item>
                    <item>
                <guid>https://video.lefigaro.fr/figaro/video/meteo-en-france-le-bulletin-du-11-02-avec-la-chaine-meteo-15/</guid>
                <title>Météo en France : le bulletin du 11/02 avec La Chaîne Météo</title>
                                <link>https://video.lefigaro.fr/figaro/video/meteo-en-france-le-bulletin-du-11-02-avec-la-chaine-meteo-15/</link>
                                    <description>Les prévisions météo à court terme, masse d&#039;air et analyse pour la France</description>
                                <category>1663585737997363173</category>
                <pubDate>Mon, 10 Feb 2025 12:35:35 +0100</pubDate>

                                                            <media:content url="https://i.f1g.fr/media/ext/orig/api-video-public.lefigaro.fr/assets/17/d3/ca/17d3caed688612e30c0d04f7d8c4ce03.jpeg" width="1920" height="1052">
                            <media:description type="plain"></media:description>
                            <media:credit></media:credit>
                        </media:content>
                                                </item>
                    <item>
                <guid>https://video.lefigaro.fr/figaro/video/essouffle-le-pape-francois-ne-parvient-pas-a-achever-la-lecture-de-son-homelie/</guid>
                <title>Essoufflé, le pape François ne parvient pas à achever la lecture de son homélie</title>
                                <link>https://video.lefigaro.fr/figaro/video/essouffle-le-pape-francois-ne-parvient-pas-a-achever-la-lecture-de-son-homelie/</link>
                                    <description>Lors de la sainte messe du jubilé des armées, le chef de l’Église catholique a demandé au maître cérémoniaire d’assurer la fin de son homélie pour cause d’essoufflement.</description>
                                <category>1663585737997363173</category>
                <pubDate>Mon, 10 Feb 2025 12:28:26 +0100</pubDate>

                                                            <media:content url="https://i.f1g.fr/media/ext/orig/api-video-public.lefigaro.fr/assets/51/92/b6/5192b65fb5a1c007ad2c910a0c145718.jpeg" width="1920" height="1080">
                            <media:description type="plain"></media:description>
                            <media:credit></media:credit>
                        </media:content>
                                                </item>
                    <item>
                <guid>https://video.lefigaro.fr/figaro/video/bordeaux-un-homme-interpelle-avec-260-grammes-de-cocaine-sur-lui-sous-la-forme-de-14-capsules-avalees/</guid>
                <title>Bordeaux : un homme interpellé avec 260 grammes de cocaïne sur lui, sous la forme de 14 capsules avalées</title>
                                <link>https://video.lefigaro.fr/figaro/video/bordeaux-un-homme-interpelle-avec-260-grammes-de-cocaine-sur-lui-sous-la-forme-de-14-capsules-avalees/</link>
                                    <description>Vendredi 7 février, un homme de 44 ans a été interpellé à la gare Saint-Jean de Bordeaux avec 260 grammes de cocaïne sur lui. La drogue était conditionnée sous la forme de 14 ovules qu’il avait avalées L’individu a été placé en garde à vue immédiatement et sera envoyé en comparution immédiate devant le tribunal correctionnel.</description>
                                <category>1663585737997363173</category>
                <pubDate>Mon, 10 Feb 2025 12:29:08 +0100</pubDate>

                                                            <media:content url="https://i.f1g.fr/media/ext/orig/api-video-public.lefigaro.fr/assets/74/0f/6e/740f6e98442636dda61fd6508f5457ca.jpeg" width="1920" height="1080">
                            <media:description type="plain"></media:description>
                            <media:credit></media:credit>
                        </media:content>
                                                </item>
                    <item>
                <guid>https://video.lefigaro.fr/figaro/video/lavenir-politique-de-marseille-delogu-e-67a9da299662e051917562a7-feb-10-2025-11-05-08/</guid>
                <title>Le député LFI Sébastien Delogu confirme réfléchir à une candidature aux municipales de Marseille</title>
                                <link>https://video.lefigaro.fr/figaro/video/lavenir-politique-de-marseille-delogu-e-67a9da299662e051917562a7-feb-10-2025-11-05-08/</link>
                                    <description>Sébastien Delogu avance un peu plus ses pions. Dans une interview accordée lundi 10 février à La Provence , le député LFI des quartiers nord de Marseille confirme réfléchir à une candidature pour les prochaines municipales de 2026.</description>
                                <category>1663585737997363173</category>
                <pubDate>Mon, 10 Feb 2025 12:31:22 +0100</pubDate>

                                                            <media:content url="https://i.f1g.fr/media/ext/orig/api-video-public.lefigaro.fr/assets/43/d8/92/43d892d755cafc76cee94211794cda38.jpeg" width="1920" height="1080">
                            <media:description type="plain"></media:description>
                            <media:credit></media:credit>
                        </media:content>
                                                </item>
                    <item>
                <guid>https://video.lefigaro.fr/madame/video/meghan-markle-et-nelly-furtado-dans-les-coulisses-des-invictus-games/</guid>
                <title>Meghan Markle et Nelly Furtado dans les coulisses des Invictus Games</title>
                                <link>https://video.lefigaro.fr/madame/video/meghan-markle-et-nelly-furtado-dans-les-coulisses-des-invictus-games/</link>
                                    <description></description>
                                <category>1663585782808341348</category>
                <pubDate>Mon, 10 Feb 2025 13:02:20 +0100</pubDate>

                                                            <media:content url="https://i.f1g.fr/media/ext/orig/api-video-public.lefigaro.fr/assets/cb/a6/23/cba62376ba064506ad850229270a0311.jpeg" width="1920" height="1244">
                            <media:description type="plain"></media:description>
                            <media:credit></media:credit>
                        </media:content>
                                                </item>
                    <item>
                <guid>https://video.lefigaro.fr/figaro/video/iran-le-president-denonce-lhypocrisie-de-donald-trump-et-laccuse-de-vouloir-mettre-le-pays-a-genoux/</guid>
                <title>Iran : le président dénonce l'hypocrisie de Donald Trump et l'accuse de vouloir mettre le pays «à genoux»</title>
                                <link>https://video.lefigaro.fr/figaro/video/iran-le-president-denonce-lhypocrisie-de-donald-trump-et-laccuse-de-vouloir-mettre-le-pays-a-genoux/</link>
                                    <description>Lors d’un discours à l’occasion du 46e anniversaire de la République islamique, le président iranien Massoud Pezeshkian accuse Donald Trump de vouloir les «mettre à genoux».</description>
                                <category>1663585737997363173</category>
                <pubDate>Mon, 10 Feb 2025 11:57:36 +0100</pubDate>

                                                            <media:content url="https://i.f1g.fr/media/ext/orig/api-video-public.lefigaro.fr/assets/03/d9/3c/03d93c54d6a73f82cf6e5c9acb8526a4.jpeg" width="1920" height="1080">
                            <media:description type="plain"></media:description>
                            <media:credit></media:credit>
                        </media:content>
                                                </item>
                    <item>
                <guid>https://video.lefigaro.fr/figaro/video/equateur-noboa-et-gonzalez-au-coude-a-coude-lors-du-premier-tour-de-lelection-presidentielle/</guid>
                <title>Équateur : Noboa et Gonzalez au coude à coude lors du premier tour de l'élection présidentielle</title>
                                <link>https://video.lefigaro.fr/figaro/video/equateur-noboa-et-gonzalez-au-coude-a-coude-lors-du-premier-tour-de-lelection-presidentielle/</link>
                                    <description>L&#039;un veut se faire réélire, l&#039;autre entend prendre sa revanche. Le président entrepreneur Daniel Noboa et l&#039;avocate Luisa Gonzalez étaient au coude à coude à l&#039;issue du premier tour dimanche 9 février de l&#039;élection présidentielle en Equateur, avec moins d&#039;un point d&#039;écart pour 72% des bulletins dépouillés. Une première joute électorale en octobre 2023 entre eux avait été remportée par M. Noboa. Applaudi par beaucoup d&#039;Équatoriens pour sa main de fer contre le narcotrafic qui gangrène un pays autrefois havre de paix, Daniel Noboa, fils d&#039;un milliardaire entrepeneur dans la banane, partait avec l&#039;habit du favori après un court mandat consécutif aux élections anticipées d&#039;octobre 2023.</description>
                                <category>1663585737997363173</category>
                <pubDate>Mon, 10 Feb 2025 11:53:41 +0100</pubDate>

                                                            <media:content url="https://i.f1g.fr/media/ext/orig/api-video-public.lefigaro.fr/assets/31/6f/03/316f03a040e812dd007cad1fd583bca1.jpeg" width="1920" height="1080">
                            <media:description type="plain"></media:description>
                            <media:credit></media:credit>
                        </media:content>
                                                </item>
                    <item>
                <guid>https://video.lefigaro.fr/figaro/video/frejus-en-jeu-le-defi-de-david-rachline-67a9d3680f5bbe793de0d49d-feb-10-2025-10-40-55/</guid>
                <title>David Rachline, maire RN de Fréjus, convoqué au tribunal en septembre pour prise illégale d’intérêts</title>
                                <link>https://video.lefigaro.fr/figaro/video/frejus-en-jeu-le-defi-de-david-rachline-67a9d3680f5bbe793de0d49d-feb-10-2025-10-40-55/</link>
                                    <description>Le maire Rassemblement national de Fréjus David Rachline, soupçonné de «prise illégale d’intérêts», est convoqué le 30 septembre devant le tribunal correctionnel de Draguignan (Var), a-t-on appris lundi 10 février auprès du parquet, confirmant une information du Nouvel Obs. L’affaire «concerne les conditions de sa nomination à la tête des deux sociétés d’économie mixte», à savoir Fréjus Aménagement et Gestion du port de Fréjus, a précisé le procureur de Draguignan Pierre Couttenier.</description>
                                <category>1663585737997363173</category>
                <pubDate>Mon, 10 Feb 2025 11:46:22 +0100</pubDate>

                                                            <media:content url="https://i.f1g.fr/media/ext/orig/api-video-public.lefigaro.fr/assets/4a/da/19/4ada198e369205cfa6c299a6f9d45c99.jpeg" width="1920" height="1080">
                            <media:description type="plain"></media:description>
                            <media:credit></media:credit>
                        </media:content>
                                                </item>
                    <item>
                <guid>https://video.lefigaro.fr/figaro/video/affaire-abbe-pierre-une-premiere-victime-a-fait-une-demande-dindemnisation/</guid>
                <title>Affaire abbé Pierre : une première victime a fait une demande d'indemnisation</title>
                                <link>https://video.lefigaro.fr/figaro/video/affaire-abbe-pierre-une-premiere-victime-a-fait-une-demande-dindemnisation/</link>
                                    <description>Selon une information de Franceinfo du 8 février, une demande a été effectuée auprès d’une des instances chargées des réparations face aux violences sexuelles au sein de l’Église. L&#039;homme a saisi l&#039;Instance nationale indépendante de reconnaissance et réparation (Inirr).</description>
                                <category>1663585737997363173</category>
                <pubDate>Mon, 10 Feb 2025 11:38:24 +0100</pubDate>

                                                            <media:content url="https://i.f1g.fr/media/ext/orig/api-video-public.lefigaro.fr/assets/0e/3c/e1/0e3ce1adcfda26bd0efe19242e3fe718.jpeg" width="1920" height="1080">
                            <media:description type="plain"></media:description>
                            <media:credit></media:credit>
                        </media:content>
                                                </item>
                    <item>
                <guid>https://video.lefigaro.fr/figaro/video/super-bowl-un-danseur-brandit-un-drapeau-palestinien-lors-du-concert-de-kendrick-lamar/</guid>
                <title>Super Bowl : un danseur brandit un drapeau palestinien lors du concert de Kendrick Lamar</title>
                                <link>https://video.lefigaro.fr/figaro/video/super-bowl-un-danseur-brandit-un-drapeau-palestinien-lors-du-concert-de-kendrick-lamar/</link>
                                    <description>Lors du concert de Kendrick Lamar à la mi-temps du Super Bowl, visionné dimanche 9 février par des millions de personnes, un des figurants a agité un drapeau palestinien affichant les inscriptions «Soudan» et «Gaza». Il a été évacué et interdit à vie de tous les stades et évènements de la NFL.</description>
                                <category>1663585737997363173</category>
                <pubDate>Mon, 10 Feb 2025 11:30:24 +0100</pubDate>

                                                            <media:content url="https://i.f1g.fr/media/ext/orig/api-video-public.lefigaro.fr/assets/d0/9d/0e/d09d0e2dd4cbf51e8acd22af47955d70.jpeg" width="1920" height="1080">
                            <media:description type="plain"></media:description>
                            <media:credit></media:credit>
                        </media:content>
                                                </item>
                    <item>
                <guid>https://video.lefigaro.fr/figaro/video/football-les-tensions-entre-vinicius-jr-et-le-real-madrid-se-degradent/</guid>
                <title>Football : les tensions entre Vinicius Jr et le Real Madrid se dégradent</title>
                                <link>https://video.lefigaro.fr/figaro/video/football-les-tensions-entre-vinicius-jr-et-le-real-madrid-se-degradent/</link>
                                    <description>Les relations entre le joueur de football Vinicius Jr et le Real Madrid se sont dégradées ces dernières semaines : la presse espagnole parle même d’un «malaise» entre le joueur et son club. Entre comportements désagréables, rancœur liée au Ballon d’Or 2024, refus de prolonger et jalousie envers Kylian MBappé et Jude Bellingham, les tensions entre le Real Madrid et son numéro 7 continuent.</description>
                                <category>1663585737997363173</category>
                <pubDate>Mon, 10 Feb 2025 11:23:01 +0100</pubDate>

                                                            <media:content url="https://i.f1g.fr/media/ext/orig/api-video-public.lefigaro.fr/assets/08/88/b7/0888b7ea393b606345d6e4ad758221f1.jpeg" width="1920" height="1080">
                            <media:description type="plain"></media:description>
                            <media:credit></media:credit>
                        </media:content>
                                                </item>
                    <item>
                <guid>https://video.lefigaro.fr/gala/video/marion-cotillard-mal-a-laise-en-interview-ca-me-stresse-beaucoup/</guid>
                <title>Marion Cotillard mal à l’aise en interview : « Ça me stresse beaucoup »</title>
                                <link>https://video.lefigaro.fr/gala/video/marion-cotillard-mal-a-laise-en-interview-ca-me-stresse-beaucoup/</link>
                                    <description>Marion Cotillard aux Rencontres du Papotin.</description>
                                <category>dc40c6df-fe52-11ee-b6b0-42010a05f018</category>
                <pubDate>Mon, 10 Feb 2025 11:17:32 +0100</pubDate>

                                                            <media:content url="https://i.f1g.fr/media/ext/orig/api-video-public.lefigaro.fr/assets/24/4d/fb/244dfbf3dcef8180fc2bc383d27c4e89.jpeg" width="1920" height="1080">
                            <media:description type="plain"></media:description>
                            <media:credit></media:credit>
                        </media:content>
                                                </item>
                    <item>
                <guid>https://video.lefigaro.fr/figaro/video/attaque-et-diffame-la-chine-la-chine-exprime-son-mecontentement-apres-une-declarations-des-etats-unis-et-du-japon/</guid>
                <title>«Attaque et diffame la Chine» : la Chine exprime son mécontentement après une déclarations des Etats-Unis et du Japon</title>
                                <link>https://video.lefigaro.fr/figaro/video/attaque-et-diffame-la-chine-la-chine-exprime-son-mecontentement-apres-une-declarations-des-etats-unis-et-du-japon/</link>
                                    <description>Ce lundi 10 février, le porte parole du ministère des Affaires étrangères chinois a déclaré lors d&#039;un point presse qu&#039;une déclaration conjointe des États-Unis et du Japon condamnant les «activités provocatrices» de la Chine en mer de Chine méridionale attaquait et diffamait la Chine. Le président américain Donald Trump et le premier ministre japonais Shigeru Ishiba avaient affirmé «leur ferme opposition aux revendications maritimes illégales de la Chine»</description>
                                <category>1663585737997363173</category>
                <pubDate>Mon, 10 Feb 2025 11:16:07 +0100</pubDate>

                                                            <media:content url="https://i.f1g.fr/media/ext/orig/api-video-public.lefigaro.fr/assets/cf/7e/b6/cf7eb6d4d102484ebc1b184a78127b13.jpeg" width="1920" height="1080">
                            <media:description type="plain"></media:description>
                            <media:credit></media:credit>
                        </media:content>
                                                </item>
            </channel>
</rss>
