<?xml version="1.0" encoding="UTF-8"?>
<rss version="2.0" xmlns:atom="http://www.w3.org/2005/Atom" xmlns:media="http://search.yahoo.com/mrss/">
    <channel>
        <atom:link href="https://www.lefigaro.fr/rss/figaro_industrie-mode.xml" rel="self" type="application/rss+xml"/>
        <category>Industrie de la mode</category>
        <title>Le Figaro - Industrie de la mode - Actu, défilés, business, l’industrie sous toutes ses coutures</title>
        <description>Toutes les dessous du monde de la mode et du textile. Marques de vêtements, fabrication, luxe, écologie, jusqu’au défilé de top model, tout sur l’industrie</description>
        <link>http://www.lefigaro.fr</link>
        <language>fr</language>
        <copyright>Droits de reproduction et de diffusion réservés LeFigaro.fr</copyright>
        <lastBuildDate>Mon, 10 Feb 2025 13:36:30 +0100</lastBuildDate>
        <docs>https://www.lefigaro.fr/rss</docs>
        <image>
            <title>Le Figaro - Industrie de la mode - Actu, défilés, business, l’industrie sous toutes ses coutures</title>
            <url>https://static.lefigaro.fr/common/logos/logo-150x150.png</url>
            <link>http://www.lefigaro.fr</link>
            <description>Toutes les dessous du monde de la mode et du textile. Marques de vêtements, fabrication, luxe, écologie, jusqu’au défilé de top model, tout sur l’industrie</description>
        </image>

                    <item>
                <guid>https://www.lefigaro.fr/style/calvin-klein-le-come-back-d-un-mythe-americain-20250209</guid>
                <title>Calvin Klein, le come-back d’un mythe américain</title>
                                <link>https://www.lefigaro.fr/style/calvin-klein-le-come-back-d-un-mythe-americain-20250209</link>
                                    <description>Vendredi, l’Italienne Veronica Leoni ranimait sur les podiums de la Fashion Week de New York, l’esprit « CK » des années 1990, son minimalisme sensuel et ses coupes aiguisées. En présence du créateur culte et de Kate Moss !</description>
                                <category>Style</category>
                <pubDate>Sun, 09 Feb 2025 20:28:53 +0100</pubDate>

                                                            <media:content url="https://i.f1g.fr/media/cms/1822x1025_crop/2025/02/09/90f26e3d7f988e80153d6edc58962dd87c8d17f5f91bcacc24f75cd291ee2200.jpg" width="1822" height="1025">
                            <media:description type="plain">Au centre, Calvin Klein entourée de Christy Turlington et de Kate Moss assistent au premier défilé pour la marque de Veronica Leoni avec entre autres, Kendall Jenner, en manteau à peine oversize.</media:description>
                            <media:credit>Courtesy of Calvin Klein Collection / Courtesy of Calvin Klein Collection</media:credit>
                        </media:content>
                                                </item>
                    <item>
                <guid>https://www.lefigaro.fr/style/avec-l-oreal-jacquemus-a-trouve-un-investisseur-et-un-partenaire-pour-son-parfum-20250207</guid>
                <title>Avec L’Oréal, Jacquemus a trouvé un investisseur et un partenaire pour son parfum</title>
                                <link>https://www.lefigaro.fr/style/avec-l-oreal-jacquemus-a-trouve-un-investisseur-et-un-partenaire-pour-son-parfum-20250207</link>
                                    <description>Le groupe français de cosmétique devient investisseur minoritaire dans Jacquemus et développera pour la première fois, les produits de beauté de la marque solaire et appréciée des jeunes générations, fondée en 2009 par le créateur provençal, Simon Porte Jacquemus.</description>
                                <category>Style</category>
                <pubDate>Fri, 07 Feb 2025 10:03:57 +0100</pubDate>

                                                            <media:content url="https://i.f1g.fr/media/cms/1504x1080_crop/2025/02/07/9b64b28806c064986f2685d42498661e0b3ad16c84672313c2a0514f19a28568.jpg" width="1504" height="1080">
                            <media:description type="plain">Simon Porte Jacquemus, le fondateur de Jacquemus</media:description>
                            <media:credit>Jacquemus</media:credit>
                        </media:content>
                                                </item>
                    <item>
                <guid>https://www.lefigaro.fr/style/gucci-met-fin-au-contrat-de-sabato-de-sarno-20250206</guid>
                <title>Luxe : Gucci met fin au contrat de son directeur créatif Sabato de Sarno</title>
                                <link>https://www.lefigaro.fr/style/gucci-met-fin-au-contrat-de-sabato-de-sarno-20250206</link>
                                    <description>La marque florentine dans le giron de Kering a annoncé ce 6 février le départ de son directeur créatif arrivé il y a seulement deux ans. Un divorce qui ne surprend pas vraiment, au regard des mauvais chiffres, mais survient plus tôt que prévu.</description>
                                <category>Style</category>
                <pubDate>Thu, 06 Feb 2025 10:15:03 +0100</pubDate>

                                                            <media:content url="https://i.f1g.fr/media/cms/684x385_crop/2025/02/06/302f7fc8faa55bf32e9769d1b10cee638b2e93c1e997c05d5285993730878ac0.jpg" width="684" height="385">
                            <media:description type="plain">Sabato de Sarno</media:description>
                            <media:credit>Gucci</media:credit>
                        </media:content>
                                                </item>
                    <item>
                <guid>https://www.lefigaro.fr/style/un-sac-de-luxe-donne-t-il-vraiment-de-l-allure-analyse-20250206</guid>
                <title>Le sac de luxe : un atout élégant ou un investissement superflu ?</title>
                                <link>https://www.lefigaro.fr/style/un-sac-de-luxe-donne-t-il-vraiment-de-l-allure-analyse-20250206</link>
                                    <description>Dépenser un demi-salaire dans un modèle de l’avenue Montaigne suffit-il à rendre chic ? Nous avons pesé les pour et les contre…</description>
                                <category>Style</category>
                <pubDate>Fri, 07 Feb 2025 11:54:55 +0100</pubDate>

                                                            <media:content url="https://i.f1g.fr/media/cms/1190x669_crop/2025/02/05/a384a372eeacd5b8424611e19d9ee28164ba9016eacf404430bdc701952003ef.png" width="1190" height="669">
                            <media:description type="plain">Hailey Bieber et Kendall Jenner à Aspen, en janvier dernier.</media:description>
                            <media:credit>Backgrid USA / Bestimageou </media:credit>
                        </media:content>
                                                </item>
                    <item>
                <guid>https://www.lefigaro.fr/style/la-taille-emeraude-d-une-pierre-deux-coups-20250205</guid>
                <title>La taille émeraude, d’une pierre deux coups</title>
                                <link>https://www.lefigaro.fr/style/la-taille-emeraude-d-une-pierre-deux-coups-20250205</link>
                                    <description>Longtemps réservée aux gemmes vertes ultraprécieuses, cette forme rectangulaire à angles coupés, qui magnifie les reflets d’une pierre et attire les regards par son volume, connaît une cote inédite.</description>
                                <category>Style</category>
                <pubDate>Wed, 05 Feb 2025 15:04:01 +0100</pubDate>

                                                            <media:content url="https://i.f1g.fr/media/cms/2098x1180_crop/2025/02/04/91b3e118713001cbeccb3092ea573cab8c19bd196b8155598251a4db022b2d52.jpg" width="2098" height="1180">
                            <media:description type="plain">Les bijoux pop de la marque londonienne NeverNot, vendus chez Wempe, donnent une place de choix à la taille émeraude.</media:description>
                            <media:credit>Ika Khargelia</media:credit>
                        </media:content>
                                                </item>
                    <item>
                <guid>https://www.lefigaro.fr/style/le-concept-store-lulli-phenomene-mode-du-sud-20250205</guid>
                <title>Le concept-store Lulli, phénomène mode du Sud</title>
                                <link>https://www.lefigaro.fr/style/le-concept-store-lulli-phenomene-mode-du-sud-20250205</link>
                                    <description>Fondé en 2003, le multimarque marseillais a fait des petits à Nice, Toulon ou Cassis. Son vestiaire solaire toujours « à la page » fait la fierté des filles du Midi.</description>
                                <category>Style</category>
                <pubDate>Wed, 05 Feb 2025 14:59:38 +0100</pubDate>

                                                            <media:content url="https://i.f1g.fr/media/cms/1918x1079_crop/2025/02/05/dc43386f48364edb7b89e44c2ed27edba514a0a817870ff612f58746ed16e541.jpg" width="1918" height="1079">
                            <media:description type="plain">La boutique Lulli du centre-ville de Toulon et sa fondatrice, Anne Vouland.</media:description>
                            <media:credit>LULLI</media:credit>
                        </media:content>
                                                </item>
                    <item>
                <guid>https://www.lefigaro.fr/style/vous-avez-le-choix-dans-la-vie-maroquinerie-pour-femme-ou-maroquinerie-pour-homme-20250205</guid>
                <title>« Vous avez le choix, dans la vie : maroquinerie pour femme… ou maroquinerie pour homme »</title>
                                <link>https://www.lefigaro.fr/style/vous-avez-le-choix-dans-la-vie-maroquinerie-pour-femme-ou-maroquinerie-pour-homme-20250205</link>
                                    <description>La formule pleine d’humour était celle que répétait Philippe Cassegrain à ses petits-enfants. Aujourd’hui, ils ont entre 30 et 35 ans, et ont repris le flambeau auprès de leurs parents chez Longchamp. Juliette Poupard, Adrien et Hector Cassegrain racontent cette transmission au sein de l’entreprise familiale et indépendante.</description>
                                <category>Style</category>
                <pubDate>Wed, 05 Feb 2025 07:00:00 +0100</pubDate>

                                                            <media:content url="https://i.f1g.fr/media/cms/3000x2001_crop/2025/02/04/64d04429366ff87dce75cc866e7e22012ca1790392a0c812a47aeb30d324759c.jpg" width="3000" height="2001">
                            <media:description type="plain">De gauche à droite : Adrien Cassegrain, directeur de la transformation et de la RSE, Juliette Poupard, directrice des événements, et Hector Cassegrain, directeur France.</media:description>
                            <media:credit>Longchamp</media:credit>
                        </media:content>
                                                </item>
                    <item>
                <guid>https://www.lefigaro.fr/style/east-west-marquise-divorce-ring-petit-glossaire-de-gros-diamants-de-star-20250204</guid>
                <title>« East-West », marquise, « divorce ring », petit glossaire de gros diamants de star</title>
                                <link>https://www.lefigaro.fr/style/east-west-marquise-divorce-ring-petit-glossaire-de-gros-diamants-de-star-20250204</link>
                                    <description>Les stars planétaires adorent montrer leur gros caillou sur leur compte Instagram et ainsi étoffer notre culture joaillière. Lexique.</description>
                                <category>Style</category>
                <pubDate>Tue, 04 Feb 2025 18:00:00 +0100</pubDate>

                                                            <media:content url="https://i.f1g.fr/media/cms/1918x1079_crop/2025/02/04/dd2c1ca0ec0a6e2ae12525cea2ecb64c6bfb1722fda77d946487f8017a7d37c2.png" width="1918" height="1079">
                            <media:description type="plain">Purement inventée, inspirée de Louis XV, classique mais revisitée, ces appellations de bagues de fiançailles ont leur symbolique. Les connaissiez-vous ?</media:description>
                            <media:credit>LE FIGARO</media:credit>
                        </media:content>
                                                </item>
                    <item>
                <guid>https://www.lefigaro.fr/style/angelina-jolie-le-pouvoir-d-une-femme-vient-toujours-de-l-interieur-mais-la-bonne-nuance-de-rouge-a-levres-renforce-son-essence-20250204</guid>
                <title>Angelina Jolie : « Le pouvoir d’une femme vient toujours de l’intérieur, mais la bonne nuance de rouge à lèvres renforce son essence »</title>
                                <link>https://www.lefigaro.fr/style/angelina-jolie-le-pouvoir-d-une-femme-vient-toujours-de-l-interieur-mais-la-bonne-nuance-de-rouge-a-levres-renforce-son-essence-20250204</link>
                                    <description>Deux rôles pour l’actrice en ce début d’année, la Callas dans « Maria » de Pablo Larrain, qui sort aujourd’hui en salle, et égérie de Tom Ford Beauty dans une campagne signée Mert et Marcus.</description>
                                <category>Style</category>
                <pubDate>Tue, 04 Feb 2025 17:06:11 +0100</pubDate>

                                                            <media:content url="https://i.f1g.fr/media/cms/3000x1687_crop/2025/02/04/de17f3edb1df81cfc1213061027242ea09e7018d0252189a5f0070be1b49a720.jpg" width="3000" height="1687">
                            <media:description type="plain">« En tant qu’artiste, le maquillage et les costumes sont très importants. Ils me transforment en personnage », souligne Angelina Jolie.</media:description>
                            <media:credit>SDP</media:credit>
                        </media:content>
                                                </item>
                    <item>
                <guid>https://www.lefigaro.fr/style/lucien-pages-j-ai-une-collection-de-300-flacons-de-parfums-factices-geants-20250203</guid>
                <title>Lucien Pagès : « J’ai une collection de 300 flacons de parfums factices géants ! »</title>
                                <link>https://www.lefigaro.fr/style/lucien-pages-j-ai-une-collection-de-300-flacons-de-parfums-factices-geants-20250203</link>
                                    <description>Avec sa passion des flacons XXL - des années 1980 en particulier -, l’attaché de presse le plus connu de la mode est devenu une référence du genre sur TikTok !</description>
                                <category>Style</category>
                <pubDate>Mon, 03 Feb 2025 12:45:47 +0100</pubDate>

                                                            <media:content url="https://i.f1g.fr/media/cms/2248x1264_crop/2025/02/03/227a8c209a79af67ae562ba2a6b5fdcec6930ca91dc21ad6242cd2a25dc98f0a.jpg" width="2248" height="1264">
                            <media:description type="plain">Lucien Pagès</media:description>
                            <media:credit>Lucien Pagès</media:credit>
                        </media:content>
                                                </item>
                    <item>
                <guid>https://www.lefigaro.fr/style/je-ne-porte-jamais-deux-fois-de-suite-le-meme-parfum-quand-se-parfumer-tourne-a-l-obsession-20250203</guid>
                <title>«Je ne porte jamais deux fois de suite le même parfum» : quand se parfumer tourne à l’obsession</title>
                                <link>https://www.lefigaro.fr/style/je-ne-porte-jamais-deux-fois-de-suite-le-meme-parfum-quand-se-parfumer-tourne-a-l-obsession-20250203</link>
                                    <description>Qu’ils les portent la nuit ou en superposition, qu’ils collectionnent les flacons ou qu’ils traquent les odeurs disparues, ces fous de parfums en partagent une même vision : celle d’un objet esthétique, vecteur de sensorialité et d’émotions.</description>
                                <category>Style</category>
                <pubDate>Mon, 03 Feb 2025 12:40:02 +0100</pubDate>

                                                            <media:content url="https://i.f1g.fr/media/cms/713x401_crop/2025/02/03/27e4b6f1bc2abd5ca19fdac26220970a3061b1b345bf4b8e054bbace66d7d91e.jpg" width="713" height="401">
                            <media:description type="plain">«Lorsque je pars en vacances, il me faut au minimum une dizaine de flacons différents», ces accros du parfum. </media:description>
                            <media:credit>DR</media:credit>
                        </media:content>
                                                </item>
                    <item>
                <guid>https://www.lefigaro.fr/style/des-fleurs-des-plantes-et-meme-des-insectes-quand-la-nature-inspire-les-plus-beaux-bijoux-de-haute-joaillerie-20250201</guid>
                <title>Des fleurs, des plantes et même des insectes… quand la nature inspire les plus beaux bijoux de haute joaillerie</title>
                                <link>https://www.lefigaro.fr/style/des-fleurs-des-plantes-et-meme-des-insectes-quand-la-nature-inspire-les-plus-beaux-bijoux-de-haute-joaillerie-20250201</link>
                                    <description>Cette semaine, place Vendôme, où les grandes maisons présentaient leurs collections de haute joaillerie, la nature a brillamment repris ses droits.</description>
                                <category>Style</category>
                <pubDate>Sat, 01 Feb 2025 09:00:00 +0100</pubDate>

                                                            <media:content url="https://i.f1g.fr/media/cms/1918x1079_crop/2025/01/30/0d7c0d27d3665047b90a52e2f88a8bb4d3df44435b1241570c0647d78059d08b.png" width="1918" height="1079">
                            <media:description type="plain">En haute joaillerie, la nature reprend ses droits.</media:description>
                            <media:credit>LE FIGARO</media:credit>
                        </media:content>
                                                </item>
                    <item>
                <guid>https://www.lefigaro.fr/style/demna-de-balenciaga-honore-par-rachida-dati-le-depart-de-kim-jones-de-chez-dior-le-jury-du-festival-d-hyeres-ca-s-est-passe-en-marge-de-la-haute-couture-20250131</guid>
                <title>Demna de Balenciaga honoré par Rachida Dati, le départ de Kim Jones de chez Dior, le jury du Festival d’Hyères : ça s’est passé en marge de la haute couture</title>
                                <link>https://www.lefigaro.fr/style/demna-de-balenciaga-honore-par-rachida-dati-le-depart-de-kim-jones-de-chez-dior-le-jury-du-festival-d-hyeres-ca-s-est-passe-en-marge-de-la-haute-couture-20250131</link>
                                    <description>Le directeur artistique géorgien décoré chevalier de l’ordre des Arts et des Lettres, des grands noms pour le jury de la 40e édition de Hyères, la Légion d’honneur et le départ du Britannique de chez Dior Men... tout ce qu’il faut retenir de la mode ces derniers jours.</description>
                                <category>Style</category>
                <pubDate>Fri, 31 Jan 2025 18:01:30 +0100</pubDate>

                                                            <media:content url="https://i.f1g.fr/media/cms/1918x1079_crop/2025/01/31/2ac9f6503c1484a219b0ef3a1cc79f7cfc06ce0eb3fc9a853737cdbe0705b7ca.jpg" width="1918" height="1079">
                            <media:description type="plain">Demna décoré chevalier de l’ordre des Arts et des Lettres (à gauche). Après un dernier show époustouflant de maîtrise pour Dior Men le 24 janvier dernier, jour où il a reçu la Légion d’honneur, Kim Jones annonce son départ de la maison de l’avenue Montaigne. (à droite)</media:description>
                            <media:credit>LE FIGARO</media:credit>
                        </media:content>
                                                </item>
                    <item>
                <guid>https://www.lefigaro.fr/style/nouveau-sac-nouvelle-star-le-25-de-chanel-s-offre-une-campagne-en-musique-avec-dua-lipa-20250131</guid>
                <title>Nouveau sac, nouvelle star : le 25 de Chanel s’offre une campagne en musique avec Dua Lipa</title>
                                <link>https://www.lefigaro.fr/style/nouveau-sac-nouvelle-star-le-25-de-chanel-s-offre-une-campagne-en-musique-avec-dua-lipa-20250131</link>
                                    <description>EXCLUSIF. - Voilà trois ans que la maison de la rue Cambon n’avait pas lancé de modèle de maroquinerie destiné à durer. C’est chose faite avec ce hobo à poches cargo nommé « 25 », révélé dans une vidéo mettant en scène la chanteuse la plus prisée de l’industrie de la mode.</description>
                                <category>Style</category>
                <pubDate>Fri, 31 Jan 2025 17:36:02 +0100</pubDate>

                                                            <media:content url="https://i.f1g.fr/media/cms/888x499_crop/2025/01/31/8df0e563fd7600e8a7507ed0debd34e9dd612a7f2dc14c47bc8eb6c542aaa832.jpg" width="888" height="499">
                            <media:description type="plain">Dua Lipa devient l’égérie du nouveau sac de Chanel, le 25.</media:description>
                            <media:credit>CHANEL</media:credit>
                        </media:content>
                                                </item>
                    <item>
                <guid>https://www.lefigaro.fr/style/couture-elie-saab-a-fleur-de-peau-viktor-rolf-sous-toutes-les-coutures-20250131</guid>
                <title>Couture : Elie Saab à fleur de peau, Viktor &amp; Rolf sous toutes les coutures</title>
                                <link>https://www.lefigaro.fr/style/couture-elie-saab-a-fleur-de-peau-viktor-rolf-sous-toutes-les-coutures-20250131</link>
                                    <description>Le couturier libanais régale ses clientes de robes tulipes dans les tons poudrés. Le duo néerlandais fait le show avec son gazar de soie dans tous ses états.</description>
                                <category>Style</category>
                <pubDate>Fri, 31 Jan 2025 12:05:07 +0100</pubDate>

                                                            <media:content url="https://i.f1g.fr/media/cms/1920x1080_crop/2025/01/31/cb215a6ca905643d47bde9fdb41f792b195f342dda9fcfa1b160bc711990f170.jpg" width="1920" height="1080">
                            <media:description type="plain">Défilés couture été 2025 Elie Saab et Viktor &amp; Rolf.</media:description>
                            <media:credit>Filippo Fior / Gorunway.com / TEAM PETER STIGTER</media:credit>
                        </media:content>
                                                </item>
                    <item>
                <guid>https://www.lefigaro.fr/style/musee-rodin-dans-la-jungle-cosmique-de-rithika-merchant-20250130</guid>
                <title>Musée Rodin : dans la jungle cosmique de Rithika Merchant</title>
                                <link>https://www.lefigaro.fr/style/musee-rodin-dans-la-jungle-cosmique-de-rithika-merchant-20250130</link>
                                    <description>PORTRAIT. La jeune artiste indienne, diplômée de la Parsons School of Design de New York, puise dans la mythologie au sens le plus large. Pour Dior, les brodeuses des ateliers Chanakya de Mumbai ont traduit ses aquarelles en une promenade mirifique, à voir pendant quelques jours au musée parisien.</description>
                                <category>Style</category>
                <pubDate>Thu, 30 Jan 2025 19:14:35 +0100</pubDate>

                                                            <media:content url="https://i.f1g.fr/media/cms/3000x2001_crop/2025/01/30/b5738a5c1ddba9118898de811ee895e4b001ab3920c40c0bd6996b868aca8d9e.jpg" width="3000" height="2001">
                            <media:description type="plain">L’artiste indienne Rithika Merchant à son oeuvre d’aquarelliste.</media:description>
                            <media:credit>Photo Prarthna Singh pour Dior</media:credit>
                        </media:content>
                                                </item>
                    <item>
                <guid>https://www.lefigaro.fr/style/alessandro-michele-de-retour-en-scene-chez-valentino-vertige-de-la-beaute-20250130</guid>
                <title>Alessandro Michele, de retour en scène chez Valentino : vertige de la beauté</title>
                                <link>https://www.lefigaro.fr/style/alessandro-michele-de-retour-en-scene-chez-valentino-vertige-de-la-beaute-20250130</link>
                                    <description>L’homme qui a propulsé Gucci il y a dix ans avant de revenir dans la maison de Valentino Garavani l’an dernier, livrait la première collection de haute couture de sa vie. Une déflagration d’émotions au Palais Brongniart, ce mardi.</description>
                                <category>Style</category>
                <pubDate>Thu, 30 Jan 2025 16:33:06 +0100</pubDate>

                                                            <media:content url="https://i.f1g.fr/media/cms/3000x2000_crop/2025/01/30/58a431b117d703b2a6be6ef9a96698eb9d05bf040296f40afb9b14220b0c1f0e.jpg" width="3000" height="2000">
                            <media:description type="plain">Finale de Valentino</media:description>
                            <media:credit>Valentino</media:credit>
                        </media:content>
                                                </item>
                    <item>
                <guid>https://www.lefigaro.fr/style/ludovic-de-saint-sernin-la-revelation-de-la-haute-couture-chez-jean-paul-gaultier-20250130</guid>
                <title>Ludovic de Saint Sernin, la révélation de la haute couture, chez Jean Paul Gaultier</title>
                                <link>https://www.lefigaro.fr/style/ludovic-de-saint-sernin-la-revelation-de-la-haute-couture-chez-jean-paul-gaultier-20250130</link>
                                    <description>Invité le temps d’une saison par Gaultier à imaginer une collection de haute couture, le créateur de 33 ans a fait sensation, mercredi soir, avec ses sirènes et Ondine, sulfureuses et sensuelles. Une étoile est née…</description>
                                <category>Style</category>
                <pubDate>Thu, 30 Jan 2025 17:34:47 +0100</pubDate>

                                                            <media:content url="https://i.f1g.fr/media/cms/3000x1687_crop/2025/01/30/222a8619f6f609a6e03316a33f111199f3b0c4c015599867f5af1159770978df.jpg" width="3000" height="1687">
                            <media:description type="plain">En corset en satin duchesse lacé de cuir et jupe de sirène brodée d’écailles de perles d’or, Ondine ouvre le show.</media:description>
                            <media:credit>/SIPA</media:credit>
                        </media:content>
                                                </item>
                    <item>
                <guid>https://www.lefigaro.fr/style/pietro-beccari-pdg-de-louis-vuitton-chaque-fois-que-je-vais-dans-un-paddock-de-formule-1-c-est-une-sorte-d-experience-metaphysique-20250130</guid>
                <title>Pietro Beccari, PDG de Louis Vuitton : « Chaque fois que je vais dans un paddock de Formule 1, c’est une sorte d’expérience métaphysique ! »</title>
                                <link>https://www.lefigaro.fr/style/pietro-beccari-pdg-de-louis-vuitton-chaque-fois-que-je-vais-dans-un-paddock-de-formule-1-c-est-une-sorte-d-experience-metaphysique-20250130</link>
                                    <description>C’est officiel, le malletier devient partenaire officiel de la F1, première fois qu’une maison de luxe française investit les circuits. Alors que la marque est devenue ces derniers mois un protagoniste du sport en général, son PDG nous raconte les coulisses de cet engagement de dix ans auprès de la catégorie reine du sport automobile.</description>
                                <category>Style</category>
                <pubDate>Thu, 30 Jan 2025 14:26:14 +0100</pubDate>

                                                            <media:content url="https://i.f1g.fr/media/cms/1900x1069_crop/2025/01/30/62082ec45505385774a34f0b046982497b57bd393b528a529f76fc3e7e6e54ba.jpg" width="1900" height="1069">
                            <media:description type="plain">Louis Vuitton, nouveau protagoniste de la Formule 1, discipline qui n’a jamais été aussi sexy</media:description>
                            <media:credit>Louis Vuitton</media:credit>
                        </media:content>
                                                </item>
                    <item>
                <guid>https://www.lefigaro.fr/style/pharrell-williams-petit-j-etais-obnubile-par-les-bijoux-en-or-de-sammy-davis-jr-de-redd-foxx-et-liberace-que-je-voyais-a-la-tele-20250129</guid>
                <title>Pharrell Williams : « Petit, j’étais obnubilé par les bijoux en or de Sammy Davis Jr., Redd Foxx et Liberace »</title>
                                <link>https://www.lefigaro.fr/style/pharrell-williams-petit-j-etais-obnubile-par-les-bijoux-en-or-de-sammy-davis-jr-de-redd-foxx-et-liberace-que-je-voyais-a-la-tele-20250129</link>
                                    <description>ENTRETIEN EXCLUSIF - La star américaine, collectionneur insatiable de bijoux, a mis son esprit créatif au service du joaillier du groupe LVMH, Tiffany &amp;amp; Co. Il présentait hier soir à Paris le troisième chapitre de sa collection Titan sertie de perles de Tahiti.</description>
                                <category>Industrie de la mode</category>
                <pubDate>Thu, 30 Jan 2025 12:24:53 +0100</pubDate>

                                                            <media:content url="https://i.f1g.fr/media/cms/1915x1077_crop/2025/01/29/0209c57ac474ece050f5b484af4aea925fba2d544863e91a202cc534d6e82475.jpg" width="1915" height="1077">
                            <media:description type="plain">Bracelet Tiffany Titan by Pharrell Williams en or rose, diamants et perles de Tahiti.</media:description>
                            <media:credit>Tiffany &amp;amp; Co. Studio</media:credit>
                        </media:content>
                                                </item>
            </channel>
</rss>
