<?xml version="1.0" encoding="UTF-8"?>
<rss version="2.0" xmlns:atom="http://www.w3.org/2005/Atom" xmlns:media="http://search.yahoo.com/mrss/">
    <channel>
        <atom:link href="https://www.lefigaro.fr/rss/figaro_gastronomie.xml" rel="self" type="application/rss+xml"/>
        <category>Gastronomie</category>
        <title>Le Figaro - Gastronomie : restauration et conseils culinaires</title>
        <description>Retrouvez toute l&#039;actualité de la gastronomie, les dernières tendances cuisines, des conseils de nutrition et des recettes donnés par des spécialistes culinaires</description>
        <link>http://www.lefigaro.fr</link>
        <language>fr</language>
        <copyright>Droits de reproduction et de diffusion réservés LeFigaro.fr</copyright>
        <lastBuildDate>Mon, 10 Feb 2025 13:32:42 +0100</lastBuildDate>
        <docs>https://www.lefigaro.fr/rss</docs>
        <image>
            <title>Le Figaro - Gastronomie : restauration et conseils culinaires</title>
            <url>https://static.lefigaro.fr/common/logos/logo-150x150.png</url>
            <link>http://www.lefigaro.fr</link>
            <description>Retrouvez toute l&#039;actualité de la gastronomie, les dernières tendances cuisines, des conseils de nutrition et des recettes donnés par des spécialistes culinaires</description>
        </image>

                    <item>
                <guid>https://www.lefigaro.fr/gastronomie/top-chef-et-le-guide-michelin-la-tambouille-ephemere-20250207</guid>
                <title>«Top Chef» et Michelin, la tambouille éphémère</title>
                                <link>https://www.lefigaro.fr/gastronomie/top-chef-et-le-guide-michelin-la-tambouille-ephemere-20250207</link>
                                    <description>Le Guide Michelin a signé un partenariat avec «Top Chef», l’émission de M6. Le vainqueur du télécrochet pourrait se voir immédiatement «prêter» une étoile : un concept bien dans son époque.</description>
                                <category>Gastronomie</category>
                <pubDate>Fri, 07 Feb 2025 18:37:23 +0100</pubDate>

                                                            <media:content url="https://i.f1g.fr/media/cms/2999x1686_crop/2025/02/07/3394fb49ddaeeeec99cb6dfee418402a2f57f0c891f523796cc90c7decdea7c3.jpg" width="2999" height="1686">
                            <media:description type="plain">Fidèles à leur réputation d’insolence éhontée face aux hit-parades des casseroles en tout genre, les cuisiniers trouvent officiellement l’idée excellente.</media:description>
                            <media:credit>VAIDAS BUCYS - BOOCYS / BOOCYS - stock.adobe.com</media:credit>
                        </media:content>
                                                </item>
                    <item>
                <guid>https://www.lefigaro.fr/gastronomie/brasserie-roseaux-a-lyon-l-ode-a-la-cuisine-classique-du-couple-mey-20250207</guid>
                <title>Brasserie Roseaux à Lyon: l’ode à la cuisine classique du couple Mey</title>
                                <link>https://www.lefigaro.fr/gastronomie/brasserie-roseaux-a-lyon-l-ode-a-la-cuisine-classique-du-couple-mey-20250207</link>
                                    <description>Après le gastronomique Ombellule, Tabata et Ludovic Mey ont inauguré leur seconde table dans le 6earrondissement de la capitale des Gaules.</description>
                                <category>Gastronomie</category>
                <pubDate>Fri, 07 Feb 2025 15:08:56 +0100</pubDate>

                                                            <media:content url="https://i.f1g.fr/media/cms/3000x2000_crop/2025/02/05/bee6c50767674b2f05c62d614ece9eda4e83013799ecfd228dbef83679378a74.jpg" width="3000" height="2000">
                            <media:description type="plain">La salle de Brasserie Roseaux, à Lyon.</media:description>
                            <media:credit>Alexandra Battut</media:credit>
                        </media:content>
                                                </item>
                    <item>
                <guid>https://www.lefigaro.fr/gastronomie/meilleur-cacao-du-monde-et-cuisine-novoandine-bogota-la-nouvelle-etape-gourmande-d-amerique-du-sud-20250207</guid>
                <title>Meilleur cacao du monde et cuisine «novoandine»: Bogota, la nouvelle destination gourmande d’Amérique du Sud</title>
                                <link>https://www.lefigaro.fr/gastronomie/meilleur-cacao-du-monde-et-cuisine-novoandine-bogota-la-nouvelle-etape-gourmande-d-amerique-du-sud-20250207</link>
                                    <description>REPORTAGE - Mixant à merveille les produits de la forêt amazonienne et ceux des littoraux pacifiques et caribéens, la cuisine de la capitale colombienne mérite le voyage. Notre sélection des meilleures adresses.</description>
                                <category>Gastronomie</category>
                <pubDate>Fri, 07 Feb 2025 16:14:34 +0100</pubDate>

                                                            <media:content url="https://i.f1g.fr/media/cms/1216x810_crop/2025/02/07/0346cc26946811bb9e7ecfc43506a4a2cdb201b31a13350d411d01917390ea54.jpg" width="1216" height="810">
                            <media:description type="plain">Le restaurant Leo, à Bogota, de la chef colombienne Leonor Espinosa De la Ossa.</media:description>
                            <media:credit>Hernán Marmolejo </media:credit>
                        </media:content>
                                                </item>
                    <item>
                <guid>https://www.lefigaro.fr/gastronomie/le-chef-trois-etoiles-alexandre-mazzia-prend-la-tete-des-tables-du-mucem-20250207</guid>
                <title>Le chef trois étoiles Alexandre Mazzia prend la tête des tables du Mucem</title>
                                <link>https://www.lefigaro.fr/gastronomie/le-chef-trois-etoiles-alexandre-mazzia-prend-la-tete-des-tables-du-mucem-20250207</link>
                                    <description>La toque du restaurant AM remplace Gérald Passedat dans le musée marseillais. Il pilotera trois espaces de restauration dans le bâtiment J4 dès le printemps 2025.</description>
                                <category>Gastronomie</category>
                <pubDate>Fri, 07 Feb 2025 13:43:10 +0100</pubDate>

                                                            <media:content url="https://i.f1g.fr/media/cms/3000x2000_crop/2025/02/07/1aa368788915a45c318f76d37b2e11c063537abb6db8b425d91f472f2213ad12.jpg" width="3000" height="2000">
                            <media:description type="plain">Le chef Alexandre Mazzia, à Marseille.</media:description>
                            <media:credit>Jérémy Lounis</media:credit>
                        </media:content>
                                                </item>
                    <item>
                <guid>https://www.lefigaro.fr/gastronomie/bistrot-darsy-ode-a-la-nostalgie-a-menilmontant-20250207</guid>
                <title>Bistrot Darsy, ode à la nostalgie à Ménilmontant</title>
                                <link>https://www.lefigaro.fr/gastronomie/bistrot-darsy-ode-a-la-nostalgie-a-menilmontant-20250207</link>
                                    <description>CRITIQUE GASTRONOMIQUE - Dans le 20e arrondissement parisien, décor rétro et classiques bistrotiers bien troussés au programme.</description>
                                <category>Gastronomie</category>
                <pubDate>Fri, 07 Feb 2025 11:30:00 +0100</pubDate>

                                                            <media:content url="https://i.f1g.fr/media/cms/3000x2000_crop/2025/02/07/3b6177039062446a5f1292727c610606e1954d46bce496abcdb76f690b41b1bc.jpg" width="3000" height="2000">
                            <media:description type="plain">La banquette rouge du Bistrot Darsy.</media:description>
                            <media:credit>LUC TEBOUL</media:credit>
                        </media:content>
                                                </item>
                    <item>
                <guid>https://www.lefigaro.fr/gastronomie/chez-margaux-recettes-de-gendre-ideal-et-service-a-la-francaise-20250207</guid>
                <title>Chez Margaux, recettes de gendre idéal et service à la française</title>
                                <link>https://www.lefigaro.fr/gastronomie/chez-margaux-recettes-de-gendre-ideal-et-service-a-la-francaise-20250207</link>
                                    <description>CRITIQUE GASTRONOMIQUE - Dans le 16e arrondissement parisien, face à la tour Eiffel, cette adresse dans la plus pure tradition cocardière.</description>
                                <category>Gastronomie</category>
                <pubDate>Fri, 07 Feb 2025 11:00:00 +0100</pubDate>

                                                            <media:content url="https://i.f1g.fr/media/cms/2000x3000_crop/2025/02/07/5f876ca5abbe585c741ddba7cd8ffc67ebf249351e6be83ff618af38bb036ba3.jpg" width="2000" height="3000">
                            <media:description type="plain">Le vol-au-vent du restaurant Margaux.</media:description>
                            <media:credit>Marie Desprez</media:credit>
                        </media:content>
                                                </item>
                    <item>
                <guid>https://www.lefigaro.fr/gastronomie/papalito-cuisine-sud-americaine-a-montparnasse-20250207</guid>
                <title>Papalito, cuisine sud-américaine à Montparnasse</title>
                                <link>https://www.lefigaro.fr/gastronomie/papalito-cuisine-sud-americaine-a-montparnasse-20250207</link>
                                    <description>CRITIQUE GASTRONOMIQUE - Le restaurant de l’Hôtel Les Artistes, dans le 14e arrondissement parisien, se perd un peu entre spécialités mexicaines, péruviennes et autres passe-plats de brasserie.</description>
                                <category>Gastronomie</category>
                <pubDate>Fri, 07 Feb 2025 10:30:00 +0100</pubDate>

                                                            <media:content url="https://i.f1g.fr/media/cms/3000x2001_crop/2025/02/07/857acd54f2dcc22757b50eb367313bbd50b44814072a244512e43e79bbb97491.jpg" width="3000" height="2001">
                            <media:description type="plain">Les tacos de Papalito.</media:description>
                            <media:credit>Christophe Bielsa</media:credit>
                        </media:content>
                                                </item>
                    <item>
                <guid>https://www.lefigaro.fr/gastronomie/le-celebre-restaurant-maxims-rouvre-sa-doublure-voisine-le-bistrot-minim-s-20250207</guid>
                <title>Le célèbre restaurant Maxims’ rouvre sa doublure voisine, le bistrot Minim’s</title>
                                <link>https://www.lefigaro.fr/gastronomie/le-celebre-restaurant-maxims-rouvre-sa-doublure-voisine-le-bistrot-minim-s-20250207</link>
                                    <description>CRITIQUE GASTRONOMIQUE - Après avoir relancé l’institution festive de la rue Royale, le groupe Paris Society double la mise en mettant à l’honneur les classiques français.</description>
                                <category>Gastronomie</category>
                <pubDate>Fri, 07 Feb 2025 08:00:00 +0100</pubDate>

                                                            <media:content url="https://i.f1g.fr/media/cms/3000x2001_crop/2025/02/06/53cd702b58e0484d6b3e5cb6818b9c709372c701d9dcf750ac828e75f50e33ef.jpg" width="3000" height="2001">
                            <media:description type="plain">Le bistrot Minim’s, annexe de Maxim’s.</media:description>
                            <media:credit>Paris Society</media:credit>
                        </media:content>
                                                </item>
                    <item>
                <guid>https://www.lefigaro.fr/gastronomie/alliance-le-raffinement-est-dans-l-assiette-20250207</guid>
                <title>Alliance, le raffinement est dans l’assiette</title>
                                <link>https://www.lefigaro.fr/gastronomie/alliance-le-raffinement-est-dans-l-assiette-20250207</link>
                                    <description>Dans le 5e arrondissement de Paris, près des quais et de Notre-Dame, ce restaurant, reflet de deux personnalités, a peu d’égal dans la capitale.</description>
                                <category>Gastronomie</category>
                <pubDate>Fri, 07 Feb 2025 07:00:12 +0100</pubDate>

                                                            <media:content url="https://i.f1g.fr/media/eidos/630x354_crop/2025/02/07/XVM5541f316-e222-11ef-8ab1-af8189898af5.jpg" width="630" height="354">
                            <media:description type="plain">Toshitaka Omiya et Shawn Joyeux.</media:description>
                            <media:credit>sdp</media:credit>
                        </media:content>
                                                </item>
                    <item>
                <guid>https://www.lefigaro.fr/gastronomie/le-dejeuner-du-dimanche-de-matthieu-carlin-20250207</guid>
                <title>Le déjeuner du dimanche de… Matthieu Carlin,</title>
                                <link>https://www.lefigaro.fr/gastronomie/le-dejeuner-du-dimanche-de-matthieu-carlin-20250207</link>
                                    <description>«Je fais un gratin dauphinois comme celui de ma mère. C’est un plat familial qui me rappelle mes origines grenobloises», affirme le chef pâtissier de l’hôtel de Crillon.</description>
                                <category>Gastronomie</category>
                <pubDate>Fri, 07 Feb 2025 06:00:10 +0100</pubDate>

                                                            <media:content url="https://i.f1g.fr/media/eidos/630x354_crop/2025/02/07/XVM2790818e-e223-11ef-8ab1-af8189898af5.jpg" width="630" height="354">
                            <media:description type="plain">Matthieu Carlin</media:description>
                            <media:credit>Emmanuelle Corre/SDP</media:credit>
                        </media:content>
                                                </item>
                    <item>
                <guid>https://www.lefigaro.fr/gastronomie/bordeaux-cinq-restaurants-pour-se-rechauffer-cet-hiver-20250206</guid>
                <title>Bordeaux: nos cinq restaurants pour se réchauffer cet hiver</title>
                                <link>https://www.lefigaro.fr/gastronomie/bordeaux-cinq-restaurants-pour-se-rechauffer-cet-hiver-20250206</link>
                                    <description>LA SÉLECTION DU FIGARO - Nouvelles cantines méditerranéennes et restaurants montagnards: nos bonnes tables pour braver le froid dans la capitale girondine et alentour.</description>
                                <category>Gastronomie</category>
                <pubDate>Thu, 06 Feb 2025 21:32:19 +0100</pubDate>

                                                            <media:content url="https://i.f1g.fr/media/eidos/630x354_crop/2025/02/06/XVM81660f66-e4c7-11ef-9956-b34a2d6fef34.jpg" width="630" height="354">
                            <media:description type="plain">La raclette de La Petite Savoie, rue des Argentiers, à Bordeaux.</media:description>
                            <media:credit>La Petite Savoie</media:credit>
                        </media:content>
                                                </item>
                    <item>
                <guid>https://www.lefigaro.fr/gastronomie/a-paris-les-costes-relancent-l-aventure-avec-yannick-alleno-20250206</guid>
                <title>À Paris, Gilbert et Thierry Costes relancent L’Aventure</title>
                                <link>https://www.lefigaro.fr/gastronomie/a-paris-les-costes-relancent-l-aventure-avec-yannick-alleno-20250206</link>
                                    <description>CRITIQUE GASTRONOMIQUE - Près de l’Étoile, le groupe Beaumarly fait renaître cette adresse noctambule en la dotant d’un hôtel (bientôt), d’un club et d’un restaurant mondain dont la carte est signée Yannick Alléno.</description>
                                <category>Gastronomie</category>
                <pubDate>Fri, 07 Feb 2025 10:03:28 +0100</pubDate>

                                                            <media:content url="https://i.f1g.fr/media/eidos/630x354_crop/2025/02/06/XVM35eef8a4-e52b-11ef-9956-b34a2d6fef34.jpg" width="630" height="354">
                            <media:description type="plain">L’Aventure (16e), et sa vue sur l’Arc de triomphe.</media:description>
                            <media:credit>Natali Afsar/Natali Afsar</media:credit>
                        </media:content>
                                                </item>
                    <item>
                <guid>https://www.lefigaro.fr/gastronomie/notre-selection-de-8-restaurants-a-paris-pour-se-regaler-de-souffles-sales-et-sucres-20250206</guid>
                <title>8 restaurants à Paris pour se régaler de soufflés salés et sucrés</title>
                                <link>https://www.lefigaro.fr/gastronomie/notre-selection-de-8-restaurants-a-paris-pour-se-regaler-de-souffles-sales-et-sucres-20250206</link>
                                    <description>LA SÉLECTION DU FIGARO - Fromage, Grand Marnier, chocolat: nos meilleures adresses pour déguster ce plat totem de la gastronomie française.</description>
                                <category>Gastronomie</category>
                <pubDate>Fri, 07 Feb 2025 10:18:05 +0100</pubDate>

                                                            <media:content url="https://i.f1g.fr/media/eidos/630x354_crop/2025/02/06/XVM5139b840-e4ba-11ef-9956-b34a2d6fef34.jpg" width="630" height="354">
                            <media:description type="plain">Le soufflé au comté de l’Auberge Bressane (Paris 7e).</media:description>
                            <media:credit>PATRICK.A.SATER</media:credit>
                        </media:content>
                                                </item>
                    <item>
                <guid>https://www.lefigaro.fr/gastronomie/lieu-secret-mise-en-scene-spectaculaire-decouvrez-en-avant-premiere-220-bpm-une-table-aux-menus-decoiffants-dans-la-foret-lyonnaise-20250201</guid>
                <title>Lieu secret, mise en scène spectaculaire… Découvrez en avant-première 220 BPM, un restaurant aux menus décoiffants en pleine forêt</title>
                                <link>https://www.lefigaro.fr/gastronomie/lieu-secret-mise-en-scene-spectaculaire-decouvrez-en-avant-premiere-220-bpm-une-table-aux-menus-decoiffants-dans-la-foret-lyonnaise-20250201</link>
                                    <description>RÉCIT - Le chef Jérémy Galvan ouvre son nouveau restaurant le 5 février dans un lieu mystérieux proche de la capitale des Gaules. Le Figaro a testé en avant-première cette expérience ambitieuse et singulière.</description>
                                <category>Gastronomie</category>
                <pubDate>Sat, 01 Feb 2025 23:20:37 +0100</pubDate>

                                                            <media:content url="https://i.f1g.fr/media/cms/1971x1108_crop/2025/01/31/6cd636c29b7bbc6476b8593fdbc110f17a2f5a687d0ce460aaa45dc536cfa9a9.jpg" width="1971" height="1108">
                            <media:description type="plain">L’équipe du restaurant 220 BPM autour de Jérémy Galvan, chef, et Rachel Benali, directrice de salle (au centre).</media:description>
                            <media:credit>Thibault Manuel</media:credit>
                        </media:content>
                                                </item>
                    <item>
                <guid>https://www.lefigaro.fr/gastronomie/p-tit-bon-un-bistrot-gourmand-a-decouvrir-d-urgence-a-paris-20250131</guid>
                <title>P’tit Bon, un bistrot gourmand à découvrir d’urgence à Paris</title>
                                <link>https://www.lefigaro.fr/gastronomie/p-tit-bon-un-bistrot-gourmand-a-decouvrir-d-urgence-a-paris-20250131</link>
                                    <description>CRITIQUE GASTRONOMIQUE - Cette adresse sans prétention du 9e arrondissement, au service adorable, revisite les classiques avec une finesse digne d’un étoilé.</description>
                                <category>Gastronomie</category>
                <pubDate>Fri, 31 Jan 2025 11:50:18 +0100</pubDate>

                                                            <media:content url="https://i.f1g.fr/media/cms/1920x1080_crop/2025/01/31/d7908bba33c8420ddbdad664bcea1c50cd686b8a6b17cd3cbcd5deafc06dfc81.jpg" width="1920" height="1080">
                            <media:description type="plain">Le restaurant P’tit Bon (Paris 9e) et son pâté en croûte.</media:description>
                            <media:credit>P&#039;tit Bon</media:credit>
                        </media:content>
                                                </item>
                    <item>
                <guid>https://www.lefigaro.fr/gastronomie/un-nouveau-chef-un-cadre-insolite-le-restaurant-m-au-musee-du-vin-vaut-il-le-detour-20250131</guid>
                <title>Un nouveau chef, un cadre insolite : le restaurant M au Musée du Vin vaut-il le détour ?</title>
                                <link>https://www.lefigaro.fr/gastronomie/un-nouveau-chef-un-cadre-insolite-le-restaurant-m-au-musee-du-vin-vaut-il-le-detour-20250131</link>
                                    <description>CRITIQUE GASTRONOMIQUE - Le musée de poche parisien aux caves voûtées historiques et à la solide carte des vins s’offre les services de l’ex-«Top Chef» Valentin Néraudeau.</description>
                                <category>Gastronomie</category>
                <pubDate>Fri, 31 Jan 2025 11:28:36 +0100</pubDate>

                                                            <media:content url="https://i.f1g.fr/media/cms/1920x1080_crop/2025/01/31/9e8bf6d58f3eb21af11835b29cf6b47d3ff936454ee2fe3a5589736af2f78b49.jpg" width="1920" height="1080">
                            <media:description type="plain">Le M au Musée du Vin et sa gaufre de pomme de terre, crème légère épicée et magret fumé.</media:description>
                            <media:credit>Jean-Christophe ROY / SYLVAIN THIOLLIER</media:credit>
                        </media:content>
                                                </item>
                    <item>
                <guid>https://www.lefigaro.fr/gastronomie/hando-temple-du-handroll-parisien-ouvre-une-troisieme-adresse-dans-le-marais-20250131</guid>
                <title>Hando, temple du handroll parisien, ouvre une troisième adresse dans le Marais</title>
                                <link>https://www.lefigaro.fr/gastronomie/hando-temple-du-handroll-parisien-ouvre-une-troisieme-adresse-dans-le-marais-20250131</link>
                                    <description>CRITIQUE GASTRONOMIQUE - Après Sèvres et Vendôme, Adrien Albou consacre un troisième restaurant «Marine Vénus» bleuté aux rouleaux de riz et poisson cru japonais, ainsi qu’aux sushi.</description>
                                <category>Gastronomie</category>
                <pubDate>Fri, 31 Jan 2025 11:58:59 +0100</pubDate>

                                                            <media:content url="https://i.f1g.fr/media/cms/1920x1080_crop/2025/01/31/8a2b017ac3e33f9347e53e603bc00fa110edb47730c65eb7e3854fb5c730437f.jpg" width="1920" height="1080">
                            <media:description type="plain">Sushi et handroll chez Hando Marais (Paris 3e).</media:description>
                            <media:credit>Pierre Lucet-Penato</media:credit>
                        </media:content>
                                                </item>
                    <item>
                <guid>https://www.lefigaro.fr/gastronomie/chandeleur-2025-les-meilleures-creperies-de-paris-pour-deguster-galettes-et-crepes-20250131</guid>
                <title>Chandeleur 2025: les meilleures crêperies de Paris pour déguster galettes et crêpes</title>
                                <link>https://www.lefigaro.fr/gastronomie/chandeleur-2025-les-meilleures-creperies-de-paris-pour-deguster-galettes-et-crepes-20250131</link>
                                    <description>LA SÉLECTION DU FIGARO - À l’occasion de la Chandeleur, ce dimanche, pleins feux sur nos adresses parisiennes, nouveautés comme valeurs sûres, pour déguster galettes kraz et crêpes moelleuses.</description>
                                <category>Gastronomie</category>
                <pubDate>Fri, 31 Jan 2025 12:43:19 +0100</pubDate>

                                                            <media:content url="https://i.f1g.fr/media/eidos/630x354_crop/2025/01/31/XVM166c354a-dfc8-11ef-b14e-6c94e49a5c73.jpg" width="630" height="354">
                            <media:description type="plain">Une galette de Breizh Café par Bertrand Larcher.</media:description>
                            <media:credit>Romain Buisson</media:credit>
                        </media:content>
                                                </item>
                    <item>
                <guid>https://www.lefigaro.fr/gastronomie/c-est-tout-bon-n0112-et-que-ca-saute-20250131</guid>
                <title>« C’est tout bon » n°112 : Et que ça saute !</title>
                                <link>https://www.lefigaro.fr/gastronomie/c-est-tout-bon-n0112-et-que-ca-saute-20250131</link>
                                    <description>LETTRE EXCLUSIVE ABONNÉ(E)S  -  Dans deux jours, c’est la Chandeleur. On pense à préparer sa pâte à crêpes... Et si la poêle vous tombe des mains, voici plusieurs options pour se régaler en famille.</description>
                                <category>Gastronomie</category>
                <pubDate>Fri, 31 Jan 2025 09:30:20 +0100</pubDate>

                                                            <media:content url="https://i.f1g.fr/media/cms/580x325_crop/2025/01/31/9af080ef91cd7b9c080655d700e874d5dd337e1c6d55f127527673c9be0402eb.jpg" width="580" height="325">
                            <media:description type="plain">Laurence Haloche</media:description>
                            <media:credit>Le Figaro</media:credit>
                        </media:content>
                                                </item>
                    <item>
                <guid>https://www.lefigaro.fr/gastronomie/aura-quand-le-sucre-se-mesure-au-sale-20250131</guid>
                <title>Aura, quand le sucré se mesure au salé</title>
                                <link>https://www.lefigaro.fr/gastronomie/aura-quand-le-sucre-se-mesure-au-sale-20250131</link>
                                    <description>À l’étage du restaurant étoilé Hémicyle, la chef pâtissière Aurora Storari cuisine un excellent menu de «desserts».</description>
                                <category>Gastronomie</category>
                <pubDate>Fri, 31 Jan 2025 07:00:13 +0100</pubDate>

                                                            <media:content url="https://i.f1g.fr/media/eidos/630x354_crop/2025/01/31/XVM21a54d1c-de55-11ef-8d6d-353efc76dcf5.jpg" width="630" height="354">
                            <media:description type="plain">Après ­Sébastien Vauxion au Sarkara, à Courchevel, c’est à Aurora Storari, chef pâtissière du restaurant Hémicycle, à Paris, de vous recevoir derrière son comptoir.</media:description>
                            <media:credit>Socialsnacks /SDP</media:credit>
                        </media:content>
                                                </item>
            </channel>
</rss>
