<?xml version="1.0" encoding="UTF-8"?>
<rss version="2.0" xmlns:atom="http://www.w3.org/2005/Atom" xmlns:media="http://search.yahoo.com/mrss/">
    <channel>
        <atom:link href="https://www.lefigaro.fr/rss/figaro_flash-actu.xml" rel="self" type="application/rss+xml"/>
        <category>Flash Actu</category>
        <title>Le Figaro - Le Flash Actu</title>
        <description>Suivez les dernières informations en direct sur le Flash Actu du Figaro</description>
        <link>http://www.lefigaro.fr</link>
        <language>fr</language>
        <copyright>Droits de reproduction et de diffusion réservés LeFigaro.fr</copyright>
        <lastBuildDate>Mon, 10 Feb 2025 13:35:49 +0100</lastBuildDate>
        <docs>https://www.lefigaro.fr/rss</docs>
        <image>
            <title>Le Figaro - Le Flash Actu</title>
            <url>https://static.lefigaro.fr/common/logos/logo-150x150.png</url>
            <link>http://www.lefigaro.fr</link>
            <description>Suivez les dernières informations en direct sur le Flash Actu du Figaro</description>
        </image>

                    <item>
                <guid>https://www.lefigaro.fr/flash-sport/affaire-du-baiser-force-l-absence-de-jenni-hermoso-apres-le-scandale-n-etait-pas-une-punition-assure-la-selectionneuse-20250210</guid>
                <title>Affaire du baiser forcé : l'absence de Jenni Hermoso après le scandale n'était «pas une punition», assure la sélectionneuse</title>
                                <link>https://www.lefigaro.fr/flash-sport/affaire-du-baiser-force-l-absence-de-jenni-hermoso-apres-le-scandale-n-etait-pas-une-punition-assure-la-selectionneuse-20250210</link>
                                    <description>Témoignant lors du procès de l’ex-patron de la Fédération espagnole, Montserrat Tomé a nié ne pas avoir sélectionné la joueuse pour la sanctionner.</description>
                                <category>Flash Sport</category>
                <pubDate>Mon, 10 Feb 2025 13:33:56 +0100</pubDate>

                                                            <media:content url="https://i.f1g.fr/media/cms/3000x2001_crop/2025/02/10/b6bccdd2118d69f2f9c0764429096291ca65e482379cb53a364993796c98ff48.jpg" width="3000" height="2001">
                            <media:description type="plain">Montserrat Tomé</media:description>
                            <media:credit>JOHN THYS / AFP</media:credit>
                        </media:content>
                                                </item>
                    <item>
                <guid>https://www.lefigaro.fr/international/syrie-des-milliers-de-personnes-rejoignent-la-nouvelle-armee-affirme-le-president-20250210</guid>
                <title>Syrie : des milliers de personnes rejoignent «la nouvelle armée», affirme le président</title>
                                <link>https://www.lefigaro.fr/international/syrie-des-milliers-de-personnes-rejoignent-la-nouvelle-armee-affirme-le-president-20250210</link>
                                    <description>«Je n’ai pas imposé la conscription obligatoire en Syrie. J’ai plutôt opté pour l’enrôlement volontaire, et aujourd’hui des milliers de personnes rejoignent la nouvelle armée syrienne», s’est félicité le président dans le podcast «The Rest is Politics».</description>
                                <category>International</category>
                <pubDate>Mon, 10 Feb 2025 13:33:39 +0100</pubDate>

                                                            <media:content url="https://i.f1g.fr/media/cms/1635x920_crop/2025/02/10/b06944b989ff86e74570b4c5524cfe0179f64d96083b13181866efdee7f133d9.jpg" width="1635" height="920">
                            <media:description type="plain">Le nouveau président de la Syrie pour une phase de transition, Ahmed al-Sharaa, à Ankara, en Turquie, le 4 février 2025.</media:description>
                            <media:credit>Cagla Gurdogan / REUTERS</media:credit>
                        </media:content>
                                                </item>
                    <item>
                <guid>https://www.lefigaro.fr/flash-actu/indonesie-60-millions-de-personnes-beneficiaires-d-un-bilan-de-sante-gratuit-20250210</guid>
                <title>Indonésie : 60 millions de personnes bénéficiaires d’un bilan de santé gratuit</title>
                                <link>https://www.lefigaro.fr/flash-actu/indonesie-60-millions-de-personnes-beneficiaires-d-un-bilan-de-sante-gratuit-20250210</link>
                                    <description></description>
                                <category>Flash Actu</category>
                <pubDate>Mon, 10 Feb 2025 13:31:14 +0100</pubDate>

                                                            <media:content url="https://i.f1g.fr/media/cms/2848x1602_crop/2025/02/10/ed4b219273117f459f9e6cc1e4bde8aece16f925b34d597ce7a83b810d5cbd0e.jpg" width="2848" height="1602">
                            <media:description type="plain">Le président indonésien Prabowo Subianto à Kuala Lumpur, Malaisie, le 27 janvier 2025.</media:description>
                            <media:credit>Hasnoor Hussain / REUTERS</media:credit>
                        </media:content>
                                                </item>
                    <item>
                <guid>https://www.lefigaro.fr/flash-actu/1300-arrestations-au-bangladesh-dans-le-cadre-d-une-vaste-operation-de-repression-20250210</guid>
                <title>1300 arrestations au Bangladesh, dans le cadre d'une vaste opération de répression</title>
                                <link>https://www.lefigaro.fr/flash-actu/1300-arrestations-au-bangladesh-dans-le-cadre-d-une-vaste-operation-de-repression-20250210</link>
                                    <description></description>
                                <category>Flash Actu</category>
                <pubDate>Mon, 10 Feb 2025 13:27:49 +0100</pubDate>

                                                            <media:content url="https://i.f1g.fr/media/cms/3000x2002_crop/2025/02/10/d05b68f8e1587c1cb6412f90f748fa714cabdeaddb7117f4b0a25fb2b247f66b.jpg" width="3000" height="2002">
                            <media:description type="plain">La résidence démolie de Dhanmondi-32 de Bangabandhu Sheikh Mujibur Rahman, père de la Première ministre destituée Sheikh Hasina, à Dhaka, Bangladesh, le 6 février 2025.</media:description>
                            <media:credit>Mohammad Ponir Hossain / REUTERS</media:credit>
                        </media:content>
                                                </item>
                    <item>
                <guid>https://www.lefigaro.fr/lyon/lyon-un-policier-blesse-par-balle-par-un-de-ses-collegues-lors-de-l-arrestation-d-un-homme-arme-20250210</guid>
                <title>Lyon : un policier blessé par balle par un de ses collègues lors de l’arrestation d’un homme armé</title>
                                <link>https://www.lefigaro.fr/lyon/lyon-un-policier-blesse-par-balle-par-un-de-ses-collegues-lors-de-l-arrestation-d-un-homme-arme-20250210</link>
                                    <description>Un homme armé a été repéré par la vidéosurveillance ce lundi matin dans le centre-ville. Lors de l’opération lancée pour l’interpeller, un policier a été blessé par balle.</description>
                                <category>Lyon</category>
                <pubDate>Mon, 10 Feb 2025 13:19:11 +0100</pubDate>

                                                            <media:content url="https://i.f1g.fr/media/cms/3000x2003_crop/2025/02/10/adb00c05181d8b9c354fc8a24e39a1a130fa9eae8ca258cbcd1f3f03cef8d14b.jpg" width="3000" height="2003">
                            <media:description type="plain">Le policier n’est pas grièvement blessé, et son pronostic vital n’est pas engagé.</media:description>
                            <media:credit>pixarno / stock.adobe.com</media:credit>
                        </media:content>
                                                </item>
                    <item>
                <guid>https://www.lefigaro.fr/international/chine-en-2024-le-nombre-de-mariages-a-chute-de-20-20250210</guid>
                <title>Chine: en 2024, le nombre de mariages a chuté de 20%</title>
                                <link>https://www.lefigaro.fr/international/chine-en-2024-le-nombre-de-mariages-a-chute-de-20-20250210</link>
                                    <description>Cette diminution intervient malgré diverses campagnes incitatives des autorités, qui accordent des subventions et encouragent les couples à avoir davantage d’enfants.</description>
                                <category>International</category>
                <pubDate>Mon, 10 Feb 2025 13:16:40 +0100</pubDate>

                                                            <media:content url="https://i.f1g.fr/media/cms/3000x2000_crop/2025/02/10/3eb5347fda912264ec8331a15be056860f8a03bef3cadb75cbc9cdd953d0ef58.jpg" width="3000" height="2000">
                            <media:description type="plain">Cette baisse de 20,5% a coïncidé avec la troisième année consécutive de déclin de la population chinoise. (Image d’illustration). </media:description>
                            <media:credit>rainer puster/EyeEm / stock.adobe.com</media:credit>
                        </media:content>
                                                </item>
                    <item>
                <guid>https://www.lefigaro.fr/international/conference-sur-la-securite-de-munich-volodymyr-zelensky-participera-a-l-evenement-20250210</guid>
                <title>Conférence sur la sécurité de Munich : Volodymyr Zelensky participera à l’évènement</title>
                                <link>https://www.lefigaro.fr/international/conference-sur-la-securite-de-munich-volodymyr-zelensky-participera-a-l-evenement-20250210</link>
                                    <description>Le président ukrainien a récemment déclaré être prêt à des négociations directes avec son homologue russe Vladimir Poutine et d’autres dirigeants pour mettre fin à la guerre que livre Moscou depuis bientôt trois ans.</description>
                                <category>International</category>
                <pubDate>Mon, 10 Feb 2025 13:11:38 +0100</pubDate>

                                                            <media:content url="https://i.f1g.fr/media/cms/2850x1603_crop/2025/02/10/e8939d86e707869e1c1440163c24c09f98ba9abb02dedfcd56a88e99b0e2f1e6.jpg" width="2850" height="1603">
                            <media:description type="plain">Volodymyr Zelensky lors de la 60e conférence de Munich sur la sécurité (MSC) à l’hôtel Bayerischer Hof à Munich, le 17 février 2024.</media:description>
                            <media:credit>TOBIAS SCHWARZ / AFP</media:credit>
                        </media:content>
                                                </item>
                    <item>
                <guid>https://www.lefigaro.fr/faits-divers/proces-de-l-attentat-de-la-basilique-de-nice-l-accuse-plaide-l-amnesie-et-provoque-la-colere-des-parties-civiles-20250210</guid>
                <title>Procès de l’attentat de la basilique de Nice : l’accusé plaide l’amnésie et provoque la colère des parties civiles</title>
                                <link>https://www.lefigaro.fr/faits-divers/proces-de-l-attentat-de-la-basilique-de-nice-l-accuse-plaide-l-amnesie-et-provoque-la-colere-des-parties-civiles-20250210</link>
                                    <description>Une brève échauffourée a éclaté lorsque Brahim Aouissaoui a maintenu ne pas se souvenir d’avoir exécuté trois personnes le 29 octobre 2020. Une partie civile ayant vigoureusement réagi a été exclue de la salle.</description>
                                <category>Faits divers</category>
                <pubDate>Mon, 10 Feb 2025 13:02:31 +0100</pubDate>

                                                            <media:content url="https://i.f1g.fr/media/cms/3000x2541_crop/2025/02/10/73d0a74c303bafe9e58726307ea9a81c88deb3aff32742fff5a3ef6c7713f0a6.jpg" width="3000" height="2541">
                            <media:description type="plain">Brahim Aouissaoui est jugé pour assassinats et tentatives d’assassinat en relation avec une entreprise terroriste.</media:description>
                            <media:credit>BENOIT PEYRUCQ / AFP</media:credit>
                        </media:content>
                                                </item>
                    <item>
                <guid>https://www.lefigaro.fr/nantes/nantes-3-millions-d-euros-de-cigarettes-voles-dans-un-entrepot-20250210</guid>
                <title>Nantes : 3 millions d’euros de cigarettes volés dans un entrepôt</title>
                                <link>https://www.lefigaro.fr/nantes/nantes-3-millions-d-euros-de-cigarettes-voles-dans-un-entrepot-20250210</link>
                                    <description>Des malfaiteurs se sont introduits dans un site logistique et ont vidé deux remorques entières avant de fuir, dans la nuit du 8 au 9 février. Les forces de police n’ont pu intervenir à temps. L’enquête a été confiée à la division de la criminalité organisée.</description>
                                <category>Nantes</category>
                <pubDate>Mon, 10 Feb 2025 13:02:13 +0100</pubDate>

                                                            <media:content url="https://i.f1g.fr/media/cms/2944x1656_crop/2025/02/10/23464f5fe4118a85a8113bc70897680edd12d7ee58667bc3fe55cdd1d274ade0.jpg" width="2944" height="1656">
                            <media:description type="plain">Paquets de cigarettes de contrebande, saisis à Marseille (Bouches-du-Rhône) par le service des douanes, en janvier 2023.</media:description>
                            <media:credit>Coust Laurent/ABACA</media:credit>
                        </media:content>
                                                </item>
                    <item>
                <guid>https://www.lefigaro.fr/international/essouffle-le-pape-francois-ne-parvient-pas-a-achever-la-lecture-de-son-homelie-20250210</guid>
                <title>Essoufflé, le pape François ne parvient pas à achever la lecture de son homélie</title>
                                <link>https://www.lefigaro.fr/international/essouffle-le-pape-francois-ne-parvient-pas-a-achever-la-lecture-de-son-homelie-20250210</link>
                                    <description>VIDÉO - Lors de la sainte messe du jubilé des armées, dimanche, le chef de l’Église catholique a demandé au maître cérémoniaire d’assurer la fin de son homélie pour cause d’essoufflement.</description>
                                <category>International</category>
                <pubDate>Mon, 10 Feb 2025 13:23:44 +0100</pubDate>

                                                            <media:content url="https://i.f1g.fr/media/cms/orig/2025/02/10/54eb070f9ab44b3ca62c4cc103e59918cb1be6f134623258b8ef5e9ebef6dae5.jpg" width="1280" height="720">
                            <media:description type="plain">Essoufflé, le pape François a dû interrompre son homélie.</media:description>
                            <media:credit>AFP / ALBERTO PIZZOLI</media:credit>
                        </media:content>
                                                </item>
                    <item>
                <guid>https://www.lefigaro.fr/nice/la-commission-d-enquete-rend-un-avis-favorable-a-l-extension-contestee-de-l-aeroport-de-nice-20250210</guid>
                <title>La commission d’enquête rend un avis favorable à l’extension contestée de l’aéroport de Nice</title>
                                <link>https://www.lefigaro.fr/nice/la-commission-d-enquete-rend-un-avis-favorable-a-l-extension-contestee-de-l-aeroport-de-nice-20250210</link>
                                    <description>Des opposants au projet ont manifesté samedi alors que la commission d’enquête ne s’est pas opposée au projet d’extension du terminal 2, déjà bien avancé.</description>
                                <category>Nice</category>
                <pubDate>Mon, 10 Feb 2025 12:33:53 +0100</pubDate>

                                                            <media:content url="https://i.f1g.fr/media/cms/3000x1687_crop/2025/02/10/d7573f5ae728a3c65e90116fc02d7d087c9eb2bf34c71db01a042de0ae83d084.jpg" width="3000" height="1687">
                            <media:description type="plain">L’aéroport international de Nice, dont les pistes s’avancent sur la mer, compte deux terminaux (photo d’illustration).</media:description>
                            <media:credit>Alamy Stock Photo / Abaca</media:credit>
                        </media:content>
                                                </item>
                    <item>
                <guid>https://www.lefigaro.fr/sports/boxe/boxe-la-federation-internationale-porte-plainte-contre-le-cio-au-sujet-d-imane-khelif-et-de-lin-yu-ting-20250210</guid>
                <title>Boxe : la Fédération internationale porte plainte contre le CIO au sujet d’Imane Khelif et de Lin Yu-Ting</title>
                                <link>https://www.lefigaro.fr/sports/boxe/boxe-la-federation-internationale-porte-plainte-contre-le-cio-au-sujet-d-imane-khelif-et-de-lin-yu-ting-20250210</link>
                                    <description>Exclue du mouvement olympique, l’IBA continue de contester le droit octroyé aux deux boxeuses à concourir chez les femmes lors des JO 2024.</description>
                                <category>Boxe</category>
                <pubDate>Mon, 10 Feb 2025 13:15:32 +0100</pubDate>

                                                            <media:content url="https://i.f1g.fr/media/cms/orig/2025/02/10/d42147965b5161120e73aeba87443bbd7f5afa60238a8e374b794074e23d429f.jpg" width="3000" height="2001">
                            <media:description type="plain">Imane Khelif</media:description>
                            <media:credit>KARIM JAAFAR / AFP</media:credit>
                        </media:content>
                                                </item>
                    <item>
                <guid>https://www.lefigaro.fr/bordeaux/bordeaux-trois-individus-deja-condamnes-pour-violences-aggravees-vises-par-une-information-judiciaire-pour-meurtre-20250210</guid>
                <title>Près de Bordeaux : un quinquagénaire tué à l’arme blanche, trois suspects visés par une information judiciaire pour meurtre</title>
                                <link>https://www.lefigaro.fr/bordeaux/bordeaux-trois-individus-deja-condamnes-pour-violences-aggravees-vises-par-une-information-judiciaire-pour-meurtre-20250210</link>
                                    <description>Un homme est mort par arme blanche à Pessac, près de Bordeaux, dans la nuit du 5 au 6 février. Les trois suspects évoquent une rixe sur fond d’alcool dont le mobile est encore flou.</description>
                                <category>Bordeaux</category>
                <pubDate>Mon, 10 Feb 2025 12:06:00 +0100</pubDate>

                                                            <media:content url="https://i.f1g.fr/media/cms/3000x1940_crop/2025/02/10/4bc8e881ced8f89f2f64d8d5130b370f255954346838584a9444bf37b8509fe1.jpg" width="3000" height="1940">
                            <media:description type="plain">Un homme est décédé à son domicile à Pessac dans la nuit du 5 au 6 février après une violente altercation avec trois autres hommes, tous en état d’ivresse. </media:description>
                            <media:credit>Marie-Hélène Hérouart / Le Figaro </media:credit>
                        </media:content>
                                                </item>
                    <item>
                <guid>https://www.lefigaro.fr/faits-divers/paris-le-suspect-de-l-attaque-devant-la-prefecture-de-police-mis-en-examen-20250210</guid>
                <title>Paris : le suspect de l’attaque devant la préfecture de police mis en examen</title>
                                <link>https://www.lefigaro.fr/faits-divers/paris-le-suspect-de-l-attaque-devant-la-prefecture-de-police-mis-en-examen-20250210</link>
                                    <description>L’homme est notamment poursuivi pour tentative de meurtre sur personne dépositaire de l’autorité publique et a été placé samedi en détention provisoire.</description>
                                <category>Faits divers</category>
                <pubDate>Mon, 10 Feb 2025 12:51:26 +0100</pubDate>

                                                            <media:content url="https://i.f1g.fr/media/cms/2850x1603_crop/2025/02/10/6ca77cf392bfe98f5dd5d130d571b7922cd6b18ce768938ceb2a81921457e8de.jpg" width="2850" height="1603">
                            <media:description type="plain">La préfecture de police de Paris, le 3 octobre 2019. </media:description>
                            <media:credit>GEOFFROY VAN DER HASSELT / AFP</media:credit>
                        </media:content>
                                                </item>
                    <item>
                <guid>https://www.lefigaro.fr/flash-actu/le-ps-souhaite-defendre-une-france-metissee-richard-ferrand-pressenti-au-conseil-constitutionnel-taylor-swift-huee-au-super-bowl-les-3-infos-a-retenir-a-la-mi-journee-20250210</guid>
                <title>Le PS souhaite défendre une France «métissée», Richard Ferrand pressenti au Conseil constitutionnel, Taylor Swift huée au Super Bowl... Les 3 infos à retenir à la mi-journée</title>
                                <link>https://www.lefigaro.fr/flash-actu/le-ps-souhaite-defendre-une-france-metissee-richard-ferrand-pressenti-au-conseil-constitutionnel-taylor-swift-huee-au-super-bowl-les-3-infos-a-retenir-a-la-mi-journee-20250210</link>
                                    <description>LE POINT DE MIDI - Retrouvez l’essentiel de l’actualité parue ce lundi 10 février au matin sur notre site.</description>
                                <category>Flash Actu</category>
                <pubDate>Mon, 10 Feb 2025 12:00:28 +0100</pubDate>

                                                            <media:content url="https://i.f1g.fr/media/cms/1920x1080_crop/2025/02/10/36b3413c8d1d1845bb7ca7df6b14e69ab28ed225ec8358bdb577fb87ce416ba7.jpg" width="1920" height="1080">
                            <media:description type="plain">Photomontage Le Figaro.</media:description>
                            <media:credit>THIBAUD MORITZ / AFP / STEPHANE DE SAKUTIN / AFP / Getty Images via AFP / GREGORY SHAMUS</media:credit>
                        </media:content>
                                                </item>
                    <item>
                <guid>https://www.lefigaro.fr/flash-actu/face-a-la-montee-des-eaux-l-australie-envisage-d-evacuer-les-iles-cocos-20250210</guid>
                <title>Face à la montée des eaux, l’Australie envisage d'évacuer les îles Cocos</title>
                                <link>https://www.lefigaro.fr/flash-actu/face-a-la-montee-des-eaux-l-australie-envisage-d-evacuer-les-iles-cocos-20250210</link>
                                    <description></description>
                                <category>Flash Actu</category>
                <pubDate>Mon, 10 Feb 2025 11:55:13 +0100</pubDate>

                                                            <media:content url="https://i.f1g.fr/media/cms/3000x1965_crop/2025/02/10/4289be0f207a4b7a1fb4f2c300b8226900ab0763a7087e6d15f0d4817d32d573.jpg" width="3000" height="1965">
                            <media:description type="plain">Les îles Cocos sont menacées par l’érosion des côtes et la montée des eaux provoquées par le changement climatique. (Image d’illustration). </media:description>
                            <media:credit>Joe Gough / stock.adobe.com</media:credit>
                        </media:content>
                                                </item>
                    <item>
                <guid>https://www.lefigaro.fr/bordeaux/a-bordeaux-un-homme-interpelle-avec-14-ovules-de-cocaine-dans-le-corps-a-la-sortie-du-train-20250210</guid>
                <title>À Bordeaux, un homme interpellé avec 14 ovules de cocaïne dans le corps à la sortie du train</title>
                                <link>https://www.lefigaro.fr/bordeaux/a-bordeaux-un-homme-interpelle-avec-14-ovules-de-cocaine-dans-le-corps-a-la-sortie-du-train-20250210</link>
                                    <description>Vendredi, un homme de 44 ans a été interpellé en fin de journée à la gare Saint-Jean de Bordeaux. Il transportait 260 grammes de cocaïne.</description>
                                <category>Bordeaux</category>
                <pubDate>Mon, 10 Feb 2025 12:29:01 +0100</pubDate>

                                                            <media:content url="https://i.f1g.fr/media/cms/orig/2025/02/10/d734992df2633ac8c98410aa22afb022b02db0d047f0d460fd00bdde938ef7e6.JPG" width="3000" height="1687">
                            <media:description type="plain">La police a intercepté l’individu à la sortie du train, à la Gare Saint-Jean.</media:description>
                            <media:credit>Marie-Hélène Hérouart</media:credit>
                        </media:content>
                                                </item>
                    <item>
                <guid>https://www.lefigaro.fr/decideurs/nokia-annonce-le-depart-de-son-pdg-pekka-lundmark-justin-hotard-nomme-successeur-20250210</guid>
                <title>Nokia annonce le départ de son PDG Pekka Lundmark, Justin Hotard nommé successeur</title>
                                <link>https://www.lefigaro.fr/decideurs/nokia-annonce-le-depart-de-son-pdg-pekka-lundmark-justin-hotard-nomme-successeur-20250210</link>
                                    <description>L’équipementier a enregistré une hausse de 89% de son bénéfice net en 2024 à 1,28 milliard d’euros et fait état d’un net redressement de ses ventes de 10% au quatrième trimestre.</description>
                                <category>Décideurs</category>
                <pubDate>Mon, 10 Feb 2025 11:46:54 +0100</pubDate>

                                                            <media:content url="https://i.f1g.fr/media/cms/3000x2209_crop/2025/02/10/3524b33b278363abb8329c0acfebc0ccf11336533640228e00af77432ae9920f.jpg" width="3000" height="2209">
                            <media:description type="plain">Le président et directeur général actuel de Nokia, Pekka Lundmark, la présidente du conseil d’administration de Nokia, Sari Baldauf, et le prochain président et directeur général de Nokia, Justin Hotard, ce lundi.</media:description>
                            <media:credit>Markku Ulander / REUTERS</media:credit>
                        </media:content>
                                                </item>
                    <item>
                <guid>https://www.lefigaro.fr/secteur/high-tech/intelligence-artificielle-le-patron-de-bpifrance-appelle-tout-le-monde-a-travailler-avec-mistral-20250210</guid>
                <title>Intelligence artificielle : le patron de Bpifrance appelle «tout le monde à travailler avec Mistral»</title>
                                <link>https://www.lefigaro.fr/secteur/high-tech/intelligence-artificielle-le-patron-de-bpifrance-appelle-tout-le-monde-a-travailler-avec-mistral-20250210</link>
                                    <description>La banque publique d’investissement française a annoncé la semaine dernière vouloir investir 10 milliards d’euros dans l’IA d’ici 2029.</description>
                                <category>Tech &amp; Web</category>
                <pubDate>Mon, 10 Feb 2025 11:49:38 +0100</pubDate>

                                                            <media:content url="https://i.f1g.fr/media/cms/orig/2025/02/10/317e5de9fa8655896cb51156138223573630dd20fddf9fec34ba249c7ee87341.jpg" width="3000" height="2001">
                            <media:description type="plain">Nicolas Dufourcq, directeur général de Bpifrance.</media:description>
                            <media:credit>THOMAS SAMSON / AFP</media:credit>
                        </media:content>
                                                </item>
                    <item>
                <guid>https://www.lefigaro.fr/marseille/municipales-a-marseille-le-lfi-sebastien-delogu-confirme-reflechir-a-une-candidature-20250210</guid>
                <title>Municipales à Marseille : le LFI Sébastien Delogu confirme réfléchir à une candidature</title>
                                <link>https://www.lefigaro.fr/marseille/municipales-a-marseille-le-lfi-sebastien-delogu-confirme-reflechir-a-une-candidature-20250210</link>
                                    <description>Dans une interview accordée à La Provence, Sébastien Delogu explique songer à briguer un mandat de maire de Marseille, avec LFI en tête de proue de l’union de la gauche, malgré des critiques acerbes envers le PS et la maire adjointe Samia Ghali.</description>
                                <category>Marseille</category>
                <pubDate>Mon, 10 Feb 2025 12:27:31 +0100</pubDate>

                                                            <media:content url="https://i.f1g.fr/media/cms/orig/2025/02/10/a2b3c6e364c1e6448d9229d12b230a0f090533703d1a45abd563afbf6d47bb7c.jpg" width="2471" height="1647">
                            <media:description type="plain">Sébastien Delogu est député des quartiers nord de Marseille.</media:description>
                            <media:credit>MIGUEL MEDINA / AFP</media:credit>
                        </media:content>
                                                </item>
            </channel>
</rss>
