<?xml version="1.0" encoding="UTF-8"?>
<rss version="2.0" xmlns:atom="http://www.w3.org/2005/Atom" xmlns:media="http://search.yahoo.com/mrss/">
    <channel>
        <atom:link href="https://www.lefigaro.fr/rss/figaro_sport.xml" rel="self" type="application/rss+xml"/>
        <category>Sports</category>
        <title>Le Figaro - Sports : Actualité sportive en direct</title>
        <description>Sports : Retrouvez toute l&#039;actualité sportive en direct et résultats en continue avec Le Figaro</description>
        <link>https://www.lefigaro.fr/sports</link>
        <language>fr</language>
        <copyright>Droits de reproduction et de diffusion réservés LeFigaro.fr</copyright>
        <lastBuildDate>Mon, 10 Feb 2025 13:36:16 +0100</lastBuildDate>
        <docs>https://www.lefigaro.fr/rss</docs>
        <image>
            <title>Le Figaro - Sports : Actualité sportive en direct</title>
            <url>https://static.lefigaro.fr/common/logos/logo-150x150.png</url>
            <link>https://www.lefigaro.fr/sports</link>
            <description>Sports : Retrouvez toute l&#039;actualité sportive en direct et résultats en continue avec Le Figaro</description>
        </image>

                    <item>
                <guid>https://www.lefigaro.fr/sports/rugby/top-14/top-14-julien-dumora-castres-mettra-un-terme-a-sa-carriere-a-l-issue-de-la-saison-20250210</guid>
                <title>Top 14 : Julien Dumora (Castres) mettra un terme à sa carrière à l’issue de la saison</title>
                                <link>https://www.lefigaro.fr/sports/rugby/top-14/top-14-julien-dumora-castres-mettra-un-terme-a-sa-carriere-a-l-issue-de-la-saison-20250210</link>
                                    <description>L’arrière du Castres Olympique mettra un terme à sa carrière à l’issue de la saison et intégrer le staff du club.</description>
                                <category>Top 14</category>
                <pubDate>Mon, 10 Feb 2025 13:25:08 +0100</pubDate>

                                                            <media:content url="https://i.f1g.fr/media/cms/3000x2001_crop/2025/02/10/a2da0d1f4affca7aae4b1ebc82e005e1b67e7ba33fcd39506b0736b732d5ba8c.jpg" width="3000" height="2001">
                            <media:description type="plain">Julien Dumora mettra un terme à sa carrière à l’issue de la saison. </media:description>
                            <media:credit>ED JONES / AFP</media:credit>
                        </media:content>
                                                </item>
                    <item>
                <guid>https://www.lefigaro.fr/sports/tennis/tennis-mpetshi-perricard-forfait-a-marseille-20250210</guid>
                <title>Tennis : Mpetshi Perricard forfait à Marseille</title>
                                <link>https://www.lefigaro.fr/sports/tennis/tennis-mpetshi-perricard-forfait-a-marseille-20250210</link>
                                    <description>Giovanni Mpetshi Perricard ne fera pas son retour sur les courts de l’ATP 250 de Marseille. Malade le Tricolore s’ajoute à la liste des forfaits déjà bien remplie.</description>
                                <category>Tennis</category>
                <pubDate>Mon, 10 Feb 2025 13:19:55 +0100</pubDate>

                                                            <media:content url="https://i.f1g.fr/media/cms/3000x2090_crop/2025/02/10/8dd2e4a2f1a3c62b26d7b645239238f8fbbd79b39c1ff2c706a46744b2649ccd.jpg" width="3000" height="2090">
                            <media:description type="plain">Giovanni Mpetshi Perricard ne sera pas à Marseille.</media:description>
                            <media:credit>Benoit Tessier / REUTERS</media:credit>
                        </media:content>
                                                </item>
                    <item>
                <guid>https://www.lefigaro.fr/sports/tennis/tennis-novak-djokovic-assure-etre-gueri-a-quasiment-100-20250210</guid>
                <title>Tennis : Novak Djokovic assure être guéri à «quasiment 100%»</title>
                                <link>https://www.lefigaro.fr/sports/tennis/tennis-novak-djokovic-assure-etre-gueri-a-quasiment-100-20250210</link>
                                    <description>Le Serbe a donné de ses nouvelles sur le plan médical en vue du tournoi à Doha auquel il prendra part dans une semaine.</description>
                                <category>Tennis</category>
                <pubDate>Mon, 10 Feb 2025 12:45:24 +0100</pubDate>

                                                            <media:content url="https://i.f1g.fr/media/cms/3000x2151_crop/2025/02/10/f3f5ac948e8441a48c9e39be0331859c13180ef1c42eb2279cf697b2feee245d.jpg" width="3000" height="2151">
                            <media:description type="plain">Novak Djokovic</media:description>
                            <media:credit>Edgar Su / REUTERS</media:credit>
                        </media:content>
                                                </item>
                    <item>
                <guid>https://www.lefigaro.fr/sports/boxe/boxe-la-federation-internationale-porte-plainte-contre-le-cio-au-sujet-d-imane-khelif-et-de-lin-yu-ting-20250210</guid>
                <title>Boxe : la Fédération internationale porte plainte contre le CIO au sujet d’Imane Khelif et de Lin Yu-Ting</title>
                                <link>https://www.lefigaro.fr/sports/boxe/boxe-la-federation-internationale-porte-plainte-contre-le-cio-au-sujet-d-imane-khelif-et-de-lin-yu-ting-20250210</link>
                                    <description>Exclue du mouvement olympique, l’IBA continue de contester le droit octroyé aux deux boxeuses à concourir chez les femmes lors des JO 2024.</description>
                                <category>Boxe</category>
                <pubDate>Mon, 10 Feb 2025 13:15:32 +0100</pubDate>

                                                            <media:content url="https://i.f1g.fr/media/cms/orig/2025/02/10/d42147965b5161120e73aeba87443bbd7f5afa60238a8e374b794074e23d429f.jpg" width="3000" height="2001">
                            <media:description type="plain">Imane Khelif</media:description>
                            <media:credit>KARIM JAAFAR / AFP</media:credit>
                        </media:content>
                                                </item>
                    <item>
                <guid>https://www.lefigaro.fr/sports/basket/basket-fournier-et-hoard-forfaits-pour-les-derniers-matches-de-qualification-a-l-euro-2025-luwawu-cabarot-et-cornelie-appeles-20250210</guid>
                <title>Basket : Fournier et Hoard forfaits pour les derniers matches de qualification à l’Euro 2025, Luwawu-Cabarot et Cornelie appelés</title>
                                <link>https://www.lefigaro.fr/sports/basket/basket-fournier-et-hoard-forfaits-pour-les-derniers-matches-de-qualification-a-l-euro-2025-luwawu-cabarot-et-cornelie-appeles-20250210</link>
                                    <description>L’équipe de France joue ses deux derniers matches de qualification à l’Euro 2025 les 21 et 24 février, en Croatie et en Bosnie-Herzégovine.</description>
                                <category>Basket</category>
                <pubDate>Mon, 10 Feb 2025 11:14:11 +0100</pubDate>

                                                            <media:content url="https://i.f1g.fr/media/cms/3000x2000_crop/2025/02/10/0bcaf904799b2aed572f36809b34f52131f834b4a1f1377fd27a5e5be80a0ec3.jpg" width="3000" height="2000">
                            <media:description type="plain">Evan Fournier.</media:description>
                            <media:credit>ARIS MESSINIS / AFP</media:credit>
                        </media:content>
                                                </item>
                    <item>
                <guid>https://www.lefigaro.fr/sports/autres-sports/super-bowl-un-drapeau-palestinien-brandit-durant-le-traditionnel-show-de-la-mi-temps-20250210</guid>
                <title>Super Bowl : un drapeau palestinien brandi durant le traditionnel show de la mi-temps</title>
                                <link>https://www.lefigaro.fr/sports/autres-sports/super-bowl-un-drapeau-palestinien-brandit-durant-le-traditionnel-show-de-la-mi-temps-20250210</link>
                                    <description>LE SCAN SPORT - En marge du concert du rappeur américain Kendrick Lamar, un figurant du spectacle a affiché un drapeau palestinien, avant d’être arrêté puis évacué.</description>
                                <category>Autres Sports</category>
                <pubDate>Mon, 10 Feb 2025 11:30:40 +0100</pubDate>

                                                            <media:content url="https://i.f1g.fr/media/cms/orig/2025/02/10/f94f3ae3b0273fbde02dd8e1f4201ca14453ecf682518a85fb94465ea15f7833.png" width="1915" height="1019">
                            <media:description type="plain">Le drapeau brandi.</media:description>
                            <media:credit>Capture d&#039;écran X</media:credit>
                        </media:content>
                                                </item>
                    <item>
                <guid>https://www.lefigaro.fr/sports/autres-sports/ski-alpin-shiffrin-au-depart-du-combine-a-saalbach-impasse-sur-le-geant-20250210</guid>
                <title>Ski alpin : Shiffrin au départ du combiné à Saalbach, impasse sur le géant</title>
                                <link>https://www.lefigaro.fr/sports/autres-sports/ski-alpin-shiffrin-au-depart-du-combine-a-saalbach-impasse-sur-le-geant-20250210</link>
                                    <description>L’Américaine a annoncé qu’elle ne participerait pas au slalom géant des mondiaux de ski qui se tiennent jeudi à Saalbach.</description>
                                <category>Autres Sports</category>
                <pubDate>Mon, 10 Feb 2025 10:01:59 +0100</pubDate>

                                                            <media:content url="https://i.f1g.fr/media/cms/3000x2005_crop/2025/02/10/78231ed3b8c9c8213503fd46f4c3ac9be93e66d03415b152b4fe582c654a4f29.jpg" width="3000" height="2005">
                            <media:description type="plain">Mikaela Shiffrin.</media:description>
                            <media:credit>Christian Hartmann / REUTERS</media:credit>
                        </media:content>
                                                </item>
                    <item>
                <guid>https://www.lefigaro.fr/sports/tennis/tennis-la-fantastique-remontada-de-belinda-bencic-au-classement-20250210</guid>
                <title>Tennis : la fantastique remontada de Belinda Bencic au classement</title>
                                <link>https://www.lefigaro.fr/sports/tennis/tennis-la-fantastique-remontada-de-belinda-bencic-au-classement-20250210</link>
                                    <description>Grâce à son titre à Abou Dhabi, la Suissesse progresse de 92 places dans la hiérarchie mondiale.</description>
                                <category>Tennis</category>
                <pubDate>Mon, 10 Feb 2025 09:50:51 +0100</pubDate>

                                                            <media:content url="https://i.f1g.fr/media/cms/2960x1968_crop/2025/02/10/2e4eb91f38d905dfe9df1ce238879910890419249c393e8f77e2a6c43b9c50c2.jpg" width="2960" height="1968">
                            <media:description type="plain">Belinda Bencic</media:description>
                            <media:credit>Amr Alfiky / REUTERS</media:credit>
                        </media:content>
                                                </item>
                    <item>
                <guid>https://www.lefigaro.fr/sports/tennis/tennis-alex-de-minaur-frappe-de-nouveau-a-la-porte-du-top-5-20250210</guid>
                <title>Tennis : Alex De Minaur frappe de nouveau à la porte du top 5</title>
                                <link>https://www.lefigaro.fr/sports/tennis/tennis-alex-de-minaur-frappe-de-nouveau-a-la-porte-du-top-5-20250210</link>
                                    <description>Grâce à sa finale à Rotterdam, perdue face à Carlos Alcaraz, l’Australien remonte au 6e rang mondial.</description>
                                <category>Tennis</category>
                <pubDate>Mon, 10 Feb 2025 09:47:32 +0100</pubDate>

                                                            <media:content url="https://i.f1g.fr/media/cms/2300x1545_crop/2025/02/10/b52057018eec06ef277a543fb3a73e980f0c961b4a25a6870284417f76a019ee.jpg" width="2300" height="1545">
                            <media:description type="plain">Alex De Minaur</media:description>
                            <media:credit>Piroschka Van De Wouw / REUTERS</media:credit>
                        </media:content>
                                                </item>
                    <item>
                <guid>https://www.lefigaro.fr/culture/le-monde-est-en-train-de-guerir-donald-trump-jubile-apres-les-huees-envers-taylor-swift-lors-du-super-bowl-20250210</guid>
                <title>Super Bowl : « Le monde est en train de guérir », jubile Donald Trump après les huées envers Taylor Swift</title>
                                <link>https://www.lefigaro.fr/culture/le-monde-est-en-train-de-guerir-donald-trump-jubile-apres-les-huees-envers-taylor-swift-lors-du-super-bowl-20250210</link>
                                    <description>La pop star, en couple avec un des joueurs vedettes de Kansas City, a été sifflée par le public lorsqu’elle est apparue sur l’écran géant du stade. Un symbole pour le 47e président des États-Unis.</description>
                                <category>Culture</category>
                <pubDate>Mon, 10 Feb 2025 10:26:40 +0100</pubDate>

                                                            <media:content url="https://i.f1g.fr/media/cms/orig/2025/02/10/d5742291f5b1e6b21a5eba1ce0bbe7008301b3a645cf468a82584813cacd707d.jpg" width="1920" height="1080">
                            <media:description type="plain">En 2024, Taylor Swift s’est impliquée dans la campagne électorale américaine en soutenant la démocrate Kamala Harris.</media:description>
                            <media:credit>Getty Images via AFP / GREGORY SHAMUS / Getty Images via AFP / JAMIE SQUIRE</media:credit>
                        </media:content>
                                                </item>
                    <item>
                <guid>https://www.lefigaro.fr/sports/football/ligue-1/des-grands-discours-neal-maupay-se-moque-d-angers-sur-les-reseaux-sociaux-apres-la-victoire-marseillaise-20250210</guid>
                <title>«Des grands discours» : Neal Maupay se moque d’Angers sur les réseaux sociaux après la victoire marseillaise</title>
                                <link>https://www.lefigaro.fr/sports/football/ligue-1/des-grands-discours-neal-maupay-se-moque-d-angers-sur-les-reseaux-sociaux-apres-la-victoire-marseillaise-20250210</link>
                                    <description>LE SCAN SPORT - Ce dimanche soir dans une story Instagram, l’attaquant marseillais a charrié Jean-Jacques Batoum, préparateur physique du SCO, et son discours d’avant-match.</description>
                                <category>Ligue 1</category>
                <pubDate>Mon, 10 Feb 2025 09:02:36 +0100</pubDate>

                                                            <media:content url="https://i.f1g.fr/media/cms/3000x2000_crop/2025/02/10/40c6e62d8980d4e926425ce57766190bd9a2d341e5ebd1fd44bbddd0fa378c32.jpg" width="3000" height="2000">
                            <media:description type="plain">Neal Maupay, ici à gauche.</media:description>
                            <media:credit>JEAN-FRANCOIS MONIER / AFP</media:credit>
                        </media:content>
                                                </item>
                    <item>
                <guid>https://www.lefigaro.fr/sports/football/jaloux-de-mbappe-refus-de-prolonger-cicatrice-du-ballon-d-or-entre-vinicius-et-le-real-madrid-le-torchon-brule-20250210</guid>
                <title>Jaloux de Mbappé, refus de prolonger, cicatrice du Ballon d’Or... Entre Vinicius et le Real Madrid, le torchon brûle</title>
                                <link>https://www.lefigaro.fr/sports/football/jaloux-de-mbappe-refus-de-prolonger-cicatrice-du-ballon-d-or-entre-vinicius-et-le-real-madrid-le-torchon-brule-20250210</link>
                                    <description>DÉCRYPTAGE - Depuis de nombreuses semaines, Vinicius Jr n’est plus que l’ombre de lui-même au Real Madrid. Selon la presse espagnole, un véritable malaise serait même présent entre la star brésilienne et la Maison Blanche.</description>
                                <category>Football</category>
                <pubDate>Mon, 10 Feb 2025 11:23:42 +0100</pubDate>

                                                            <media:content url="https://i.f1g.fr/media/cms/orig/2025/02/10/5c3761e45529c2eddd9755548aff4c085cad2f50cc4512a5bb40fe41aca92444.jpg" width="3000" height="2045">
                            <media:description type="plain">Vinicius Jr arriverait-il au bout de son histoire avec le Real Madrid ?</media:description>
                            <media:credit>PIERRE-PHILIPPE MARCOU / AFP</media:credit>
                        </media:content>
                                                </item>
                    <item>
                <guid>https://www.lefigaro.fr/culture/kendrick-lamar-au-super-bowl-le-quart-d-heure-de-gloire-de-la-culture-hip-hop-americaine-20250210</guid>
                <title>Super Bowl : entre classiques du rap et attaques contre Drake, Kendric Lamar interprète une ode au hip-hop américain</title>
                                <link>https://www.lefigaro.fr/culture/kendrick-lamar-au-super-bowl-le-quart-d-heure-de-gloire-de-la-culture-hip-hop-americaine-20250210</link>
                                    <description>Lors de son show à la mi-temps de la finale du championnat de football américain, le rappeur de 37 ans n’a pas manqué d’interpréter son morceau rempli de haine pour son rival Drake.</description>
                                <category>Culture</category>
                <pubDate>Mon, 10 Feb 2025 10:53:42 +0100</pubDate>

                                                            <media:content url="https://i.f1g.fr/media/cms/orig/2025/02/10/bddac680127d3dd15c23b07bc1ee37c603b16e7edd86877a7d6f2fe0010381a6.jpg" width="3000" height="1687">
                            <media:description type="plain">Kendrick Lamar est devenu dimanche soir le premier artiste de hip-hop à assurer en solo l’incontournable concert de la mi-temps du Super Bowl.</media:description>
                            <media:credit>EMILEE CHINN / Getty Images via AFP</media:credit>
                        </media:content>
                                                </item>
                    <item>
                <guid>https://www.lefigaro.fr/sports/autres-sports/une-performance-unique-un-jogger-parcourt-55-km-dans-paris-pour-tracer-la-tour-eiffel-20250210</guid>
                <title>«Une performance unique» : un jogger parcourt 55 km dans Paris pour tracer la Tour Eiffel</title>
                                <link>https://www.lefigaro.fr/sports/autres-sports/une-performance-unique-un-jogger-parcourt-55-km-dans-paris-pour-tracer-la-tour-eiffel-20250210</link>
                                    <description>LE SCAN SPORT - En utilisant l’application Strava, Guillaume Lazert, adepte de l’art du GPS drawing, a parcouru 55 km pour tracer la Tour Eiffel en plein cœur de Paris.</description>
                                <category>Autres Sports</category>
                <pubDate>Mon, 10 Feb 2025 08:33:05 +0100</pubDate>

                                                            <media:content url="https://i.f1g.fr/media/cms/369x365_crop/2025/02/10/37f57f6a923cbeaca3e6bfc8342cf53498fa87a53956436d79abdfb6d7052295.png" width="369" height="365">
                            <media:description type="plain">Guillaume Lazert, ici en bas à droite.</media:description>
                            <media:credit>Guillaume Lazert</media:credit>
                        </media:content>
                                                </item>
                    <item>
                <guid>https://www.lefigaro.fr/sports/tennis/tennis-rome-roland-garros-us-open-les-5-plus-grands-matches-de-la-carriere-de-diego-schwartzman-20250210</guid>
                <title>Tennis : Rome, Roland-Garros, US Open... Les 5 plus grands matches de la carrière de Diego Schwartzman</title>
                                <link>https://www.lefigaro.fr/sports/tennis/tennis-rome-roland-garros-us-open-les-5-plus-grands-matches-de-la-carriere-de-diego-schwartzman-20250210</link>
                                    <description>Ancien demi-finaliste à Roland-Garros et membre du top 10, Diego Schwartzman s’apprête à mettre un terme à sa carrière cette semaine dans «son» tournoi de Buenos Aires. Voici les 5 plus grands matches de sa carrière.</description>
                                <category>Tennis</category>
                <pubDate>Mon, 10 Feb 2025 08:16:10 +0100</pubDate>

                                                            <media:content url="https://i.f1g.fr/media/cms/3000x2000_crop/2025/02/08/0f4b7dfc7862f33dc769d07f6583b3061f5aaf9ed59b062709042a0c7ceb8fa8.jpg" width="3000" height="2000">
                            <media:description type="plain">Diego Schwartzman va mettre un terme à sa carrière lors du tournoi de Buenos Aires. </media:description>
                            <media:credit>MATTHEW STOCKMAN / Getty Images via AFP</media:credit>
                        </media:content>
                                                </item>
                    <item>
                <guid>https://www.lefigaro.fr/sports/autres-sports/nfl-avec-la-maniere-philadelphie-remporte-le-super-bowl-et-prive-kansas-city-d-un-record-historique-20250210</guid>
                <title>NFL : avec la manière, Philadelphie remporte le Super Bowl et prive Kansas City d’un record historique</title>
                                <link>https://www.lefigaro.fr/sports/autres-sports/nfl-avec-la-maniere-philadelphie-remporte-le-super-bowl-et-prive-kansas-city-d-un-record-historique-20250210</link>
                                    <description>Sous les yeux de Donald Trump, les Eagles ont nettement dominé les Chiefs de Patrick Mahomes (40-22), privant ces derniers d’un triplé inédit.</description>
                                <category>Autres Sports</category>
                <pubDate>Mon, 10 Feb 2025 08:48:01 +0100</pubDate>

                                                            <media:content url="https://i.f1g.fr/media/cms/orig/2025/02/10/bcda5f7f0dbe583485d4c8ba580f09ff477756373594fb6fed8a7cd985c63cd0.jpg" width="3000" height="2000">
                            <media:description type="plain">Le quarterback des Philadelphia Eagles, Jalen Hurts</media:description>
                            <media:credit>Geoff Burke / REUTERS</media:credit>
                        </media:content>
                                                </item>
                    <item>
                <guid>https://www.lefigaro.fr/sports/football/ligue-1/classement-ligue-1-paris-leader-intouchable-marseille-solide-dauphin-nice-sur-le-podium-20250210</guid>
                <title>Classement Ligue 1 : Paris leader intouchable, Marseille solide dauphin, Nice sur le podium</title>
                                <link>https://www.lefigaro.fr/sports/football/ligue-1/classement-ligue-1-paris-leader-intouchable-marseille-solide-dauphin-nice-sur-le-podium-20250210</link>
                                    <description>Le PSG toujours en tête, Marseille solide deuxième, Montpellier retrouve les abysses, Monaco doublé par Nice... retrouvez le classement de la Ligue 1 après 21 journées.</description>
                                <category>Ligue 1</category>
                <pubDate>Mon, 10 Feb 2025 08:00:00 +0100</pubDate>

                                                            <media:content url="https://i.f1g.fr/media/cms/1700x1216_crop/2025/02/09/70fce5f8307b23d2d6b4c6586dda7c9b4aae22f12c3bc5d0821fff4be86f1b01.jpg" width="1700" height="1216">
                            <media:description type="plain">Kvaratskhelia a ouvert son compteur but avec le PSG. </media:description>
                            <media:credit>Gonzalo Fuentes / REUTERS</media:credit>
                        </media:content>
                                                </item>
                    <item>
                <guid>https://www.lefigaro.fr/sports/tennis/tennis-football-taille-retraite-5-choses-a-savoir-sur-diego-schwartzman-20250210</guid>
                <title>Tennis : football, taille, retraite… 5 choses à savoir sur Diego Schwartzman</title>
                                <link>https://www.lefigaro.fr/sports/tennis/tennis-football-taille-retraite-5-choses-a-savoir-sur-diego-schwartzman-20250210</link>
                                    <description>À 32 ans, l’ancien numéro un argentin Schwartzman va dire adieu au tennis cette semaine à domicile à Buenos Aires.</description>
                                <category>Tennis</category>
                <pubDate>Mon, 10 Feb 2025 13:01:32 +0100</pubDate>

                                                            <media:content url="https://i.f1g.fr/media/cms/3000x2022_crop/2025/02/07/1cb10a903919103615f2059cd3d83cd320abf7aaefdb466c15467a0bb89b8366.jpg" width="3000" height="2022">
                            <media:description type="plain">Diego Schwartzman</media:description>
                            <media:credit>ALFREDO ESTRELLA / AFP</media:credit>
                        </media:content>
                                                </item>
                    <item>
                <guid>https://www.lefigaro.fr/sports/coup-d-envoi-du-super-bowl-kansas-city-affronte-philadelphie-20250210</guid>
                <title>Super Bowl : Trump, Lamar, show... Les images marquantes de la finale remportée par les Philadelphie Eagles</title>
                                <link>https://www.lefigaro.fr/sports/coup-d-envoi-du-super-bowl-kansas-city-affronte-philadelphie-20250210</link>
                                    <description>EN IMAGES - La franchise de Pennsylvanie a largement dominé Kansas City (40-22) grâce à une défense asphyxiante.</description>
                                <category>Sports</category>
                <pubDate>Mon, 10 Feb 2025 09:18:18 +0100</pubDate>

                            </item>
                    <item>
                <guid>https://www.lefigaro.fr/sports/football/ligue-1/angers-marseille-on-a-vraiment-joue-comme-une-grande-equipe-savoure-de-zerbi-20250210</guid>
                <title>Ligue 1 : «On a vraiment joué comme une grande équipe», savoure Roberto De Zerbi</title>
                                <link>https://www.lefigaro.fr/sports/football/ligue-1/angers-marseille-on-a-vraiment-joue-comme-une-grande-equipe-savoure-de-zerbi-20250210</link>
                                    <description>L’entraîneur de Marseille s’est satisfait de la victoire des siens ce dimanche soir à Angers (0-2) et souligne la performance de son équipe.</description>
                                <category>Ligue 1</category>
                <pubDate>Mon, 10 Feb 2025 08:20:27 +0100</pubDate>

                                                            <media:content url="https://i.f1g.fr/media/cms/1347x860_crop/2025/02/10/269c997df8b5bdd07ab98c9a6e03b7977f0e6b55552313d83af7a1622427ec26.jpg" width="1347" height="860">
                            <media:description type="plain">De Zerbi veut «regarder plus haut». </media:description>
                            <media:credit>Manon Cruz / REUTERS</media:credit>
                        </media:content>
                                                </item>
            </channel>
</rss>
