<?xml version="1.0" encoding="UTF-8"?>
<rss version="2.0" xmlns:atom="http://www.w3.org/2005/Atom" xmlns:media="http://search.yahoo.com/mrss/">
    <channel>
        <atom:link href="https://www.lefigaro.fr/rss/figaro_football-transfert.xml" rel="self" type="application/rss+xml"/>
        <category>Transferts</category>
        <title>Le Figaro - Foot Mercato : Info et rumeurs sur les transferts de foot</title>
        <description>Le Figaro - Foot Mercato : Info et rumeurs sur les transferts de foot</description>
        <link>https://www.lefigaro.fr/sports/football/transferts</link>
        <language>fr</language>
        <copyright>Droits de reproduction et de diffusion réservés LeFigaro.fr</copyright>
        <lastBuildDate>Mon, 10 Feb 2025 13:33:02 +0100</lastBuildDate>
        <docs>https://www.lefigaro.fr/rss</docs>
        <image>
            <title>Le Figaro - Foot Mercato : Info et rumeurs sur les transferts de foot</title>
            <url>https://static.lefigaro.fr/common/logos/logo-150x150.png</url>
            <link>https://www.lefigaro.fr/sports/football/transferts</link>
            <description>Le Figaro - Foot Mercato : Info et rumeurs sur les transferts de foot</description>
        </image>

                    <item>
                <guid>https://www.lefigaro.fr/sports/football/transferts/psg-trois-titis-remplient-au-psg-officiel-20250207</guid>
                <title>PSG : Luis Enrique, Hakimi, Vitinha… Pluie de prolongations à Paris</title>
                                <link>https://www.lefigaro.fr/sports/football/transferts/psg-trois-titis-remplient-au-psg-officiel-20250207</link>
                                    <description>Le Paris Saint-Germain a officialisé plusieurs prolongations ce vendredi, au Parc des Princes, avant le choc de la 21e journée de L1 contre Monaco, dont celle de son entraîneur.</description>
                                <category>Transferts</category>
                <pubDate>Sat, 08 Feb 2025 16:36:15 +0100</pubDate>

                                                            <media:content url="https://i.f1g.fr/media/cms/3000x2037_crop/2025/02/08/13d3b4d51623edc76b8b47b59c0ae6834f18daa589d77e03d5bf2a1f54df1433.jpg" width="3000" height="2037">
                            <media:description type="plain">Luis Enrique et trois de ses joueurs ont officiellement prolongé.</media:description>
                            <media:credit>Gonzalo Fuentes / REUTERS</media:credit>
                        </media:content>
                                                </item>
                    <item>
                <guid>https://www.lefigaro.fr/sports/football/transferts/foot-pas-d-arabie-saoudite-ou-de-qatar-l-etonnant-rebond-de-sergio-ramos-20250207</guid>
                <title>Foot: pas d’Arabie saoudite ou de Qatar... L’étonnant rebond de Sergio Ramos</title>
                                <link>https://www.lefigaro.fr/sports/football/transferts/foot-pas-d-arabie-saoudite-ou-de-qatar-l-etonnant-rebond-de-sergio-ramos-20250207</link>
                                    <description>L’ancienne star du Real Madrid, ou encore joueur du Paris SG, s’est engagé avec les Rayados de Monterrey.</description>
                                <category>Transferts</category>
                <pubDate>Fri, 07 Feb 2025 09:55:47 +0100</pubDate>

                                                            <media:content url="https://i.f1g.fr/media/cms/3000x2000_crop/2025/02/07/3896e467e80076a40d290ac36ea891d59af117e3b05d76aa738ba32e0804ae39.jpg" width="3000" height="2000">
                            <media:description type="plain">Sergio Ramos </media:description>
                            <media:credit>Handout / REUTERS</media:credit>
                        </media:content>
                                                </item>
                    <item>
                <guid>https://www.lefigaro.fr/sports/football/transferts/mercato-kvara-bennacer-biereth-les-10-recrues-hivernales-pretes-a-enflammer-la-ligue-1-20250207</guid>
                <title>Mercato : «Kvara», Bennacer, Biereth... Les 10 recrues hivernales prêtes à enflammer la Ligue 1</title>
                                <link>https://www.lefigaro.fr/sports/football/transferts/mercato-kvara-bennacer-biereth-les-10-recrues-hivernales-pretes-a-enflammer-la-ligue-1-20250207</link>
                                    <description>Les clubs de Ligue 1 ont été actifs sur le marché des transferts hivernal, attirant de belles recrues.</description>
                                <category>Transferts</category>
                <pubDate>Fri, 07 Feb 2025 16:53:15 +0100</pubDate>

                            </item>
                    <item>
                <guid>https://www.lefigaro.fr/sports/football/transferts/psg-pas-victime-de-chantage-mais-presque-le-directeur-sportif-de-naples-revient-sur-le-depart-de-kvaratskhelia-20250205</guid>
                <title>PSG : «Pas victimes de chantage, mais presque», le directeur sportif de Naples revient sur le départ de Kvaratskhelia</title>
                                <link>https://www.lefigaro.fr/sports/football/transferts/psg-pas-victime-de-chantage-mais-presque-le-directeur-sportif-de-naples-revient-sur-le-depart-de-kvaratskhelia-20250205</link>
                                    <description>Directeur sportif du Napoli, Giovanni Manna s’est exprimé au sujet du transfert de Khvicha Kvaratskhelia au PSG durant le mercato du mois de janvier.</description>
                                <category>Transferts</category>
                <pubDate>Wed, 05 Feb 2025 15:17:32 +0100</pubDate>

                                                            <media:content url="https://i.f1g.fr/media/cms/3000x2033_crop/2025/02/05/b6ab62430438bb8dc13c339f155c59dad9772da4d270add7ba0236aa1c58c32f.jpg" width="3000" height="2033">
                            <media:description type="plain">Khvicha Kvaratskhelia a rejoint le PSG pour 70 M€ hors bonus cet hiver.</media:description>
                            <media:credit>Stephane Mahe / REUTERS</media:credit>
                        </media:content>
                                                </item>
                    <item>
                <guid>https://www.lefigaro.fr/sports/football/transferts/mercato-dans-les-petits-papiers-du-real-madrid-alphonso-davies-prolonge-finalement-au-bayern-20250204</guid>
                <title>Mercato : dans les petits papiers du Real Madrid, Alphonso Davies prolonge finalement au Bayern</title>
                                <link>https://www.lefigaro.fr/sports/football/transferts/mercato-dans-les-petits-papiers-du-real-madrid-alphonso-davies-prolonge-finalement-au-bayern-20250204</link>
                                    <description>Le latéral gauche canadien est désormais lié au club bavarois jusqu’en juin 2030.</description>
                                <category>Transferts</category>
                <pubDate>Tue, 04 Feb 2025 19:49:42 +0100</pubDate>

                                                            <media:content url="https://i.f1g.fr/media/cms/2323x1307_crop/2025/02/04/d01fba88cf55942ba24ab461fd4c4e0c3f7f0d70172529a50cd63295da284163.jpg" width="2323" height="1307">
                            <media:description type="plain">Alphonso Davies rempile à Munich. </media:description>
                            <media:credit>Angelika Warmuth / REUTERS</media:credit>
                        </media:content>
                                                </item>
                    <item>
                <guid>https://www.lefigaro.fr/sports/football/transferts/om-one-two-three-viva-l-algerie-en-video-la-recrue-ismael-bennacer-accueillie-par-une-foule-de-supporters-a-l-aeroport-20250204</guid>
                <title>OM : «One, two, three, viva l’Algérie !», en vidéo, la recrue Ismaël Bennacer accueillie par une foule de supporters à l’aéroport</title>
                                <link>https://www.lefigaro.fr/sports/football/transferts/om-one-two-three-viva-l-algerie-en-video-la-recrue-ismael-bennacer-accueillie-par-une-foule-de-supporters-a-l-aeroport-20250204</link>
                                    <description>De très nombreux supporters marseillais, notamment issus de la communauté algérienne, ont fait le déplacement ce mardi pour accueillir l’ancien joueur de l’AC Milan dans la cité phocéenne.</description>
                                <category>Transferts</category>
                <pubDate>Tue, 04 Feb 2025 18:48:48 +0100</pubDate>

                                                            <media:content url="https://i.f1g.fr/media/cms/1207x679_crop/2025/02/04/793abb296cfe6738a874d68207be047135b5a885537a946238b09fb51d2416a4.png" width="1207" height="679">
                            <media:description type="plain">Ismaël Bennacer prend la pose à l’aéroport avec Fabrizio Ravanelli.</media:description>
                            <media:credit>Capture d&#039;écran BFM Marseille. </media:credit>
                        </media:content>
                                                </item>
                    <item>
                <guid>https://www.lefigaro.fr/sports/football/transferts/mercato-la-pepite-de-l-asse-amougou-officiellement-transferee-a-chelsea-20250204</guid>
                <title>Mercato : la pépite de l’ASSE Amougou officiellement transférée à Chelsea</title>
                                <link>https://www.lefigaro.fr/sports/football/transferts/mercato-la-pepite-de-l-asse-amougou-officiellement-transferee-a-chelsea-20250204</link>
                                    <description>Le milieu de terrain français, 19 ans, rejoint les Blues contre un chèque annoncé à 15 millions d’euros.</description>
                                <category>Transferts</category>
                <pubDate>Tue, 04 Feb 2025 18:03:58 +0100</pubDate>

                                                            <media:content url="https://i.f1g.fr/media/cms/2945x1656_crop/2025/02/04/2f9986c6d00340822b2e6e748907d3654e1bc45581695219e451207d549a5c4a.jpg" width="2945" height="1656">
                            <media:description type="plain">Mathis Amougou ici face à Monaco.</media:description>
                            <media:credit>VALERY HACHE / AFP</media:credit>
                        </media:content>
                                                </item>
                    <item>
                <guid>https://www.lefigaro.fr/sports/football/angleterre/premier-league-le-mercato-d-hiver-n-etait-pas-ideal-reconnait-l-entraineur-de-newcastle-20250204</guid>
                <title>Premier League : le mercato d’hiver n’était «pas idéal», reconnaît l’entraîneur de Newcastle</title>
                                <link>https://www.lefigaro.fr/sports/football/angleterre/premier-league-le-mercato-d-hiver-n-etait-pas-ideal-reconnait-l-entraineur-de-newcastle-20250204</link>
                                    <description>Eddie Howe, entraîneur de Newcastle qui lutte en Premier League pour une future place en Ligue des champions, a tenté de positiver à la sortie d’un mercato hivernal difficile.</description>
                                <category>Angleterre</category>
                <pubDate>Tue, 04 Feb 2025 17:34:19 +0100</pubDate>

                                                            <media:content url="https://i.f1g.fr/media/cms/2848x1602_crop/2025/02/04/fc27230c7eb0853665117ecea2ed26f4ad2be4882546797ed570a6f0dbd0abf3.jpg" width="2848" height="1602">
                            <media:description type="plain">Eddie Howe, entraîneur de Newcastle, 6e de Premier League.</media:description>
                            <media:credit>Lee Smith / REUTERS</media:credit>
                        </media:content>
                                                </item>
                    <item>
                <guid>https://www.lefigaro.fr/sports/football/transferts/les-plus-depensiers-les-plus-discrets-les-transferts-marquants-5-questions-sur-le-mercato-hivernal-20250204</guid>
                <title>Les clubs les plus dépensiers/discrets, les transferts marquants, les stars (encore) retoquées... 5 questions sur le mercato hivernal</title>
                                <link>https://www.lefigaro.fr/sports/football/transferts/les-plus-depensiers-les-plus-discrets-les-transferts-marquants-5-questions-sur-le-mercato-hivernal-20250204</link>
                                    <description>Plus d’un milliard d’euros ont été dépensés par des clubs de football cet hiver. Qui a le plus recruté en France ? Quelles stars sont restées à quai ? Décryptage des points essentiels.</description>
                                <category>Transferts</category>
                <pubDate>Tue, 04 Feb 2025 12:49:21 +0100</pubDate>

                                                            <media:content url="https://i.f1g.fr/media/cms/2847x1601_crop/2025/02/04/02af3d9d769aa5f02411aebaea569b7dfb82e40d6da565b4cef63cf675d4d160.jpg" width="2847" height="1601">
                            <media:description type="plain">Neymar (à droite) avec le président de Santos, Marcelo Teixeira.</media:description>
                            <media:credit>Carla Carniel / REUTERS</media:credit>
                        </media:content>
                                                </item>
                    <item>
                <guid>https://www.lefigaro.fr/sports/football/transferts/kvara-au-psg-manchester-city-casse-sa-tirelire-folies-de-l-arabie-saoudite-les-dix-plus-gros-transferts-du-mercato-hivernal-20250204</guid>
                <title>«Kvara» au PSG, Manchester City casse sa tirelire, folies de l’Arabie saoudite... En images, les dix plus gros transferts du mercato</title>
                                <link>https://www.lefigaro.fr/sports/football/transferts/kvara-au-psg-manchester-city-casse-sa-tirelire-folies-de-l-arabie-saoudite-les-dix-plus-gros-transferts-du-mercato-hivernal-20250204</link>
                                    <description>DIAPORAMA - Le marché hivernal des transferts s’est refermé ce lundi soir dans les principaux championnats européens. Kvaratskhelia, Marmoush, Duran... Découvrez les dix plus importantes transactions réalisées depuis le 1er janvier.</description>
                                <category>Transferts</category>
                <pubDate>Tue, 04 Feb 2025 10:20:25 +0100</pubDate>

                            </item>
                    <item>
                <guid>https://www.lefigaro.fr/sports/football/transferts/mercato-l-om-arrache-bennacer-a-l-ac-milan-sur-le-gong-20250204</guid>
                <title>Mercato : l'OM arrache Bennacer à l’AC Milan sur le gong</title>
                                <link>https://www.lefigaro.fr/sports/football/transferts/mercato-l-om-arrache-bennacer-a-l-ac-milan-sur-le-gong-20250204</link>
                                    <description>L’Olympique de Marseille a officialisé l’arrivée du milieu international algérien, sa quatrième recrue de l’hiver, une fois la «deadline» du mercato dépassée.</description>
                                <category>Transferts</category>
                <pubDate>Tue, 04 Feb 2025 00:09:48 +0100</pubDate>

                                                            <media:content url="https://i.f1g.fr/media/cms/2923x1644_crop/2025/02/04/4ea9f00c5cbb62822599d9c1948ed860e6a2fca552fa7100efae65e4f6407270.jpg" width="2923" height="1644">
                            <media:description type="plain">Ismaël Bennacer face à l’Inter Milan dimanche. </media:description>
                            <media:credit>PIERO CRUCIATTI / AFP</media:credit>
                        </media:content>
                                                </item>
                    <item>
                <guid>https://www.lefigaro.fr/sports/football/transferts/l-om-s-offre-bennacer-le-psg-degraisse-rennes-hyperactif-le-bilan-d-une-folle-derniere-journee-de-mercato-hivernal-20250203</guid>
                <title>L’OM s’offre Bennacer, le PSG dégraisse, Rennes hyperactif... Le bilan d’une folle dernière journée de mercato hivernal</title>
                                <link>https://www.lefigaro.fr/sports/football/transferts/l-om-s-offre-bennacer-le-psg-degraisse-rennes-hyperactif-le-bilan-d-une-folle-derniere-journee-de-mercato-hivernal-20250203</link>
                                    <description>Le marché hivernal des transferts s’est achevé ce lundi soir en France et dans les principaux championnats européens. Retour sur les informations clés des dernières 24 heures.</description>
                                <category>Transferts</category>
                <pubDate>Tue, 04 Feb 2025 10:23:17 +0100</pubDate>

                                                            <media:content url="https://i.f1g.fr/media/cms/1920x1080_crop/2025/02/03/42c319ebd3a18f39f655acc243e290881f90ce8003f21acc1c79883cc6eb8eea.jpg" width="1920" height="1080">
                            <media:description type="plain">Ismaël Bennacer, Marco Asensio et Mousa Al-Tamari ont animé les dernières heures du mercato hivernal. </media:description>
                            <media:credit>Getty Images via AFP / SCOTT TAETSCH / AFP / FRANCK FIFE / AFP / FRANCOIS NASCIMBENI</media:credit>
                        </media:content>
                                                </item>
                    <item>
                <guid>https://www.lefigaro.fr/sports/football/transferts/mercato-paul-pogba-a-l-om-le-president-pablo-longoria-enterre-la-rumeur-20250203</guid>
                <title>Mercato : Paul Pogba à l’OM ? Le président Pablo Longoria enterre la rumeur</title>
                                <link>https://www.lefigaro.fr/sports/football/transferts/mercato-paul-pogba-a-l-om-le-president-pablo-longoria-enterre-la-rumeur-20250203</link>
                                    <description>Invité de l’After Foot sur RMC en ce dernier jour de mercato hivernal, le président de l’Olympique de Marseille a dévoilé les raisons qui poussent le club à ne pas engager le champion du monde 2018.</description>
                                <category>Transferts</category>
                <pubDate>Tue, 04 Feb 2025 00:12:35 +0100</pubDate>

                                                            <media:content url="https://i.f1g.fr/media/cms/1822x1025_crop/2025/02/03/6184790b8a1436dd8a482445347850fc4a97a3a43c1094c71fb1edd857c2d00a.jpg" width="1822" height="1025">
                            <media:description type="plain">Pablo Longoria et Paul Pogba. </media:description>
                            <media:credit>AFP / MIGUEL MEDINA / Getty Images via AFP / HARRY HOW</media:credit>
                        </media:content>
                                                </item>
                    <item>
                <guid>https://www.lefigaro.fr/sports/football/transferts/mercato-l-om-enrole-un-prometteur-lateral-bosnien-20250203</guid>
                <title>Mercato : l’OM enrôle un prometteur latéral bosnien</title>
                                <link>https://www.lefigaro.fr/sports/football/transferts/mercato-l-om-enrole-un-prometteur-lateral-bosnien-20250203</link>
                                    <description>L’Olympique de Marseille a officialisé ce lundi la signature d’Amar Dedic en provenance du RB Salzbourg. Sa troisième recrue de l’hiver.</description>
                                <category>Transferts</category>
                <pubDate>Mon, 03 Feb 2025 22:28:11 +0100</pubDate>

                                                            <media:content url="https://i.f1g.fr/media/cms/2758x1551_crop/2025/02/03/7bea4354d8e5b7f1e4af917205c0f94575e9799d6b749943b17140f7efd8ab10.jpg" width="2758" height="1551">
                            <media:description type="plain">Amar Dedic ici face à Antoine Griezmann.</media:description>
                            <media:credit>Gintare Karpaviciute / REUTERS</media:credit>
                        </media:content>
                                                </item>
                    <item>
                <guid>https://www.lefigaro.fr/sports/football/transferts/mercato-le-psg-cede-marco-asensio-prete-a-aston-villa-20250203</guid>
                <title>Mercato : le PSG cède Marco Asensio, prêté à Aston Villa</title>
                                <link>https://www.lefigaro.fr/sports/football/transferts/mercato-le-psg-cede-marco-asensio-prete-a-aston-villa-20250203</link>
                                    <description>Barré par la concurrence en attaque, l’Espagnol est le troisième joueur prêté par le club de la capitale cet hiver.</description>
                                <category>Transferts</category>
                <pubDate>Mon, 03 Feb 2025 20:33:50 +0100</pubDate>

                                                            <media:content url="https://i.f1g.fr/media/cms/2850x1603_crop/2025/02/03/e03e3d7f0e6d17bc2e7402f9a05ced64e1851ce0daaec3742d02bd20ff16fdf9.jpg" width="2850" height="1603">
                            <media:description type="plain">Marco Asensio. </media:description>
                            <media:credit>FRANCK FIFE / AFP</media:credit>
                        </media:content>
                                                </item>
                    <item>
                <guid>https://www.lefigaro.fr/sports/football/transferts/mercato-cher-ndour-quitte-definitivement-le-psg-direction-la-fiorentina-20250203</guid>
                <title>Mercato : Cher Ndour quitte définitivement le PSG, direction la Fiorentina</title>
                                <link>https://www.lefigaro.fr/sports/football/transferts/mercato-cher-ndour-quitte-definitivement-le-psg-direction-la-fiorentina-20250203</link>
                                    <description>Prêté à Besiktas depuis le début de saison, le milieu de terrain italo-sénégalais s’engage avec la Viola, sans repasser par Paris.</description>
                                <category>Transferts</category>
                <pubDate>Mon, 03 Feb 2025 18:48:51 +0100</pubDate>

                                                            <media:content url="https://i.f1g.fr/media/cms/1078x606_crop/2025/02/03/b03e8c1cb82864545c6847261e4284c29d5ed16d359844f0975d9366e3a2be12.jpg" width="1078" height="606">
                            <media:description type="plain">Cher Ndour s’engage avec la Fiorentina. </media:description>
                            <media:credit>Compte officiel de la Fiorentina. </media:credit>
                        </media:content>
                                                </item>
                    <item>
                <guid>https://www.lefigaro.fr/sports/football/transferts/mercato-l-om-prete-son-defenseur-bamo-meite-a-montpellier-20250203</guid>
                <title>Mercato : l’OM prête son défenseur Bamo Meïté à Montpellier</title>
                                <link>https://www.lefigaro.fr/sports/football/transferts/mercato-l-om-prete-son-defenseur-bamo-meite-a-montpellier-20250203</link>
                                    <description>Placardé par Marseille et son entraîneur Roberto De Zerbi, le Franco-ivoirien part renforcer la défense du MHSC.</description>
                                <category>Transferts</category>
                <pubDate>Mon, 03 Feb 2025 21:19:42 +0100</pubDate>

                                                            <media:content url="https://i.f1g.fr/media/cms/2995x1685_crop/2025/02/03/c7795e18c93fbf1b17ba4934e364675bb10240bd1b793d7dcc53d3cc48561086.jpg" width="2995" height="1685">
                            <media:description type="plain">Bamo Meïté sous le maillot de l’OM, ici face à Pedro Chirivella de Nantes. </media:description>
                            <media:credit>CHRISTOPHE SIMON / AFP</media:credit>
                        </media:content>
                                                </item>
                    <item>
                <guid>https://www.lefigaro.fr/sports/football/transferts/mercato-l-om-le-club-parfait-pour-moi-avec-un-projet-tres-ambitieux-assure-amine-gouiri-20250203</guid>
                <title>Mercato : l'OM, «le club parfait pour moi» avec «un projet très ambitieux», assure Amine Gouiri</title>
                                <link>https://www.lefigaro.fr/sports/football/transferts/mercato-l-om-le-club-parfait-pour-moi-avec-un-projet-tres-ambitieux-assure-amine-gouiri-20250203</link>
                                    <description>Le nouvel attaquant algérien de l’Olympique de Marseille s’est exprimé ce lundi devant la presse, au lendemain de ses débuts réussis au Vélodrome contre l’OL (3-2).</description>
                                <category>Transferts</category>
                <pubDate>Mon, 03 Feb 2025 17:11:41 +0100</pubDate>

                                                            <media:content url="https://i.f1g.fr/media/cms/3000x1687_crop/2025/02/03/b61cbe08286917c09e11181bb016836b51bd2debe958d46cd1497448458775c6.jpg" width="3000" height="1687">
                            <media:description type="plain">Amine Gouiri. </media:description>
                            <media:credit>CHRISTOPHE SIMON / AFP</media:credit>
                        </media:content>
                                                </item>
                    <item>
                <guid>https://www.lefigaro.fr/sports/football/transferts/mercato-l-ailier-international-jordanien-mousa-al-tamari-signe-a-rennes-20250203</guid>
                <title>Mercato : l'ailier international jordanien Mousa Al-Tamari signe à Rennes</title>
                                <link>https://www.lefigaro.fr/sports/football/transferts/mercato-l-ailier-international-jordanien-mousa-al-tamari-signe-a-rennes-20250203</link>
                                    <description>L’attaquant de Montpellier rejoint l’effectif breton, où il devra compenser les départs d’Amine Gouiri et de Jota.</description>
                                <category>Transferts</category>
                <pubDate>Mon, 03 Feb 2025 15:00:08 +0100</pubDate>

                                                            <media:content url="https://i.f1g.fr/media/cms/3000x2018_crop/2025/02/03/63f1b8206a0e87fe9af1f92c2b27805c9ea39945cd9d4c724d12423573938f0e.jpg" width="3000" height="2018">
                            <media:description type="plain">Mousa Al-Tamari</media:description>
                            <media:credit>FRANCOIS NASCIMBENI / AFP</media:credit>
                        </media:content>
                                                </item>
                    <item>
                <guid>https://www.lefigaro.fr/sports/football/transferts/psg-le-mercato-ferme-a-23-heures-d-ici-la-on-a-encore-le-temps-glisse-luis-enrique-20250203</guid>
                <title>PSG : «Le mercato ferme à 23 heures, d’ici là on a encore le temps», glisse Luis Enrique, «très satisfait» de son groupe</title>
                                <link>https://www.lefigaro.fr/sports/football/transferts/psg-le-mercato-ferme-a-23-heures-d-ici-la-on-a-encore-le-temps-glisse-luis-enrique-20250203</link>
                                    <description>Interrogé sur le marché d’hiver du club de la capitale, le coach espagnol a salué la qualité de son effectif.</description>
                                <category>Transferts</category>
                <pubDate>Mon, 03 Feb 2025 14:13:33 +0100</pubDate>

                                                            <media:content url="https://i.f1g.fr/media/cms/1420x947_crop/2025/02/03/5825578d9ac5a754ab4d4d8872129aed1a6eb77bcfe857c3b6107c7b4b9fe8fc.jpg" width="1420" height="947">
                            <media:description type="plain">Encore du boulot pour le tandem Luis Enrique/Luis Campos d’ici à la fermeture du marché hivernal des transferts ?</media:description>
                            <media:credit>FRANCK FIFE / AFP</media:credit>
                        </media:content>
                                                </item>
            </channel>
</rss>
