<?xml version="1.0" encoding="UTF-8"?>
<rss version="2.0" xmlns:atom="http://www.w3.org/2005/Atom" xmlns:media="http://search.yahoo.com/mrss/">
    <channel>
        <atom:link href="https://www.lefigaro.fr/rss/figaro_jardin.xml" rel="self" type="application/rss+xml"/>
        <category>Jardin</category>
        <title>Le Figaro - L&#039;actualité du jardin, conseils et décorations tendances en jardinage</title>
        <description>Suivez toute l&#039;actualité du jardinage; découvrez les tendances, les conseils, les secrets, pour entretenir votre jardin et pour soigner vos belles plantes.</description>
        <link>http://www.lefigaro.fr</link>
        <language>fr</language>
        <copyright>Droits de reproduction et de diffusion réservés LeFigaro.fr</copyright>
        <lastBuildDate>Mon, 10 Feb 2025 13:39:45 +0100</lastBuildDate>
        <docs>https://www.lefigaro.fr/rss</docs>
        <image>
            <title>Le Figaro - L&#039;actualité du jardin, conseils et décorations tendances en jardinage</title>
            <url>https://static.lefigaro.fr/common/logos/logo-150x150.png</url>
            <link>http://www.lefigaro.fr</link>
            <description>Suivez toute l&#039;actualité du jardinage; découvrez les tendances, les conseils, les secrets, pour entretenir votre jardin et pour soigner vos belles plantes.</description>
        </image>

                    <item>
                <guid>https://www.lefigaro.fr/jardin/comment-creer-un-jardin-zen-comme-un-vrai-professionnel-20250210</guid>
                <title>Comment créer un jardin zen comme un vrai professionnel ?</title>
                                <link>https://www.lefigaro.fr/jardin/comment-creer-un-jardin-zen-comme-un-vrai-professionnel-20250210</link>
                                    <description>Galets, sable, quelques arbustes et plantes : le jardin zen se veut minimaliste et épuré, pour inviter à la méditation et à la relaxation. Voici un guide pour faire de votre terrain un jardin paysagé simple et harmonieux.</description>
                                <category>Jardin</category>
                <pubDate>Mon, 10 Feb 2025 06:00:00 +0100</pubDate>

                                                            <media:content url="https://i.f1g.fr/media/cms/3000x2001_crop/2024/12/13/3a22c4b2071c80a300ac337aa562c69f598be561a0dd41d01b0f044aa19c55a9.jpg" width="3000" height="2001">
                            <media:description type="plain">Composé essentiellement de roches, de sable, de gravier et de quelques plantes soigneusement sélectionnées, il se distingue par son allure intemporelle.</media:description>
                            <media:credit>Ianunzio Alessandro / Pixelshop - stock.adobe.com</media:credit>
                        </media:content>
                                                </item>
                    <item>
                <guid>https://www.lefigaro.fr/jardin/j-ai-abattu-mon-cerisier-parce-qu-il-ne-donnait-rien-quand-julie-depardieu-avouait-ses-impatiences-de-jardiniere-20250209</guid>
                <title>«J’ai abattu mon cerisier parce qu’il ne donnait rien» : quand Julie Depardieu avouait ses impatiences de jardinière</title>
                                <link>https://www.lefigaro.fr/jardin/j-ai-abattu-mon-cerisier-parce-qu-il-ne-donnait-rien-quand-julie-depardieu-avouait-ses-impatiences-de-jardiniere-20250209</link>
                                    <description>La comédienne, passionnée par son potager et ses fleurs, a plusieurs fois évoqué les difficultés rencontrées dans son jardin. Des confidences qui feront sourire les amateurs. Petit florilège.</description>
                                <category>Jardin</category>
                <pubDate>Sun, 09 Feb 2025 06:00:00 +0100</pubDate>

                                                            <media:content url="https://i.f1g.fr/media/cms/3000x2000_crop/2025/02/06/d01b8ff9f613be2a44f440653b752d39e70b20d1ddbaff5ecb54d9ddde0b47d3.jpg" width="3000" height="2000">
                            <media:description type="plain">Une rose «Julie Depardieu» a été créée en 2022 par un pépiniériste.</media:description>
                            <media:credit>Castel Franck/ABACA</media:credit>
                        </media:content>
                                                </item>
                    <item>
                <guid>https://www.lefigaro.fr/jardin/ces-mysterieux-oeufs-roses-sont-une-menace-pour-votre-jardin-20250208</guid>
                <title>Ces mystérieux œufs roses sont une menace pour votre jardin</title>
                                <link>https://www.lefigaro.fr/jardin/ces-mysterieux-oeufs-roses-sont-une-menace-pour-votre-jardin-20250208</link>
                                    <description>Si d’étranges amas d’œufs colorés attirent votre attention dans votre jardin, méfiance : l’escargot pomme pourrait être en train d’envahir les lieux. Cette espèce est une menace sérieuse pour la biodiversité.</description>
                                <category>Jardin</category>
                <pubDate>Sat, 08 Feb 2025 06:00:00 +0100</pubDate>

                                                            <media:content url="https://i.f1g.fr/media/cms/2142x1205_crop/2025/02/04/17a80005ab1bc639c4ad31b9140781204c40fe71f2f377e7d5c3f6185a9764cc.jpg" width="2142" height="1205">
                            <media:description type="plain">L’escargot pomacéa fait partie des 100 espèces considérées comme les plus envahissantes et nuisibles au monde.</media:description>
                            <media:credit>stock.adobe.com</media:credit>
                        </media:content>
                                                </item>
                    <item>
                <guid>https://www.lefigaro.fr/jardin/vous-risquez-150-000-euros-d-amende-si-cette-graminee-se-trouve-dans-votre-jardin-20250207</guid>
                <title>Vous risquez 150.000 euros d’amende si cette graminée se trouve dans votre jardin</title>
                                <link>https://www.lefigaro.fr/jardin/vous-risquez-150-000-euros-d-amende-si-cette-graminee-se-trouve-dans-votre-jardin-20250207</link>
                                    <description>Désormais présente un peu partout en France, elle est considérée comme une espèce exotique envahissante. Les contrevenants s’exposent à une lourde sanction financière.</description>
                                <category>Jardin</category>
                <pubDate>Fri, 07 Feb 2025 12:00:00 +0100</pubDate>

                                                            <media:content url="https://i.f1g.fr/media/cms/2850x1603_crop/2025/02/06/f48cfd5d981f39b7d08dbff2f9601e07d4f30c48186709060d9832c4df6fe1c1.jpg" width="2850" height="1603">
                            <media:description type="plain">Cette espèce est un fléau pour la biodiversité.</media:description>
                            <media:credit>Papichev Aleksandr / aapsky - stock.adobe.com</media:credit>
                        </media:content>
                                                </item>
                    <item>
                <guid>https://www.lefigaro.fr/jardin/peut-on-laisser-les-bulbes-de-dahlias-en-terre-pendant-l-hiver-20250207</guid>
                <title>Peut-on laisser les bulbes de dahlias en terre pendant l’hiver ?</title>
                                <link>https://www.lefigaro.fr/jardin/peut-on-laisser-les-bulbes-de-dahlias-en-terre-pendant-l-hiver-20250207</link>
                                    <description>Les dahlias ne supportent pas les froids extrêmes et doivent donc être protégés pendant la saison hivernale. Faut-il les rentrer ? Quand et comment les retirer de terre ? Toutes nos réponses.</description>
                                <category>Jardin</category>
                <pubDate>Fri, 07 Feb 2025 06:00:00 +0100</pubDate>

                                                            <media:content url="https://i.f1g.fr/media/cms/3000x2000_crop/2025/01/17/2b18812e89f62f15f2b8b40cb6967bd7efa0bbe97c1b37b86de523a051afe718.jpg" width="3000" height="2000">
                            <media:description type="plain">Les bulbes de dahlias sont fragiles quand les températures baissent.</media:description>
                            <media:credit>Adobe Stock</media:credit>
                        </media:content>
                                                </item>
                    <item>
                <guid>https://www.lefigaro.fr/jardin/transformer-ses-meubles-en-jardinieres-une-nouvelle-tendance-deco-20250206</guid>
                <title>Transformer ses meubles en jardinières, une nouvelle tendance déco</title>
                                <link>https://www.lefigaro.fr/jardin/transformer-ses-meubles-en-jardinieres-une-nouvelle-tendance-deco-20250206</link>
                                    <description>Que faire d’un vieux meuble abîmé ou un peu ringard ? En plaçant des plantes dans les tiroirs, certains décident d’en faire un véritable jardin d’hiver pour la maison. Est-ce une bonne idée ?</description>
                                <category>Jardin</category>
                <pubDate>Thu, 06 Feb 2025 06:00:00 +0100</pubDate>

                                                            <media:content url="https://i.f1g.fr/media/cms/3000x2000_crop/2025/01/09/a9af29202a7bf491a006877b3cadf49802ec5c7cf81abd664f875083fa04608d.jpg" width="3000" height="2000">
                            <media:description type="plain">Quand le mobilier devient un support pour les plantes.</media:description>
                            <media:credit>88studio - stock.adobe.com</media:credit>
                        </media:content>
                                                </item>
                    <item>
                <guid>https://www.lefigaro.fr/jardin/decouvrez-nos-20-jardins-remarquables-preferes-20250205</guid>
                <title>Découvrez nos 20 «Jardins remarquables» préférés</title>
                                <link>https://www.lefigaro.fr/jardin/decouvrez-nos-20-jardins-remarquables-preferes-20250205</link>
                                    <description>Le label «Jardins remarquables» a plus de 20 ans. Bourgogne, Savoie, Drôme, Bretagne… toute la France est représentée. Découvrez nos coups de cœur.</description>
                                <category>Jardin</category>
                <pubDate>Wed, 05 Feb 2025 06:00:00 +0100</pubDate>

                            </item>
                    <item>
                <guid>https://www.lefigaro.fr/jardin/vos-azalees-ne-fleuriront-pas-de-sitot-si-vous-commettez-cette-erreur-20250204</guid>
                <title>Cette erreur qui peut coûter cher aux azalées</title>
                                <link>https://www.lefigaro.fr/jardin/vos-azalees-ne-fleuriront-pas-de-sitot-si-vous-commettez-cette-erreur-20250204</link>
                                    <description>Les azalées, avec leurs fleurs éclatantes et délicates, sont des plantes prisées dans nos jardins et nos intérieurs. Cependant, une erreur fréquente peut compromettre leur floraison et leur santé : l’utilisation de la cendre de bois.</description>
                                <category>Jardin</category>
                <pubDate>Wed, 05 Feb 2025 10:28:48 +0100</pubDate>

                                                            <media:content url="https://i.f1g.fr/media/cms/3000x2001_crop/2025/01/08/7e2ffc82ef2a937989467cff79f02f911eea35668c667dd4e374eb5a401c43d3.jpg" width="3000" height="2001">
                            <media:description type="plain">Les azalées prospèrent dans des sols acides.</media:description>
                            <media:credit>anrymos - stock.adobe.com</media:credit>
                        </media:content>
                                                </item>
                    <item>
                <guid>https://www.lefigaro.fr/jardin/comment-entretenir-ses-plantes-d-interieur-20250203</guid>
                <title>Comment entretenir ses plantes d’intérieur ?</title>
                                <link>https://www.lefigaro.fr/jardin/comment-entretenir-ses-plantes-d-interieur-20250203</link>
                                    <description>Même si l’on n’a pas la main verte, on peut, avec quelques gestes simples, permettre à ses plantes d’intérieur de pousser et prospérer. Voici comment.</description>
                                <category>Jardin</category>
                <pubDate>Mon, 03 Feb 2025 06:00:00 +0100</pubDate>

                                                            <media:content url="https://i.f1g.fr/media/cms/3000x2003_crop/2024/12/09/0a91ac6f2e1771b46b1153ce207357c2d7994c85034b2ab56446516076504a0c.jpg" width="3000" height="2003">
                            <media:description type="plain">Toute plante a besoin d’azote, de phosphore et de potassium pour se développer. Il faut donc les nourrir.</media:description>
                            <media:credit>Mauro Martinez Cabanelas / mauro - stock.adobe.com</media:credit>
                        </media:content>
                                                </item>
                    <item>
                <guid>https://www.lefigaro.fr/jardin/j-ai-arrete-de-compter-a-180-arbres-anny-duperey-a-plante-un-jardin-de-4-hectares-de-ses-propres-mains-20250202</guid>
                <title>«J’ai arrêté de compter à 180 arbres» : Anny Duperey a planté un jardin de 4 hectares de ses propres mains</title>
                                <link>https://www.lefigaro.fr/jardin/j-ai-arrete-de-compter-a-180-arbres-anny-duperey-a-plante-un-jardin-de-4-hectares-de-ses-propres-mains-20250202</link>
                                    <description>La célèbre actrice a créé un merveilleux parc, orné de nombreuses variétés d’arbres, dans un village de la Creuse. Au fil du temps, elle a distillé de précieux conseils, pour ceux qui voudraient un jardin esthétique. Voici une petite sélection.</description>
                                <category>Jardin</category>
                <pubDate>Sun, 02 Feb 2025 06:00:00 +0100</pubDate>

                                                            <media:content url="https://i.f1g.fr/media/cms/3000x2000_crop/2025/01/27/7fe7bf63d66ae03dfcd0e9568b2944f082e53321fe79a6804a14710853b5e49a.jpg" width="3000" height="2000">
                            <media:description type="plain">Anny Duperey se définit comme une «actrice agricole».</media:description>
                            <media:credit>Vim/ABACA</media:credit>
                        </media:content>
                                                </item>
                    <item>
                <guid>https://www.lefigaro.fr/jardin/pour-proteger-les-arbres-en-hiver-les-japonais-ont-une-methode-tres-esthetique-20250201</guid>
                <title>Pour protéger les arbres en hiver, les Japonais ont une méthode très esthétique</title>
                                <link>https://www.lefigaro.fr/jardin/pour-proteger-les-arbres-en-hiver-les-japonais-ont-une-methode-tres-esthetique-20250201</link>
                                    <description>Au Japon, dès novembre, les arbres les plus fragiles ou les plus précieux bénéficient d’une structure ancestrale qui les protège de la neige trop abondante. Le Yukitsuri donne un aspect magique aux jardins. Découvrez-le en images.</description>
                                <category>Jardin</category>
                <pubDate>Sat, 01 Feb 2025 07:00:00 +0100</pubDate>

                                                            <media:content url="https://i.f1g.fr/media/cms/3000x2001_crop/2025/01/22/4643c0a63dc50dec374107865a07b3225fe25b80dd2e4a89bae29fe7a8b16308.jpg" width="3000" height="2001">
                            <media:description type="plain">Le yukitsuri protège les arbres des neiges abondantes.</media:description>
                            <media:credit>masudazigorow@gmail.com / 仁次 小林 - stock.adobe.com</media:credit>
                        </media:content>
                                                </item>
                    <item>
                <guid>https://www.lefigaro.fr/jardin/comment-faire-fuir-les-rats-taupiers-du-jardin-avant-qu-ils-ne-commettent-des-degats-20250131</guid>
                <title>Comment faire fuir les rats taupiers du jardin avant qu’ils ne commettent des dégâts ?</title>
                                <link>https://www.lefigaro.fr/jardin/comment-faire-fuir-les-rats-taupiers-du-jardin-avant-qu-ils-ne-commettent-des-degats-20250131</link>
                                    <description>Aussi connus sous le nom de «campagnols terrestres», les rats taupiers sont connus pour faire des trous et des dégâts au jardin. Comment repérer leur présence ? Comment s’en débarrasser ? Nos réponses.</description>
                                <category>Jardin</category>
                <pubDate>Fri, 31 Jan 2025 06:00:00 +0100</pubDate>

                                                            <media:content url="https://i.f1g.fr/media/cms/3000x2000_crop/2025/01/17/242aed2111ec470f2783644de96ea817d929e9498ee6329d44f7b7ce62d8c475.jpg" width="3000" height="2000">
                            <media:description type="plain">Un rat taupier - ou campagnol terrestre - dans la végétation.</media:description>
                            <media:credit>Paul Farnfield / shaftinaction - stock.adobe.com</media:credit>
                        </media:content>
                                                </item>
                    <item>
                <guid>https://www.lefigaro.fr/jardin/connaissez-vous-le-mancenillier-l-arbre-le-plus-dangereux-du-monde-20250130</guid>
                <title>Connaissez-vous le mancenillier, l’arbre le plus dangereux du monde ?</title>
                                <link>https://www.lefigaro.fr/jardin/connaissez-vous-le-mancenillier-l-arbre-le-plus-dangereux-du-monde-20250130</link>
                                    <description>Certains arbres sont tellement toxiques qu’il est dangereux de s’en approcher. Le mancenillier, présent dans les régions équatoriales, est l’un des plus redoutables. Cet arbuste, dont le fruit est surnommé «petite pomme de la mort», représente un véritable danger pour quiconque s’aventurerait à proximité.</description>
                                <category>Jardin</category>
                <pubDate>Thu, 30 Jan 2025 15:49:25 +0100</pubDate>

                                                            <media:content url="https://i.f1g.fr/media/cms/orig/2025/01/30/ffc1f39a306dfe112013af6cb9bd5478d8a5a069b990a9c4cf07d4f4cbedc3df.jpg" width="3000" height="1995">
                            <media:description type="plain">Le mancenillier est un arbre dangereux.</media:description>
                            <media:credit>Pascal Perinelle - stock.adobe.com</media:credit>
                        </media:content>
                                                </item>
                    <item>
                <guid>https://www.lefigaro.fr/jardin/la-serre-walipini-un-concept-malin-pour-obtenir-des-fruits-et-des-legumes-toute-l-annee-20250130</guid>
                <title>La serre walipini : un concept malin pour obtenir des fruits et des légumes toute l’année</title>
                                <link>https://www.lefigaro.fr/jardin/la-serre-walipini-un-concept-malin-pour-obtenir-des-fruits-et-des-legumes-toute-l-annee-20250130</link>
                                    <description>Pour adapter vos plantations aux défis du réchauffement climatique, mais aussi pour prolonger la période de vos cultures, la serre walipini est une réponse pratique et durable. En quoi consiste cet équipement ? Comment réaliser ce projet chez vous ?</description>
                                <category>Jardin</category>
                <pubDate>Thu, 30 Jan 2025 06:00:00 +0100</pubDate>

                                                            <media:content url="https://i.f1g.fr/media/cms/2850x1603_crop/2024/12/12/32646dc42ffa61b2b420d42888dffa5854ba61e849061493f312076cc0d8bde2.jpg" width="2850" height="1603">
                            <media:description type="plain">La serre walipini est une solution économique et respectueuse de l’environnement.</media:description>
                            <media:credit>helenedevun - stock.adobe.com</media:credit>
                        </media:content>
                                                </item>
                    <item>
                <guid>https://www.lefigaro.fr/jardin/un-crapaud-dans-le-jardin-faut-il-se-rejouir-de-son-arrivee-20250129</guid>
                <title>Un crapaud dans le jardin : faut-il se réjouir de son arrivée ?</title>
                                <link>https://www.lefigaro.fr/jardin/un-crapaud-dans-le-jardin-faut-il-se-rejouir-de-son-arrivee-20250129</link>
                                    <description>Cet amphibien peut devenir un excellent allié du jardinier, mais il peut aussi causer un trouble sonore. Comment attirer les crapauds au jardin ? Quel est l’intérêt de cet animal contre les insectes ravageurs ? Nos réponses.</description>
                                <category>Jardin</category>
                <pubDate>Wed, 29 Jan 2025 06:00:00 +0100</pubDate>

                                                            <media:content url="https://i.f1g.fr/media/cms/3000x1999_crop/2025/01/14/f80b553aeef2e1ce39da93173346ef4fb2793634758621cb6d69b769e4167e2c.jpg" width="3000" height="1999">
                            <media:description type="plain">Un crapaud peut débarrasser le jardin des insectes.</media:description>
                            <media:credit>Bo Valentino / stock.adobe.com</media:credit>
                        </media:content>
                                                </item>
                    <item>
                <guid>https://www.lefigaro.fr/jardin/nouvel-an-chinois-5-jolies-fleurs-qui-sont-des-porte-bonheurs-en-chine-20250128</guid>
                <title>Nouvel an chinois : 5 jolies fleurs qui sont des porte-bonheurs en Chine</title>
                                <link>https://www.lefigaro.fr/jardin/nouvel-an-chinois-5-jolies-fleurs-qui-sont-des-porte-bonheurs-en-chine-20250128</link>
                                    <description>Demain a lieu cet événement festif célébré chaque année en Chine et dans le monde entier. L’occasion pour les amateurs de fleurs de découvrir, offrir ou planter des espèces originaires de l’Empire du Milieu.</description>
                                <category>Jardin</category>
                <pubDate>Tue, 28 Jan 2025 12:27:19 +0100</pubDate>

                                                            <media:content url="https://i.f1g.fr/media/cms/3000x2000_crop/2025/01/28/f2a001e8d46ba8e7c6525d9746eaf66fb64c6f92e921d8efcc97db2ae64c113f.jpg" width="3000" height="2000">
                            <media:description type="plain">L’osmanthus offre une merveilleuse floraison orangée en automne.</media:description>
                            <media:credit>zhao dongfang - stock.adobe.com</media:credit>
                        </media:content>
                                                </item>
                    <item>
                <guid>https://www.lefigaro.fr/jardin/a-t-on-le-droit-d-enterrer-une-urne-funeraire-dans-son-jardin-20250128</guid>
                <title>A-t-on le droit d’enterrer une urne funéraire dans son jardin ?</title>
                                <link>https://www.lefigaro.fr/jardin/a-t-on-le-droit-d-enterrer-une-urne-funeraire-dans-son-jardin-20250128</link>
                                    <description>La perte d’un être cher soulève de nombreuses questions, notamment sur la conservation ou l’inhumation des cendres. Si l’idée d’enterrer une urne dans son jardin peut sembler une solution personnelle et intime, qu’en dit la législation française ?</description>
                                <category>Jardin</category>
                <pubDate>Tue, 28 Jan 2025 06:00:00 +0100</pubDate>

                                                            <media:content url="https://i.f1g.fr/media/cms/3000x2001_crop/2025/01/08/f7ca80b517a360a56092c4156686f6942569f617bf55f66ef9c9c238aed585d0.jpg" width="3000" height="2001">
                            <media:description type="plain">Enterrer des urnes funéraires ou un cercueil dans votre jardin n’est pas sans conséquences.</media:description>
                            <media:credit>Peter Vandenbelt (206)683-0095 v / Peter - stock.adobe.com</media:credit>
                        </media:content>
                                                </item>
                    <item>
                <guid>https://www.lefigaro.fr/jardin/jardin-en-janvier-taillez-ces-3-arbres-fruitiers-pour-une-recolte-abondante-cet-ete-20250127</guid>
                <title>Taillez ces 3 arbres fruitiers d’ici la fin du mois pour une récolte abondante en été</title>
                                <link>https://www.lefigaro.fr/jardin/jardin-en-janvier-taillez-ces-3-arbres-fruitiers-pour-une-recolte-abondante-cet-ete-20250127</link>
                                    <description>Afin de garantir une belle récolte estivale avec de beaux fruits, la taille de certains végétaux est nécessaire en janvier. Il ne vous reste que quelques jours. Quels fruitiers tailler ? Comment procéder ? Nos réponses.</description>
                                <category>Jardin</category>
                <pubDate>Wed, 29 Jan 2025 10:24:14 +0100</pubDate>

                                                            <media:content url="https://i.f1g.fr/media/cms/3000x1993_crop/2025/01/22/bfa61c950b5aa8811fad6f15b7da96ac944bcecd136350888bf79b2c5507c493.jpg" width="3000" height="1993">
                            <media:description type="plain">Une taille hivernale des framboisiers améliore le rendement et la qualité de la récolte en été.</media:description>
                            <media:credit>Adobe Stock</media:credit>
                        </media:content>
                                                </item>
                    <item>
                <guid>https://www.lefigaro.fr/jardin/jardin-ces-astuces-qui-circulent-sur-les-reseaux-sociaux-sont-fausses-20250126</guid>
                <title>Jardin : ces astuces qui circulent sur les réseaux sociaux sont fausses</title>
                                <link>https://www.lefigaro.fr/jardin/jardin-ces-astuces-qui-circulent-sur-les-reseaux-sociaux-sont-fausses-20250126</link>
                                    <description>Les réseaux sociaux regorgent de conseils pour entretenir vos plantes, mais tous ne sont pas bonnes à suivre. Certaines idées, bien qu’attrayantes, peuvent même nuire à vos végétaux et compromettre leur croissance.</description>
                                <category>Jardin</category>
                <pubDate>Sun, 26 Jan 2025 08:20:42 +0100</pubDate>

                                                            <media:content url="https://i.f1g.fr/media/cms/3000x2000_crop/2025/01/20/5bb10b04f8eed9ac6d9baab33bfb4152b7737e3c6bc91677f6a57a190a74647c.jpg" width="3000" height="2000">
                            <media:description type="plain">Certaines astuces sont à proscrire, afin de préserver vos plantes et votre jardin.</media:description>
                            <media:credit>dikushin - stock.adobe.com</media:credit>
                        </media:content>
                                                </item>
                    <item>
                <guid>https://www.lefigaro.fr/jardin/laissez-pousser-les-ronces-et-les-chardons-les-etonnantes-lecons-de-jardinage-de-gaspard-koenig-20250125</guid>
                <title>«Laissez pousser les ronces et les chardons» : les étonnantes leçons de jardinage de Gaspard Koenig</title>
                                <link>https://www.lefigaro.fr/jardin/laissez-pousser-les-ronces-et-les-chardons-les-etonnantes-lecons-de-jardinage-de-gaspard-koenig-20250125</link>
                                    <description>Au fil de ses romans et de ses interviews, le philosophe, qui vit dans une chaumière en Normandie, a développé une pensée bien à lui sur le jardinage. Nous avons réuni ses principaux conseils.</description>
                                <category>Jardin</category>
                <pubDate>Wed, 29 Jan 2025 11:06:12 +0100</pubDate>

                                                            <media:content url="https://i.f1g.fr/media/cms/3000x1997_crop/2025/01/16/cad6720820dd3595ae62599dbdb4ba62bc4be11dc218fcff251af594e476a3f3.jpg" width="3000" height="1997">
                            <media:description type="plain">Gaspard Koenig dans sa maison de Montilly-sur-Noireau (Orne).</media:description>
                            <media:credit>Grégoire Elodie / ABACA</media:credit>
                        </media:content>
                                                </item>
            </channel>
</rss>
