<?xml version="1.0" encoding="UTF-8"?>
<rss version="2.0" xmlns:atom="http://www.w3.org/2005/Atom" xmlns:media="http://search.yahoo.com/mrss/">
    <channel>
        <atom:link href="https://www.lefigaro.fr/rss/figaro_handball.xml" rel="self" type="application/rss+xml"/>
        <category>Handball</category>
        <title>Le Figaro - Handball : retrouvez en direct les résultats et le classement de la division 1 française, de la ligue des champions, de l&#039;équipe de France, du championnat d&#039;europe et du mondial.</title>
        <description>Le Figaro - Handball : retrouvez en direct les résultats et le classement de la division 1 française, de la ligue des champions, de l&#039;équipe de France, du championnat d&#039;europe et du mondial.</description>
        <link>https://www.lefigaro.fr</link>
        <language>fr</language>
        <copyright>Droits de reproduction et de diffusion réservés LeFigaro.fr</copyright>
        <lastBuildDate>Mon, 10 Feb 2025 13:38:01 +0100</lastBuildDate>
        <docs>https://www.lefigaro.fr/rss</docs>
        <image>
            <title>Le Figaro - Handball : retrouvez en direct les résultats et le classement de la division 1 française, de la ligue des champions, de l&#039;équipe de France, du championnat d&#039;europe et du mondial.</title>
            <url>https://static.lefigaro.fr/common/logos/logo-150x150.png</url>
            <link>https://www.lefigaro.fr</link>
            <description>Le Figaro - Handball : retrouvez en direct les résultats et le classement de la division 1 française, de la ligue des champions, de l&#039;équipe de France, du championnat d&#039;europe et du mondial.</description>
        </image>

                    <item>
                <guid>https://www.lefigaro.fr/sports/handball/handball-le-psg-elimine-nantes-aux-tirs-au-but-en-quarts-de-finale-de-la-coupe-20250208</guid>
                <title>Handball : le PSG élimine Nantes aux tirs au but en quarts de finale de la Coupe</title>
                                <link>https://www.lefigaro.fr/sports/handball/handball-le-psg-elimine-nantes-aux-tirs-au-but-en-quarts-de-finale-de-la-coupe-20250208</link>
                                    <description>Le Paris SG a éliminé Nantes aux tirs au but dans le choc des quarts de finale de la Coupe de France de handball (35-35, 5-4 tab) ce samedi à Coubertin.</description>
                                <category>Handball</category>
                <pubDate>Sat, 08 Feb 2025 23:39:45 +0100</pubDate>

                            </item>
                    <item>
                <guid>https://www.lefigaro.fr/sports/handball/hand-ferran-sole-prolonge-avec-le-psg-20250206</guid>
                <title>Handball : Ferran Solé prolonge avec le PSG</title>
                                <link>https://www.lefigaro.fr/sports/handball/hand-ferran-sole-prolonge-avec-le-psg-20250206</link>
                                    <description>L’Espagnol Ferran Solé a prolongé jusqu’en 2027 avec le PSG Handball a annoncé le champion de France en titre jeudi. Le club de la capitale a aussi officialisé l’arrivée de l’ailier gauche Emil Mellegard.</description>
                                <category>Handball</category>
                <pubDate>Thu, 06 Feb 2025 18:55:42 +0100</pubDate>

                                                            <media:content url="https://i.f1g.fr/media/cms/3000x1999_crop/2025/02/06/e725db6b574ea50e932b4f7b396d6d7b73577e3f964f11044383c862806a0176.jpg" width="3000" height="1999">
                            <media:description type="plain">L’international espagnol Ferran Solé a décidé de prolonger avec le PSG Handball. </media:description>
                            <media:credit>JESSICA GOW / AFP</media:credit>
                        </media:content>
                                                </item>
                    <item>
                <guid>https://www.lefigaro.fr/sports/handball/hand-le-danemark-champion-du-monde-pour-la-quatrieme-fois-de-suite-20250202</guid>
                <title>Mondial de handball 2025 : le Danemark plus que jamais roi du monde</title>
                                <link>https://www.lefigaro.fr/sports/handball/hand-le-danemark-champion-du-monde-pour-la-quatrieme-fois-de-suite-20250202</link>
                                    <description>Les Danois ont surclassé la Croatie, dimanche à Oslo (32-26), en finale, décrochant ainsi leur quatrième titre mondial d’affilée.</description>
                                <category>Handball</category>
                <pubDate>Mon, 03 Feb 2025 08:32:11 +0100</pubDate>

                                                            <media:content url="https://i.f1g.fr/media/cms/3000x1997_crop/2025/02/02/29100d3a8c9bdb53caaac91ffdec865761b5c7afdba10fd9429839a555476375.jpg" width="3000" height="1997">
                            <media:description type="plain">Magnus Jensen et le Danemark, intouchables en finale du Mondial. </media:description>
                            <media:credit>Susana Vera / REUTERS</media:credit>
                        </media:content>
                                                </item>
                    <item>
                <guid>https://www.lefigaro.fr/sports/handball/mondial-de-hand-l-arret-miraculeux-de-la-tete-du-gardien-francais-qui-offre-le-bronze-aux-bleus-20250202</guid>
                <title>Mondial de handball 2025 : l’arrêt miraculeux... de la tête du gardien français, qui offre le bronze aux Bleus</title>
                                <link>https://www.lefigaro.fr/sports/handball/mondial-de-hand-l-arret-miraculeux-de-la-tete-du-gardien-francais-qui-offre-le-bronze-aux-bleus-20250202</link>
                                    <description>Charles Bolzinger, le deuxième gardien français, a sorti une parade incroyable à cinq secondes de la fin du match pour permettre aux Bleus de monter sur le podium.</description>
                                <category>Handball</category>
                <pubDate>Mon, 03 Feb 2025 08:33:03 +0100</pubDate>

                                                            <media:content url="https://i.f1g.fr/media/cms/1217x650_crop/2025/02/02/af5b544106d6296502a517c7a6ce494d4becd44935c4fdc7fe05e4376682cdd0.jpg" width="1217" height="650">
                            <media:description type="plain">Charles Bolzinger, tel un pantin désarticulé, repousse le tir du joueur portugais. </media:description>
                            <media:credit>BeinSports</media:credit>
                        </media:content>
                                                </item>
                    <item>
                <guid>https://www.lefigaro.fr/sports/handball/mondial-de-handball-les-bleus-s-en-tirent-face-au-portugal-et-decrochent-le-bronze-20250202</guid>
                <title>Mondial de handball 2025 : les Bleus s’en tirent face au Portugal et décrochent le bronze</title>
                                <link>https://www.lefigaro.fr/sports/handball/mondial-de-handball-les-bleus-s-en-tirent-face-au-portugal-et-decrochent-le-bronze-20250202</link>
                                    <description>Sur le gong, les Bleus s’en sont remis à un bel arrêt de leur gardien Charles Bolzinger pour s’offrir la médaille de bronze contre le Portugal (35-34).</description>
                                <category>Handball</category>
                <pubDate>Mon, 03 Feb 2025 08:33:25 +0100</pubDate>

                                                            <media:content url="https://i.f1g.fr/media/cms/orig/2025/02/02/b61778b84edfe54a41a88112c0181d811c72aa5646759510ab43fcc44eccbb3a.jpg" width="3000" height="1845">
                            <media:description type="plain">Sur le fil, l’équipe de France s’est offert la médaille de bronze contre le Portugal.</media:description>
                            <media:credit>Susana Vera / REUTERS</media:credit>
                        </media:content>
                                                </item>
                    <item>
                <guid>https://www.lefigaro.fr/sports/handball/hand-le-danemark-met-fin-au-reve-portugais-au-mondial-et-file-en-finale-20250131</guid>
                <title>Hand : le Danemark met fin au rêve portugais au Mondial et file en finale</title>
                                <link>https://www.lefigaro.fr/sports/handball/hand-le-danemark-met-fin-au-reve-portugais-au-mondial-et-file-en-finale-20250131</link>
                                    <description>Vainqueurs du Portugal (40-27), les Danois affronteront la Croatie en finale du Mondial.</description>
                                <category>Handball</category>
                <pubDate>Fri, 31 Jan 2025 22:22:20 +0100</pubDate>

                                                            <media:content url="https://i.f1g.fr/media/cms/3000x2161_crop/2025/01/31/fd9850c8a054656c08d2b63468862bffb202fd2fd844ee1ce657e5dd0cd6a52c.jpg" width="3000" height="2161">
                            <media:description type="plain">Favori de la compétition, le Danemark affrontera la Croatie pour le titre. </media:description>
                            <media:credit>Susana Vera / REUTERS</media:credit>
                        </media:content>
                                                </item>
                    <item>
                <guid>https://www.lefigaro.fr/sports/handball/handball-pourquoi-l-equipe-de-france-a-perdu-la-recette-du-succes-20250131</guid>
                <title>Handball : pourquoi l’équipe de France a perdu la recette du succès</title>
                                <link>https://www.lefigaro.fr/sports/handball/handball-pourquoi-l-equipe-de-france-a-perdu-la-recette-du-succes-20250131</link>
                                    <description>DÉCRYPTAGE - Six mois après la retentissante sortie de route des JO de Paris, les Bleus ont buté sur la Croatie en demi-finales du Mondial. Un double échec qui, forcément, interpelle après tant d’années de domination.</description>
                                <category>Handball</category>
                <pubDate>Fri, 31 Jan 2025 14:51:52 +0100</pubDate>

                                                            <media:content url="https://i.f1g.fr/media/cms/3000x2087_crop/2025/01/31/a8159a1331a3aae2cce895d3585c867ebfb9f5e19071c23c1404183de6b60468.jpg" width="3000" height="2087">
                            <media:description type="plain">Les joueurs de l’équipe de France, dont Ludovic Fabregas, abattus après leur élimination en demi-finales du Mondial 2025.</media:description>
                            <media:credit>Antonio Bronic / REUTERS</media:credit>
                        </media:content>
                                                </item>
                    <item>
                <guid>https://www.lefigaro.fr/sports/handball/mondial-de-handball-2025-notre-entame-de-match-nous-coute-tres-cher-deplore-guillaume-gille-20250130</guid>
                <title>Mondial de handball 2025 : «Notre entame de match nous coûte très cher», déplore Guillaume Gille</title>
                                <link>https://www.lefigaro.fr/sports/handball/mondial-de-handball-2025-notre-entame-de-match-nous-coute-tres-cher-deplore-guillaume-gille-20250130</link>
                                    <description>Découvrez les réactions des Bleus après leur défaite face à la Croatie en demi-finales (28-31).</description>
                                <category>Handball</category>
                <pubDate>Fri, 31 Jan 2025 10:20:47 +0100</pubDate>

                                                            <media:content url="https://i.f1g.fr/media/cms/3000x2122_crop/2025/01/30/754daf44776c85677a4b71203e2d76ca5d44d828c1fc22127abc12d041f2a398.jpg" width="3000" height="2122">
                            <media:description type="plain">Guillaume Gille</media:description>
                            <media:credit>Antonio Bronic / REUTERS</media:credit>
                        </media:content>
                                                </item>
                    <item>
                <guid>https://www.lefigaro.fr/sports/handball/mondial-de-handball-2025-un-premier-acte-terrible-une-gauche-defaillante-les-tops-flops-de-france-croatie-20250130</guid>
                <title>Mondial de handball 2025 : un premier acte terrible, une gauche défaillante… Les tops/flops de France-Croatie</title>
                                <link>https://www.lefigaro.fr/sports/handball/mondial-de-handball-2025-un-premier-acte-terrible-une-gauche-defaillante-les-tops-flops-de-france-croatie-20250130</link>
                                    <description>L’équipe de France a échoué en demi-finales face à la Croatie (28-31). Découvrez ce qui a plu... et déplu à notre rédaction.</description>
                                <category>Handball</category>
                <pubDate>Thu, 30 Jan 2025 23:19:47 +0100</pubDate>

                                                            <media:content url="https://i.f1g.fr/media/cms/1920x1080_crop/2025/01/30/4bd277bbf65bfd0eda14b6713d12857cfb5cd7cf468dcb013c880989e3526b5e.jpg" width="1920" height="1080">
                            <media:description type="plain">La ferveur croate en tops, Thibaud Briet en flops</media:description>
                            <media:credit>REUTERS / Antonio Bronic / REUTERS / Antonio Bronic</media:credit>
                        </media:content>
                                                </item>
                    <item>
                <guid>https://www.lefigaro.fr/sports/handball/mondial-de-handball-2025-la-croatie-eteint-la-france-en-demi-finale-20250130</guid>
                <title>Mondial de handball 2025 : la Croatie éteint la France en demi-finales</title>
                                <link>https://www.lefigaro.fr/sports/handball/mondial-de-handball-2025-la-croatie-eteint-la-france-en-demi-finale-20250130</link>
                                    <description>Complètement assommés par une première période cauchemardesque, les Bleus échouent à Zagreb (28-31) dans leur quête d’un septième titre mondial.</description>
                                <category>Handball</category>
                <pubDate>Thu, 30 Jan 2025 22:59:21 +0100</pubDate>

                                                            <media:content url="https://i.f1g.fr/media/cms/3000x1687_crop/2025/01/30/d5058f060341616e125a547712381cb03f763d0c7a8aa8775ddcd84a34a41d14.jpg" width="3000" height="1687">
                            <media:description type="plain">Thibaud Briet.</media:description>
                            <media:credit>Antonio Bronic / REUTERS</media:credit>
                        </media:content>
                                                </item>
                    <item>
                <guid>https://www.lefigaro.fr/sports/handball/en-direct-france-croatie-les-bleus-visent-la-finale-dans-le-volcan-de-zagreb-20250130</guid>
                <title>Mondial de handball 2025 : revivez la défaite des Bleus en demi-finales face à la Croatie</title>
                                <link>https://www.lefigaro.fr/sports/handball/en-direct-france-croatie-les-bleus-visent-la-finale-dans-le-volcan-de-zagreb-20250130</link>
                                    <description>Opposée à sa rivale croate dans le volcan de Zagreb, l’équipe de France a échoué ce jeudi (28-31).</description>
                                <category>Handball</category>
                <pubDate>Thu, 30 Jan 2025 22:47:14 +0100</pubDate>

                                                            <media:content url="https://i.f1g.fr/media/cms/2965x1668_crop/2025/01/30/a12c24114c0d608eb27f72bb39cf4539f6e7d6da1c52d5df5c47dc0028accd7b.jpg" width="2965" height="1668">
                            <media:description type="plain">Ludovic Fabregas pris dans l’étau croate.</media:description>
                            <media:credit>ANNE-CHRISTINE POUJOULAT / AFP</media:credit>
                        </media:content>
                                                </item>
                    <item>
                <guid>https://www.lefigaro.fr/sports/handball/mondial-de-handball-2025-l-avenement-d-aymeric-minne-en-equipe-de-france-20250130</guid>
                <title>Mondial de handball 2025 : l’avènement d’Aymeric Minne en équipe de France</title>
                                <link>https://www.lefigaro.fr/sports/handball/mondial-de-handball-2025-l-avenement-d-aymeric-minne-en-equipe-de-france-20250130</link>
                                    <description>Décisif en quarts, l’électrique Nantais s’affirme, après plusieurs rendez-vous manqués en Bleu, comme une pièce essentielle en vue de la demi-finale contre la Croatie ce jeudi (21h).</description>
                                <category>Handball</category>
                <pubDate>Thu, 30 Jan 2025 00:40:46 +0100</pubDate>

                                                            <media:content url="https://i.f1g.fr/media/cms/3000x2063_crop/2025/01/29/b2238d9802b78b4ef4c284c9ed3b9f4b182a5eaf07ccd3a8277332427472742c.jpg" width="3000" height="2063">
                            <media:description type="plain">Aymeric Minne</media:description>
                            <media:credit>Borut Zivulovic / REUTERS</media:credit>
                        </media:content>
                                                </item>
                    <item>
                <guid>https://www.lefigaro.fr/sports/handball/mondial-de-handball-2025-ambiance-folle-souvenir-de-2009-tout-ce-qu-il-faut-savoir-sur-la-demie-france-croatie-20250130</guid>
                <title>Mondial de handball 2025 : ambiance folle, souvenir de 2009… Tout ce qu’il faut savoir sur la demie France-Croatie</title>
                                <link>https://www.lefigaro.fr/sports/handball/mondial-de-handball-2025-ambiance-folle-souvenir-de-2009-tout-ce-qu-il-faut-savoir-sur-la-demie-france-croatie-20250130</link>
                                    <description>Véritable classique de la discipline, l’opposition entre Français et Croates devrait encore faire des étincelles ce jeudi dans une Arena de Zagreb pleine à craquer.</description>
                                <category>Handball</category>
                <pubDate>Thu, 30 Jan 2025 00:04:43 +0100</pubDate>

                                                            <media:content url="https://i.f1g.fr/media/cms/3000x2170_crop/2025/01/29/a868eddce0729c17a932aeac2e02516725a601ca7f5345d17a1ad142839e61c8.jpg" width="3000" height="2170">
                            <media:description type="plain">Ludovic Fabregas</media:description>
                            <media:credit>Antonio Bronic / REUTERS</media:credit>
                        </media:content>
                                                </item>
                    <item>
                <guid>https://www.lefigaro.fr/sports/handball/mondial-de-handball-2025-tombeur-de-l-allemagne-le-portugal-en-demi-finale-pour-la-premiere-fois-de-son-histoire-20250129</guid>
                <title>Mondial de handball 2025 : tombeur de l’Allemagne, le Portugal en demi-finale pour la première fois de son histoire</title>
                                <link>https://www.lefigaro.fr/sports/handball/mondial-de-handball-2025-tombeur-de-l-allemagne-le-portugal-en-demi-finale-pour-la-premiere-fois-de-son-histoire-20250129</link>
                                    <description></description>
                                <category>Handball</category>
                <pubDate>Wed, 29 Jan 2025 23:42:15 +0100</pubDate>

                                                            <media:content url="https://i.f1g.fr/media/cms/3000x2005_crop/2025/01/29/2384938a8e73281bcaff4df7aabd0424fa5f3052be1b263702f3f26e3d2d2ae8.jpg" width="3000" height="2005">
                            <media:description type="plain">Francisco Costa du Portugal en action</media:description>
                            <media:credit>Susana Vera / REUTERS</media:credit>
                        </media:content>
                                                </item>
                    <item>
                <guid>https://www.lefigaro.fr/sports/handball/mondial-de-handball-le-danemark-ecrase-le-bresil-et-file-demi-finales-20250129</guid>
                <title>Mondial de handball 2025 : le Danemark écrase le Brésil et file en demi-finales</title>
                                <link>https://www.lefigaro.fr/sports/handball/mondial-de-handball-le-danemark-ecrase-le-bresil-et-file-demi-finales-20250129</link>
                                    <description>Sans surprise, les Danois, grand favori du Mondial n’ont fait qu’une bouchée du Brésil en quart de finale pour rallier les demi-finales.</description>
                                <category>Handball</category>
                <pubDate>Wed, 29 Jan 2025 23:42:43 +0100</pubDate>

                                                            <media:content url="https://i.f1g.fr/media/cms/3000x2015_crop/2025/01/29/ba635628cd4f636337e4780968e22e1deb3d47de5009769ba2a940cef83d6caa.jpg" width="3000" height="2015">
                            <media:description type="plain">Le Danemark a assuré son statut.</media:description>
                            <media:credit>Susana Vera / REUTERS</media:credit>
                        </media:content>
                                                </item>
                    <item>
                <guid>https://www.lefigaro.fr/sports/handball/mondial-de-handball-six-mois-apres-l-echec-des-jo-2024-les-bleus-de-nouveau-dans-le-carre-final-20250129</guid>
                <title>Mondial de handball 2025 : six mois après l’échec des JO, les Bleus de retour dans le carré final</title>
                                <link>https://www.lefigaro.fr/sports/handball/mondial-de-handball-six-mois-apres-l-echec-des-jo-2024-les-bleus-de-nouveau-dans-le-carre-final-20250129</link>
                                    <description>DÉCRYPTAGE - L’équipe de France défiera la Croatie, ce jeudi à Zagreb, lors d’une demi-finale qui s’annonce bouillante.</description>
                                <category>Handball</category>
                <pubDate>Wed, 29 Jan 2025 23:43:17 +0100</pubDate>

                                                            <media:content url="https://i.f1g.fr/media/cms/3000x2000_crop/2025/01/29/8d6fece421e161e1d6cad3a0668a8340df9dca5668408ebc43117ecc56c2a995.jpg" width="3000" height="2000">
                            <media:description type="plain">Les Bleus se sont imposés 34-33 face aux Égyptiens lors des quarts de final de la compétition, à Zagreb, le 28 janvier.</media:description>
                            <media:credit>ANNE-CHRISTINE POUJOULAT / AFP</media:credit>
                        </media:content>
                                                </item>
                    <item>
                <guid>https://www.lefigaro.fr/sports/handball/france-croatie-a-quelle-heure-et-sur-quelle-chaine-suivre-le-match-20250129</guid>
                <title>Mondial de handball 2025 : à quelle heure et sur quelle chaîne suivre la demie France-Croatie ?</title>
                                <link>https://www.lefigaro.fr/sports/handball/france-croatie-a-quelle-heure-et-sur-quelle-chaine-suivre-le-match-20250129</link>
                                    <description>Les handballeurs français défient les Croates jeudi soir (21h) en demi-finales du Mondial à Zagreb.</description>
                                <category>Handball</category>
                <pubDate>Thu, 30 Jan 2025 00:21:12 +0100</pubDate>

                                                            <media:content url="https://i.f1g.fr/media/cms/2652x1768_crop/2025/01/29/3c365e5d2403fa060974a4df1bb9f8b39bf90b8d4b76e46a1784896a89890cb4.jpg" width="2652" height="1768">
                            <media:description type="plain">Les Bleus défient les Croates jeudi soir en demi-finale du mondial de handball. </media:description>
                            <media:credit>DAMIR SENCAR / AFP</media:credit>
                        </media:content>
                                                </item>
                    <item>
                <guid>https://www.lefigaro.fr/sports/handball/mondial-de-handball-en-video-le-but-magique-et-decisif-a-la-derniere-seconde-du-heros-luka-karabatic-20250128</guid>
                <title>Mondial de handball 2025 : en vidéo, le but magique et décisif à la dernière seconde du héros Luka Karabatic</title>
                                <link>https://www.lefigaro.fr/sports/handball/mondial-de-handball-en-video-le-but-magique-et-decisif-a-la-derniere-seconde-du-heros-luka-karabatic-20250128</link>
                                    <description>À la toute dernière seconde, d’un tir du milieu de terrain, l’ex-capitaine de l’équipe de France a qualifié les siens pour le dernier carré.</description>
                                <category>Handball</category>
                <pubDate>Wed, 29 Jan 2025 10:27:57 +0100</pubDate>

                                                            <media:content url="https://i.f1g.fr/media/cms/518x280_crop/2025/01/29/fdc7bac0dec5a0a31acd685e9f1944ad53698b73fa8f60a6e55e9d0ea771bb98.png" width="518" height="280">
                            <media:description type="plain">Le but de Luka Karabatic</media:description>
                            <media:credit>Capture d&#039;écran</media:credit>
                        </media:content>
                                                </item>
                    <item>
                <guid>https://www.lefigaro.fr/sports/handball/mondial-de-handball-2025-luka-karabatic-decisif-karl-konan-fautif-les-tops-flops-du-quart-france-egypte-20250128</guid>
                <title>Mondial de handball 2025 : Luka Karabatic décisif, Karl Konan fautif… Les tops/flops du quart France-Egypte</title>
                                <link>https://www.lefigaro.fr/sports/handball/mondial-de-handball-2025-luka-karabatic-decisif-karl-konan-fautif-les-tops-flops-du-quart-france-egypte-20250128</link>
                                    <description>L’équipe de France a validé son billet pour les demi-finales de justesse face à l’Égypte (34-33). Découvrez ce qui a plu... et déplu à notre rédaction.</description>
                                <category>Handball</category>
                <pubDate>Tue, 28 Jan 2025 23:25:24 +0100</pubDate>

                                                            <media:content url="https://i.f1g.fr/media/cms/1920x1080_crop/2025/01/28/ff60550719ec8c32d7274d00daf97c21fc18729d4a815e0bf0ac36057dcf66e0.jpg" width="1920" height="1080">
                            <media:description type="plain">Luka Karabatic en tops, Karl Konan en flops</media:description>
                            <media:credit>AFP / DAMIR SENCAR / AFP / DAMIR SENCAR</media:credit>
                        </media:content>
                                                </item>
                    <item>
                <guid>https://www.lefigaro.fr/sports/handball/mondial-de-handball-2025-on-est-toujours-vivants-se-felicite-le-heros-francais-luka-karabatic-20250128</guid>
                <title>Mondial de handball 2025 : «On est toujours vivants», se félicite le héros français Luka Karabatic</title>
                                <link>https://www.lefigaro.fr/sports/handball/mondial-de-handball-2025-on-est-toujours-vivants-se-felicite-le-heros-francais-luka-karabatic-20250128</link>
                                    <description>Découvrez les réactions des Bleus après leur victoire à la dernière seconde sur l’Égypte en quarts de finale (34-33).</description>
                                <category>Handball</category>
                <pubDate>Tue, 28 Jan 2025 23:17:50 +0100</pubDate>

                                                            <media:content url="https://i.f1g.fr/media/cms/3000x2001_crop/2025/01/28/b6dd8636a81bbd2dbb5c46faa58fde4d9856f0ebc7a91b28d2c1b1aeb5210b34.jpg" width="3000" height="2001">
                            <media:description type="plain">La joie des Bleus Nedim remili et Luka Karabatic</media:description>
                            <media:credit>ANNE-CHRISTINE POUJOULAT / AFP</media:credit>
                        </media:content>
                                                </item>
            </channel>
</rss>
