<?xml version="1.0" encoding="UTF-8"?>
<rss version="2.0" xmlns:atom="http://www.w3.org/2005/Atom" xmlns:media="http://search.yahoo.com/mrss/">
    <channel>
        <atom:link href="https://www.lefigaro.fr/rss/figaro_formule-1.xml" rel="self" type="application/rss+xml"/>
        <category>Formule 1</category>
        <title>Le Figaro - Formule Un : Actualité de la F1 et résultats des grands prix en direct</title>
        <description>Formule Un : Retrouvez toute lactualité de la F1, grands prix, essais et écuries avec Le Figaro</description>
        <link>https://www.lefigaro.fr</link>
        <language>fr</language>
        <copyright>Droits de reproduction et de diffusion réservés LeFigaro.fr</copyright>
        <lastBuildDate>Mon, 10 Feb 2025 13:34:23 +0100</lastBuildDate>
        <docs>https://www.lefigaro.fr/rss</docs>
        <image>
            <title>Le Figaro - Formule Un : Actualité de la F1 et résultats des grands prix en direct</title>
            <url>https://static.lefigaro.fr/common/logos/logo-150x150.png</url>
            <link>https://www.lefigaro.fr</link>
            <description>Formule Un : Retrouvez toute lactualité de la F1, grands prix, essais et écuries avec Le Figaro</description>
        </image>

                    <item>
                <guid>https://www.lefigaro.fr/culture/hyper-organise-tres-exigeant-jean-todt-le-pied-au-plancher-20250207</guid>
                <title>«Hyper-organisé, très exigeant»: Jean Todt, le pied au plancher</title>
                                <link>https://www.lefigaro.fr/culture/hyper-organise-tres-exigeant-jean-todt-le-pied-au-plancher-20250207</link>
                                    <description>PORTRAIT - Aujourd’hui envoyé spécial du secrétaire général des Nations unies pour la sécurité routière, l’ex-directeur de l’écurie de Formule 1 Ferrari continue à parcourir le monde.</description>
                                <category>Formule 1</category>
                <pubDate>Fri, 07 Feb 2025 17:46:22 +0100</pubDate>

                                                            <media:content url="https://i.f1g.fr/media/cms/3000x1997_crop/2025/02/07/3ddcdc1515931cdf4b05fb907a64c1622ef93166fe5b4f75e3ee15d7625c9638.jpg" width="3000" height="1997">
                            <media:description type="plain">Jean Todt.</media:description>
                            <media:credit>Stevens Tomas/ABACA</media:credit>
                        </media:content>
                                                </item>
                    <item>
                <guid>https://www.lefigaro.fr/sports/formule-1/formule-1-zhou-guanyu-sera-pilote-de-reserve-chez-ferrari-20250205</guid>
                <title>Formule 1 : Zhou Guanyu sera pilote de réserve chez Ferrari cette saison</title>
                                <link>https://www.lefigaro.fr/sports/formule-1/formule-1-zhou-guanyu-sera-pilote-de-reserve-chez-ferrari-20250205</link>
                                    <description>Après avoir disputé trois saisons en tant que titulaire chez Alfa Romeo, Zhou Guanyu sera pilote de réserve chez Ferrari en 2025 a annoncé mercredi l’écurie transalpine. Le pilote chinois sera accompagné de l’Italien Giovinazzi.</description>
                                <category>Formule 1</category>
                <pubDate>Wed, 05 Feb 2025 16:33:59 +0100</pubDate>

                                                            <media:content url="https://i.f1g.fr/media/cms/3000x2000_crop/2025/02/05/fb2e419329ab7ded7d8a801a4c67baa7300f500d601dc2c2c1ca76da061e9fe8.jpg" width="3000" height="2000">
                            <media:description type="plain">Le pilote chinois Zhou Guanyu sera pilote de réserve chez Ferrari en 2025. </media:description>
                            <media:credit>GIUSEPPE CACACE / AFP</media:credit>
                        </media:content>
                                                </item>
                    <item>
                <guid>https://www.lefigaro.fr/sports/formule-1/formule-1-un-des-moments-les-plus-emblematiques-de-notre-sport-le-champagne-de-retour-sur-les-podiums-20250205</guid>
                <title>Formule 1 : «Un des moments les plus emblématiques de notre sport», le champagne de retour sur les podiums</title>
                                <link>https://www.lefigaro.fr/sports/formule-1/formule-1-un-des-moments-les-plus-emblematiques-de-notre-sport-le-champagne-de-retour-sur-les-podiums-20250205</link>
                                    <description>Les vins mousseux italiens, utilisés depuis 2021, laisseront leur place au champagne Moët &amp;amp; Chandon. Le retour d’une tradition ancestrale dans la discipline.</description>
                                <category>Formule 1</category>
                <pubDate>Wed, 05 Feb 2025 11:48:38 +0100</pubDate>

                                                            <media:content url="https://i.f1g.fr/media/cms/3000x2001_crop/2025/02/05/eb9769a58131d1fe98995829bce75c08398952823a5f4dc0a7440806909a13fb.jpg" width="3000" height="2001">
                            <media:description type="plain">Les vainqueurs des grands prix vont retrouver le champagne sur les podiums cette saison. </media:description>
                            <media:credit>ALESSIO MORGESE / NurPhoto via AFP</media:credit>
                        </media:content>
                                                </item>
                    <item>
                <guid>https://www.lefigaro.fr/sports/formule-1/formule-1-hamilton-absolument-indemne-apres-un-accident-au-volant-de-sa-ferrari-20250129</guid>
                <title>Formule 1 : Hamilton «absolument indemne» après un accident au volant de sa Ferrari</title>
                                <link>https://www.lefigaro.fr/sports/formule-1/formule-1-hamilton-absolument-indemne-apres-un-accident-au-volant-de-sa-ferrari-20250129</link>
                                    <description>En essai au volant de sa monoplace ce mercredi, Le septuple champion du monde a percuté les rails de sécurité du circuit de Catalogne. Sans gravité.</description>
                                <category>Formule 1</category>
                <pubDate>Wed, 29 Jan 2025 18:18:53 +0100</pubDate>

                                                            <media:content url="https://i.f1g.fr/media/cms/1716x965_crop/2025/01/29/c5cc6403711d7266092e0e6d72963531880bc06a3f8f5879ab064634682a7d78.jpg" width="1716" height="965">
                            <media:description type="plain">Lewis Hamilton.</media:description>
                            <media:credit>Jennifer Lorenzini / REUTERS</media:credit>
                        </media:content>
                                                </item>
                    <item>
                <guid>https://www.lefigaro.fr/sports/formule-1/f1-mission-accomplie-antonelli-mercedes-a-obtenu-son-permis-de-conduire-20250128</guid>
                <title>F1: «Mission accomplie», Antonelli (Mercedes) a obtenu son permis de conduire</title>
                                <link>https://www.lefigaro.fr/sports/formule-1/f1-mission-accomplie-antonelli-mercedes-a-obtenu-son-permis-de-conduire-20250128</link>
                                    <description>LE SCAN SPORT - Le pilote italien Andrea Kimi Antonelli, qui fera ses débuts en Formule&amp;#160;1 au volant d’une Mercedes cette année, vient tout juste d’obtenir son permis de conduire.</description>
                                <category>Formule 1</category>
                <pubDate>Tue, 28 Jan 2025 14:13:04 +0100</pubDate>

                                                            <media:content url="https://i.f1g.fr/media/cms/2850x1603_crop/2025/01/28/7e742bfd873ebdd5500fe581dfb7f1d6861d594b0c2180d0e2878b26cc92d0ca.jpg" width="2850" height="1603">
                            <media:description type="plain">Andrea Kimi Antonelli, 18 ans, va faire ses débuts en Formule 1 avec Mercedes.</media:description>
                            <media:credit>DPPI / PANORAMIC</media:credit>
                        </media:content>
                                                </item>
                    <item>
                <guid>https://www.lefigaro.fr/sports/formule-1/formule-1-je-ressens-beaucoup-de-pression-et-en-meme-temps-j-ai-hate-de-tenir-le-volant-confie-hadjar-a-quelques-semaines-du-debut-de-la-saison-20250128</guid>
                <title>«Avant, quand je roulais dans une Formule 1, je devais rendre la voiture après, là, c’était ma voiture», Hadjar raconte son entrée dans le grand monde</title>
                                <link>https://www.lefigaro.fr/sports/formule-1/formule-1-je-ressens-beaucoup-de-pression-et-en-meme-temps-j-ai-hate-de-tenir-le-volant-confie-hadjar-a-quelques-semaines-du-debut-de-la-saison-20250128</link>
                                    <description>À un mois et demi du début de la saison en Australie, Isack Hadjar a confié à nos confrères de l’Équipe son ressenti avant de se lancer dans le grand bain.</description>
                                <category>Formule 1</category>
                <pubDate>Tue, 28 Jan 2025 10:08:46 +0100</pubDate>

                                                            <media:content url="https://i.f1g.fr/media/cms/3000x2000_crop/2025/01/28/84246ea8f9dbc601513ec4254c82de79f45485d6aeccb5143dcb2a61e86fe636.jpg" width="3000" height="2000">
                            <media:description type="plain">Isack Hadjar va faire ses débuts en F1 en 2025.</media:description>
                            <media:credit>Xavi Bonilla / PANORAMIC</media:credit>
                        </media:content>
                                                </item>
                    <item>
                <guid>https://www.lefigaro.fr/sports/formule-1/formule-1-lewis-hamilton-a-roule-pour-la-premiere-fois-au-volant-d-une-ferrari-20250122</guid>
                <title>Formule 1 : Lewis Hamilton a roulé pour la première fois au volant d’une Ferrari</title>
                                <link>https://www.lefigaro.fr/sports/formule-1/formule-1-lewis-hamilton-a-roule-pour-la-premiere-fois-au-volant-d-une-ferrari-20250122</link>
                                    <description>Le Britannique a pris pour la première fois le volant d’une monoplace italienne sur la piste de Fiorano.</description>
                                <category>Formule 1</category>
                <pubDate>Wed, 22 Jan 2025 10:32:22 +0100</pubDate>

                                                            <media:content url="https://i.f1g.fr/media/cms/3000x1999_crop/2025/01/22/8878744f98843716feed5d8a7e15b6a59e566290cf3fe0cc98b403da1f609e41.jpg" width="3000" height="1999">
                            <media:description type="plain">Lewis Hamilton au volant de la Ferrari de 2023 à Fiorano.</media:description>
                            <media:credit>Formula One</media:credit>
                        </media:content>
                                                </item>
                    <item>
                <guid>https://www.lefigaro.fr/sports/formule-1/f40-a-maranello-elegance-italienne-une-premiere-photo-deja-iconique-de-lewis-hamilton-avec-ferrari-20250120</guid>
                <title>F40 à Maranello, élégance italienne, une première photo déjà iconique de Lewis Hamilton avec Ferrari</title>
                                <link>https://www.lefigaro.fr/sports/formule-1/f40-a-maranello-elegance-italienne-une-premiere-photo-deja-iconique-de-lewis-hamilton-avec-ferrari-20250120</link>
                                    <description>Au siège de Maranello, la Scuderia a mis en scène l’arrivée du septuple champion du monde qui effectuera ses premiers pas dans une monoplace italienne cette semaine.</description>
                                <category>Formule 1</category>
                <pubDate>Mon, 20 Jan 2025 16:45:57 +0100</pubDate>

                                                            <media:content url="https://i.f1g.fr/media/cms/orig/2025/01/20/b0dd3fe36a3467dfa4fab601ab0ad3e5f78763eba471e8cafd7ea305732654ee.jpg" width="2048" height="1152">
                            <media:description type="plain">Lewis Hamilton posant à Maranello devant une Ferrari F40.</media:description>
                            <media:credit>Scuderia Ferrari</media:credit>
                        </media:content>
                                                </item>
                    <item>
                <guid>https://www.lefigaro.fr/sports/formule-1/formule-1-je-ne-l-aurais-pas-signe-briatore-alpine-critique-l-arrivee-d-hamilton-chez-ferrari-20250114</guid>
                <title>Formule 1 : «Je ne l’aurais pas signé», Briatore (Alpine) critique l’arrivée d’Hamilton chez Ferrari</title>
                                <link>https://www.lefigaro.fr/sports/formule-1/formule-1-je-ne-l-aurais-pas-signe-briatore-alpine-critique-l-arrivee-d-hamilton-chez-ferrari-20250114</link>
                                    <description>Flavio Briatore, conseiller exécutif d’Alpine et ancien patron controversé de Renault F1, dit ne pas être convaincu par le choix de Ferrari de miser sur Lewis Hamilton.</description>
                                <category>Formule 1</category>
                <pubDate>Tue, 14 Jan 2025 10:56:28 +0100</pubDate>

                                                            <media:content url="https://i.f1g.fr/media/cms/1920x1080_crop/2025/01/14/01d9db09ce85f5cc09733acf08c023f0f6f258cd7467a557f0190215c9195d4b.jpg" width="1920" height="1080">
                            <media:description type="plain">Flavio Briatore et Lewis Hamilton</media:description>
                            <media:credit>DPPI / Panoramic / Eric Alonso / Motorsport Images / Zak Mauger</media:credit>
                        </media:content>
                                                </item>
                    <item>
                <guid>https://www.lefigaro.fr/sports/formule-1/formule-1-colapinto-nouveau-pilote-de-reserve-de-l-ecurie-alpine-20250109</guid>
                <title>Formule 1 : Colapinto, nouveau pilote de réserve de l'écurie Alpine</title>
                                <link>https://www.lefigaro.fr/sports/formule-1/formule-1-colapinto-nouveau-pilote-de-reserve-de-l-ecurie-alpine-20250109</link>
                                    <description>Le jeune pilote argentin quitte l’écurie Williams, avec laquelle il a disputé les neuf derniers Grands Prix de la saison 2024 en étant préféré à Logan Sargeant.</description>
                                <category>Formule 1</category>
                <pubDate>Thu, 09 Jan 2025 21:29:33 +0100</pubDate>

                                                            <media:content url="https://i.f1g.fr/media/cms/3000x2000_crop/2025/01/09/84c891856e81c6a256e5f28c02f82ec0301baa96a50f0d0a183f2f780f35fe84.jpg" width="3000" height="2000">
                            <media:description type="plain">Franco Colapinto rejoint Alpine.</media:description>
                            <media:credit>ANTONIN VINCENT / PANORAMIC</media:credit>
                        </media:content>
                                                </item>
                    <item>
                <guid>https://www.lefigaro.fr/sports/formule-1/f1-le-gp-de-belgique-se-poursuivra-jusqu-en-2031-20250108</guid>
                <title>F1 : le GP de Belgique se poursuivra jusqu’en 2031</title>
                                <link>https://www.lefigaro.fr/sports/formule-1/f1-le-gp-de-belgique-se-poursuivra-jusqu-en-2031-20250108</link>
                                    <description>Ce mercredi, la F1 a annoncé que la GP de Belgique aurait lieu jusqu’en 2031, mais une année sur deux à partir de 2027.</description>
                                <category>Formule 1</category>
                <pubDate>Wed, 08 Jan 2025 10:52:28 +0100</pubDate>

                                                            <media:content url="https://i.f1g.fr/media/cms/3000x2000_crop/2025/01/08/682e1d31ca493a8e2ff29190f0944fa7074ca76b67c404897226eb8c57886d80.jpg" width="3000" height="2000">
                            <media:description type="plain">Circuit de Spa.</media:description>
                            <media:credit>JOHN THYS / AFP</media:credit>
                        </media:content>
                                                </item>
                    <item>
                <guid>https://www.lefigaro.fr/sports/formule-1/formule-1-adidas-debarque-en-association-avec-mercedes-20250107</guid>
                <title>Formule 1 : Adidas débarque en s’associant avec Mercedes</title>
                                <link>https://www.lefigaro.fr/sports/formule-1/formule-1-adidas-debarque-en-association-avec-mercedes-20250107</link>
                                    <description>Dans un communiqué, Adidas annonce son entrée historique dans le monde de la Formule 1 dès 2025 en s’associant avec l’écurie Mercedes.</description>
                                <category>Formule 1</category>
                <pubDate>Tue, 07 Jan 2025 15:33:34 +0100</pubDate>

                                                            <media:content url="https://i.f1g.fr/media/cms/3000x2078_crop/2025/01/07/3cf4ce17553ba9a7644e22ca0aaeac92426bcf55b6b57a6ec230e41e8adfa6d1.jpg" width="3000" height="2078">
                            <media:description type="plain">Mercedes va s’associer à Adidas dès 2025.</media:description>
                            <media:credit>ANDREJ ISAKOVIC / AFP</media:credit>
                        </media:content>
                                                </item>
                    <item>
                <guid>https://www.lefigaro.fr/sports/formule-1/renault-m-a-toujours-trahi-la-f1-et-la-france-font-sens-c-est-un-petit-terrier-qui-jappe-les-phrases-fortes-de-l-annee-de-formule-1-20241231</guid>
                <title>«Renault m’a toujours trahi», «La F1 et la France font sens», «C’est un petit terrier qui jappe»... Les phrases fortes de l’année de Formule 1</title>
                                <link>https://www.lefigaro.fr/sports/formule-1/renault-m-a-toujours-trahi-la-f1-et-la-france-font-sens-c-est-un-petit-terrier-qui-jappe-les-phrases-fortes-de-l-annee-de-formule-1-20241231</link>
                                    <description>Clashes, règlements de comptes entre pilotes, promesses et hommages... retrouvez les petites phrases qui ont fait grand bruit dans le milieu de la Formule 1 cette année.</description>
                                <category>Formule 1</category>
                <pubDate>Tue, 31 Dec 2024 07:10:00 +0100</pubDate>

                                                            <media:content url="https://i.f1g.fr/media/cms/1920x1080_crop/2024/12/23/4de89b95506559645cedb11ce5f8bf682ba505690eb9a159f9705bcc11698f67.jpg" width="1920" height="1080">
                            <media:description type="plain">Alain Prost, Stefano Domenicali et Max Verstappen.</media:description>
                            <media:credit>NurPhoto via AFP / JAKUB PORZYCKI / DPPI via AFP / ERIC ALONSO / AFP / GIUSEPPE CACACE</media:credit>
                        </media:content>
                                                </item>
                    <item>
                <guid>https://www.lefigaro.fr/sports/formule-1/le-plus-beau-titre-mondial-de-verstappen-les-errements-d-alpine-la-fia-qui-chasse-les-jurons-les-tops-et-flops-de-l-annee-2024-en-formule-1-20241229</guid>
                <title>Le plus beau titre mondial de Verstappen, les errements d’Alpine, la FIA qui chasse les jurons... les tops et flops de l’année 2024 en Formule 1</title>
                                <link>https://www.lefigaro.fr/sports/formule-1/le-plus-beau-titre-mondial-de-verstappen-les-errements-d-alpine-la-fia-qui-chasse-les-jurons-les-tops-et-flops-de-l-annee-2024-en-formule-1-20241229</link>
                                    <description>Retrouvez ce qui a plu et moins plu à la rédaction à l’issue d’une intense et indécise saison de Formule 1 couronnant une nouvelle fois le roi Max Verstappen.</description>
                                <category>Formule 1</category>
                <pubDate>Sun, 29 Dec 2024 07:12:00 +0100</pubDate>

                            </item>
                    <item>
                <guid>https://www.lefigaro.fr/sports/formule-1/formule-1-lewis-hamilton-veut-parler-italien-pour-faciliter-son-adaptation-20241224</guid>
                <title>Formule 1 : Lewis Hamilton veut parler italien pour faciliter son adaptation</title>
                                <link>https://www.lefigaro.fr/sports/formule-1/formule-1-lewis-hamilton-veut-parler-italien-pour-faciliter-son-adaptation-20241224</link>
                                    <description>Le pilote britannique, recruté par la Scuderia, s’est mis à l’Italien pour bien s’intégrer au sein de la nouvelle équipe.</description>
                                <category>Formule 1</category>
                <pubDate>Tue, 24 Dec 2024 16:10:18 +0100</pubDate>

                                                            <media:content url="https://i.f1g.fr/media/cms/3000x2013_crop/2024/12/24/13d1ce5d7992bb9a928ce14278d4e8fa15525a825fa424af36a1f84d52d941a1.jpg" width="3000" height="2013">
                            <media:description type="plain">Lewis Hamilton à Kuala Lumpur lors d’un événement avec Mercedes.</media:description>
                            <media:credit>Hasnoor Hussain / REUTERS</media:credit>
                        </media:content>
                                                </item>
                    <item>
                <guid>https://www.lefigaro.fr/sports/formule-1/formule-1-bonne-nouvelle-pour-la-france-isack-hadjar-pilotera-chez-racing-bulls-en-2025-20241220</guid>
                <title>Formule 1: bonne nouvelle pour la France, «Le Petit Prost» Isack Hadjar, pilotera chez Racing Bulls en 2025</title>
                                <link>https://www.lefigaro.fr/sports/formule-1/formule-1-bonne-nouvelle-pour-la-france-isack-hadjar-pilotera-chez-racing-bulls-en-2025-20241220</link>
                                    <description>Le Français, âgé de 20 ans, sera présent en Formule 1 la saison prochaine chez Racing Bulls.</description>
                                <category>Formule 1</category>
                <pubDate>Fri, 20 Dec 2024 12:07:45 +0100</pubDate>

                                                            <media:content url="https://i.f1g.fr/media/cms/3000x2000_crop/2024/12/20/2093fcccb9bdb4e9689c4317728328cd0d451f2e11c6986e9b1fcfb3e580b9c0.jpg" width="3000" height="2000">
                            <media:description type="plain">Isack Hadjar</media:description>
                            <media:credit>Eric Alonso / PANORAMIC</media:credit>
                        </media:content>
                                                </item>
                    <item>
                <guid>https://www.lefigaro.fr/sports/formule-1/formule-1-valtteri-bottas-de-retour-chez-mercedes-en-tant-que-pilote-de-reserve-20241219</guid>
                <title>Formule 1 : Valtteri Bottas de retour chez Mercedes en tant que pilote de réserve</title>
                                <link>https://www.lefigaro.fr/sports/formule-1/formule-1-valtteri-bottas-de-retour-chez-mercedes-en-tant-que-pilote-de-reserve-20241219</link>
                                    <description>Mercedes a annoncé ce jeudi le retour de son ancien pilote pour la saison 2025.</description>
                                <category>Formule 1</category>
                <pubDate>Thu, 19 Dec 2024 15:05:27 +0100</pubDate>

                                                            <media:content url="https://i.f1g.fr/media/cms/3000x2005_crop/2024/12/19/699e769a6f52929e0945efbf5956c058e5ade1ebcb0745d5bf799d11eef0c1fe.jpg" width="3000" height="2005">
                            <media:description type="plain">Valtteri Bottas.</media:description>
                            <media:credit>JAKUB PORZYCKI / REUTERS</media:credit>
                        </media:content>
                                                </item>
                    <item>
                <guid>https://www.lefigaro.fr/sports/formule-1/formule-1-liam-lawson-succede-a-sergio-perez-chez-red-bull-20241219</guid>
                <title>Formule 1 : Liam Lawson succède à Sergio Pérez chez Red Bull</title>
                                <link>https://www.lefigaro.fr/sports/formule-1/formule-1-liam-lawson-succede-a-sergio-perez-chez-red-bull-20241219</link>
                                    <description>Le Néo-Zélandais Liam Lawson remplace Sergio Pérez au sein de l’écurie Red Bull pour la saison 2025.</description>
                                <category>Formule 1</category>
                <pubDate>Thu, 19 Dec 2024 10:40:14 +0100</pubDate>

                                                            <media:content url="https://i.f1g.fr/media/cms/3000x2165_crop/2024/12/19/3d490aa18f1452e63f830e57126cc1516f2b47a0725fd96a38bf8cb75e44c4db.jpg" width="3000" height="2165">
                            <media:description type="plain">Liam Lawson.</media:description>
                            <media:credit>Hamad I Mohammed / REUTERS</media:credit>
                        </media:content>
                                                </item>
                    <item>
                <guid>https://www.lefigaro.fr/sports/formule-1/formule-1-red-bull-officialise-le-depart-du-mexicain-sergio-perez-20241218</guid>
                <title>Formule 1 : Red Bull officialise le départ du Mexicain Sergio Pérez</title>
                                <link>https://www.lefigaro.fr/sports/formule-1/formule-1-red-bull-officialise-le-depart-du-mexicain-sergio-perez-20241218</link>
                                    <description>Le pilote mexicain avait remporté cinq victoires en Grand Prix en quatre saisons.</description>
                                <category>Formule 1</category>
                <pubDate>Wed, 18 Dec 2024 18:39:44 +0100</pubDate>

                                                            <media:content url="https://i.f1g.fr/media/cms/2986x1679_crop/2024/12/18/7fd05a0d7f60f7adb13056268f95221fc8e684e701a5f3bc5370ef268efed49a.jpg" width="2986" height="1679">
                            <media:description type="plain">Sergio Pérez au Grand Prix d’Abou Dabi.</media:description>
                            <media:credit>Hamad I Mohammed / REUTERS</media:credit>
                        </media:content>
                                                </item>
                    <item>
                <guid>https://www.lefigaro.fr/sports/formule-1/formule-1-le-rwanda-se-porte-officiellement-candidat-a-l-organisation-d-un-grand-prix-20241213</guid>
                <title>Formule 1 : le Rwanda se porte officiellement candidat à l'organisation d'un Grand Prix</title>
                                <link>https://www.lefigaro.fr/sports/formule-1/formule-1-le-rwanda-se-porte-officiellement-candidat-a-l-organisation-d-un-grand-prix-20241213</link>
                                    <description>Le président Paul Kagame l’a annoncé ce vendredi lors d’un congrès organisé au Rwanda par la FIA.</description>
                                <category>Formule 1</category>
                <pubDate>Fri, 13 Dec 2024 12:41:58 +0100</pubDate>

                                                            <media:content url="https://i.f1g.fr/media/cms/3000x2001_crop/2024/12/13/6c2429b877dcd0c7b3c7af27f43e52fdc951ff7012b39bf9fbc6d94356a8855b.jpg" width="3000" height="2001">
                            <media:description type="plain">Le président du Rwanda Paul Kagame ce vendredi.</media:description>
                            <media:credit>Jean Bizimana / REUTERS</media:credit>
                        </media:content>
                                                </item>
            </channel>
</rss>
