<?xml version="1.0" encoding="UTF-8"?>
<rss version="2.0" xmlns:atom="http://www.w3.org/2005/Atom" xmlns:media="http://search.yahoo.com/mrss/">
    <channel>
        <atom:link href="https://www.lefigaro.fr/rss/figaro_cyclisme.xml" rel="self" type="application/rss+xml"/>
        <category>Cyclisme</category>
        <title>Le Figaro - Cyclisme : Actualité du cyclisme et du Tour de France</title>
        <description>Cyclisme : Retrouvez toute l&#039;actualité du vélo et de la Grande Boucle avec Le Figaro</description>
        <link>https://www.lefigaro.fr</link>
        <language>fr</language>
        <copyright>Droits de reproduction et de diffusion réservés LeFigaro.fr</copyright>
        <lastBuildDate>Mon, 10 Feb 2025 13:31:36 +0100</lastBuildDate>
        <docs>https://www.lefigaro.fr/rss</docs>
        <image>
            <title>Le Figaro - Cyclisme : Actualité du cyclisme et du Tour de France</title>
            <url>https://static.lefigaro.fr/common/logos/logo-150x150.png</url>
            <link>https://www.lefigaro.fr</link>
            <description>Cyclisme : Retrouvez toute l&#039;actualité du vélo et de la Grande Boucle avec Le Figaro</description>
        </image>

                    <item>
                <guid>https://www.lefigaro.fr/sports/cyclisme/cyclisme-kevin-vauquelin-remporte-le-dernier-chrono-et-le-classement-general-de-l-etoile-de-besseges-20250209</guid>
                <title>Cyclisme : Kévin Vauquelin remporte le dernier chrono et le classement général de l’Etoile de Bessèges</title>
                                <link>https://www.lefigaro.fr/sports/cyclisme/cyclisme-kevin-vauquelin-remporte-le-dernier-chrono-et-le-classement-general-de-l-etoile-de-besseges-20250209</link>
                                    <description>Kévin Vauquelin a remporté le chrono final de l’Etoile de Bessèges qui avait lieu ce dimanche à Alès. Le Français fait coup double en remportant également le classement général de la course.</description>
                                <category>Cyclisme</category>
                <pubDate>Sun, 09 Feb 2025 16:17:53 +0100</pubDate>

                                                            <media:content url="https://i.f1g.fr/media/cms/2262x1508_crop/2025/02/09/60d825d6cb8c34b673ca055a6578d60675d757417d919609802dae4046c2dc54.jpg" width="2262" height="1508">
                            <media:description type="plain">Kévin Vauquelin a fait coup double en remportant la dernière étape et le classement général de l’Etoile de Bessèges. </media:description>
                            <media:credit>THOMAS SAMSON / AFP</media:credit>
                        </media:content>
                                                </item>
                    <item>
                <guid>https://www.lefigaro.fr/sports/cyclisme/cyclisme-benjamin-thomas-ne-disputera-pas-le-chrono-final-de-l-etoile-de-besseges-20250209</guid>
                <title>Cyclisme : Benjamin Thomas ne disputera pas le chrono final de l’Etoile de Bessèges</title>
                                <link>https://www.lefigaro.fr/sports/cyclisme/cyclisme-benjamin-thomas-ne-disputera-pas-le-chrono-final-de-l-etoile-de-besseges-20250209</link>
                                    <description>Malade, Benjamin Thomas ne prendra pas le départ dimanche de la 5e et dernière étape de l’Etoile de Bessèges à Alès. C’est son équipe Cofidis qui l’a annoncé sur son compte X. Le champion olympique de l’omnium, vainqueur de la course en 2022, était 13e du classement général.</description>
                                <category>Cyclisme</category>
                <pubDate>Sun, 09 Feb 2025 14:22:24 +0100</pubDate>

                                                            <media:content url="https://i.f1g.fr/media/cms/3000x2000_crop/2025/02/09/e7aba52b7c1dff1b5e741c5882d1026dac0600d6857014630d11e23d1c783aca.jpg" width="3000" height="2000">
                            <media:description type="plain">Benjamin Thomas ne prendra pas le départ de la dernière étape de l’Etoile de Bessèges. </media:description>
                            <media:credit>LUCA BETTINI / AFP</media:credit>
                        </media:content>
                                                </item>
                    <item>
                <guid>https://www.lefigaro.fr/sports/cyclisme/tour-d-oman-le-belge-louis-vervaeke-remporte-la-2e-etape-et-prend-la-tete-du-general-20250209</guid>
                <title>Tour d’Oman : le Belge Louis Vervaeke remporte la 2e étape et prend la tête du général</title>
                                <link>https://www.lefigaro.fr/sports/cyclisme/tour-d-oman-le-belge-louis-vervaeke-remporte-la-2e-etape-et-prend-la-tete-du-general-20250209</link>
                                    <description>Louis Vervaeke a gagné ce dimanche sa première victoire professionnelle lors de la 2e étape du Tour d’Oman. Le Belge profite de sa victoire pour prendre le maillot de leader devant son coéquipier Valentin Paret-Peintre et Sean Flynn.</description>
                                <category>Cyclisme</category>
                <pubDate>Sun, 09 Feb 2025 14:21:12 +0100</pubDate>

                                                            <media:content url="https://i.f1g.fr/media/cms/2583x1722_crop/2025/02/09/6bf408feb31933206949a1d1a78c92b9c7957a27283226aaacd67ac553e2658b.jpg" width="2583" height="1722">
                            <media:description type="plain">Louis Vervaeke a remporté la deuxième étape du Tour d’Oman dimanche. </media:description>
                            <media:credit>THOMAS SAMSON / AFP</media:credit>
                        </media:content>
                                                </item>
                    <item>
                <guid>https://www.lefigaro.fr/sports/cyclisme/cyclisme-kevin-vauquelin-gagne-la-4e-etape-de-l-etoile-de-besseges-et-prend-la-tete-du-general-20250208</guid>
                <title>Cyclisme : Kévin Vauquelin gagne la 4e étape de l’Etoile de Bessèges et prend la tête du général</title>
                                <link>https://www.lefigaro.fr/sports/cyclisme/cyclisme-kevin-vauquelin-gagne-la-4e-etape-de-l-etoile-de-besseges-et-prend-la-tete-du-general-20250208</link>
                                    <description>Kévin Vauquelin a remporté la 4e étape de l’Etoile de Bessèges qui se terminait en haut du Mont Bouquet. Le coureur français fait coup double et prend la tête du classement général à la veille de l’arrivée de la course.</description>
                                <category>Cyclisme</category>
                <pubDate>Sat, 08 Feb 2025 17:02:29 +0100</pubDate>

                                                            <media:content url="https://i.f1g.fr/media/cms/3000x2001_crop/2025/02/08/85a4cb948f245b373bc960cff7e9cd777843091ee1bb6abe69b1be99aa248e7b.jpg" width="3000" height="2001">
                            <media:description type="plain">Kévin Vauquelin a remporté la 4e étape de l’Etoile de Bessèges. </media:description>
                            <media:credit>MARCO BERTORELLO / AFP</media:credit>
                        </media:content>
                                                </item>
                    <item>
                <guid>https://www.lefigaro.fr/sports/cyclisme/tour-d-oman-le-neerlandais-olav-kooij-remporte-la-1re-etape-20250208</guid>
                <title>Tour d'Oman : le Néerlandais Olav Kooij remporte la 1re étape</title>
                                <link>https://www.lefigaro.fr/sports/cyclisme/tour-d-oman-le-neerlandais-olav-kooij-remporte-la-1re-etape-20250208</link>
                                    <description>Olav Kooij a remporté au sprint la première étape du Tour d’Oman samedi. Le Néerlandais a devancé le Tchèque Bittner et le Norvégien Blikra.</description>
                                <category>Cyclisme</category>
                <pubDate>Sat, 08 Feb 2025 13:53:12 +0100</pubDate>

                                                            <media:content url="https://i.f1g.fr/media/cms/2001x3000_crop/2025/02/08/30763faa5cb959dd7b55fec7ce732ba2e4a82c7aa64ed24e721dd04f5e62b634.jpg" width="2001" height="3000">
                            <media:description type="plain">Olav Kooij a remporté la 1ere étape du Tour d’Oman. </media:description>
                            <media:credit>LUCA BETTINI / AFP</media:credit>
                        </media:content>
                                                </item>
                    <item>
                <guid>https://www.lefigaro.fr/sports/cyclisme/cyclisme-arnaud-de-lie-gagne-la-3e-etape-du-tour-de-besseges-et-devient-leader-du-general-20250207</guid>
                <title>Cyclisme : Arnaud De Lie gagne la 3e étape du Tour de Bessèges et devient leader du général</title>
                                <link>https://www.lefigaro.fr/sports/cyclisme/cyclisme-arnaud-de-lie-gagne-la-3e-etape-du-tour-de-besseges-et-devient-leader-du-general-20250207</link>
                                    <description>Arnaud De Lie (Lotto) a remporté vendredi la troisième étape de l’Étoile de Bessèges marquée par l’abandon de huit équipes à la suite d’une nouvelle intrusion d’un véhicule sur le parcours. Le Belge fait coup double et devient leader du classement général de la course.</description>
                                <category>Cyclisme</category>
                <pubDate>Fri, 07 Feb 2025 17:26:30 +0100</pubDate>

                                                            <media:content url="https://i.f1g.fr/media/cms/2940x1960_crop/2025/02/07/8156f9e7eb0417563c5091e5c2994fad279ec464d7f90d2f7c182886c4db59ff.jpg" width="2940" height="1960">
                            <media:description type="plain">Arnaud de Lie a remporté la 3e étape de l’Etoile de Bessèges. </media:description>
                            <media:credit>DAVID PINTENS / AFP</media:credit>
                        </media:content>
                                                </item>
                    <item>
                <guid>https://www.lefigaro.fr/sports/cyclisme/cyclisme-nouvelle-intrusion-de-voiture-sur-le-parcours-plusieurs-equipes-se-retirent-de-l-etoile-de-besseges-20250207</guid>
                <title>Cyclisme : nouvelle intrusion de voiture sur le parcours, plusieurs équipes se retirent de l'Étoile de Bessèges</title>
                                <link>https://www.lefigaro.fr/sports/cyclisme/cyclisme-nouvelle-intrusion-de-voiture-sur-le-parcours-plusieurs-equipes-se-retirent-de-l-etoile-de-besseges-20250207</link>
                                    <description>Une intrusion de voiture à contresens sur le parcours a agité la troisième étape de la course française.</description>
                                <category>Cyclisme</category>
                <pubDate>Fri, 07 Feb 2025 14:45:37 +0100</pubDate>

                                                            <media:content url="https://i.f1g.fr/media/cms/3000x2000_crop/2025/02/07/dbfda3e6e8241c65ba026cd69d3f45a8374f9ecf09d1bac44ff4b857577000e2.jpg" width="3000" height="2000">
                            <media:description type="plain">L’Étoile de Bessèges.</media:description>
                            <media:credit>SYLVAIN THOMAS / AFP</media:credit>
                        </media:content>
                                                </item>
                    <item>
                <guid>https://www.lefigaro.fr/sports/cyclisme/cyclisme-van-gils-abandonne-a-etoile-de-besseges-cause-d-une-voiture-sur-le-parcours-20250206</guid>
                <title>Cyclisme : Van Gils abandonne l’Etoile de Bessèges à cause d'une voiture sur le parcours</title>
                                <link>https://www.lefigaro.fr/sports/cyclisme/cyclisme-van-gils-abandonne-a-etoile-de-besseges-cause-d-une-voiture-sur-le-parcours-20250206</link>
                                    <description>Le Belge Maxim Van Gils (Red Bull-Bora Hansgrohe) a abandonné l’Etoile de Bessèges jeudi pendant la 2e étape remportée par le Norvégien Soren Waerenskjold «à cause d’une voiture rentrée sur le parcours», a annoncé son équipe sur les réseaux sociaux.</description>
                                <category>Cyclisme</category>
                <pubDate>Thu, 06 Feb 2025 22:22:53 +0100</pubDate>

                                                            <media:content url="https://i.f1g.fr/media/cms/3000x2000_crop/2025/02/06/71d80044c9d8d632de75305fc8744317d51276aa29702bb5e1d0742970f4427b.jpg" width="3000" height="2000">
                            <media:description type="plain">Maxim Van Gils</media:description>
                            <media:credit>THOMAS SAMSON / AFP</media:credit>
                        </media:content>
                                                </item>
                    <item>
                <guid>https://www.lefigaro.fr/sports/cyclisme/cyclisme-premiere-victoire-pour-bernal-depuis-son-accident-en-2022-20250206</guid>
                <title>Cyclisme : première victoire pour Bernal depuis son accident en 2022</title>
                                <link>https://www.lefigaro.fr/sports/cyclisme/cyclisme-premiere-victoire-pour-bernal-depuis-son-accident-en-2022-20250206</link>
                                    <description>Egan Bernal, le vainqueur du Tour de France 2019, a remporté sa première victoire depuis son terrible accident en 2022 en devenant champion de Colombie du contre-la-montre jeudi à Bucaramanga.</description>
                                <category>Cyclisme</category>
                <pubDate>Thu, 06 Feb 2025 19:34:26 +0100</pubDate>

                                                            <media:content url="https://i.f1g.fr/media/cms/3000x2000_crop/2025/02/06/6ae5ee8e36c733b05af300fc97fed766e5bf88d83e14c710943de710488dcb6a.jpg" width="3000" height="2000">
                            <media:description type="plain">Egan Bernal</media:description>
                            <media:credit>ANNE-CHRISTINE POUJOULAT / AFP</media:credit>
                        </media:content>
                                                </item>
                    <item>
                <guid>https://www.lefigaro.fr/sports/cyclisme/cyclisme-santiago-buitrago-remporte-la-2e-etape-du-tour-de-valence-vacek-reste-leader-du-general-20250206</guid>
                <title>Cyclisme : Santiago Buitrago remporte la 2e étape du Tour de Valence, Vacek reste leader du général</title>
                                <link>https://www.lefigaro.fr/sports/cyclisme/cyclisme-santiago-buitrago-remporte-la-2e-etape-du-tour-de-valence-vacek-reste-leader-du-general-20250206</link>
                                    <description>Le Colombien Santiago Buitrago a remporté la 2e étape du Tour de Valence ce jeudi. Le Tchèque Mathias Vacek conserve son maillot de leader.</description>
                                <category>Cyclisme</category>
                <pubDate>Thu, 06 Feb 2025 17:45:38 +0100</pubDate>

                                                            <media:content url="https://i.f1g.fr/media/cms/2596x1731_crop/2025/02/06/7c37b3b3818d876f95d293552234082adf10bda8123e169081f1af9aa4411ed6.jpg" width="2596" height="1731">
                            <media:description type="plain">Santiago Buitrago a remporté la 2e étape du Tour de Valence. </media:description>
                            <media:credit>MARCO BERTORELLO / AFP</media:credit>
                        </media:content>
                                                </item>
                    <item>
                <guid>https://www.lefigaro.fr/sports/cyclisme/etoile-de-besseges-le-norvegien-waerenskjold-remporte-la-deuxieme-etape-magnier-reste-leader-du-general-20250206</guid>
                <title>Étoile de Bessèges: le Norvégien Waerenskjold remporte la deuxième étape, Magnier reste leader du général</title>
                                <link>https://www.lefigaro.fr/sports/cyclisme/etoile-de-besseges-le-norvegien-waerenskjold-remporte-la-deuxieme-etape-magnier-reste-leader-du-general-20250206</link>
                                    <description>Le Norvégien Soren Waerenskjold (Uno-X Mobility) a remporté jeudi la deuxième étape de l’Etoile de Bessèges devant les Français Arnaud Démare et Paul Magnier. Celui-ci reste leader du classement général.</description>
                                <category>Cyclisme</category>
                <pubDate>Thu, 06 Feb 2025 16:58:05 +0100</pubDate>

                                                            <media:content url="https://i.f1g.fr/media/cms/3000x2000_crop/2025/02/06/5770aa68a48dbcdcd17e48825f2e52c8a4756c0ca6c920dce4ac2817ba82b1c5.jpg" width="3000" height="2000">
                            <media:description type="plain">Soren Waerenskjold a remporté la deuxième étape de l’Etoile de Bessèges. </media:description>
                            <media:credit>MARCO BERTORELLO / AFP</media:credit>
                        </media:content>
                                                </item>
                    <item>
                <guid>https://www.lefigaro.fr/sports/cyclisme/cyclisme-l-equipe-lidl-trek-remporte-le-chrono-par-equipes-inaugural-du-tour-de-valence-20250205</guid>
                <title>Cyclisme : l’équipe Lidl-Trek remporte le chrono par équipes inaugural du Tour de Valence</title>
                                <link>https://www.lefigaro.fr/sports/cyclisme/cyclisme-l-equipe-lidl-trek-remporte-le-chrono-par-equipes-inaugural-du-tour-de-valence-20250205</link>
                                    <description>L’équipe Lidl-Trek a remporté le chrono inaugural du Tour de Valence ce mercredi. Le Tchèque Mathias Vacek prend le maillot de leader de la course.</description>
                                <category>Cyclisme</category>
                <pubDate>Wed, 05 Feb 2025 18:22:02 +0100</pubDate>

                                                            <media:content url="https://i.f1g.fr/media/cms/2001x3000_crop/2025/02/05/5770375607da08c92296a5b87a7f44c3230763365c7c0b9ae91f742cb653abc2.jpg" width="2001" height="3000">
                            <media:description type="plain">Mathias Vacek prend le maillot de leader du Tour de Valence. </media:description>
                            <media:credit>GUILLAUME SOUVANT / AFP</media:credit>
                        </media:content>
                                                </item>
                    <item>
                <guid>https://www.lefigaro.fr/sports/cyclisme/cyclisme-recherche-par-la-police-apres-sa-disparition-en-espagne-oscar-freire-s-etait-volontairement-absente-durant-deux-jours-20250205</guid>
                <title>Cyclisme : recherché par la police après sa disparition en Espagne, Oscar Freire s’était volontairement absenté... durant deux jours</title>
                                <link>https://www.lefigaro.fr/sports/cyclisme/cyclisme-recherche-par-la-police-apres-sa-disparition-en-espagne-oscar-freire-s-etait-volontairement-absente-durant-deux-jours-20250205</link>
                                    <description>LE SCAN SPORT - L’ancien coureur cycliste espagnol avait disparu ce mardi 4 février et sa famille avait déposé plainte. L’ex-champion du monde, localisé ce mercredi, s’était simplement absenté sans ses affaires personnelles.</description>
                                <category>Cyclisme</category>
                <pubDate>Wed, 05 Feb 2025 17:58:48 +0100</pubDate>

                                                            <media:content url="https://i.f1g.fr/media/cms/2850x1603_crop/2025/02/05/4ac2d8cc08b1aab56bb73cc1857b5c6f078bafb9f98e5c15f231045d0737adb3.jpg" width="2850" height="1603">
                            <media:description type="plain">Oscar Freire. </media:description>
                            <media:credit>LOIC VENANCE / AFP</media:credit>
                        </media:content>
                                                </item>
                    <item>
                <guid>https://www.lefigaro.fr/sports/cyclisme/etoile-de-besseges-le-francais-paul-magnier-remporte-la-premiere-etape-20250205</guid>
                <title>Étoile de Bessèges : le Français Paul Magnier remporte la première étape</title>
                                <link>https://www.lefigaro.fr/sports/cyclisme/etoile-de-besseges-le-francais-paul-magnier-remporte-la-premiere-etape-20250205</link>
                                    <description>Le Français Paul Magnier a gagné ce mercredi la première étape de l’Etoile de Bessèges cycliste disputé autour de Bellegarde dans le Gard. Le jeune coureur de 20 ans prend logiquement le maillot de leader de l’épreuve.</description>
                                <category>Cyclisme</category>
                <pubDate>Wed, 05 Feb 2025 17:33:12 +0100</pubDate>

                                                            <media:content url="https://i.f1g.fr/media/cms/3000x2000_crop/2025/02/05/d2c38eca075a7bbc7c31bedf4b3762ef11bd4d8a387a46bb8f8986d7ab46ff0f.jpg" width="3000" height="2000">
                            <media:description type="plain">Paul Magnier a remporté la première étape de l’Etoile de Bessèges mercredi. </media:description>
                            <media:credit>ANNE-CHRISTINE POUJOULAT / AFP</media:credit>
                        </media:content>
                                                </item>
                    <item>
                <guid>https://www.lefigaro.fr/sports/cyclisme/tour-de-france/tour-de-france-on-sait-que-c-est-de-plus-en-plus-complique-pour-les-collectivites-locales-prudhomme-rassure-les-elus-bretons-20250205</guid>
                <title>Tour de France : «On sait que c’est de plus en plus compliqué pour les collectivités locales», Prudhomme rassure les élus bretons</title>
                                <link>https://www.lefigaro.fr/sports/cyclisme/tour-de-france/tour-de-france-on-sait-que-c-est-de-plus-en-plus-complique-pour-les-collectivites-locales-prudhomme-rassure-les-elus-bretons-20250205</link>
                                    <description>Le directeur du Tour de France a tenu à apaiser l’inquiétude entourant, pour des raisons budgétaires, la 7e étape de la Grande Boucle.</description>
                                <category>Tour de France</category>
                <pubDate>Wed, 05 Feb 2025 08:56:23 +0100</pubDate>

                                                            <media:content url="https://i.f1g.fr/media/cms/3000x2129_crop/2025/02/05/c0c18abeadb1bf0c3f83710995e670965b93b5cc261ddbb555f61088487b48ef.jpg" width="3000" height="2129">
                            <media:description type="plain">Christian Prudhomme.</media:description>
                            <media:credit>JULIEN DE ROSA / AFP</media:credit>
                        </media:content>
                                                </item>
                    <item>
                <guid>https://www.lefigaro.fr/sports/cyclisme/mondial-de-cyclo-cross-seul-au-monde-mathieu-van-der-poel-decroche-un-septieme-sacre-devant-van-aert-a-lievin-20250202</guid>
                <title>Mondial de cyclo-cross : seul au monde, Mathieu van der Poel décroche un septième sacre devant van Aert à Liévin</title>
                                <link>https://www.lefigaro.fr/sports/cyclisme/mondial-de-cyclo-cross-seul-au-monde-mathieu-van-der-poel-decroche-un-septieme-sacre-devant-van-aert-a-lievin-20250202</link>
                                    <description>Pour le retour du championnat du monde de cyclo-cross en France à Liévin, Mathieu van der Poel a écrasé la concurrence pour s’offrir le septième sacre de sa carrière et entrer dans l’histoire.</description>
                                <category>Cyclisme</category>
                <pubDate>Sun, 02 Feb 2025 16:58:36 +0100</pubDate>

                                                            <media:content url="https://i.f1g.fr/media/cms/3000x1999_crop/2025/02/02/34686267a98e6fd46f4b9bdf2837162fc3f70ae5d0c1e7a4e36c05e760a21fb1.jpg" width="3000" height="1999">
                            <media:description type="plain">Mathieu van der Poel seul au monde. </media:description>
                            <media:credit>LUC CLAESSEN / AFP</media:credit>
                        </media:content>
                                                </item>
                    <item>
                <guid>https://www.lefigaro.fr/sports/cyclisme/en-direct-cyclo-cross-suivez-le-duel-van-der-poel-van-aert-pour-le-mondial-en-france-20250202</guid>
                <title>Cyclo-cross : revivez le Mondial en France remporté par van der Poel</title>
                                <link>https://www.lefigaro.fr/sports/cyclisme/en-direct-cyclo-cross-suivez-le-duel-van-der-poel-van-aert-pour-le-mondial-en-france-20250202</link>
                                    <description>Les championnats du monde de cyclo-cross font leur retour en France à Liévin. Pour l’occasion, Mathieu van Der Poel a décroché un septième sacre historique face à son rival de toujours Wout van Aert.</description>
                                <category>Cyclisme</category>
                <pubDate>Sun, 02 Feb 2025 16:15:42 +0100</pubDate>

                                                            <media:content url="https://i.f1g.fr/media/cms/3000x1999_crop/2025/02/02/a2807b2bda1cc2fdc75e51c90fb598e6ff1eda3260c6c24d92e37e5bc02a843f.jpg" width="3000" height="1999">
                            <media:description type="plain">Mathieu van der Poel a fait le travail. </media:description>
                            <media:credit>LUC CLAESSEN / AFP</media:credit>
                        </media:content>
                                                </item>
                    <item>
                <guid>https://www.lefigaro.fr/sports/cyclisme/cyclo-cross-chaines-duel-van-der-poel-van-aert-conditions-dantesques-5-questions-avant-le-mondial-en-france-20250202</guid>
                <title>Cyclo-cross : chaînes, duel van der Poel-van Aert, conditions dantesques... 5 questions avant le mondial en France</title>
                                <link>https://www.lefigaro.fr/sports/cyclisme/cyclo-cross-chaines-duel-van-der-poel-van-aert-conditions-dantesques-5-questions-avant-le-mondial-en-france-20250202</link>
                                    <description>Les championnats du monde de cyclo-cross font leur retour en France. Pour l’occasion, Mathieu van Der Poel double tenant du titre remet sa couronne en jeu et vise un septième sacre historique face à son rival de toujours Wout van Aert.</description>
                                <category>Cyclisme</category>
                <pubDate>Sun, 02 Feb 2025 07:30:00 +0100</pubDate>

                                                            <media:content url="https://i.f1g.fr/media/cms/1920x1080_crop/2025/02/01/66718bf5fb3622d669af00d791a31f0642fa0298e9ebbb5dc5ebe2bd1bba7ed5.jpg" width="1920" height="1080">
                            <media:description type="plain">Choc de titans à venir à Liévin entre Mathieu van der Poel et Wout van Aert. </media:description>
                            <media:credit>AFP / LUC CLAESSEN / AFP / LUC CLAESSEN</media:credit>
                        </media:content>
                                                </item>
                    <item>
                <guid>https://www.lefigaro.fr/sports/cyclisme/cyclisme-pidcock-remporte-le-al-ula-tour-en-arabie-saoudite-20250201</guid>
                <title>Cyclisme: Pidcock remporte le Al-Ula Tour en Arabie saoudite</title>
                                <link>https://www.lefigaro.fr/sports/cyclisme/cyclisme-pidcock-remporte-le-al-ula-tour-en-arabie-saoudite-20250201</link>
                                    <description>Tom Pidcock (Q36.5) a remporté samedi sa première course à étapes en s’imposant dans le Al-Ula Tour au terme de la cinquième et dernière étape enlevée au sprint par son coéquipier Matteo Moschetti.</description>
                                <category>Cyclisme</category>
                <pubDate>Sat, 01 Feb 2025 15:18:12 +0100</pubDate>

                                                            <media:content url="https://i.f1g.fr/media/cms/3000x2000_crop/2025/02/01/67c92e30e4073a4e8d5c4be2dc2a69b519fff29a730b6e5e6f638ba0d673c4a5.jpg" width="3000" height="2000">
                            <media:description type="plain">Pidcock, vainqueur. </media:description>
                            <media:credit>LOIC VENANCE / AFP</media:credit>
                        </media:content>
                                                </item>
                    <item>
                <guid>https://www.lefigaro.fr/sports/cyclisme/cyclisme-paul-lapeira-un-champion-de-france-ambitieux-20250201</guid>
                <title>Cyclisme : Paul Lapeira, un champion de France ambitieux</title>
                                <link>https://www.lefigaro.fr/sports/cyclisme/cyclisme-paul-lapeira-un-champion-de-france-ambitieux-20250201</link>
                                    <description>PORTRAIT - Après une année 2024 marquée par son titre de champion de France, Paul Lapeira aborde la nouvelle saison avec de grandes ambitions. Portrait d’un jeune cycliste qui a la tête sur les épaules.</description>
                                <category>Cyclisme</category>
                <pubDate>Wed, 05 Feb 2025 16:43:23 +0100</pubDate>

                                                            <media:content url="https://i.f1g.fr/media/cms/3000x2001_crop/2025/01/27/4574383153f5f808ad0decde93f80bd72612009a7ff948f098fa75e6da850608.jpg" width="3000" height="2001">
                            <media:description type="plain">Paul Lapeira avec son maillot de champion de France. </media:description>
                            <media:credit>MARCO BERTORELLO / AFP</media:credit>
                        </media:content>
                                                </item>
            </channel>
</rss>
