<?xml version="1.0" encoding="UTF-8"?>
<rss version="2.0" xmlns:atom="http://www.w3.org/2005/Atom" xmlns:media="http://search.yahoo.com/mrss/">
    <channel>
        <atom:link href="https://www.lefigaro.fr/rss/figaro_rugby.xml" rel="self" type="application/rss+xml"/>
        <category>Rugby</category>
        <title>Le Figaro - Rugby : Actualité du top 14 et résultats des matches en direct</title>
        <description>Rugby : Retrouvez toute l&#039;actualité du rugby et des matches du Top 14 avec Le Figaro</description>
        <link>https://www.lefigaro.fr/sports/rugby</link>
        <language>fr</language>
        <copyright>Droits de reproduction et de diffusion réservés LeFigaro.fr</copyright>
        <lastBuildDate>Mon, 10 Feb 2025 13:40:25 +0100</lastBuildDate>
        <docs>https://www.lefigaro.fr/rss</docs>
        <image>
            <title>Le Figaro - Rugby : Actualité du top 14 et résultats des matches en direct</title>
            <url>https://static.lefigaro.fr/common/logos/logo-150x150.png</url>
            <link>https://www.lefigaro.fr/sports/rugby</link>
            <description>Rugby : Retrouvez toute l&#039;actualité du rugby et des matches du Top 14 avec Le Figaro</description>
        </image>

                    <item>
                <guid>https://www.lefigaro.fr/sports/rugby/top-14/top-14-julien-dumora-castres-mettra-un-terme-a-sa-carriere-a-l-issue-de-la-saison-20250210</guid>
                <title>Top 14 : Julien Dumora (Castres) mettra un terme à sa carrière à l’issue de la saison</title>
                                <link>https://www.lefigaro.fr/sports/rugby/top-14/top-14-julien-dumora-castres-mettra-un-terme-a-sa-carriere-a-l-issue-de-la-saison-20250210</link>
                                    <description>L’arrière du Castres Olympique mettra un terme à sa carrière à l’issue de la saison et intégrer le staff du club.</description>
                                <category>Top 14</category>
                <pubDate>Mon, 10 Feb 2025 13:25:08 +0100</pubDate>

                                                            <media:content url="https://i.f1g.fr/media/cms/3000x2001_crop/2025/02/10/a2da0d1f4affca7aae4b1ebc82e005e1b67e7ba33fcd39506b0736b732d5ba8c.jpg" width="3000" height="2001">
                            <media:description type="plain">Julien Dumora mettra un terme à sa carrière à l’issue de la saison. </media:description>
                            <media:credit>ED JONES / AFP</media:credit>
                        </media:content>
                                                </item>
                    <item>
                <guid>https://www.lefigaro.fr/sports/rugby/top-14/top-14-pourquoi-la-rencontre-entre-montpellier-et-toulon-sera-delocalisee-a-beziers-20250209</guid>
                <title>Top 14 : pourquoi la rencontre entre Montpellier et Toulon sera délocalisée à Béziers</title>
                                <link>https://www.lefigaro.fr/sports/rugby/top-14/top-14-pourquoi-la-rencontre-entre-montpellier-et-toulon-sera-delocalisee-a-beziers-20250209</link>
                                    <description>Ce dimanche dans un communiqué, le club de Montpellier a expliqué pourquoi la rencontre contre Toulon prévue le 15 février prochain sera délocalisée.</description>
                                <category>Top 14</category>
                <pubDate>Sun, 09 Feb 2025 22:03:56 +0100</pubDate>

                                                            <media:content url="https://i.f1g.fr/media/cms/3000x2001_crop/2025/02/09/96db9a882e808fd6ee5f7164352f22880e8e051ece2652d1fd87693b4dc1e82a.jpg" width="3000" height="2001">
                            <media:description type="plain">Le GGL Stadium n’accueillera pas la rencontre face à Toulon. </media:description>
                            <media:credit>SYLVAIN THOMAS / AFP</media:credit>
                        </media:content>
                                                </item>
                    <item>
                <guid>https://www.lefigaro.fr/sports/rugby/6-nations/six-nations-townsend-donne-des-nouvelles-de-russell-et-graham-sortis-apres-un-choc-impressionnant-20250209</guid>
                <title>Six Nations : Townsend donne des nouvelles de Russell et Graham, sortis après un choc impressionnant</title>
                                <link>https://www.lefigaro.fr/sports/rugby/6-nations/six-nations-townsend-donne-des-nouvelles-de-russell-et-graham-sortis-apres-un-choc-impressionnant-20250209</link>
                                    <description>Le sélectionneur écossais a donné des nouvelles, au micro de BBC Sport, de Finn Russell et Darcy Graham, sortis après un choc impressionnant ce dimanche face à l’Irlande.</description>
                                <category>6 nations</category>
                <pubDate>Sun, 09 Feb 2025 22:05:59 +0100</pubDate>

                                                            <media:content url="https://i.f1g.fr/media/cms/3000x2001_crop/2025/02/09/9fba71b3ca1e0a3a0fab1aaac17e566e2b59f3e51b85d3bee97ac5e70071c02e.jpg" width="3000" height="2001">
                            <media:description type="plain">Russell est sorti KO du terrain. </media:description>
                            <media:credit>ANDY BUCHANAN / AFP</media:credit>
                        </media:content>
                                                </item>
                    <item>
                <guid>https://www.lefigaro.fr/sports/rugby/6-nations/six-nations-en-video-la-large-victoire-de-l-irlande-en-ecosse-20250209</guid>
                <title>Six Nations : en vidéo, la large victoire de l’Irlande en Écosse</title>
                                <link>https://www.lefigaro.fr/sports/rugby/6-nations/six-nations-en-video-la-large-victoire-de-l-irlande-en-ecosse-20250209</link>
                                    <description>Ce dimanche après-midi, l’Irlande a largement battu l’Écosse (18-32) pour le compte de la 2e journée du Tournoi des six nations.</description>
                                <category>6 nations</category>
                <pubDate>Sun, 09 Feb 2025 22:07:59 +0100</pubDate>

                                                            <media:content url="https://i.f1g.fr/media/cms/2859x2053_crop/2025/02/09/d3d625104da251366c3a13a194dcf543da4f990f3ab4b15a5ef92ac408b8fbe0.jpg" width="2859" height="2053">
                            <media:description type="plain">Les Irlandais savourent. </media:description>
                            <media:credit>Russell Cheyne / REUTERS</media:credit>
                        </media:content>
                                                </item>
                    <item>
                <guid>https://www.lefigaro.fr/sports/rugby/6-nations/ecosse-irlande-prendergast-repond-a-ses-detracteurs-le-chardon-toujours-maudit-face-au-trefle-les-tops-et-les-flops-20250209</guid>
                <title>Écosse-Irlande : Prendergast répond à ses détracteurs, le Chardon toujours maudit face au Trèfle... les tops et les flops</title>
                                <link>https://www.lefigaro.fr/sports/rugby/6-nations/ecosse-irlande-prendergast-repond-a-ses-detracteurs-le-chardon-toujours-maudit-face-au-trefle-les-tops-et-les-flops-20250209</link>
                                    <description>Pour le dernier match de cette deuxième journée du Tournoi, l’Irlande, qui a dominé l’Écosse avec le bonus offensif à Murrayfield (18-32), est désormais la seule nation encore en lice pour faire le Grand Chelem.</description>
                                <category>6 nations</category>
                <pubDate>Sun, 09 Feb 2025 19:03:21 +0100</pubDate>

                                                            <media:content url="https://i.f1g.fr/media/cms/1920x1080_crop/2025/02/09/989560647c2720b37f7fa70e10bf2b1b03a8f6348c07a9f6d5f46e23c1cbafbb.jpg" width="1920" height="1080">
                            <media:description type="plain">Prendergast a relevé la tête, van der Merwe et l’Ecosse ont sombré. </media:description>
                            <media:credit>AFP / ANDY BUCHANAN / AFP / ANDY BUCHANAN</media:credit>
                        </media:content>
                                                </item>
                    <item>
                <guid>https://www.lefigaro.fr/sports/rugby/6-nations/xv-de-france-jalibert-parmi-les-19-joueurs-proteges-avant-le-deplacement-en-italie-auradou-libere-20250209</guid>
                <title>XV de France : Jalibert parmi les 19 joueurs protégés avant le déplacement en Italie, Auradou libéré</title>
                                <link>https://www.lefigaro.fr/sports/rugby/6-nations/xv-de-france-jalibert-parmi-les-19-joueurs-proteges-avant-le-deplacement-en-italie-auradou-libere-20250209</link>
                                    <description>L’ouvreur de l’UBB ne disputera pas la prochaine du Top 14 tandis que Romain Ntamack devrait purger son deuxième match de suspension.</description>
                                <category>6 nations</category>
                <pubDate>Sun, 09 Feb 2025 19:19:43 +0100</pubDate>

                                                            <media:content url="https://i.f1g.fr/media/cms/2690x1513_crop/2025/02/09/60db1e4d1683ded3b2740ed4dc8b1fcb08f54aace289f77f925c609492bbc1aa.jpg" width="2690" height="1513">
                            <media:description type="plain">Mauvaka, Jalibert et Bielle-Biarrey ne dispuertont pas la prochaine journée du Top 14. </media:description>
                            <media:credit>Toby Melville / REUTERS</media:credit>
                        </media:content>
                                                </item>
                    <item>
                <guid>https://www.lefigaro.fr/sports/six-nations-xv-de-france-comment-expliquer-l-inexplicable-20250209</guid>
                <title>Six Nations : XV de France, comment expliquer l’inexplicable face à l’Angleterre</title>
                                <link>https://www.lefigaro.fr/sports/six-nations-xv-de-france-comment-expliquer-l-inexplicable-20250209</link>
                                    <description>DÉCRYPTAGE - Les Bleus, coupables de fautes grossières et d’autres ratés, ont chuté sur le fil en Angleterre et laissé filer le Grand Chelem.</description>
                                <category>6 nations</category>
                <pubDate>Mon, 10 Feb 2025 09:39:45 +0100</pubDate>

                                                            <media:content url="https://i.f1g.fr/media/cms/3000x1687_crop/2025/02/09/7523c24a5230d08efbcd27f435ef8a9a9386647a1c4e449690c0ec5b004e8ce4.jpg" width="3000" height="1687">
                            <media:description type="plain">Les Français frustrés, après une défaite cruelle face aux Anglais, samedi à Twickenham.</media:description>
                            <media:credit>Paul Childs / Action Images via Reuters</media:credit>
                        </media:content>
                                                </item>
                    <item>
                <guid>https://www.lefigaro.fr/sports/rugby/6-nations/six-nations-thomas-ramos-un-cadre-de-travers-20250209</guid>
                <title>Six Nations : Thomas Ramos, un cadre de travers</title>
                                <link>https://www.lefigaro.fr/sports/rugby/6-nations/six-nations-thomas-ramos-un-cadre-de-travers-20250209</link>
                                    <description>L’arrière des Bleus, comme d’autres leaders de l’équipe de France, a connu un jour sans à Twickenham. Inhabituel pour un joueur qui brille régulièrement.</description>
                                <category>6 nations</category>
                <pubDate>Sun, 09 Feb 2025 22:05:21 +0100</pubDate>

                                                            <media:content url="https://i.f1g.fr/media/cms/3000x1687_crop/2025/02/09/498850e163da5b93dfe3d7c4034037d760f33ae6e4374c82cf66350fe4973048.jpg" width="3000" height="1687">
                            <media:description type="plain">Thomas Ramos tire une pénalité, samedi lors du match contre l’Angleterre.</media:description>
                            <media:credit>Craig Thomas/News Images/Sipa US via Reuters</media:credit>
                        </media:content>
                                                </item>
                    <item>
                <guid>https://www.lefigaro.fr/sports/rugby/6-nations/six-nations-l-irlande-deroule-en-ecosse-et-poursuit-son-chemin-20250209</guid>
                <title>Six Nations : l’Irlande déroule en Écosse et poursuit son chemin</title>
                                <link>https://www.lefigaro.fr/sports/rugby/6-nations/six-nations-l-irlande-deroule-en-ecosse-et-poursuit-son-chemin-20250209</link>
                                    <description>Ce dimanche en Écosse, le XV du Trèfle s’est imposé, avec le bonus offensif (18-32), pour le compte de la 2e journée du Tournoi des six nations.</description>
                                <category>6 nations</category>
                <pubDate>Sun, 09 Feb 2025 19:13:07 +0100</pubDate>

                                                            <media:content url="https://i.f1g.fr/media/cms/3000x2032_crop/2025/02/09/3ceafdd236ba8aeb8ea589587bc0b1375b80c2b8a24096b7f430c0d3ec175631.jpg" width="3000" height="2032">
                            <media:description type="plain">Keenan et les Irlandais se sont imposés en Écosse.</media:description>
                            <media:credit>Russell Cheyne / REUTERS</media:credit>
                        </media:content>
                                                </item>
                    <item>
                <guid>https://www.lefigaro.fr/sports/rugby/rugby-la-georgie-et-l-espagne-se-qualifient-pour-la-coupe-du-monde-2027-20250209</guid>
                <title>Rugby : quatre équipes se qualifient pour la Coupe du monde 2027</title>
                                <link>https://www.lefigaro.fr/sports/rugby/rugby-la-georgie-et-l-espagne-se-qualifient-pour-la-coupe-du-monde-2027-20250209</link>
                                    <description>Ce dimanche, la Géorgie, le Portugal, la Roumanie et l’Espagne ont déroché leurs places pour la Coupe du monde 2027 après leurs victoires respectives sur les Pays-Bas et la Suisse.</description>
                                <category>Rugby</category>
                <pubDate>Sun, 09 Feb 2025 22:06:44 +0100</pubDate>

                                                            <media:content url="https://i.f1g.fr/media/cms/3000x2000_crop/2025/02/09/b5c424e6c5754e933851107111aa8068ce1a3cac53cfb4798a793a0dd4ad866e.jpg" width="3000" height="2000">
                            <media:description type="plain">La Géorgie de Niniashvili est qualifiée pour la prochaine Coupe du monde. </media:description>
                            <media:credit>IZHAR KHAN / AFP</media:credit>
                        </media:content>
                                                </item>
                    <item>
                <guid>https://www.lefigaro.fr/sports/rugby/6-nations/six-nations-apres-un-choc-tete-contre-tete-les-ecossais-finn-russell-et-darcy-graham-sortis-sur-commotion-contre-l-irlande-20250209</guid>
                <title>Six Nations : les Écossais Finn Russell et Darcy Graham sortis sur commotion après un choc impressionnant</title>
                                <link>https://www.lefigaro.fr/sports/rugby/6-nations/six-nations-apres-un-choc-tete-contre-tete-les-ecossais-finn-russell-et-darcy-graham-sortis-sur-commotion-contre-l-irlande-20250209</link>
                                    <description>Les deux joueurs écossais ont dû quitter le terrain dès la 22e minute du match contre le XV du Trèfle.</description>
                                <category>6 nations</category>
                <pubDate>Sun, 09 Feb 2025 17:30:34 +0100</pubDate>

                                                            <media:content url="https://i.f1g.fr/media/cms/2600x1462_crop/2025/02/09/3abfbdb7c3ed92615f8f27aaeb045e704dc4a8c5969f501bfe19066968c89750.jpg" width="2600" height="1462">
                            <media:description type="plain">Coup dur pour le XV du Chardon qui a perdu son ouvreur et son ailier.</media:description>
                            <media:credit>Russell Cheyne / REUTERS</media:credit>
                        </media:content>
                                                </item>
                    <item>
                <guid>https://www.lefigaro.fr/sports/rugby/live/six-nations/2025/941794/ecosse-irlande</guid>
                <title>Écosse-Irlande : revivez la victoire bonifiée du XV du Trèfle à Murrayfield</title>
                                <link>https://www.lefigaro.fr/sports/rugby/live/six-nations/2025/941794/ecosse-irlande</link>
                                    <description>Avec sa victoire à quatre essais face à l’Écosse (18-32), l’Irlande est la dernière nation en lice pour le Grand Chelem.</description>
                                <category>6 nations</category>
                <pubDate>Sun, 09 Feb 2025 18:09:52 +0100</pubDate>

                                                            <media:content url="https://i.f1g.fr/media/cms/3000x2008_crop/2025/02/09/a55c591d6e1b5e9a2fa33a614fea1ecb59a31388dceecc8b79ea66a6ab76b75d.jpg" width="3000" height="2008">
                            <media:description type="plain">Les Irlandais ont repris de l’avance. </media:description>
                            <media:credit>Russell Cheyne / REUTERS</media:credit>
                        </media:content>
                                                </item>
                    <item>
                <guid>https://www.lefigaro.fr/sports/rugby/6-nations/6-nations-avec-plus-de-8-millions-de-telespectateurs-les-bleus-s-offrent-un-carton-d-audience-20250209</guid>
                <title>Six Nations : avec plus de 8 millions de téléspectateurs, les Bleus s’offrent un carton d’audience</title>
                                <link>https://www.lefigaro.fr/sports/rugby/6-nations/6-nations-avec-plus-de-8-millions-de-telespectateurs-les-bleus-s-offrent-un-carton-d-audience-20250209</link>
                                    <description>Malgré la défaite des Bleus face à l’Angleterre samedi (26-25), le XV de France a tout de même rassemblé 8,1 millions de téléspectateurs en moyenne lors du Crunch.</description>
                                <category>6 nations</category>
                <pubDate>Sun, 09 Feb 2025 17:28:34 +0100</pubDate>

                                                            <media:content url="https://i.f1g.fr/media/cms/orig/2025/02/09/837f60e23f9c311f715b1b36bdfde3f0516d898af96b2766d14ab2f36a383abd.jpg" width="3000" height="2001">
                            <media:description type="plain">Le match Angleterre-France a réalisé un carton d’audience sur France 2.</media:description>
                            <media:credit>ADRIAN DENNIS / AFP</media:credit>
                        </media:content>
                                                </item>
                    <item>
                <guid>https://www.lefigaro.fr/sports/rugby/xv-de-france/xv-de-france-romain-ntamack-saura-lundi-s-il-peut-affronter-l-italie-20250209</guid>
                <title>XV de France : Romain Ntamack saura lundi s’il peut affronter l’Italie</title>
                                <link>https://www.lefigaro.fr/sports/rugby/xv-de-france/xv-de-france-romain-ntamack-saura-lundi-s-il-peut-affronter-l-italie-20250209</link>
                                    <description>Selon nos confrères de L’Equipe, Romain Ntamack a passé le « Head Contact Process » qui devrait lui permettre de voir sa suspension, suite à son carton rouge reçu face au pays de Galles, réduite pour pouvoir affronter l’Italie le 23 février prochain.</description>
                                <category>XV de France</category>
                <pubDate>Sun, 09 Feb 2025 14:53:26 +0100</pubDate>

                                                            <media:content url="https://i.f1g.fr/media/cms/3000x2001_crop/2025/02/09/27e9ccaf7b66d867637433a89fc91794ae6314ae348ffc3123a6bda125893b30.jpg" width="3000" height="2001">
                            <media:description type="plain">Romain Ntamack saura lundi si il peut affronter l’Italie. </media:description>
                            <media:credit>FRANCK FIFE / AFP</media:credit>
                        </media:content>
                                                </item>
                    <item>
                <guid>https://www.lefigaro.fr/sports/rugby/6-nations/xv-de-france-apparemment-ca-lui-arrive-une-fois-par-match-plaisante-ramos-apres-les-vomissements-de-bielle-biarrey-20250209</guid>
                <title>XV de France : «Apparemment, ça lui arrive une fois par match», plaisante Ramos après les vomissements de Bielle-Biarrey</title>
                                <link>https://www.lefigaro.fr/sports/rugby/6-nations/xv-de-france-apparemment-ca-lui-arrive-une-fois-par-match-plaisante-ramos-apres-les-vomissements-de-bielle-biarrey-20250209</link>
                                    <description>L’ailier de l’UBB a été victime de crises de vomissement avant la deuxième mi-temps face aux Anglais. Un trop-plein d’émotions à gérer.</description>
                                <category>6 nations</category>
                <pubDate>Sun, 09 Feb 2025 14:24:02 +0100</pubDate>

                                                            <media:content url="https://i.f1g.fr/media/cms/2303x1295_crop/2025/02/09/fca135d9873e75f600e9893ac04f3dea5753bf57a512a072886247e90cfcb473.jpg" width="2303" height="1295">
                            <media:description type="plain">Louis Bielle-Biarrey lors d’Angleterre-France à Twickenham, samedi. </media:description>
                            <media:credit>DAVID ROGERS / Getty Images via AFP</media:credit>
                        </media:content>
                                                </item>
                    <item>
                <guid>https://www.lefigaro.fr/sports/rugby/6-nations/des-bleus-negligents-ridicules-arrogants-la-presse-anglaise-se-paye-le-xv-de-france-20250209</guid>
                <title>Des Bleus «négligents», «ridicules», «arrogants» : la presse anglaise se paye le XV de France</title>
                                <link>https://www.lefigaro.fr/sports/rugby/6-nations/des-bleus-negligents-ridicules-arrogants-la-presse-anglaise-se-paye-le-xv-de-france-20250209</link>
                                    <description>Au lendemain du Crunch perdu de façon improbable par la France à Twickenham, les médias d’outre-Manche jubilent et font assaut de vacheries envers la troupe de Fabien Galthié.</description>
                                <category>6 nations</category>
                <pubDate>Sun, 09 Feb 2025 15:14:00 +0100</pubDate>

                                                            <media:content url="https://i.f1g.fr/media/cms/orig/2025/02/09/b78ce808aac7eb8eb4ae53de3ff37fa5d6f8d8bdc048138f440ab63d7f641cb8.jpg" width="1920" height="1080">
                            <media:description type="plain">Les Unes des quotidiens anglais ce dimanche matin, après le Crunch remporté par le XV de la Rose.</media:description>
                            <media:credit>Sunday Telegraph / Sunday Express</media:credit>
                        </media:content>
                                                </item>
                    <item>
                <guid>https://www.lefigaro.fr/sports/rugby/6-nations/xv-de-france-le-lancer-de-touche-genial-de-mauvaka-qui-a-mystifie-les-anglais-20250209</guid>
                <title>XV de France : le lancer en touche génial de Mauvaka qui a mystifié les Anglais</title>
                                <link>https://www.lefigaro.fr/sports/rugby/6-nations/xv-de-france-le-lancer-de-touche-genial-de-mauvaka-qui-a-mystifie-les-anglais-20250209</link>
                                    <description>Le Toulousain a signé un geste rare sur un lancer en touche qui a totalement surpris la défense anglaise.</description>
                                <category>6 nations</category>
                <pubDate>Sun, 09 Feb 2025 10:18:35 +0100</pubDate>

                                                            <media:content url="https://i.f1g.fr/media/cms/orig/2025/02/09/ff8080f5aef6b9832a544ed33bb81e7c1651e820236d0cc0624cc66e25cf3f7a.png" width="1710" height="896">
                            <media:description type="plain">Peato Mauvaka lance le ballon en touche comme s’il adressait une passe classique à un coéquipier.</media:description>
                            <media:credit>Guinness Men&#039;s Six Nations</media:credit>
                        </media:content>
                                                </item>
                    <item>
                <guid>https://www.lefigaro.fr/sports/rugby/6-nations/angleterre-france-les-coups-de-coeur-et-coups-de-griffe-de-notre-envoye-special-20250209</guid>
                <title>Angleterre-France : les coups de cœur et coups de griffe de notre envoyé spécial</title>
                                <link>https://www.lefigaro.fr/sports/rugby/6-nations/angleterre-france-les-coups-de-coeur-et-coups-de-griffe-de-notre-envoye-special-20250209</link>
                                    <description>Après la défaite sur le fil des Bleus face aux Anglais (26-25), découvrez ce qui a retenu l’attention de notre journaliste présent à Twickenham.</description>
                                <category>6 nations</category>
                <pubDate>Sun, 09 Feb 2025 10:16:29 +0100</pubDate>

                                                            <media:content url="https://i.f1g.fr/media/cms/orig/2025/02/09/14946edef288d801699cc5f22351f4fc73d761eabbe88f1f50850314796c7bc2.jpg" width="1704" height="958">
                            <media:description type="plain">Les Anglais ont arraché la victoire in extremis.</media:description>
                            <media:credit>Paul Childs / REUTERS</media:credit>
                        </media:content>
                                                </item>
                    <item>
                <guid>https://www.lefigaro.fr/sports/rugby/6-nations/six-nations-inspire-par-shane-williams-quadruple-en-coupe-du-monde-5-choses-a-savoir-sur-darcy-graham-l-explosif-ailier-du-xv-du-chardon-20250209</guid>
                <title>Six Nations : inspiré par Shane Williams, quadruplé en Coupe du monde... 5 choses à savoir sur Darcy Graham, l’explosif ailier du XV du Chardon</title>
                                <link>https://www.lefigaro.fr/sports/rugby/6-nations/six-nations-inspire-par-shane-williams-quadruple-en-coupe-du-monde-5-choses-a-savoir-sur-darcy-graham-l-explosif-ailier-du-xv-du-chardon-20250209</link>
                                    <description>Étincelant contre l’Italie samedi dernier, l’ailier d’Édimbourg est devenu, au fil du temps, un des facteurs X de cette équipe d’Écosse. Face à l’Irlande, il aura fort à faire pour permettre aux siens de décrocher un succès de prestige.</description>
                                <category>6 nations</category>
                <pubDate>Sun, 09 Feb 2025 07:07:00 +0100</pubDate>

                                                            <media:content url="https://i.f1g.fr/media/cms/3000x2000_crop/2025/02/07/6f794b299a1f4e21a7170a8fd6e390ac679206702e012b4438732a34aa22370a.jpg" width="3000" height="2000">
                            <media:description type="plain">Darcy Graham sous les couleurs du XV du Chardon.</media:description>
                            <media:credit>ANDY BUCHANAN / AFP</media:credit>
                        </media:content>
                                                </item>
                    <item>
                <guid>https://www.lefigaro.fr/sports/rugby/6-nations/frustration-maladresses-tournoi-pas-termine-le-decryptage-de-philippe-sella-apres-angleterre-france-20250208</guid>
                <title>«Frustration», maladresses, Tournoi «pas terminé»... Le décryptage de Philippe Sella après Angleterre-France</title>
                                <link>https://www.lefigaro.fr/sports/rugby/6-nations/frustration-maladresses-tournoi-pas-termine-le-decryptage-de-philippe-sella-apres-angleterre-france-20250208</link>
                                    <description>Philippe Sella, ancien trois-quarts centre vedette du XV de France (111 sélections), décrypte pour Le Figaro la défaite d’un point du XV de France en Angleterre (26-25) dans le Tournoi des six nations.</description>
                                <category>6 nations</category>
                <pubDate>Sun, 09 Feb 2025 09:08:07 +0100</pubDate>

                                                            <media:content url="https://i.f1g.fr/media/cms/3000x2118_crop/2025/02/08/19a421689b5cfe603c6b0f3008034651e8fb0372752fd66f4f46aa2a81f49959.jpg" width="3000" height="2118">
                            <media:description type="plain">Marcus Smith, pris par Bielle-Biarrey et Dupont. </media:description>
                            <media:credit>Paul Childs / REUTERS</media:credit>
                        </media:content>
                                                </item>
            </channel>
</rss>
