<?xml version="1.0" encoding="UTF-8"?>
<rss version="2.0" xmlns:atom="http://www.w3.org/2005/Atom" xmlns:media="http://search.yahoo.com/mrss/">
    <channel>
        <atom:link href="https://www.lefigaro.fr/rss/figaro_economie_le-scan-eco.xml" rel="self" type="application/rss+xml"/>
        <category>Le Scan Eco</category>
        <title>Le Figaro - Scan Eco : les actualités économiques analysées et decryptées</title>
        <description>Retrouvez toutes les actualités économiques décryptées. Comprenez la signification des chiffres, analysez les interviews des acteurs économiques</description>
        <link>http://www.lefigaro.fr</link>
        <language>fr</language>
        <copyright>Droits de reproduction et de diffusion réservés LeFigaro.fr</copyright>
        <lastBuildDate>Mon, 10 Feb 2025 13:33:12 +0100</lastBuildDate>
        <docs>https://www.lefigaro.fr/rss</docs>
        <image>
            <title>Le Figaro - Scan Eco : les actualités économiques analysées et decryptées</title>
            <url>https://static.lefigaro.fr/common/logos/logo-150x150.png</url>
            <link>http://www.lefigaro.fr</link>
            <description>Retrouvez toutes les actualités économiques décryptées. Comprenez la signification des chiffres, analysez les interviews des acteurs économiques</description>
        </image>

                    <item>
                <guid>https://www.lefigaro.fr/economie/le-scan-eco/decryptage/quand-le-name-and-shame-fait-avancer-les-bonnes-pratiques-des-entreprises-20231102</guid>
                <title>Quand le «name and shame» fait avancer les bonnes pratiques des entreprises</title>
                                <link>https://www.lefigaro.fr/economie/le-scan-eco/decryptage/quand-le-name-and-shame-fait-avancer-les-bonnes-pratiques-des-entreprises-20231102</link>
                                    <description>ENQUÊTE - Délais de paiement trop longs, inégalité entre les hommes et les femmes, informations trompeuses… L’État n’hésite plus à user de ce procédé anglo-saxon consistant à dénoncer certains comportements.</description>
                                <category>Décryptages</category>
                <pubDate>Thu, 02 Nov 2023 23:05:17 +0100</pubDate>

                                                            <media:content url="https://i.f1g.fr/media/eidos/630x354_crop/2023/11/02/XVM6488cb06-799b-11ee-bb73-a2ba00ed2dff.jpg" width="630" height="354">
                            <media:description type="plain">Le «name and shame» ne se cantonne pas à de simples effets d’annonce. Il s’est peu à peu institutionnalisé, trouvant sa place dans les textes législatifs, assorti de sanctions.</media:description>
                            <media:credit>pict rider - stock.adobe.com</media:credit>
                        </media:content>
                                                </item>
                    <item>
                <guid>https://www.lefigaro.fr/economie/le-scan-eco/decryptage/relever-le-defi-des-carburants-d-aviation-durables-20230621</guid>
                <title>Relever le défi des carburants d'aviation durables</title>
                                <link>https://www.lefigaro.fr/economie/le-scan-eco/decryptage/relever-le-defi-des-carburants-d-aviation-durables-20230621</link>
                                    <description>TRIBUNE - Les carburants d&#039;aviation durables apparaissent comme l&#039;option la plus réaliste pour décarboner massivement l&#039;aérien.</description>
                                <category>Décryptages</category>
                <pubDate>Wed, 21 Jun 2023 09:11:11 +0200</pubDate>

                                                            <media:content url="https://i.f1g.fr/media/cms/3000x2250_crop/2023/06/20/0a6a3f2a9fbc8c404e42fe04d74f1cdb445dc731dd0eb2cc510cf7f949cb66d0.jpg" width="3000" height="2250">
                            <media:description type="plain">Amaury Boucquey (à gauche), chef de projet senior, expert énergie, et Jérôme Rein, directeur associé, expert aéronautique, au Boston Consulting Group.</media:description>
                            <media:credit>Lise Graveleau</media:credit>
                        </media:content>
                                                </item>
                    <item>
                <guid>https://www.lefigaro.fr/economie/le-scan-eco/decryptage/emmanuel-macron-ou-l-impossible-pari-de-l-inversion-de-la-courbe-du-chomage-avant-la-presidentielle-20210507</guid>
                <title>Emmanuel Macron ou l'impossible pari de l'inversion de la courbe du chômage avant la présidentielle</title>
                                <link>https://www.lefigaro.fr/economie/le-scan-eco/decryptage/emmanuel-macron-ou-l-impossible-pari-de-l-inversion-de-la-courbe-du-chomage-avant-la-presidentielle-20210507</link>
                                    <description>ANALYSE - Pour espérer être réélu en 2022, le chef de l&#039;État doit éviter de présenter des statistiques trop dégradées en matière d&#039;emploi. Une stratégie contrariée par la violence de la crise...</description>
                                <category>Décryptages</category>
                <pubDate>Fri, 07 May 2021 14:18:53 +0200</pubDate>

                                                            <media:content url="https://i.f1g.fr/media/cms/3000x2000_crop/2021/05/07/cf0acc9bce46774ec6f9554530462f6044f2a4ebabc26d6a8571e2035ba46860.jpg" width="3000" height="2000">
                            <media:description type="plain">Emmanuel Macron, le 6 mai 2021, lors de la visite du centre de vaccination de la porte de Versailles à Paris.</media:description>
                            <media:credit>POOL / REUTERS</media:credit>
                        </media:content>
                                                </item>
                    <item>
                <guid>https://www.lefigaro.fr/economie/le-scan-eco/prets-garantis-par-l-etat-il-est-temps-d-assouplir-les-conditions-de-remboursement-et-d-allonger-la-duree-de-remboursement-a-8-ou-10-ans-20210210</guid>
                <title>Prêts garantis par l'État : il est temps d'allonger la durée de remboursement à 8 ou 10 ans</title>
                                <link>https://www.lefigaro.fr/economie/le-scan-eco/prets-garantis-par-l-etat-il-est-temps-d-assouplir-les-conditions-de-remboursement-et-d-allonger-la-duree-de-remboursement-a-8-ou-10-ans-20210210</link>
                                    <description>LE MACRONOMÊTRE - L&#039;iFRAP note 6/10 la politique du gouvernement en matière de prêts garantis par l&#039;État. Chaque semaine, le think-tank libéral évalue la politique du gouvernement dans Le Figaro</description>
                                <category>Scan Eco</category>
                <pubDate>Wed, 10 Feb 2021 17:12:15 +0100</pubDate>

                                                            <media:content url="https://i.f1g.fr/media/cms/3000x2003_crop/2021/02/10/2afcd0fb9e39a723baadf5cc6c19be9989ab24dac17192cd382c261b064580b9.jpg" width="3000" height="2003">
                            <media:description type="plain">Les prêts sont remboursables sur une durée de 6 ans</media:description>
                            <media:credit>Olivier Le Moal / stock.adobe.com</media:credit>
                        </media:content>
                                                </item>
                    <item>
                <guid>https://www.lefigaro.fr/economie/le-scan-eco/covid-19-enfin-la-publication-des-donnees-sur-la-proliferation-du-virus-dans-les-eaux-usees-20210203</guid>
                <title>Covid-19 : «Enfin la publication des données sur la prolifération du virus dans les eaux usées !»</title>
                                <link>https://www.lefigaro.fr/economie/le-scan-eco/covid-19-enfin-la-publication-des-donnees-sur-la-proliferation-du-virus-dans-les-eaux-usees-20210203</link>
                                    <description>LE MACRONOMÈTRE - L&#039;iFRAP note 7/10 la décision de rendre accessibles ces données à tous les Français, à deux bémols près néanmoins. Chaque semaine, le think-tank libéral évalue la politique du gouvernement dans Le Figaro.</description>
                                <category>Scan Eco</category>
                <pubDate>Fri, 05 Feb 2021 18:10:18 +0100</pubDate>

                                                            <media:content url="https://i.f1g.fr/media/cms/orig/2021/02/05/bd2b1a5a7591257f92d14296f1f50cf81260da378d5bc16e29eee4d3c34155f8.jpg" width="3000" height="2000">
                            <media:description type="plain">Des marins-pompiers de Marseille prélèvent des échantillons d'eaux usées pour y déceler des traces du variant anglais du Covid-19.</media:description>
                            <media:credit>AFP</media:credit>
                        </media:content>
                                                </item>
                    <item>
                <guid>https://www.lefigaro.fr/economie/le-scan-eco/arrets-de-travail-automatiques-en-cas-de-covid-un-risque-de-derapage-des-couts-20210127</guid>
                <title>Arrêts de travail automatiques en cas de Covid : «Un risque de dérapage des coûts»</title>
                                <link>https://www.lefigaro.fr/economie/le-scan-eco/arrets-de-travail-automatiques-en-cas-de-covid-un-risque-de-derapage-des-couts-20210127</link>
                                    <description>LE MACRONOMÈTRE - Le dispositif permettant de se placer en arrêt de travail sans jour de carence en cas de soupçon de Covid est noté 4/10 par l&#039;iFRAP. Chaque semaine le think-tank libéral évalue une mesure du gouvernement.</description>
                                <category>Scan Eco</category>
                <pubDate>Tue, 21 Sep 2021 17:29:24 +0200</pubDate>

                                                            <media:content url="https://i.f1g.fr/media/cms/orig/2021/02/05/689221829e1f9ac550edef43223717fd070e0fedf1c8579fe93ad2a2aedbce85.jpg" width="3000" height="1731">
                            <media:description type="plain">«Pour que ce système, nécessaire en temps d'épidémie, fonctionne, tout repose sur la solidité et la fluidité de l'organisation et les contrôles effectués par l'Assurance maladie» , estime l'iFRAP.</media:description>
                            <media:credit>Olivier Le Moal / Olivier Le Moal - stock.adobe.com</media:credit>
                        </media:content>
                                                </item>
                    <item>
                <guid>https://www.lefigaro.fr/economie/le-scan-eco/le-nouveau-calcul-en-temps-reel-des-apl-premier-pas-vers-une-allocation-sociale-unique-plafonnee-et-imposable-20210120</guid>
                <title>Le nouveau calcul «en temps réel» des APL, premier pas vers une allocation sociale unique plafonnée et imposable ?</title>
                                <link>https://www.lefigaro.fr/economie/le-scan-eco/le-nouveau-calcul-en-temps-reel-des-apl-premier-pas-vers-une-allocation-sociale-unique-plafonnee-et-imposable-20210120</link>
                                    <description>LE MACRONOMÈTRE - L&#039;iFRAP salue la réforme des aides au logement entrée en vigueur le 1er janvier et lui accorde un 7/10. Chaque semaine, le think-tank libéral évalue dans Le Figaro l&#039;action du gouvernement.</description>
                                <category>Scan Eco</category>
                <pubDate>Wed, 02 Feb 2022 12:14:56 +0100</pubDate>

                                                            <media:content url="https://i.f1g.fr/media/cms/orig/2021/01/22/21d28c187a725e798b838d901afda57bddaa03a27ce640c78696c2582b8243c6.jpg" width="1280" height="720">
                            <media:description type="plain">Réforme des APL : « une approche plus juste »</media:description>
                            <media:credit>Figaro Live</media:credit>
                        </media:content>
                                                </item>
                    <item>
                <guid>https://www.lefigaro.fr/economie/le-scan-eco/urgence-sanitaire-sans-vote-au-parlement-ce-projet-liberticide-que-le-gouvernement-a-bien-fait-d-abandonner-20210113</guid>
                <title>Urgence sanitaire sans vote au Parlement : «ce projet liberticide que le gouvernement a bien fait d'abandonner»</title>
                                <link>https://www.lefigaro.fr/economie/le-scan-eco/urgence-sanitaire-sans-vote-au-parlement-ce-projet-liberticide-que-le-gouvernement-a-bien-fait-d-abandonner-20210113</link>
                                    <description>LE MACRONOMÈTRE - L&#039;iFRAP salue la décision de l&#039;exécutif d&#039;abandonner son projet qui aurait permis de déclencher l&#039;urgence sanitaire sans vote au Parlement. Un recul noté 7/10 par le think-tank libéral.</description>
                                <category>Scan Eco</category>
                <pubDate>Wed, 13 Jan 2021 13:14:16 +0100</pubDate>

                                                            <media:content url="https://i.f1g.fr/media/cms/3000x1997_crop/2021/01/13/4981450307838ec45b6a85f514edce421e6799289eae06c4e94570942a0f766b.jpg" width="3000" height="1997">
                            <media:description type="plain">Patrouille de police à Marseille pour s'assurer que le couvre-feu est bien respecté.</media:description>
                            <media:credit>NICOLAS TUCAT / AFP</media:credit>
                        </media:content>
                                                </item>
                    <item>
                <guid>https://www.lefigaro.fr/economie/le-scan-eco/ce-delit-d-ecocide-qui-va-causer-tant-de-mal-a-l-economie-francaise-20210106</guid>
                <title>«Ce délit d'écocide qui va causer tant de mal à l'économie française...»</title>
                                <link>https://www.lefigaro.fr/economie/le-scan-eco/ce-delit-d-ecocide-qui-va-causer-tant-de-mal-a-l-economie-francaise-20210106</link>
                                    <description>LE MACRONOMÈTRE - Un délit général de pollution et un délit de mise en danger de l&#039;environnement vont être introduits. Une réforme notée 3/10 par le think-tank libéral iFRAP.</description>
                                <category>Scan Eco</category>
                <pubDate>Wed, 06 Jan 2021 12:53:22 +0100</pubDate>

                                                            <media:content url="https://i.f1g.fr/media/cms/3000x2000_crop/2021/01/06/5cc859185a2962b9f6ea2b493b9307bc09fb586ec908213b445732fcac618302.jpg" width="3000" height="2000">
                            <media:description type="plain">La ministre de la Transition écologique Barbara Pompili et le président de la République Emmanuel Macron lors d'une rencontre avec les membres de la Convention citoyenne pour le climat le 14 décembre 2020.</media:description>
                            <media:credit>THIBAULT CAMUS / AFP</media:credit>
                        </media:content>
                                                </item>
                    <item>
                <guid>https://www.lefigaro.fr/economie/le-scan-eco/loi-pour-ameliorer-le-systeme-de-sante-ou-sont-passees-la-simplification-et-la-flexibilite-20201216</guid>
                <title>Loi pour «améliorer le système de santé » : où sont passées la simplification et la flexibilité ?</title>
                                <link>https://www.lefigaro.fr/economie/le-scan-eco/loi-pour-ameliorer-le-systeme-de-sante-ou-sont-passees-la-simplification-et-la-flexibilite-20201216</link>
                                    <description>LE MACRONOMÈTRE - L&#039;iFRAP note 4/10 la proposition de loi «Améliorer le système de santé par la confiance et la simplification» du groupe LREM, soutenue par le gouvernement.</description>
                                <category>Scan Eco</category>
                <pubDate>Wed, 16 Dec 2020 17:21:22 +0100</pubDate>

                                                            <media:content url="https://i.f1g.fr/media/cms/3000x2000_crop/2020/12/16/c08018b3d912bdb0b31f2658e9071b00fa87445e272f3f6bfeca54507ee192a0.jpg" width="3000" height="2000">
                            <media:description type="plain">La proposition de loi a été «désossée», estime l'iFRAP.</media:description>
                            <media:credit>Francois Bouchon / Le Figaro</media:credit>
                        </media:content>
                                                </item>
                    <item>
                <guid>https://www.lefigaro.fr/economie/le-scan-eco/carte-vitale-biometrique-la-proposition-evidente-du-senat-rejetee-de-maniere-incomprehensible-et-contre-productive-20201209</guid>
                <title>Carte vitale biométrique : «La proposition évidente du Sénat rejetée de manière incompréhensible et contre-productive»</title>
                                <link>https://www.lefigaro.fr/economie/le-scan-eco/carte-vitale-biometrique-la-proposition-evidente-du-senat-rejetee-de-maniere-incomprehensible-et-contre-productive-20201209</link>
                                    <description>LE MACRONOMÈTRE - La proposition sénatoriale a été rejetée par la majorité parlementaire, déplore l&#039;iFRAP. Il est pourtant plus que temps de lutter contre la fraude, rappelle le think-tank libéral, qui note 4/10 la gestion de ce dossier.</description>
                                <category>Scan Eco</category>
                <pubDate>Fri, 11 Dec 2020 10:08:52 +0100</pubDate>

                                                            <media:content url="https://i.f1g.fr/media/cms/orig/2020/12/11/bff47b075254553c7a48d373599ae8ec30410bd09e607ff96b326ffec2a76410.jpeg" width="3000" height="2000">
                            <media:description type="plain">«Une carte vitale biométrique permettrait de vérifier l'identité de la personne qui demande à faire payer ses soins par l'Assurance maladie de notre pays grâce à son empreinte digitale, comme cela existe déjà ailleurs en Europe», explique l'iFRAP.</media:description>
                            <media:credit>oceane2508 - stock.adobe.com</media:credit>
                        </media:content>
                                                </item>
                    <item>
                <guid>https://www.lefigaro.fr/economie/le-scan-eco/loi-recherche-une-petite-revolution-est-en-marche-20201202</guid>
                <title>Loi recherche : «Une petite révolution est en marche»</title>
                                <link>https://www.lefigaro.fr/economie/le-scan-eco/loi-recherche-une-petite-revolution-est-en-marche-20201202</link>
                                    <description>LE MACRONOMÈTRE - L&#039;iFRAP salue une loi qui facilite la contractualisation des chercheurs publics et accorde la note de 7/10 au gouvernement.</description>
                                <category>Scan Eco</category>
                <pubDate>Wed, 02 Dec 2020 16:36:52 +0100</pubDate>

                                                            <media:content url="https://i.f1g.fr/media/cms/3000x2001_crop/2020/12/02/5aa58574a703c8c38fc441913cf1545173f4d2103ce37784c1ede1be897f6016.jpeg" width="3000" height="2001">
                            <media:description type="plain">La ministre de l'Enseignement supérieur, de la Recherche et de l'Innovation Frédérique Vidal.</media:description>
                            <media:credit>GONZALO FUENTES / REUTERS</media:credit>
                        </media:content>
                                                </item>
                    <item>
                <guid>https://www.lefigaro.fr/economie/le-scan-eco/quand-aurons-nous-une-vraie-loi-de-programmation-de-securite-interieure-20201125</guid>
                <title>«Quand aurons-nous une vraie loi de programmation de sécurité intérieure ?»</title>
                                <link>https://www.lefigaro.fr/economie/le-scan-eco/quand-aurons-nous-une-vraie-loi-de-programmation-de-securite-interieure-20201125</link>
                                    <description>LE MACRONOMÈTRE - Entre la loi sur la sécurité globale, celle sur les séparatismes et celle sur la délinquance des mineurs, le gouvernement se disperse, estime l&#039;iFRAP, qui lui accorde un 5/10. Chaque semaine, le think-tank évalue l&#039;action de l&#039;exécutif.</description>
                                <category>Scan Eco</category>
                <pubDate>Fri, 27 Nov 2020 10:15:43 +0100</pubDate>

                                                            <media:content url="https://i.f1g.fr/media/cms/orig/2020/11/27/9a3c22ebc6ea2d6fa3197eab3e6d0449409cd8172923466dfbe35d71c7e08ade.jpeg" width="3000" height="1689">
                            <media:description type="plain">Le ministre de l'Intérieur Gérald Darmanin.</media:description>
                            <media:credit>ANNE-CHRISTINE POUJOULAT / AFP</media:credit>
                        </media:content>
                                                </item>
                    <item>
                <guid>https://www.lefigaro.fr/economie/le-scan-eco/le-nombre-d-operateurs-de-l-etat-a-baisse-mais-leurs-depenses-ont-augmente-20201118</guid>
                <title>«Le nombre d'opérateurs de l'État a baissé, mais leurs dépenses ont augmenté»</title>
                                <link>https://www.lefigaro.fr/economie/le-scan-eco/le-nombre-d-operateurs-de-l-etat-a-baisse-mais-leurs-depenses-ont-augmente-20201118</link>
                                    <description>LE MACRONOMÈTRE - Le nombre d&#039;agences rattachées à l&#039;État a diminué de façon non négligeable, salue l&#039;iFRAP, qui accorde un 6/10 au gouvernement. Des «points de fuite» importants demeurent cependant, pointe le think-tank libéral.</description>
                                <category>Scan Eco</category>
                <pubDate>Thu, 19 Nov 2020 16:19:11 +0100</pubDate>

                                                            <media:content url="https://i.f1g.fr/media/cms/orig/2020/11/19/c72dc01393ee1abf09ebb99889c61dd66eb22b7349c98b9061e794fde8e1783d.jpeg" width="3000" height="2000">
                            <media:description type="plain">Pôle emploi fait partie des opérateurs de l'État.</media:description>
                            <media:credit>Jackin - stock.adobe.com</media:credit>
                        </media:content>
                                                </item>
                    <item>
                <guid>https://www.lefigaro.fr/economie/le-scan-eco/vers-une-urgence-sanitaire-sans-fin-et-sans-controle-20201104</guid>
                <title>«Vers une urgence sanitaire sans fin et sans contrôle ?»</title>
                                <link>https://www.lefigaro.fr/economie/le-scan-eco/vers-une-urgence-sanitaire-sans-fin-et-sans-controle-20201104</link>
                                    <description>LE MACRONOMÈTRE - La capacité du gouvernement à prendre seul toutes dispositions de restrictions des libertés publiques est excessive, selon l&#039;iFRAP. Le think-tank libéral, qui chaque semaine évalue l&#039;action de l&#039;exécutif, lui accorde un 3/10.</description>
                                <category>Scan Eco</category>
                <pubDate>Thu, 05 Nov 2020 12:03:47 +0100</pubDate>

                                                            <media:content url="https://i.f1g.fr/media/cms/orig/2020/11/05/a75abee48e3cd4a94ec75ac15cdfd85a5c6519f364aa836ae847fddee7434619.jpeg" width="3000" height="2001">
                            <media:description type="plain">Contrôle d'attestations sur les Champs-Élysées le 1er novembre.</media:description>
                            <media:credit>BENOIT TESSIER / REUTERS</media:credit>
                        </media:content>
                                                </item>
                    <item>
                <guid>https://www.lefigaro.fr/economie/le-scan-eco/chaque-vie-sauvee-grace-au-confinement-a-t-elle-un-cout-de-6-millions-d-euros-pour-la-collectivite-20201030</guid>
                <title>Chaque vie sauvée grâce au  confinement a-t-elle un coût de 6 millions d'euros pour la collectivité ?</title>
                                <link>https://www.lefigaro.fr/economie/le-scan-eco/chaque-vie-sauvee-grace-au-confinement-a-t-elle-un-cout-de-6-millions-d-euros-pour-la-collectivite-20201030</link>
                                    <description>LA VÉRIFICATION - Tel est le bilan de la première vague de l&#039;épidémie et du confinement du printemps dernier selon l&#039;économiste Patrick Artus.</description>
                                <category>Scan Eco</category>
                <pubDate>Fri, 30 Oct 2020 15:22:10 +0100</pubDate>

                                                            <media:content url="https://i.f1g.fr/media/cms/767x431_crop/2020/10/30/149cf1ae30559ae08be22c9e96840f7ed2b1e4aa42735b7255f7b1ecae4c8999.jpeg" width="767" height="431">
                            <media:description type="plain">Un malade du Covid transporté par avion, à Lyon, le 27 octobre.</media:description>
                            <media:credit>AFP</media:credit>
                        </media:content>
                                                </item>
                    <item>
                <guid>https://www.lefigaro.fr/economie/le-scan-eco/la-charge-de-la-dette-publique-francaise-ne-baissera-plus-20201028</guid>
                <title>«La charge de la dette publique française ne baissera plus»</title>
                                <link>https://www.lefigaro.fr/economie/le-scan-eco/la-charge-de-la-dette-publique-francaise-ne-baissera-plus-20201028</link>
                                    <description>LE MACRONOMÈTRE - Le coût annuel de la dette publique a beaucoup baissé ces dernières années mais nous arrivons à la fin d&#039;un cycle, pointe l&#039;iFRAP. Chaque semaine, le think-tank libéral évalue dans Le Figaro l&#039;action du gouvernement.</description>
                                <category>Scan Eco</category>
                <pubDate>Wed, 28 Oct 2020 16:28:52 +0100</pubDate>

                                                            <media:content url="https://i.f1g.fr/media/cms/orig/2020/10/28/80b81d7d15113464ee1aa75cdf6e42ea5a93b5c77ededd3d592b797ac5fe1e35.jpeg" width="3000" height="1726">
                            <media:description type="plain">En ce moment, la France peut emprunter à 10 ans au taux négatif autour de -0,30%.</media:description>
                            <media:credit>Julien Eichinger - stock.adobe.com</media:credit>
                        </media:content>
                                                </item>
                    <item>
                <guid>https://www.lefigaro.fr/economie/le-scan-eco/budget-pourquoi-le-deficit-2021-est-sous-evalue-20201021</guid>
                <title>Budget : «Pourquoi le déficit 2021 est sous-évalué»</title>
                                <link>https://www.lefigaro.fr/economie/le-scan-eco/budget-pourquoi-le-deficit-2021-est-sous-evalue-20201021</link>
                                    <description>LE MACRONOMÈTRE - En annonçant 132 milliards d&#039;euros de déficit public pour 2021, le gouvernement pèche par optimise, estime l&#039;iFRAP. Le think-tank libéral accorde un 4/10 à l&#039;exécutif.</description>
                                <category>Scan Eco</category>
                <pubDate>Thu, 22 Oct 2020 18:16:38 +0200</pubDate>

                                                            <media:content url="https://i.f1g.fr/media/cms/orig/2020/10/22/def73f9646d36f6ce6b116c0c31269b7561dd80d51a1ec6b6d9b1988c5ea89d3.jpeg" width="3000" height="2001">
                            <media:description type="plain">En 2021, le déficit de l'État serait de -5,5% du PIB.</media:description>
                            <media:credit>Philippe LEJEANVRE / LP2Studio - stock.adobe.com</media:credit>
                        </media:content>
                                                </item>
                    <item>
                <guid>https://www.lefigaro.fr/economie/le-scan-eco/covid-19-un-reconfinement-general-serait-il-vraiment-plus-dangereux-pour-l-economie-que-les-restrictions-actuelles-20201016</guid>
                <title>Covid-19 : un reconfinement général serait-il vraiment plus dangereux pour l'économie que les restrictions actuelles ?</title>
                                <link>https://www.lefigaro.fr/economie/le-scan-eco/covid-19-un-reconfinement-general-serait-il-vraiment-plus-dangereux-pour-l-economie-que-les-restrictions-actuelles-20201016</link>
                                    <description>LA VÉRIFICATION - Le ministre de l&#039;Économie Bruno Le Maire juge le coût du couvre-feu bien plus faible qu&#039;un reconfinement. Le FMI est plus nuancé. Qui croire ?</description>
                                <category>Scan Eco</category>
                <pubDate>Mon, 26 Oct 2020 13:16:58 +0100</pubDate>

                                                            <media:content url="https://i.f1g.fr/media/cms/767x431_crop/2020/10/16/55d0920914771678322f0feb3c46faece45e8a258f4ed0a906acaa1450740874.jpeg" width="767" height="431">
                            <media:description type="plain">Le ministre de l'Économie Bruno Le Maire se rendant à une rencontre avec des restaurateurs à Paris le 16 octobre.</media:description>
                            <media:credit>AFP</media:credit>
                        </media:content>
                                                </item>
                    <item>
                <guid>https://www.lefigaro.fr/economie/le-scan-eco/la-masse-salariale-de-l-etat-n-a-pas-fini-d-augmenter-20201014</guid>
                <title>«La masse salariale de l'État n'a pas fini d'augmenter»</title>
                                <link>https://www.lefigaro.fr/economie/le-scan-eco/la-masse-salariale-de-l-etat-n-a-pas-fini-d-augmenter-20201014</link>
                                    <description>LE MACRONOMÈTRE - Alors qu&#039;Emmanuel Macron s&#039;était engagé à réduire le nombre de postes dans la fonction publique, les dépenses de personnel augmentent encore entre 2020 et 2021, déplore l&#039;iFRAP.</description>
                                <category>Scan Eco</category>
                <pubDate>Wed, 14 Oct 2020 19:25:37 +0200</pubDate>

                                                            <media:content url="https://i.f1g.fr/media/cms/orig/2020/10/14/b6f95e374eee636116bdc82020fa1469f71c68d7a77d95c8569f157a5b2894ac.jpeg" width="3000" height="2001">
                            <media:description type="plain">Les dépenses de personnel ont augmenté de 2 milliards d'euros par an entre 2020 et 2021.</media:description>
                            <media:credit>Philippe LEJEANVRE / LP2Studio - stock.adobe.com</media:credit>
                        </media:content>
                                                </item>
            </channel>
</rss>
