<?xml version="1.0" encoding="UTF-8"?>
<rss version="2.0" xmlns:atom="http://www.w3.org/2005/Atom" xmlns:media="http://search.yahoo.com/mrss/">
    <channel>
        <atom:link href="https://www.lefigaro.fr/rss/figaro_tennis.xml" rel="self" type="application/rss+xml"/>
        <category>Tennis</category>
        <title>Le Figaro - Tennis : Actualité des français et résultats des macthes en direct</title>
        <description>Tennis : Retrouvez toute l&#039;actualité des français, les tournois du grand chelem et les résultats des matches avec Le Figaro</description>
        <link>https://www.lefigaro.fr</link>
        <language>fr</language>
        <copyright>Droits de reproduction et de diffusion réservés LeFigaro.fr</copyright>
        <lastBuildDate>Mon, 10 Feb 2025 13:33:49 +0100</lastBuildDate>
        <docs>https://www.lefigaro.fr/rss</docs>
        <image>
            <title>Le Figaro - Tennis : Actualité des français et résultats des macthes en direct</title>
            <url>https://static.lefigaro.fr/common/logos/logo-150x150.png</url>
            <link>https://www.lefigaro.fr</link>
            <description>Tennis : Retrouvez toute l&#039;actualité des français, les tournois du grand chelem et les résultats des matches avec Le Figaro</description>
        </image>

                    <item>
                <guid>https://www.lefigaro.fr/sports/tennis/tennis-mpetshi-perricard-forfait-a-marseille-20250210</guid>
                <title>Tennis : Mpetshi Perricard forfait à Marseille</title>
                                <link>https://www.lefigaro.fr/sports/tennis/tennis-mpetshi-perricard-forfait-a-marseille-20250210</link>
                                    <description>Giovanni Mpetshi Perricard ne fera pas son retour sur les courts de l’ATP 250 de Marseille. Malade le Tricolore s’ajoute à la liste des forfaits déjà bien remplie.</description>
                                <category>Tennis</category>
                <pubDate>Mon, 10 Feb 2025 13:19:55 +0100</pubDate>

                                                            <media:content url="https://i.f1g.fr/media/cms/3000x2090_crop/2025/02/10/8dd2e4a2f1a3c62b26d7b645239238f8fbbd79b39c1ff2c706a46744b2649ccd.jpg" width="3000" height="2090">
                            <media:description type="plain">Giovanni Mpetshi Perricard ne sera pas à Marseille.</media:description>
                            <media:credit>Benoit Tessier / REUTERS</media:credit>
                        </media:content>
                                                </item>
                    <item>
                <guid>https://www.lefigaro.fr/sports/tennis/tennis-novak-djokovic-assure-etre-gueri-a-quasiment-100-20250210</guid>
                <title>Tennis : Novak Djokovic assure être guéri à «quasiment 100%»</title>
                                <link>https://www.lefigaro.fr/sports/tennis/tennis-novak-djokovic-assure-etre-gueri-a-quasiment-100-20250210</link>
                                    <description>Le Serbe a donné de ses nouvelles sur le plan médical en vue du tournoi à Doha auquel il prendra part dans une semaine.</description>
                                <category>Tennis</category>
                <pubDate>Mon, 10 Feb 2025 12:45:24 +0100</pubDate>

                                                            <media:content url="https://i.f1g.fr/media/cms/3000x2151_crop/2025/02/10/f3f5ac948e8441a48c9e39be0331859c13180ef1c42eb2279cf697b2feee245d.jpg" width="3000" height="2151">
                            <media:description type="plain">Novak Djokovic</media:description>
                            <media:credit>Edgar Su / REUTERS</media:credit>
                        </media:content>
                                                </item>
                    <item>
                <guid>https://www.lefigaro.fr/sports/tennis/tennis-la-fantastique-remontada-de-belinda-bencic-au-classement-20250210</guid>
                <title>Tennis : la fantastique remontada de Belinda Bencic au classement</title>
                                <link>https://www.lefigaro.fr/sports/tennis/tennis-la-fantastique-remontada-de-belinda-bencic-au-classement-20250210</link>
                                    <description>Grâce à son titre à Abou Dhabi, la Suissesse progresse de 92 places dans la hiérarchie mondiale.</description>
                                <category>Tennis</category>
                <pubDate>Mon, 10 Feb 2025 09:50:51 +0100</pubDate>

                                                            <media:content url="https://i.f1g.fr/media/cms/2960x1968_crop/2025/02/10/2e4eb91f38d905dfe9df1ce238879910890419249c393e8f77e2a6c43b9c50c2.jpg" width="2960" height="1968">
                            <media:description type="plain">Belinda Bencic</media:description>
                            <media:credit>Amr Alfiky / REUTERS</media:credit>
                        </media:content>
                                                </item>
                    <item>
                <guid>https://www.lefigaro.fr/sports/tennis/tennis-alex-de-minaur-frappe-de-nouveau-a-la-porte-du-top-5-20250210</guid>
                <title>Tennis : Alex De Minaur frappe de nouveau à la porte du top 5</title>
                                <link>https://www.lefigaro.fr/sports/tennis/tennis-alex-de-minaur-frappe-de-nouveau-a-la-porte-du-top-5-20250210</link>
                                    <description>Grâce à sa finale à Rotterdam, perdue face à Carlos Alcaraz, l’Australien remonte au 6e rang mondial.</description>
                                <category>Tennis</category>
                <pubDate>Mon, 10 Feb 2025 09:47:32 +0100</pubDate>

                                                            <media:content url="https://i.f1g.fr/media/cms/2300x1545_crop/2025/02/10/b52057018eec06ef277a543fb3a73e980f0c961b4a25a6870284417f76a019ee.jpg" width="2300" height="1545">
                            <media:description type="plain">Alex De Minaur</media:description>
                            <media:credit>Piroschka Van De Wouw / REUTERS</media:credit>
                        </media:content>
                                                </item>
                    <item>
                <guid>https://www.lefigaro.fr/sports/tennis/tennis-rome-roland-garros-us-open-les-5-plus-grands-matches-de-la-carriere-de-diego-schwartzman-20250210</guid>
                <title>Tennis : Rome, Roland-Garros, US Open... Les 5 plus grands matches de la carrière de Diego Schwartzman</title>
                                <link>https://www.lefigaro.fr/sports/tennis/tennis-rome-roland-garros-us-open-les-5-plus-grands-matches-de-la-carriere-de-diego-schwartzman-20250210</link>
                                    <description>Ancien demi-finaliste à Roland-Garros et membre du top 10, Diego Schwartzman s’apprête à mettre un terme à sa carrière cette semaine dans «son» tournoi de Buenos Aires. Voici les 5 plus grands matches de sa carrière.</description>
                                <category>Tennis</category>
                <pubDate>Mon, 10 Feb 2025 08:16:10 +0100</pubDate>

                                                            <media:content url="https://i.f1g.fr/media/cms/3000x2000_crop/2025/02/08/0f4b7dfc7862f33dc769d07f6583b3061f5aaf9ed59b062709042a0c7ceb8fa8.jpg" width="3000" height="2000">
                            <media:description type="plain">Diego Schwartzman va mettre un terme à sa carrière lors du tournoi de Buenos Aires. </media:description>
                            <media:credit>MATTHEW STOCKMAN / Getty Images via AFP</media:credit>
                        </media:content>
                                                </item>
                    <item>
                <guid>https://www.lefigaro.fr/sports/tennis/tennis-football-taille-retraite-5-choses-a-savoir-sur-diego-schwartzman-20250210</guid>
                <title>Tennis : football, taille, retraite… 5 choses à savoir sur Diego Schwartzman</title>
                                <link>https://www.lefigaro.fr/sports/tennis/tennis-football-taille-retraite-5-choses-a-savoir-sur-diego-schwartzman-20250210</link>
                                    <description>À 32 ans, l’ancien numéro un argentin Schwartzman va dire adieu au tennis cette semaine à domicile à Buenos Aires.</description>
                                <category>Tennis</category>
                <pubDate>Mon, 10 Feb 2025 13:01:32 +0100</pubDate>

                                                            <media:content url="https://i.f1g.fr/media/cms/3000x2022_crop/2025/02/07/1cb10a903919103615f2059cd3d83cd320abf7aaefdb466c15467a0bb89b8366.jpg" width="3000" height="2022">
                            <media:description type="plain">Diego Schwartzman</media:description>
                            <media:credit>ALFREDO ESTRELLA / AFP</media:credit>
                        </media:content>
                                                </item>
                    <item>
                <guid>https://www.lefigaro.fr/sports/tennis/tennis-denis-shapovalov-domine-casper-ruud-et-remporte-l-atp-500-de-dallas-20250209</guid>
                <title>Tennis : Denis Shapovalov domine Casper Ruud et remporte l'ATP 500 de Dallas</title>
                                <link>https://www.lefigaro.fr/sports/tennis/tennis-denis-shapovalov-domine-casper-ruud-et-remporte-l-atp-500-de-dallas-20250209</link>
                                    <description>Denis Shapovalov a remporté le tournoi ATP 500 de Dallas en dominant ce dimanche le Norvégien Casper Ruud, tête de série N.2, en deux sets 7-6 (7/5), 6-3.</description>
                                <category>Tennis</category>
                <pubDate>Sun, 09 Feb 2025 22:08:07 +0100</pubDate>

                                                            <media:content url="https://i.f1g.fr/media/cms/3000x1857_crop/2025/02/09/63ce8261330d21fbe89f621789838cbd20dbbdcbf50891428c27b52c34535b27.jpg" width="3000" height="1857">
                            <media:description type="plain">Shapovalov a battu Ruud en finale. </media:description>
                            <media:credit>Tingshu Wang / REUTERS</media:credit>
                        </media:content>
                                                </item>
                    <item>
                <guid>https://www.lefigaro.fr/sports/tennis/tennis-alcaraz-plus-fort-que-de-minaur-s-offre-son-premier-titre-de-la-saison-a-rotterdam-20250209</guid>
                <title>Tennis : Alcaraz plus fort que De Minaur s’offre son premier titre de la saison à Rotterdam</title>
                                <link>https://www.lefigaro.fr/sports/tennis/tennis-alcaraz-plus-fort-que-de-minaur-s-offre-son-premier-titre-de-la-saison-a-rotterdam-20250209</link>
                                    <description>Gros combat, mais victoire finale pour Carlos Alcaraz à l’ATP 500 de Rotterdam face à l’Australien Alex De Minaur. Premier titre de l’année 2025 pour le numéro trois mondial.</description>
                                <category>Tennis</category>
                <pubDate>Sun, 09 Feb 2025 18:15:33 +0100</pubDate>

                                                            <media:content url="https://i.f1g.fr/media/cms/3000x2132_crop/2025/02/09/fe5cbf0a315c9337df58bb7dffd14c37caaee4399fd2f35e22c6c861626249b9.jpg" width="3000" height="2132">
                            <media:description type="plain">Carlos Alcaraz titré à Rotterdam.</media:description>
                            <media:credit>Piroschka Van De Wouw / REUTERS</media:credit>
                        </media:content>
                                                </item>
                    <item>
                <guid>https://www.lefigaro.fr/sports/tennis/tennis-vers-une-fin-de-carriere-pour-lucas-pouille-20250209</guid>
                <title>Tennis : vers une fin de carrière pour Lucas Pouille ?</title>
                                <link>https://www.lefigaro.fr/sports/tennis/tennis-vers-une-fin-de-carriere-pour-lucas-pouille-20250209</link>
                                    <description>L’ancien n°10 mondial a, ce dimanche, été contraint à l’abandon, en finale du tournoi Challenger de Lille. Il souffre d’une rupture complète d’un tendon d’Achille.</description>
                                <category>Tennis</category>
                <pubDate>Sun, 09 Feb 2025 22:01:42 +0100</pubDate>

                                                            <media:content url="https://i.f1g.fr/media/cms/3000x1983_crop/2025/02/09/0e6649a1ce3794b777e0e28e58674cec89b4ed0fc307bca8854e464f4f2da363.jpg" width="3000" height="1983">
                            <media:description type="plain">Lucas Pouille, à Melbourne, en janvier.</media:description>
                            <media:credit>Edgar Su / REUTERS</media:credit>
                        </media:content>
                                                </item>
                    <item>
                <guid>https://www.lefigaro.fr/sports/tennis/tennis-caroline-garcia-remporte-son-premier-match-en-2025-20250209</guid>
                <title>Tennis : Caroline Garcia remporte à Doha son premier match en 2025</title>
                                <link>https://www.lefigaro.fr/sports/tennis/tennis-caroline-garcia-remporte-son-premier-match-en-2025-20250209</link>
                                    <description>Caroline Garcia a remporté son premier tour lors du tournoi de de Doha ce dimanche face à la Chinoise Yuan Yue. C’est sa première victoire depuis le mois de septembre dernier.</description>
                                <category>Tennis</category>
                <pubDate>Sun, 09 Feb 2025 14:18:18 +0100</pubDate>

                                                            <media:content url="https://i.f1g.fr/media/cms/3000x2001_crop/2025/02/09/572de576851d8654ea55f5c39bae6a599262ad8fb7233da8f1e7eb3f2cf5cb5d.jpg" width="3000" height="2001">
                            <media:description type="plain">Caroline Garcia a gagné son premier match en 2025. </media:description>
                            <media:credit>DAVID GRAY / AFP</media:credit>
                        </media:content>
                                                </item>
                    <item>
                <guid>https://www.lefigaro.fr/sports/tennis/tennis-shapovalov-affrontera-ruud-en-finale-a-dallas-20250209</guid>
                <title>Tennis : Shapovalov affrontera Ruud en finale à Dallas</title>
                                <link>https://www.lefigaro.fr/sports/tennis/tennis-shapovalov-affrontera-ruud-en-finale-a-dallas-20250209</link>
                                    <description>Tombeur de Tommy Paul, le Canadien sera opposé au Norvégien ce dimanche.</description>
                                <category>Tennis</category>
                <pubDate>Sun, 09 Feb 2025 11:34:36 +0100</pubDate>

                                                            <media:content url="https://i.f1g.fr/media/cms/3000x2001_crop/2025/02/09/5e4946293e0852a4a434b6968fdcac45d5cc0dc1f22394bf7915dd5a96612245.jpg" width="3000" height="2001">
                            <media:description type="plain">Denis Shapovalov a éliminé le tenant du titre Tommy Paul en demi-finale. </media:description>
                            <media:credit>SAM HODDE / Getty Images via AFP</media:credit>
                        </media:content>
                                                </item>
                    <item>
                <guid>https://www.lefigaro.fr/sports/tennis/tennis-alcaraz-rejoint-de-minaur-en-finale-a-rotterdam-20250208</guid>
                <title>tennis : Alcaraz rejoint De Minaur en finale à Rotterdam</title>
                                <link>https://www.lefigaro.fr/sports/tennis/tennis-alcaraz-rejoint-de-minaur-en-finale-a-rotterdam-20250208</link>
                                    <description>L’Espagnol a rejoint la finale du tournoi ATP 500 de Rotterdam ce samedi après sa victoire sur Hubert Hurkcaz (6-4, 6-7 (5/7), 6-3).</description>
                                <category>Tennis</category>
                <pubDate>Sat, 08 Feb 2025 22:47:40 +0100</pubDate>

                                                            <media:content url="https://i.f1g.fr/media/cms/2206x1586_crop/2025/02/08/16067c2fd8b0468f99dcaa525b479be3481b5f7d456d1f7b93835e11a5bc4e8a.jpg" width="2206" height="1586">
                            <media:description type="plain">Alcaraz a rejoint la finale. </media:description>
                            <media:credit>Piroschka Van De Wouw / REUTERS</media:credit>
                        </media:content>
                                                </item>
                    <item>
                <guid>https://www.lefigaro.fr/sports/tennis/tennis-alex-de-minaur-qualifie-pour-la-finale-a-rotterdam-20250208</guid>
                <title>Tennis : Alex de Minaur qualifié pour la finale à Rotterdam</title>
                                <link>https://www.lefigaro.fr/sports/tennis/tennis-alex-de-minaur-qualifie-pour-la-finale-a-rotterdam-20250208</link>
                                    <description>Alex de Minaur s’est facilement qualifié pour la finale du tournoi de Rotterdam en éliminant l’Italien Bellucci en 2 sets. Il retrouvera Carlos Alcaraz ou Hubert Hurkacz en finale.</description>
                                <category>Tennis</category>
                <pubDate>Sat, 08 Feb 2025 17:01:25 +0100</pubDate>

                                                            <media:content url="https://i.f1g.fr/media/cms/3000x1946_crop/2025/02/08/117416cbf38b6e04829518a0870f69b17e7f7cb9ae7850ea3dc7f21d0950103a.jpg" width="3000" height="1946">
                            <media:description type="plain">Alex de Minaur est en finale du tournoi de Rotterdam. </media:description>
                            <media:credit>Piroschka Van De Wouw / REUTERS</media:credit>
                        </media:content>
                                                </item>
                    <item>
                <guid>https://www.lefigaro.fr/sports/tennis/tennis-bencic-remporte-le-tournoi-d-abu-dhabi-20250208</guid>
                <title>Tennis : Belinda Bencic remporte le tournoi d’Abu Dhabi</title>
                                <link>https://www.lefigaro.fr/sports/tennis/tennis-bencic-remporte-le-tournoi-d-abu-dhabi-20250208</link>
                                    <description>Belinda Bencic a remporté le tournoi d’Abu Dhabi ce samedi en battant en finale l’Américaine Ashlyn Krueger en 3 sets.</description>
                                <category>Tennis</category>
                <pubDate>Sat, 08 Feb 2025 16:47:34 +0100</pubDate>

                                                            <media:content url="https://i.f1g.fr/media/cms/3000x1972_crop/2025/02/08/2681abf72356e34ece8a1ba4a7d1c5dfae2d2f94e70436d4e4947bb3c1ecf235.jpg" width="3000" height="1972">
                            <media:description type="plain">Belinda Bencic a remporté le tournoi d’Abu Dhabi ce samedi. </media:description>
                            <media:credit>Amr Alfiky / REUTERS</media:credit>
                        </media:content>
                                                </item>
                    <item>
                <guid>https://www.lefigaro.fr/sports/tennis/tennis-echange-marathon-coup-entre-les-jambes-le-point-genial-remporte-par-de-minaur-a-rotterdam-20250208</guid>
                <title>Tennis : échange marathon, coup entre les jambes, le point génial remporté par De Minaur à Rotterdam</title>
                                <link>https://www.lefigaro.fr/sports/tennis/tennis-echange-marathon-coup-entre-les-jambes-le-point-genial-remporte-par-de-minaur-a-rotterdam-20250208</link>
                                    <description>L’Australien a arraché un point après un duel d’une grande intensité face à Mattia Bellucci ce samedi aux Pays-Bas.</description>
                                <category>Tennis</category>
                <pubDate>Sat, 08 Feb 2025 16:02:59 +0100</pubDate>

                                                            <media:content url="https://i.f1g.fr/media/cms/1060x663_crop/2025/02/08/254359a04f2ae734f6c825462f4205bf7c6500f6df0925ff0203f484f85defe7.jpg" width="1060" height="663">
                            <media:description type="plain">Mattia Bellucci tente de renvoyer tant bien que mal le coup d’Alex de Minaur. </media:description>
                            <media:credit>TennisTV.</media:credit>
                        </media:content>
                                                </item>
                    <item>
                <guid>https://www.lefigaro.fr/sports/tennis/tennis-un-possible-humbert-gasquet-en-huitiemes-de-finale-a-marseille-20250208</guid>
                <title>Tennis : un possible Humbert-Gasquet en huitièmes de finale à Marseille</title>
                                <link>https://www.lefigaro.fr/sports/tennis/tennis-un-possible-humbert-gasquet-en-huitiemes-de-finale-a-marseille-20250208</link>
                                    <description>Le tirage au sort de l’Open 13 de Marseille a eu lieu ce samedi. Parmi les potentielles belles affiches, Richard Gasquet pourrait retrouver Ugo Humbert en 8e de finale.</description>
                                <category>Tennis</category>
                <pubDate>Sat, 08 Feb 2025 15:29:26 +0100</pubDate>

                                                            <media:content url="https://i.f1g.fr/media/cms/3000x1983_crop/2025/02/08/00b0e9a190b6aabafce6b1deacf3419a6f0b77f44fc28e70bb932ddcc3a23ccf.jpg" width="3000" height="1983">
                            <media:description type="plain">Ugo Humbert pourrait retrouver Richard Gasquet au deuxième tour à Marseille. </media:description>
                            <media:credit>Benoit Tessier / REUTERS</media:credit>
                        </media:content>
                                                </item>
                    <item>
                <guid>https://www.lefigaro.fr/sports/tennis/tennis-shapovalov-et-paul-filent-en-demies-20250208</guid>
                <title>Tennis :  Shapovalov et Paul filent en demies à Dallas</title>
                                <link>https://www.lefigaro.fr/sports/tennis/tennis-shapovalov-et-paul-filent-en-demies-20250208</link>
                                    <description>Denis Shapovalov et Tommy Paul ont validé leur billet pour le dernier carré du tournoi texan.</description>
                                <category>Tennis</category>
                <pubDate>Sat, 08 Feb 2025 13:03:49 +0100</pubDate>

                                                            <media:content url="https://i.f1g.fr/media/cms/3000x2074_crop/2025/02/08/6e815b148c20cf2033d40036fd490e03932d7f364da5040ac6e9792351819452.jpg" width="3000" height="2074">
                            <media:description type="plain">Denis Shapovalov en verve à Dallas. </media:description>
                            <media:credit>Tingshu Wang / REUTERS</media:credit>
                        </media:content>
                                                </item>
                    <item>
                <guid>https://www.lefigaro.fr/sports/tennis/tennis-alcaraz-poursuit-sa-promenade-de-sante-a-rotterdam-20250207</guid>
                <title>Tennis : Alcaraz poursuit sa promenade de santé à Rotterdam</title>
                                <link>https://www.lefigaro.fr/sports/tennis/tennis-alcaraz-poursuit-sa-promenade-de-sante-a-rotterdam-20250207</link>
                                    <description>Carlos Alcaraz a facilement disposé de son compatriote Pedro Martinez en 2 sets ce vendredi soir en quarts de finale de l’ATP 500 de Rotterdam. Il retrouvera Rublev ou Hurkacz en demi-finales.</description>
                                <category>Tennis</category>
                <pubDate>Fri, 07 Feb 2025 21:50:27 +0100</pubDate>

                                                            <media:content url="https://i.f1g.fr/media/cms/3000x2000_crop/2025/02/07/a39489250a7c170228ae10bd4696b4c94b5bb74efe277405b356eb81cbe5c892.jpg" width="3000" height="2000">
                            <media:description type="plain">Carlos Alcaraz est en demi-finales à Rotterdam. </media:description>
                            <media:credit>SANDER KONING / AFP</media:credit>
                        </media:content>
                                                </item>
                    <item>
                <guid>https://www.lefigaro.fr/sports/tennis/tennis-bencic-sort-rybakina-et-rejoint-la-finale-a-abu-dhabi-20250207</guid>
                <title>Tennis : Bencic sort Rybakina et rejoint la finale à Abu Dhabi</title>
                                <link>https://www.lefigaro.fr/sports/tennis/tennis-bencic-sort-rybakina-et-rejoint-la-finale-a-abu-dhabi-20250207</link>
                                    <description>Belinda Bencic a créé la surprise en éliminant la Kazakhe Elena Rybakina en demi-finales du tournoi d’Abu Dhabi ce vendredi. La Suissesse retrouvera l’Américaine Krueger samedi en finale.</description>
                                <category>Tennis</category>
                <pubDate>Fri, 07 Feb 2025 18:27:30 +0100</pubDate>

                                                            <media:content url="https://i.f1g.fr/media/cms/3000x2001_crop/2025/02/07/1d4835cd8e50304ba575282c0fb4a8c44e4f7f79ea527bf5f5b320f3f688f07f.jpg" width="3000" height="2001">
                            <media:description type="plain">Belinda Bencic est en finale du tournoi d’Abu Dhabi. </media:description>
                            <media:credit>FADEL SENNA / AFP</media:credit>
                        </media:content>
                                                </item>
                    <item>
                <guid>https://www.lefigaro.fr/sports/tennis/tennis-la-sensation-bellucci-surclasse-tsitsipas-en-quarts-a-rotterdam-20250207</guid>
                <title>Tennis : la sensation Bellucci surclasse Tsitsipas en quarts à Rotterdam</title>
                                <link>https://www.lefigaro.fr/sports/tennis/tennis-la-sensation-bellucci-surclasse-tsitsipas-en-quarts-a-rotterdam-20250207</link>
                                    <description>Issu des qualifications, Mattia Bellucci (92e mondial) s’est qualifié vendredi pour la première demi-finale de son histoire sur le circuit principal, où il affrontera au tournoi ATP 500 de Rotterdam l’Australien Alex De Minaur (8e), finaliste sortant.</description>
                                <category>Tennis</category>
                <pubDate>Fri, 07 Feb 2025 17:11:08 +0100</pubDate>

                                                            <media:content url="https://i.f1g.fr/media/cms/3000x2001_crop/2025/02/07/69145d571c2838e93ae961ee7ce2c450f0df59750fcb27a27990aac04714c993.jpg" width="3000" height="2001">
                            <media:description type="plain">Mattia Bellucci</media:description>
                            <media:credit>SANDER KONING / AFP</media:credit>
                        </media:content>
                                                </item>
            </channel>
</rss>
