<?xml version="1.0" encoding="UTF-8"?>
<rss version="2.0" xmlns:atom="http://www.w3.org/2005/Atom" xmlns:media="http://search.yahoo.com/mrss/">
    <channel>
        <atom:link href="https://www.lefigaro.fr/rss/figaro_style.xml" rel="self" type="application/rss+xml"/>
        <category>La Une Style</category>
        <title>Le Figaro - Style - Toute l&#039;actu de la mode</title>
        <description>Tout ce qu&#039;il faut savoir autour du style et des dernières tendances. Mode femme, homme, accessoires, luxe, vintage ou sneakers...découvrez l’univers du fashion.</description>
        <link>http://www.lefigaro.fr</link>
        <language>fr</language>
        <copyright>Droits de reproduction et de diffusion réservés LeFigaro.fr</copyright>
        <lastBuildDate>Mon, 10 Feb 2025 13:39:49 +0100</lastBuildDate>
        <docs>https://www.lefigaro.fr/rss</docs>
        <image>
            <title>Le Figaro - Style - Toute l&#039;actu de la mode</title>
            <url>https://static.lefigaro.fr/common/logos/logo-150x150.png</url>
            <link>http://www.lefigaro.fr</link>
            <description>Tout ce qu&#039;il faut savoir autour du style et des dernières tendances. Mode femme, homme, accessoires, luxe, vintage ou sneakers...découvrez l’univers du fashion.</description>
        </image>

                    <item>
                <guid>https://www.lefigaro.fr/mode-homme/la-question-existentielle-d-ou-vient-le-jean-francais-de-kendrick-lamar-au-super-bowl-20250210</guid>
                <title>La question existentielle: d’où vient le jean français de Kendrick Lamar au Super Bowl?</title>
                                <link>https://www.lefigaro.fr/mode-homme/la-question-existentielle-d-ou-vient-le-jean-francais-de-kendrick-lamar-au-super-bowl-20250210</link>
                                    <description>Quand un rappeur américain s’inspire (malgré lui?) de Serge Gainsbourg.</description>
                                <category>Mode Homme</category>
                <pubDate>Mon, 10 Feb 2025 13:17:54 +0100</pubDate>

                                                            <media:content url="https://i.f1g.fr/media/cms/orig/2025/02/10/3adf419186ec06bd1c6ce460a43c0c9d07d6c2f3c2cfd57088dd772b9c4dadce.JPG" width="3000" height="2108">
                            <media:description type="plain">Kendrick Lamar, lors du Superbowl, hier soir, en jean Celine par Hedi Slimane.</media:description>
                            <media:credit>Mike Segar / REUTERS</media:credit>
                        </media:content>
                                                </item>
                    <item>
                <guid>https://www.lefigaro.fr/style/calvin-klein-le-come-back-d-un-mythe-americain-20250209</guid>
                <title>Calvin Klein, le come-back d’un mythe américain</title>
                                <link>https://www.lefigaro.fr/style/calvin-klein-le-come-back-d-un-mythe-americain-20250209</link>
                                    <description>Vendredi, l’Italienne Veronica Leoni ranimait sur les podiums de la Fashion Week de New York, l’esprit « CK » des années 1990, son minimalisme sensuel et ses coupes aiguisées. En présence du créateur culte et de Kate Moss !</description>
                                <category>Style</category>
                <pubDate>Sun, 09 Feb 2025 20:28:53 +0100</pubDate>

                                                            <media:content url="https://i.f1g.fr/media/cms/1822x1025_crop/2025/02/09/90f26e3d7f988e80153d6edc58962dd87c8d17f5f91bcacc24f75cd291ee2200.jpg" width="1822" height="1025">
                            <media:description type="plain">Au centre, Calvin Klein entourée de Christy Turlington et de Kate Moss assistent au premier défilé pour la marque de Veronica Leoni avec entre autres, Kendall Jenner, en manteau à peine oversize.</media:description>
                            <media:credit>Courtesy of Calvin Klein Collection / Courtesy of Calvin Klein Collection</media:credit>
                        </media:content>
                                                </item>
                    <item>
                <guid>https://www.lefigaro.fr/style/avec-l-oreal-jacquemus-a-trouve-un-investisseur-et-un-partenaire-pour-son-parfum-20250207</guid>
                <title>Avec L’Oréal, Jacquemus a trouvé un investisseur et un partenaire pour son parfum</title>
                                <link>https://www.lefigaro.fr/style/avec-l-oreal-jacquemus-a-trouve-un-investisseur-et-un-partenaire-pour-son-parfum-20250207</link>
                                    <description>Le groupe français de cosmétique devient investisseur minoritaire dans Jacquemus et développera pour la première fois, les produits de beauté de la marque solaire et appréciée des jeunes générations, fondée en 2009 par le créateur provençal, Simon Porte Jacquemus.</description>
                                <category>Style</category>
                <pubDate>Fri, 07 Feb 2025 10:03:57 +0100</pubDate>

                                                            <media:content url="https://i.f1g.fr/media/cms/1504x1080_crop/2025/02/07/9b64b28806c064986f2685d42498661e0b3ad16c84672313c2a0514f19a28568.jpg" width="1504" height="1080">
                            <media:description type="plain">Simon Porte Jacquemus, le fondateur de Jacquemus</media:description>
                            <media:credit>Jacquemus</media:credit>
                        </media:content>
                                                </item>
                    <item>
                <guid>https://www.lefigaro.fr/style/81-boulevard-voltaire-a-nous-tous-on-balaie-un-siecle-de-mode-20250207</guid>
                <title>Au 81 boulevard Voltaire à Paris, le concept store secret dédié au vintage que le monde nous envie : « À nous tous, on balaie un siècle de mode »</title>
                                <link>https://www.lefigaro.fr/style/81-boulevard-voltaire-a-nous-tous-on-balaie-un-siecle-de-mode-20250207</link>
                                    <description>Une poignée de spécialistes du vintage, du vêtement de travail ancien au sportswear italien, ont investi pour quelques mois un bâtiment abandonné du 11e arrondissement, à Paris. Une expérience rare qui ravive les années underground de la capitale.</description>
                                <category>Style</category>
                <pubDate>Sat, 08 Feb 2025 22:39:35 +0100</pubDate>

                                                            <media:content url="https://i.f1g.fr/media/cms/2250x3000_crop/2025/02/06/9f3b6cbfcebc6b9a4cc027422102a1abd843d6f01fe634f69def1eb1ce6d5986.jpg" width="2250" height="3000">
                            <media:description type="plain">La cour intérieure du 81, boulevard Voltaire (Paris 11e) mène au paradis des amoureux du vintage</media:description>
                            <media:credit>Ologram</media:credit>
                        </media:content>
                                                </item>
                    <item>
                <guid>https://www.lefigaro.fr/mode-homme/la-rayure-force-le-trait-20250207</guid>
                <title>La rayure force le trait</title>
                                <link>https://www.lefigaro.fr/mode-homme/la-rayure-force-le-trait-20250207</link>
                                    <description>Sur les podiums, dans les collections, vestes et costumes rayés retrouvent la ligne et donnent du panache à la silhouette.</description>
                                <category>Mode Homme</category>
                <pubDate>Fri, 07 Feb 2025 07:00:09 +0100</pubDate>

                                                            <media:content url="https://i.f1g.fr/media/eidos/630x354_crop/2025/02/07/XVM693a4d5a-e21d-11ef-8ab1-af8189898af5.jpg" width="630" height="354">
                            <media:description type="plain">Dunhill, Ralph Lauren, Fursac</media:description>
                            <media:credit>sdp</media:credit>
                        </media:content>
                                                </item>
                    <item>
                <guid>https://www.lefigaro.fr/horlogerie/retromobile-des-bolides-et-des-montres-20250207</guid>
                <title>Rétromobile: des bolides et des montres</title>
                                <link>https://www.lefigaro.fr/horlogerie/retromobile-des-bolides-et-des-montres-20250207</link>
                                    <description>Le salon dédié aux amoureux de l’automobile et de la moto de collection, est aussi le rendez-vous des amateurs d’horlogerie.</description>
                                <category>Horlogerie</category>
                <pubDate>Fri, 07 Feb 2025 07:00:06 +0100</pubDate>

                                                            <media:content url="https://i.f1g.fr/media/eidos/630x354_crop/2025/02/07/XVM53d1b914-dcb7-11ef-8d6d-353efc76dcf5.jpg" width="630" height="354">
                            <media:description type="plain"></media:description>
                            <media:credit>sdp</media:credit>
                        </media:content>
                                                </item>
                    <item>
                <guid>https://www.lefigaro.fr/mode-homme/prise-de-poids-taillons-dans-le-vif-20250207</guid>
                <title>Prise de poids? Taillons dans le vif</title>
                                <link>https://www.lefigaro.fr/mode-homme/prise-de-poids-taillons-dans-le-vif-20250207</link>
                                    <description>LA CHRONIQUE DE JULIEN SCAVINI - Très peu d’hommes vont voir le retoucheur pour faire élargir un pantalon ou, si c’est nécessaire, en racheter un autre.</description>
                                <category>Mode Homme</category>
                <pubDate>Fri, 07 Feb 2025 10:39:20 +0100</pubDate>

                                                            <media:content url="https://i.f1g.fr/media/eidos/630x354_crop/2025/02/07/XVMeeaed9bc-e21b-11ef-8ab1-af8189898af5.jpg" width="630" height="354">
                            <media:description type="plain"></media:description>
                            <media:credit>Scavini</media:credit>
                        </media:content>
                                                </item>
                    <item>
                <guid>https://www.lefigaro.fr/mode-homme/la-petite-histoire-de-true-religion-la-nouvelle-marque-de-jeans-preferee-de-timothee-chalamet-20250206</guid>
                <title>La petite histoire de True Religion, la nouvelle marque de jeans préférée de Timothée Chalamet</title>
                                <link>https://www.lefigaro.fr/mode-homme/la-petite-histoire-de-true-religion-la-nouvelle-marque-de-jeans-preferee-de-timothee-chalamet-20250206</link>
                                    <description>Il joue Bob Dylan à l’écran mais, à la ville, ne jure que par une marque de denim des années 2000 qu’on croyait un peu ringarde et oubliée. Pourquoi? Explications.</description>
                                <category>Mode Homme</category>
                <pubDate>Thu, 06 Feb 2025 14:49:29 +0100</pubDate>

                                                            <media:content url="https://i.f1g.fr/media/cms/1936x1296_crop/2025/02/06/fc41c0a0b79102f4963bf39d3132045ddd7788eab455e9a1c9bb6df6af9cc4f8.jpg" width="1936" height="1296">
                            <media:description type="plain">Timothée Chalamet, en veste en denim True Religion lors de la tournée promotionnelle de Un parfait inconnu, à Rome le 17 janvier dernier.</media:description>
                            <media:credit>Guglielmo Mangiapane / REUTERS</media:credit>
                        </media:content>
                                                </item>
                    <item>
                <guid>https://www.lefigaro.fr/mode-homme/le-client-berluti-se-distingue-par-son-allure-remarquable-20250206</guid>
                <title>« Le client Berluti se distingue par son allure remarquable »</title>
                                <link>https://www.lefigaro.fr/mode-homme/le-client-berluti-se-distingue-par-son-allure-remarquable-20250206</link>
                                    <description>Jean-Marc Mansvelt, le nouveau directeur général, revient aux fondamentaux de la marque avec l’emblématique soulier Alessandro qui célèbre ses 130 ans et la mythique veste Forestière de Le Corbusier taillée à l’origine par Arnys.</description>
                                <category>Mode Homme</category>
                <pubDate>Thu, 06 Feb 2025 13:48:31 +0100</pubDate>

                                                            <media:content url="https://i.f1g.fr/media/cms/2400x1350_crop/2025/01/22/05f942df66cb48bce730e5462228492d351ef3534049b1cc68619de9d9d1076f.jpg" width="2400" height="1350">
                            <media:description type="plain">Jean-Marc Mansvelt, directeur général de Berluti</media:description>
                            <media:credit>Jean Picon</media:credit>
                        </media:content>
                                                </item>
                    <item>
                <guid>https://www.lefigaro.fr/style/gucci-met-fin-au-contrat-de-sabato-de-sarno-20250206</guid>
                <title>Luxe : Gucci met fin au contrat de son directeur créatif Sabato de Sarno</title>
                                <link>https://www.lefigaro.fr/style/gucci-met-fin-au-contrat-de-sabato-de-sarno-20250206</link>
                                    <description>La marque florentine dans le giron de Kering a annoncé ce 6 février le départ de son directeur créatif arrivé il y a seulement deux ans. Un divorce qui ne surprend pas vraiment, au regard des mauvais chiffres, mais survient plus tôt que prévu.</description>
                                <category>Style</category>
                <pubDate>Thu, 06 Feb 2025 10:15:03 +0100</pubDate>

                                                            <media:content url="https://i.f1g.fr/media/cms/684x385_crop/2025/02/06/302f7fc8faa55bf32e9769d1b10cee638b2e93c1e997c05d5285993730878ac0.jpg" width="684" height="385">
                            <media:description type="plain">Sabato de Sarno</media:description>
                            <media:credit>Gucci</media:credit>
                        </media:content>
                                                </item>
                    <item>
                <guid>https://www.lefigaro.fr/style/un-sac-de-luxe-donne-t-il-vraiment-de-l-allure-analyse-20250206</guid>
                <title>Le sac de luxe : un atout élégant ou un investissement superflu ?</title>
                                <link>https://www.lefigaro.fr/style/un-sac-de-luxe-donne-t-il-vraiment-de-l-allure-analyse-20250206</link>
                                    <description>Dépenser un demi-salaire dans un modèle de l’avenue Montaigne suffit-il à rendre chic ? Nous avons pesé les pour et les contre…</description>
                                <category>Style</category>
                <pubDate>Fri, 07 Feb 2025 11:54:55 +0100</pubDate>

                                                            <media:content url="https://i.f1g.fr/media/cms/1190x669_crop/2025/02/05/a384a372eeacd5b8424611e19d9ee28164ba9016eacf404430bdc701952003ef.png" width="1190" height="669">
                            <media:description type="plain">Hailey Bieber et Kendall Jenner à Aspen, en janvier dernier.</media:description>
                            <media:credit>Backgrid USA / Bestimageou </media:credit>
                        </media:content>
                                                </item>
                    <item>
                <guid>https://www.lefigaro.fr/style/la-taille-emeraude-d-une-pierre-deux-coups-20250205</guid>
                <title>La taille émeraude, d’une pierre deux coups</title>
                                <link>https://www.lefigaro.fr/style/la-taille-emeraude-d-une-pierre-deux-coups-20250205</link>
                                    <description>Longtemps réservée aux gemmes vertes ultraprécieuses, cette forme rectangulaire à angles coupés, qui magnifie les reflets d’une pierre et attire les regards par son volume, connaît une cote inédite.</description>
                                <category>Style</category>
                <pubDate>Wed, 05 Feb 2025 15:04:01 +0100</pubDate>

                                                            <media:content url="https://i.f1g.fr/media/cms/2098x1180_crop/2025/02/04/91b3e118713001cbeccb3092ea573cab8c19bd196b8155598251a4db022b2d52.jpg" width="2098" height="1180">
                            <media:description type="plain">Les bijoux pop de la marque londonienne NeverNot, vendus chez Wempe, donnent une place de choix à la taille émeraude.</media:description>
                            <media:credit>Ika Khargelia</media:credit>
                        </media:content>
                                                </item>
                    <item>
                <guid>https://www.lefigaro.fr/style/le-concept-store-lulli-phenomene-mode-du-sud-20250205</guid>
                <title>Le concept-store Lulli, phénomène mode du Sud</title>
                                <link>https://www.lefigaro.fr/style/le-concept-store-lulli-phenomene-mode-du-sud-20250205</link>
                                    <description>Fondé en 2003, le multimarque marseillais a fait des petits à Nice, Toulon ou Cassis. Son vestiaire solaire toujours « à la page » fait la fierté des filles du Midi.</description>
                                <category>Style</category>
                <pubDate>Wed, 05 Feb 2025 14:59:38 +0100</pubDate>

                                                            <media:content url="https://i.f1g.fr/media/cms/1918x1079_crop/2025/02/05/dc43386f48364edb7b89e44c2ed27edba514a0a817870ff612f58746ed16e541.jpg" width="1918" height="1079">
                            <media:description type="plain">La boutique Lulli du centre-ville de Toulon et sa fondatrice, Anne Vouland.</media:description>
                            <media:credit>LULLI</media:credit>
                        </media:content>
                                                </item>
                    <item>
                <guid>https://www.lefigaro.fr/style/vous-avez-le-choix-dans-la-vie-maroquinerie-pour-femme-ou-maroquinerie-pour-homme-20250205</guid>
                <title>« Vous avez le choix, dans la vie : maroquinerie pour femme… ou maroquinerie pour homme »</title>
                                <link>https://www.lefigaro.fr/style/vous-avez-le-choix-dans-la-vie-maroquinerie-pour-femme-ou-maroquinerie-pour-homme-20250205</link>
                                    <description>La formule pleine d’humour était celle que répétait Philippe Cassegrain à ses petits-enfants. Aujourd’hui, ils ont entre 30 et 35 ans, et ont repris le flambeau auprès de leurs parents chez Longchamp. Juliette Poupard, Adrien et Hector Cassegrain racontent cette transmission au sein de l’entreprise familiale et indépendante.</description>
                                <category>Style</category>
                <pubDate>Wed, 05 Feb 2025 07:00:00 +0100</pubDate>

                                                            <media:content url="https://i.f1g.fr/media/cms/3000x2001_crop/2025/02/04/64d04429366ff87dce75cc866e7e22012ca1790392a0c812a47aeb30d324759c.jpg" width="3000" height="2001">
                            <media:description type="plain">De gauche à droite : Adrien Cassegrain, directeur de la transformation et de la RSE, Juliette Poupard, directrice des événements, et Hector Cassegrain, directeur France.</media:description>
                            <media:credit>Longchamp</media:credit>
                        </media:content>
                                                </item>
                    <item>
                <guid>https://www.lefigaro.fr/style/east-west-marquise-divorce-ring-petit-glossaire-de-gros-diamants-de-star-20250204</guid>
                <title>« East-West », marquise, « divorce ring », petit glossaire de gros diamants de star</title>
                                <link>https://www.lefigaro.fr/style/east-west-marquise-divorce-ring-petit-glossaire-de-gros-diamants-de-star-20250204</link>
                                    <description>Les stars planétaires adorent montrer leur gros caillou sur leur compte Instagram et ainsi étoffer notre culture joaillière. Lexique.</description>
                                <category>Style</category>
                <pubDate>Tue, 04 Feb 2025 18:00:00 +0100</pubDate>

                                                            <media:content url="https://i.f1g.fr/media/cms/1918x1079_crop/2025/02/04/dd2c1ca0ec0a6e2ae12525cea2ecb64c6bfb1722fda77d946487f8017a7d37c2.png" width="1918" height="1079">
                            <media:description type="plain">Purement inventée, inspirée de Louis XV, classique mais revisitée, ces appellations de bagues de fiançailles ont leur symbolique. Les connaissiez-vous ?</media:description>
                            <media:credit>LE FIGARO</media:credit>
                        </media:content>
                                                </item>
                    <item>
                <guid>https://www.lefigaro.fr/style/angelina-jolie-le-pouvoir-d-une-femme-vient-toujours-de-l-interieur-mais-la-bonne-nuance-de-rouge-a-levres-renforce-son-essence-20250204</guid>
                <title>Angelina Jolie : « Le pouvoir d’une femme vient toujours de l’intérieur, mais la bonne nuance de rouge à lèvres renforce son essence »</title>
                                <link>https://www.lefigaro.fr/style/angelina-jolie-le-pouvoir-d-une-femme-vient-toujours-de-l-interieur-mais-la-bonne-nuance-de-rouge-a-levres-renforce-son-essence-20250204</link>
                                    <description>Deux rôles pour l’actrice en ce début d’année, la Callas dans « Maria » de Pablo Larrain, qui sort aujourd’hui en salle, et égérie de Tom Ford Beauty dans une campagne signée Mert et Marcus.</description>
                                <category>Style</category>
                <pubDate>Tue, 04 Feb 2025 17:06:11 +0100</pubDate>

                                                            <media:content url="https://i.f1g.fr/media/cms/3000x1687_crop/2025/02/04/de17f3edb1df81cfc1213061027242ea09e7018d0252189a5f0070be1b49a720.jpg" width="3000" height="1687">
                            <media:description type="plain">« En tant qu’artiste, le maquillage et les costumes sont très importants. Ils me transforment en personnage », souligne Angelina Jolie.</media:description>
                            <media:credit>SDP</media:credit>
                        </media:content>
                                                </item>
                    <item>
                <guid>https://www.lefigaro.fr/horlogerie/a-l-heure-des-amoureux-20250203</guid>
                <title>À l’heure des amoureux</title>
                                <link>https://www.lefigaro.fr/horlogerie/a-l-heure-des-amoureux-20250203</link>
                                    <description>Et si elle et lui portaient tous les deux la même, ou presque ? Les montres de couple sont (presque) de retour.</description>
                                <category>Horlogerie</category>
                <pubDate>Mon, 03 Feb 2025 16:49:16 +0100</pubDate>

                                                            <media:content url="https://i.f1g.fr/media/cms/2796x2097_crop/2025/01/31/bb65039ba32583dd11456909684a81335464da94756fd976a0794d52cb42c772.jpg" width="2796" height="2097">
                            <media:description type="plain">Des duos horlogers de la collection Millesime, signés Raymond Weil</media:description>
                            <media:credit>Raymond Weil</media:credit>
                        </media:content>
                                                </item>
                    <item>
                <guid>https://www.lefigaro.fr/horlogerie/daniel-craig-david-beckham-lewis-hamilton-pourquoi-leur-poignet-passionne-tant-les-watch-spotters-20250203</guid>
                <title>Horlogerie : Daniel Craig, David Beckham, Lewis Hamilton... Pourquoi leur poignet passionne tant les «watch spotters» ?</title>
                                <link>https://www.lefigaro.fr/horlogerie/daniel-craig-david-beckham-lewis-hamilton-pourquoi-leur-poignet-passionne-tant-les-watch-spotters-20250203</link>
                                    <description>Quand Omega « teste » ses nouveautés au poignet de Daniel Craig, tout comme Tudor avec David Beckham, ce sont les aficionados de nouvelles montres qui se chargent du buzz sur internet…</description>
                                <category>Horlogerie</category>
                <pubDate>Mon, 03 Feb 2025 17:00:54 +0100</pubDate>

                                                            <media:content url="https://i.f1g.fr/media/cms/1920x1080_crop/2025/02/03/9758bd6dd65f2ce3cdf212ce4ef10dc6fd7277e033fd2f596dd4bff9bc129b03.jpg" width="1920" height="1080">
                            <media:description type="plain">Des poignets de stars scrutés de près par les passionnés de montres.</media:description>
                            <media:credit>Instagram David Beckham &amp;amp; Lewis Hamilton / Omega </media:credit>
                        </media:content>
                                                </item>
                    <item>
                <guid>https://www.lefigaro.fr/style/lucien-pages-j-ai-une-collection-de-300-flacons-de-parfums-factices-geants-20250203</guid>
                <title>Lucien Pagès : « J’ai une collection de 300 flacons de parfums factices géants ! »</title>
                                <link>https://www.lefigaro.fr/style/lucien-pages-j-ai-une-collection-de-300-flacons-de-parfums-factices-geants-20250203</link>
                                    <description>Avec sa passion des flacons XXL - des années 1980 en particulier -, l’attaché de presse le plus connu de la mode est devenu une référence du genre sur TikTok !</description>
                                <category>Style</category>
                <pubDate>Mon, 03 Feb 2025 12:45:47 +0100</pubDate>

                                                            <media:content url="https://i.f1g.fr/media/cms/2248x1264_crop/2025/02/03/227a8c209a79af67ae562ba2a6b5fdcec6930ca91dc21ad6242cd2a25dc98f0a.jpg" width="2248" height="1264">
                            <media:description type="plain">Lucien Pagès</media:description>
                            <media:credit>Lucien Pagès</media:credit>
                        </media:content>
                                                </item>
                    <item>
                <guid>https://www.lefigaro.fr/style/je-ne-porte-jamais-deux-fois-de-suite-le-meme-parfum-quand-se-parfumer-tourne-a-l-obsession-20250203</guid>
                <title>«Je ne porte jamais deux fois de suite le même parfum» : quand se parfumer tourne à l’obsession</title>
                                <link>https://www.lefigaro.fr/style/je-ne-porte-jamais-deux-fois-de-suite-le-meme-parfum-quand-se-parfumer-tourne-a-l-obsession-20250203</link>
                                    <description>Qu’ils les portent la nuit ou en superposition, qu’ils collectionnent les flacons ou qu’ils traquent les odeurs disparues, ces fous de parfums en partagent une même vision : celle d’un objet esthétique, vecteur de sensorialité et d’émotions.</description>
                                <category>Style</category>
                <pubDate>Mon, 03 Feb 2025 12:40:02 +0100</pubDate>

                                                            <media:content url="https://i.f1g.fr/media/cms/713x401_crop/2025/02/03/27e4b6f1bc2abd5ca19fdac26220970a3061b1b345bf4b8e054bbace66d7d91e.jpg" width="713" height="401">
                            <media:description type="plain">«Lorsque je pars en vacances, il me faut au minimum une dizaine de flacons différents», ces accros du parfum. </media:description>
                            <media:credit>DR</media:credit>
                        </media:content>
                                                </item>
            </channel>
</rss>
