<?xml version="1.0" encoding="UTF-8"?>
<rss version="2.0" xmlns:atom="http://www.w3.org/2005/Atom" xmlns:media="http://search.yahoo.com/mrss/">
    <channel>
        <atom:link href="https://www.lefigaro.fr/rss/figaro_basket.xml" rel="self" type="application/rss+xml"/>
        <category>Basket</category>
        <title>Le Figaro - Basket : Actualité du basket-ball et de la NBA, résultats des matches en direct</title>
        <description>Basket : Retrouvez toute lactualité du basket-ball et de la NBA avec Le Figaro</description>
        <link>https://www.lefigaro.fr</link>
        <language>fr</language>
        <copyright>Droits de reproduction et de diffusion réservés LeFigaro.fr</copyright>
        <lastBuildDate>Mon, 10 Feb 2025 13:38:23 +0100</lastBuildDate>
        <docs>https://www.lefigaro.fr/rss</docs>
        <image>
            <title>Le Figaro - Basket : Actualité du basket-ball et de la NBA, résultats des matches en direct</title>
            <url>https://static.lefigaro.fr/common/logos/logo-150x150.png</url>
            <link>https://www.lefigaro.fr</link>
            <description>Basket : Retrouvez toute lactualité du basket-ball et de la NBA avec Le Figaro</description>
        </image>

                    <item>
                <guid>https://www.lefigaro.fr/sports/basket/basket-fournier-et-hoard-forfaits-pour-les-derniers-matches-de-qualification-a-l-euro-2025-luwawu-cabarot-et-cornelie-appeles-20250210</guid>
                <title>Basket : Fournier et Hoard forfaits pour les derniers matches de qualification à l’Euro 2025, Luwawu-Cabarot et Cornelie appelés</title>
                                <link>https://www.lefigaro.fr/sports/basket/basket-fournier-et-hoard-forfaits-pour-les-derniers-matches-de-qualification-a-l-euro-2025-luwawu-cabarot-et-cornelie-appeles-20250210</link>
                                    <description>L’équipe de France joue ses deux derniers matches de qualification à l’Euro 2025 les 21 et 24 février, en Croatie et en Bosnie-Herzégovine.</description>
                                <category>Basket</category>
                <pubDate>Mon, 10 Feb 2025 11:14:11 +0100</pubDate>

                                                            <media:content url="https://i.f1g.fr/media/cms/3000x2000_crop/2025/02/10/0bcaf904799b2aed572f36809b34f52131f834b4a1f1377fd27a5e5be80a0ec3.jpg" width="3000" height="2000">
                            <media:description type="plain">Evan Fournier.</media:description>
                            <media:credit>ARIS MESSINIS / AFP</media:credit>
                        </media:content>
                                                </item>
                    <item>
                <guid>https://www.lefigaro.fr/sports/basket/nba/nba-damian-lillard-monumental-yabusele-en-forme-diabate-blesse-et-fin-de-serie-negative-pour-houston-20250209</guid>
                <title>NBA : Damian Lillard monumental, Yabusele en forme, Diabaté blessé et fin de série négative pour Houston</title>
                                <link>https://www.lefigaro.fr/sports/basket/nba/nba-damian-lillard-monumental-yabusele-en-forme-diabate-blesse-et-fin-de-serie-negative-pour-houston-20250209</link>
                                    <description>Ce dimanche, Milwaukee a tenu bon face à Philadelphie grâce à un grand Damian Lillard alors que le Français Diabaté s’est blessé avec Charlotte.</description>
                                <category>NBA</category>
                <pubDate>Sun, 09 Feb 2025 23:47:52 +0100</pubDate>

                                                            <media:content url="https://i.f1g.fr/media/cms/3000x2001_crop/2025/02/09/dbecf7afa4f8d713a512a0266f8d7907927abbcd87fc69527fb2f9c5957156fb.jpg" width="3000" height="2001">
                            <media:description type="plain">Lillard a inscrit 43 points. </media:description>
                            <media:credit>Brett Davis / REUTERS</media:credit>
                        </media:content>
                                                </item>
                    <item>
                <guid>https://www.lefigaro.fr/sports/basket/basket-porte-par-un-grand-tj-shorts-paris-basketball-domine-l-asvel-20250209</guid>
                <title>Basket : porté par un grand TJ Shorts, Paris Basketball domine l'Asvel</title>
                                <link>https://www.lefigaro.fr/sports/basket/basket-porte-par-un-grand-tj-shorts-paris-basketball-domine-l-asvel-20250209</link>
                                    <description>Ce dimanche, le Paris Basketball a battu l’Asvel (111-96) grâce à un grand TJ Shorts, auteur de 30 points et 12 passes.</description>
                                <category>Basket</category>
                <pubDate>Sun, 09 Feb 2025 22:01:52 +0100</pubDate>

                                                            <media:content url="https://i.f1g.fr/media/cms/3000x1985_crop/2025/02/09/f27dd66e1fd34d649f1bcaa6c48099eabc4c7a0563ddad0d6753c17ab89507ba.jpg" width="3000" height="1985">
                            <media:description type="plain">TJ Shorts a inscrit 30 points. </media:description>
                            <media:credit>FRANCK FIFE / AFP</media:credit>
                        </media:content>
                                                </item>
                    <item>
                <guid>https://www.lefigaro.fr/sports/basket/nba/nba-blesse-giannis-antetokounmpo-forfait-pour-le-all-star-game-20250209</guid>
                <title>NBA : blessé, Giannis Antetokounmpo forfait pour le All-Star Game</title>
                                <link>https://www.lefigaro.fr/sports/basket/nba/nba-blesse-giannis-antetokounmpo-forfait-pour-le-all-star-game-20250209</link>
                                    <description>Le joueur de Milwaukee Giannis Antetokounmpo, blessé au mollet gauche, manquera le All-Star Game de la NBA.</description>
                                <category>NBA</category>
                <pubDate>Sun, 09 Feb 2025 22:03:32 +0100</pubDate>

                                                            <media:content url="https://i.f1g.fr/media/cms/3000x2000_crop/2025/02/09/36c4e6d38afe137f99c14153e6967805dc97c3e22fbea22d4710d664b1106322.jpg" width="3000" height="2000">
                            <media:description type="plain">Antetokounmpo sera absent pour le All-Star Game. </media:description>
                            <media:credit>Chris Nicoll / REUTERS</media:credit>
                        </media:content>
                                                </item>
                    <item>
                <guid>https://www.lefigaro.fr/sports/basket/nba/nba-pour-sa-premiere-avec-dallas-anthony-davis-se-blesse-20250209</guid>
                <title>NBA : pour sa première avec Dallas, Anthony Davis... se blesse</title>
                                <link>https://www.lefigaro.fr/sports/basket/nba/nba-pour-sa-premiere-avec-dallas-anthony-davis-se-blesse-20250209</link>
                                    <description>Anthony Davis s’est blessé ce samedi dès son premier match avec Dallas face aux Rockets de Houston.</description>
                                <category>NBA</category>
                <pubDate>Sun, 09 Feb 2025 00:09:04 +0100</pubDate>

                                                            <media:content url="https://i.f1g.fr/media/cms/2940x1962_crop/2025/02/09/6bdf3d82e897bbf1a4279ddc17c95d45261fdcde8be54e25bb8aa584bd89d0bc.jpg" width="2940" height="1962">
                            <media:description type="plain">Davis, blessé. </media:description>
                            <media:credit>TIM HEITMAN / Getty Images via AFP</media:credit>
                        </media:content>
                                                </item>
                    <item>
                <guid>https://www.lefigaro.fr/sports/basket/nba/nba-davis-veut-donner-espoir-aux-fans-de-dallas-assommes-par-le-depart-de-doncic-20250208</guid>
                <title>NBA : Davis veut «donner espoir» aux fans de Dallas assommés par le départ de Doncic</title>
                                <link>https://www.lefigaro.fr/sports/basket/nba/nba-davis-veut-donner-espoir-aux-fans-de-dallas-assommes-par-le-depart-de-doncic-20250208</link>
                                    <description>L’ex-intérieur des Lakers a tenté de rassurer des fans de la franchise texane inconsolables après le départ de Doncic.</description>
                                <category>NBA</category>
                <pubDate>Sat, 08 Feb 2025 15:30:17 +0100</pubDate>

                                                            <media:content url="https://i.f1g.fr/media/cms/3000x2000_crop/2025/02/08/6d6e9700da96a5b0ba06f4d62d8736fad501ca8189b15f7e2ba67e8906c0d73d.jpg" width="3000" height="2000">
                            <media:description type="plain">Anthony Davis va avoir la lourde charge de faire oublier l’ex-star des Mavericks Luka Doncic. </media:description>
                            <media:credit>Kyle Ross / USA TODAY Sports via Reuters Con</media:credit>
                        </media:content>
                                                </item>
                    <item>
                <guid>https://www.lefigaro.fr/sports/basket/nba/nba-avec-un-wembanyama-sans-eclat-les-spurs-tombent-face-a-charlotte-20250208</guid>
                <title>NBA: avec un Wembanyama sans éclat, les Spurs tombent face à Charlotte</title>
                                <link>https://www.lefigaro.fr/sports/basket/nba/nba-avec-un-wembanyama-sans-eclat-les-spurs-tombent-face-a-charlotte-20250208</link>
                                    <description>Avec 16 points, 11 rebonds et 6 contres, le Français n’a pu éviter à son équipe de chuter la nuit dernière.</description>
                                <category>NBA</category>
                <pubDate>Sat, 08 Feb 2025 09:04:55 +0100</pubDate>

                                                            <media:content url="https://i.f1g.fr/media/cms/3000x2000_crop/2025/02/08/fc354644447630687623ddb59af252f295aff942c13be4a9cddf5208e9e54cc7.jpg" width="3000" height="2000">
                            <media:description type="plain">Victor Wembanyama a signé une prestation correcte face à Charlotte.</media:description>
                            <media:credit>Petre Thomas / REUTERS</media:credit>
                        </media:content>
                                                </item>
                    <item>
                <guid>https://www.lefigaro.fr/sports/basket/euroligue-au-buzzer-evan-fournier-crucifie-le-barca-video-20250208</guid>
                <title>Euroligue : au buzzer, Evan Fournier crucifie le Barça (vidéo)</title>
                                <link>https://www.lefigaro.fr/sports/basket/euroligue-au-buzzer-evan-fournier-crucifie-le-barca-video-20250208</link>
                                    <description>EN VIDÉO - L’arrière international tricolore de 32 ans a inscrit le panier de la gagne à la dernière seconde vendredi, en Espagne, lors de Barça-Olympiakos (88-90).</description>
                                <category>Basket</category>
                <pubDate>Sat, 08 Feb 2025 07:27:32 +0100</pubDate>

                                                            <media:content url="https://i.f1g.fr/media/cms/835x458_crop/2025/02/08/a3af41d0fd549be116cd1d4e1da676740dcd76f746735f58c4cd8e672b1d2786.png" width="835" height="458">
                            <media:description type="plain">18 points et le panier de la victoire au buzzer pour Evan Fournier à Barcelone.</media:description>
                            <media:credit>Capture d&#039;écran</media:credit>
                        </media:content>
                                                </item>
                    <item>
                <guid>https://www.lefigaro.fr/sports/basket/euroligue-le-paris-basket-l-emporte-sur-le-parquet-de-bologne-20250207</guid>
                <title>Euroligue : le Paris Basket l’emporte sur le parquet de Bologne</title>
                                <link>https://www.lefigaro.fr/sports/basket/euroligue-le-paris-basket-l-emporte-sur-le-parquet-de-bologne-20250207</link>
                                    <description>Après un début de match difficile, le Paris Basketball a finalement battu le Virtus Bologne sur son parquet (83-77) vendredi lors de la 26e journée d’Euroligue. Au classement, les coéquipiers de TJ Shorts restent proches du top 6.</description>
                                <category>Basket</category>
                <pubDate>Fri, 07 Feb 2025 23:22:43 +0100</pubDate>

                                                            <media:content url="https://i.f1g.fr/media/cms/3000x1985_crop/2025/02/07/50a22eec531d836cb8202245c9b8ab83813124b1ab762b5eb50a7f98abb97599.jpg" width="3000" height="1985">
                            <media:description type="plain">TJ Shorts et le Paris Basket ont battu le Virtus Bologne vendredi soir. </media:description>
                            <media:credit>FRANCK FIFE / AFP</media:credit>
                        </media:content>
                                                </item>
                    <item>
                <guid>https://www.lefigaro.fr/sports/basket/basket-monaco-n-a-pas-fait-le-poids-contre-le-partizan-belgrade-en-euroligue-20250207</guid>
                <title>Basket : Monaco n’a pas fait le poids contre le Partizan Belgrade en Euroligue</title>
                                <link>https://www.lefigaro.fr/sports/basket/basket-monaco-n-a-pas-fait-le-poids-contre-le-partizan-belgrade-en-euroligue-20250207</link>
                                    <description>Ce vendredi soir, les Monégasques ont lourdement chuté à domicile face au Partizan Belgrade (69-86).</description>
                                <category>Basket</category>
                <pubDate>Fri, 07 Feb 2025 21:43:08 +0100</pubDate>

                                                            <media:content url="https://i.f1g.fr/media/cms/3000x2000_crop/2025/02/07/442af2ef12fffe99d47d3bafe247f834f0b6770eaec6bb0abf6f5028d104be24.jpg" width="3000" height="2000">
                            <media:description type="plain">James n’a rien pu faire. </media:description>
                            <media:credit>FREDERIC DIDES / AFP</media:credit>
                        </media:content>
                                                </item>
                    <item>
                <guid>https://www.lefigaro.fr/sports/basket/nba/nba-wembanyama-dans-l-equipe-de-jokic-pour-le-all-star-game-20250207</guid>
                <title>NBA : Victor Wembanyama dans l'équipe de Nikola Jokic pour le All-Star Game</title>
                                <link>https://www.lefigaro.fr/sports/basket/nba/nba-wembanyama-dans-l-equipe-de-jokic-pour-le-all-star-game-20250207</link>
                                    <description>Le prodige français participera à son premier All-Star Game, le 16 février prochian à San Francisco.</description>
                                <category>NBA</category>
                <pubDate>Fri, 07 Feb 2025 15:00:12 +0100</pubDate>

                                                            <media:content url="https://i.f1g.fr/media/cms/3000x2000_crop/2025/02/07/7709b41791656fbf0998526748c1efb1ca90654bea9a66e3f8229c7f165f605a.jpg" width="3000" height="2000">
                            <media:description type="plain">Victor Wembanyama.</media:description>
                            <media:credit>Stephanie Lecocq / REUTERS</media:credit>
                        </media:content>
                                                </item>
                    <item>
                <guid>https://www.lefigaro.fr/sports/basket/nba/nba-trois-paniers-a-trois-points-consecutifs-a-une-distance-folle-le-show-lebron-james-en-video-20250207</guid>
                <title>NBA: trois paniers à trois points consécutifs à une distance folle, le show LeBron James en vidéo</title>
                                <link>https://www.lefigaro.fr/sports/basket/nba/nba-trois-paniers-a-trois-points-consecutifs-a-une-distance-folle-le-show-lebron-james-en-video-20250207</link>
                                    <description>Auteur de 42 points à 40 ans, LeBron James s’est fait remarquer jeudi soir avec les Lakers face à Golden State.</description>
                                <category>NBA</category>
                <pubDate>Fri, 07 Feb 2025 09:55:25 +0100</pubDate>

                                                            <media:content url="https://i.f1g.fr/media/cms/737x407_crop/2025/02/07/88aec18d743e33ba8361f202651796c230fbb16aa81d1e86921c50fc8563c904.png" width="737" height="407">
                            <media:description type="plain">LeBron James a fait le show jeudi soir avec les Lakers. </media:description>
                            <media:credit>DR</media:credit>
                        </media:content>
                                                </item>
                    <item>
                <guid>https://www.lefigaro.fr/sports/basket/nba/nba-merveilleux-lebron-james-marque-42-points-et-permet-aux-lakers-de-s-imposer-face-a-golden-state-20250207</guid>
                <title>NBA : 42 points, 40 ans, éternel LeBron James qui «rejoint» Michael Jordan</title>
                                <link>https://www.lefigaro.fr/sports/basket/nba/nba-merveilleux-lebron-james-marque-42-points-et-permet-aux-lakers-de-s-imposer-face-a-golden-state-20250207</link>
                                    <description>Auteur d’une sublime performance, LeBron James a amplement participé au succès des Los Angeles Lakers face aux Golden State Warriors de Stephen Curry, 120-112, dans la nuit de jeudi à vendredi.</description>
                                <category>NBA</category>
                <pubDate>Fri, 07 Feb 2025 09:54:57 +0100</pubDate>

                                                            <media:content url="https://i.f1g.fr/media/cms/3000x2000_crop/2025/02/07/324b72b997ba21814ef4046378613fa7f141e1bf527fc2ee9b43702964bcbcdd.jpg" width="3000" height="2000">
                            <media:description type="plain">LeBron James au shoot.</media:description>
                            <media:credit>Gary A. Vasquez / REUTERS</media:credit>
                        </media:content>
                                                </item>
                    <item>
                <guid>https://www.lefigaro.fr/sports/basket/basket-l-asvel-s-incline-a-munich-contre-le-bayern-76-67-en-euroligue-20250206</guid>
                <title>Euroligue : jamais deux sans trois pour l'Asvel, battue à Munich</title>
                                <link>https://www.lefigaro.fr/sports/basket/basket-l-asvel-s-incline-a-munich-contre-le-bayern-76-67-en-euroligue-20250206</link>
                                    <description>L’Asvel s’est inclinée dans la salle du Bayern Munich ce jeudi, lors de la 26e journée de l’Euroligue. Un troisième revers de rang qui la met à deux victoires de la 10e place.</description>
                                <category>Basket</category>
                <pubDate>Fri, 07 Feb 2025 09:58:15 +0100</pubDate>

                                                            <media:content url="https://i.f1g.fr/media/cms/2448x1377_crop/2025/02/06/9fa1f671748b0a5f3498fd1622c82aa4244a36b10472cfc6aea436fb69cdcbcf.jpg" width="2448" height="1377">
                            <media:description type="plain">Villeurbanne affiche un bilan de 11 victoires pour 15 défaites,</media:description>
                            <media:credit>FREDERIC DIDES / AFP</media:credit>
                        </media:content>
                                                </item>
                    <item>
                <guid>https://www.lefigaro.fr/sports/basket/basket-les-bleues-humilient-l-irlande-et-se-qualifient-pour-l-euro-2025-20250206</guid>
                <title>Basket : qualifiées pour l’Euro 2025, les Bleues humilient l'Irlande avec un écart record de... 101 points</title>
                                <link>https://www.lefigaro.fr/sports/basket/basket-les-bleues-humilient-l-irlande-et-se-qualifient-pour-l-euro-2025-20250206</link>
                                    <description>L’équipe de France féminine de basket a détruit l’Irlande et validé son billet pour l’Euro ce jeudi, à Chalon-sur-Saône.</description>
                                <category>Basket</category>
                <pubDate>Thu, 06 Feb 2025 22:19:15 +0100</pubDate>

                                                            <media:content url="https://i.f1g.fr/media/cms/2400x1601_crop/2025/02/06/2b5ba981316efada3501e0fb8a94f965e1c7315ad994bd30f118b7d815b76bae.jpg" width="2400" height="1601">
                            <media:description type="plain">Ayayi, Berniès et les Tricolores n’ont fait qu’une bouchée de l’Irlande.</media:description>
                            <media:credit>Fiba</media:credit>
                        </media:content>
                                                </item>
                    <item>
                <guid>https://www.lefigaro.fr/sports/basket/nba/nba-les-lakers-tiennent-leur-interieur-mark-williams-trade-a-los-angeles-20250206</guid>
                <title>NBA : les Lakers tiennent leur intérieur, Mark Williams tradé à Los Angeles</title>
                                <link>https://www.lefigaro.fr/sports/basket/nba/nba-les-lakers-tiennent-leur-interieur-mark-williams-trade-a-los-angeles-20250206</link>
                                    <description>Après avoir envoyé Anthony Davis à Dallas en échange de Luka Doncic, les Angelinos cherchaient activement un pivot avant la deadline. Ils l’ont trouvé avec Mark Williams.</description>
                                <category>NBA</category>
                <pubDate>Thu, 06 Feb 2025 18:10:08 +0100</pubDate>

                                                            <media:content url="https://i.f1g.fr/media/cms/3000x2000_crop/2025/02/06/056ee047df1dab6bfa9e71cafa73405929365aa6b2b99243c1502c726bb3b07b.jpg" width="3000" height="2000">
                            <media:description type="plain">Mark Williams (5) succède à Anthony Davis (de dos) dans la raquette des Lakers.</media:description>
                            <media:credit>KENT SMITH / Getty Images via AFP</media:credit>
                        </media:content>
                                                </item>
                    <item>
                <guid>https://www.lefigaro.fr/sports/basket/nba/nba-la-fete-a-bercy-deux-trades-en-moins-d-une-semaine-et-une-fin-de-contrat-pour-sidy-cissoko-20250206</guid>
                <title>Basket: la fête à Bercy, deux trades en moins d’une semaine et une fin de contrat... Sidy Cissoko face à l’univers impitoyable de la NBA</title>
                                <link>https://www.lefigaro.fr/sports/basket/nba/nba-la-fete-a-bercy-deux-trades-en-moins-d-une-semaine-et-une-fin-de-contrat-pour-sidy-cissoko-20250206</link>
                                    <description>Passé de San Antonio à Sacramento puis à Washington en quelques jours, le jeune (20 ans) meneur français a été coupé par les Wizards ce jeudi et se retrouve sans contrat.</description>
                                <category>NBA</category>
                <pubDate>Thu, 06 Feb 2025 17:30:29 +0100</pubDate>

                                                            <media:content url="https://i.f1g.fr/media/cms/3000x2000_crop/2025/02/06/1e095290fd13ad8ea8900e9b602f49fb43beddc4ea6cb07e61fd25bfd9ec6459.jpg" width="3000" height="2000">
                            <media:description type="plain">Ici à l’Accor Arena avec les Spurs, le 25 janvier dernier, Sidy Cissoko est désormais libre de tout engagement.</media:description>
                            <media:credit>CATHERINE STEENKESTE / Getty Images via AFP</media:credit>
                        </media:content>
                                                </item>
                    <item>
                <guid>https://www.lefigaro.fr/sports/basket/nba/nba-wembanyama-decisif-face-a-atlanta-les-cavs-s-imposent-au-buzzer-20250206</guid>
                <title>NBA : Victor Wembanyama décisif face à Atlanta, les Cavs s’imposent au buzzer</title>
                                <link>https://www.lefigaro.fr/sports/basket/nba/nba-wembanyama-decisif-face-a-atlanta-les-cavs-s-imposent-au-buzzer-20250206</link>
                                    <description>Les Spurs de Wembanyama, les Cavaliers et le Thunder étaient sur le pont cette nuit. Retrouvez le compte rendu des matches de NBA.</description>
                                <category>NBA</category>
                <pubDate>Thu, 06 Feb 2025 10:00:04 +0100</pubDate>

                                                            <media:content url="https://i.f1g.fr/media/cms/3000x2000_crop/2025/02/06/ec99f2e6e3e5c27ddf7dc8874b2ee04e3fd670c769180dee103c2ddb04f41b5f.jpg" width="3000" height="2000">
                            <media:description type="plain">Wembanyama.</media:description>
                            <media:credit>Petre Thomas / REUTERS</media:credit>
                        </media:content>
                                                </item>
                    <item>
                <guid>https://www.lefigaro.fr/sports/basket/je-prends-beaucoup-de-plaisir-retour-gagnant-a-paris-pour-fournier-comme-un-poisson-dans-l-eau-a-l-olympiakos-20250206</guid>
                <title>«Je prends beaucoup de plaisir» : retour gagnant à Paris pour Fournier, comme un poisson dans l’eau à l’Olympiakos</title>
                                <link>https://www.lefigaro.fr/sports/basket/je-prends-beaucoup-de-plaisir-retour-gagnant-a-paris-pour-fournier-comme-un-poisson-dans-l-eau-a-l-olympiakos-20250206</link>
                                    <description>RÉCIT – Vainqueur à Paris mercredi soir, à l’Adidas Arena, quelques mois après la médaille d’argent à Paris 2024, le Francilien a retrouvé le plaisir de jouer en Grèce.</description>
                                <category>Basket</category>
                <pubDate>Thu, 06 Feb 2025 10:00:38 +0100</pubDate>

                                                            <media:content url="https://i.f1g.fr/media/cms/1742x980_crop/2025/02/06/91b6dc731c723eaf3f06f650737b86dc6219ee875ad61644d724743f23fbaa93.jpg" width="1742" height="980">
                            <media:description type="plain">18 points pour Evan Fournier contre le Paris Basketball mercredi, à l’Adidas Arena.</media:description>
                            <media:credit>THOMAS COEX / AFP</media:credit>
                        </media:content>
                                                </item>
                    <item>
                <guid>https://www.lefigaro.fr/sports/basket/nba/nba-nouveau-tremblement-de-terre-jimmy-butler-envoye-a-golden-state-20250206</guid>
                <title>NBA : nouveau tremblement de terre, Jimmy Butler envoyé à Golden State</title>
                                <link>https://www.lefigaro.fr/sports/basket/nba/nba-nouveau-tremblement-de-terre-jimmy-butler-envoye-a-golden-state-20250206</link>
                                    <description>En quête d’une nouvelle star pour épauler Steph Curry depuis de longs mois, les Warriors ont mis le grappin sur Jimmy Butler à la veille de la deadline des trade, ce jeudi.</description>
                                <category>NBA</category>
                <pubDate>Thu, 06 Feb 2025 10:01:53 +0100</pubDate>

                                                            <media:content url="https://i.f1g.fr/media/cms/3000x2000_crop/2025/02/06/f0add459a02fb91610f02f9ff771f4a84d606806773ac1fde2c85f2e065bd010.jpg" width="3000" height="2000">
                            <media:description type="plain">Ici adversaires, en 2022, Stephen Curry et Jimmy Butler vont unir leurs forces.</media:description>
                            <media:credit>EZRA SHAW / Getty Images via AFP</media:credit>
                        </media:content>
                                                </item>
            </channel>
</rss>
