<?xml version="1.0" encoding="UTF-8"?>
<rss version="2.0" xmlns:atom="http://www.w3.org/2005/Atom" xmlns:media="http://search.yahoo.com/mrss/">
    <channel>
        <atom:link href="https://www.lefigaro.fr/rss/figaro_mode-homme.xml" rel="self" type="application/rss+xml"/>
        <category>Mode Homme</category>
        <title>Le Figaro - Mode Homme : L&#039;actualité des tendances masculines</title>
        <description>Mode Homme : Découvrez les défilés de mode pour les hommes, les dernières tendances masculines et toutes les collections en images</description>
        <link>http://www.lefigaro.fr</link>
        <language>fr</language>
        <copyright>Droits de reproduction et de diffusion réservés LeFigaro.fr</copyright>
        <lastBuildDate>Mon, 10 Feb 2025 13:39:04 +0100</lastBuildDate>
        <docs>https://www.lefigaro.fr/rss</docs>
        <image>
            <title>Le Figaro - Mode Homme : L&#039;actualité des tendances masculines</title>
            <url>https://static.lefigaro.fr/common/logos/logo-150x150.png</url>
            <link>http://www.lefigaro.fr</link>
            <description>Mode Homme : Découvrez les défilés de mode pour les hommes, les dernières tendances masculines et toutes les collections en images</description>
        </image>

                    <item>
                <guid>https://www.lefigaro.fr/mode-homme/la-question-existentielle-d-ou-vient-le-jean-francais-de-kendrick-lamar-au-super-bowl-20250210</guid>
                <title>La question existentielle: d’où vient le jean français de Kendrick Lamar au Super Bowl?</title>
                                <link>https://www.lefigaro.fr/mode-homme/la-question-existentielle-d-ou-vient-le-jean-francais-de-kendrick-lamar-au-super-bowl-20250210</link>
                                    <description>Quand un rappeur américain s’inspire (malgré lui?) de Serge Gainsbourg.</description>
                                <category>Mode Homme</category>
                <pubDate>Mon, 10 Feb 2025 13:17:54 +0100</pubDate>

                                                            <media:content url="https://i.f1g.fr/media/cms/orig/2025/02/10/3adf419186ec06bd1c6ce460a43c0c9d07d6c2f3c2cfd57088dd772b9c4dadce.JPG" width="3000" height="2108">
                            <media:description type="plain">Kendrick Lamar, lors du Superbowl, hier soir, en jean Celine par Hedi Slimane.</media:description>
                            <media:credit>Mike Segar / REUTERS</media:credit>
                        </media:content>
                                                </item>
                    <item>
                <guid>https://www.lefigaro.fr/style/81-boulevard-voltaire-a-nous-tous-on-balaie-un-siecle-de-mode-20250207</guid>
                <title>Au 81 boulevard Voltaire à Paris, le concept store secret dédié au vintage que le monde nous envie : « À nous tous, on balaie un siècle de mode »</title>
                                <link>https://www.lefigaro.fr/style/81-boulevard-voltaire-a-nous-tous-on-balaie-un-siecle-de-mode-20250207</link>
                                    <description>Une poignée de spécialistes du vintage, du vêtement de travail ancien au sportswear italien, ont investi pour quelques mois un bâtiment abandonné du 11e arrondissement, à Paris. Une expérience rare qui ravive les années underground de la capitale.</description>
                                <category>Style</category>
                <pubDate>Sat, 08 Feb 2025 22:39:35 +0100</pubDate>

                                                            <media:content url="https://i.f1g.fr/media/cms/2250x3000_crop/2025/02/06/9f3b6cbfcebc6b9a4cc027422102a1abd843d6f01fe634f69def1eb1ce6d5986.jpg" width="2250" height="3000">
                            <media:description type="plain">La cour intérieure du 81, boulevard Voltaire (Paris 11e) mène au paradis des amoureux du vintage</media:description>
                            <media:credit>Ologram</media:credit>
                        </media:content>
                                                </item>
                    <item>
                <guid>https://www.lefigaro.fr/mode-homme/la-rayure-force-le-trait-20250207</guid>
                <title>La rayure force le trait</title>
                                <link>https://www.lefigaro.fr/mode-homme/la-rayure-force-le-trait-20250207</link>
                                    <description>Sur les podiums, dans les collections, vestes et costumes rayés retrouvent la ligne et donnent du panache à la silhouette.</description>
                                <category>Mode Homme</category>
                <pubDate>Fri, 07 Feb 2025 07:00:09 +0100</pubDate>

                                                            <media:content url="https://i.f1g.fr/media/eidos/630x354_crop/2025/02/07/XVM693a4d5a-e21d-11ef-8ab1-af8189898af5.jpg" width="630" height="354">
                            <media:description type="plain">Dunhill, Ralph Lauren, Fursac</media:description>
                            <media:credit>sdp</media:credit>
                        </media:content>
                                                </item>
                    <item>
                <guid>https://www.lefigaro.fr/mode-homme/prise-de-poids-taillons-dans-le-vif-20250207</guid>
                <title>Prise de poids? Taillons dans le vif</title>
                                <link>https://www.lefigaro.fr/mode-homme/prise-de-poids-taillons-dans-le-vif-20250207</link>
                                    <description>LA CHRONIQUE DE JULIEN SCAVINI - Très peu d’hommes vont voir le retoucheur pour faire élargir un pantalon ou, si c’est nécessaire, en racheter un autre.</description>
                                <category>Mode Homme</category>
                <pubDate>Fri, 07 Feb 2025 10:39:20 +0100</pubDate>

                                                            <media:content url="https://i.f1g.fr/media/eidos/630x354_crop/2025/02/07/XVMeeaed9bc-e21b-11ef-8ab1-af8189898af5.jpg" width="630" height="354">
                            <media:description type="plain"></media:description>
                            <media:credit>Scavini</media:credit>
                        </media:content>
                                                </item>
                    <item>
                <guid>https://www.lefigaro.fr/mode-homme/la-petite-histoire-de-true-religion-la-nouvelle-marque-de-jeans-preferee-de-timothee-chalamet-20250206</guid>
                <title>La petite histoire de True Religion, la nouvelle marque de jeans préférée de Timothée Chalamet</title>
                                <link>https://www.lefigaro.fr/mode-homme/la-petite-histoire-de-true-religion-la-nouvelle-marque-de-jeans-preferee-de-timothee-chalamet-20250206</link>
                                    <description>Il joue Bob Dylan à l’écran mais, à la ville, ne jure que par une marque de denim des années 2000 qu’on croyait un peu ringarde et oubliée. Pourquoi? Explications.</description>
                                <category>Mode Homme</category>
                <pubDate>Thu, 06 Feb 2025 14:49:29 +0100</pubDate>

                                                            <media:content url="https://i.f1g.fr/media/cms/1936x1296_crop/2025/02/06/fc41c0a0b79102f4963bf39d3132045ddd7788eab455e9a1c9bb6df6af9cc4f8.jpg" width="1936" height="1296">
                            <media:description type="plain">Timothée Chalamet, en veste en denim True Religion lors de la tournée promotionnelle de Un parfait inconnu, à Rome le 17 janvier dernier.</media:description>
                            <media:credit>Guglielmo Mangiapane / REUTERS</media:credit>
                        </media:content>
                                                </item>
                    <item>
                <guid>https://www.lefigaro.fr/mode-homme/le-client-berluti-se-distingue-par-son-allure-remarquable-20250206</guid>
                <title>« Le client Berluti se distingue par son allure remarquable »</title>
                                <link>https://www.lefigaro.fr/mode-homme/le-client-berluti-se-distingue-par-son-allure-remarquable-20250206</link>
                                    <description>Jean-Marc Mansvelt, le nouveau directeur général, revient aux fondamentaux de la marque avec l’emblématique soulier Alessandro qui célèbre ses 130 ans et la mythique veste Forestière de Le Corbusier taillée à l’origine par Arnys.</description>
                                <category>Mode Homme</category>
                <pubDate>Thu, 06 Feb 2025 13:48:31 +0100</pubDate>

                                                            <media:content url="https://i.f1g.fr/media/cms/2400x1350_crop/2025/01/22/05f942df66cb48bce730e5462228492d351ef3534049b1cc68619de9d9d1076f.jpg" width="2400" height="1350">
                            <media:description type="plain">Jean-Marc Mansvelt, directeur général de Berluti</media:description>
                            <media:credit>Jean Picon</media:credit>
                        </media:content>
                                                </item>
                    <item>
                <guid>https://www.lefigaro.fr/mode-homme/mercato-de-la-mode-kim-jones-quitte-dior-men-20250131</guid>
                <title>Mercato de la mode : Kim Jones quitte Dior Men</title>
                                <link>https://www.lefigaro.fr/mode-homme/mercato-de-la-mode-kim-jones-quitte-dior-men-20250131</link>
                                    <description>Le Britannique, en poste depuis 2018 avenue Montaigne, quitte son poste après des mois de rumeurs. Ni le nom de son remplaçant, ni celui de son prochain employeur, n’est pour l’instant connu.</description>
                                <category>Mode Homme</category>
                <pubDate>Fri, 31 Jan 2025 08:58:00 +0100</pubDate>

                                                            <media:content url="https://i.f1g.fr/media/cms/3000x2000_crop/2025/01/30/3de37ed0734cc0afde75e45aaf57b54ab25375cd1a7aac7cf693ab8d91077a09.jpg" width="3000" height="2000">
                            <media:description type="plain">Kim Jones lors de son dernier défilé pour Dior, le 24 janvier dernier.</media:description>
                            <media:credit>Sarah Meyssonnier / REUTERS</media:credit>
                        </media:content>
                                                </item>
                    <item>
                <guid>https://www.lefigaro.fr/mode-homme/un-confort-style-20250131</guid>
                <title>Un confort stylé</title>
                                <link>https://www.lefigaro.fr/mode-homme/un-confort-style-20250131</link>
                                    <description>Plus décontracté que le pantalon classique mais plus chic que le survêtement, le «easy pant» gagne du terrain.</description>
                                <category>Mode Homme</category>
                <pubDate>Fri, 31 Jan 2025 07:00:07 +0100</pubDate>

                                                            <media:content url="https://i.f1g.fr/media/eidos/630x354_crop/2025/01/31/XVMd5caa3b0-d4f4-11ef-9119-25e23504ab32.jpg" width="630" height="354">
                            <media:description type="plain"></media:description>
                            <media:credit>sdp</media:credit>
                        </media:content>
                                                </item>
                    <item>
                <guid>https://www.lefigaro.fr/mode-homme/visite-chez-charvet-20250131</guid>
                <title>Julien Scavini: «Si à 50 ans on n’a pas une cravate Charvet, c’est qu’on a renoncé!»</title>
                                <link>https://www.lefigaro.fr/mode-homme/visite-chez-charvet-20250131</link>
                                    <description>Les six étages de ce paquebot de prestige sont lovés à un angle de la place Vendôme, à Paris.</description>
                                <category>Mode Homme</category>
                <pubDate>Fri, 31 Jan 2025 12:07:46 +0100</pubDate>

                                                            <media:content url="https://i.f1g.fr/media/eidos/630x354_crop/2025/01/31/XVM3b35b226-dcb6-11ef-b14e-6c94e49a5c73.jpg" width="630" height="354">
                            <media:description type="plain">L’étalage des couleurs et des textures est enchanteur.</media:description>
                            <media:credit>Scavini</media:credit>
                        </media:content>
                                                </item>
                    <item>
                <guid>https://www.lefigaro.fr/mode-homme/anthony-vaccarello-j-ai-imagine-une-rencontre-entre-robert-mapplethorpe-et-yves-saint-laurent-20250129</guid>
                <title>Anthony Vaccarello: «J’ai imaginé une rencontre entre Robert Mapplethorpe et Yves Saint Laurent»</title>
                                <link>https://www.lefigaro.fr/mode-homme/anthony-vaccarello-j-ai-imagine-une-rencontre-entre-robert-mapplethorpe-et-yves-saint-laurent-20250129</link>
                                    <description>Mardi soir, en pleine semaine de la haute couture, le directeur artistique de la maison Saint Laurent livrait une collection masculine d’une sophistication sulfureuse, entre costumes classiques et cuissardes fétichistes.</description>
                                <category>Mode Homme</category>
                <pubDate>Wed, 29 Jan 2025 13:37:26 +0100</pubDate>

                                                            <media:content url="https://i.f1g.fr/media/cms/3000x2001_crop/2025/01/29/84e98027ea7b81d7df700528382819ff54eba5a9da6baa5f047ec4af6c08b4c2.jpg" width="3000" height="2001">
                            <media:description type="plain">Parquet Versailles et chandeliers rendent hommage aux défilés d’Yves Saint Laurent</media:description>
                            <media:credit>Courtesy of Saint Laurent</media:credit>
                        </media:content>
                                                </item>
                    <item>
                <guid>https://www.lefigaro.fr/mode-homme/figures-de-style-a-la-fashion-week-de-paris-20250126</guid>
                <title>Figures de style à la Fashion Week de Paris</title>
                                <link>https://www.lefigaro.fr/mode-homme/figures-de-style-a-la-fashion-week-de-paris-20250126</link>
                                    <description>Hermès cultive le succès et l’assurance, Kenzo envoie ses couleurs, Comme des Garçons Homme Plus défend la paix… Sur les défilés homme automne-hiver 2025-2026, chaque créateur donne sa vision de l’air du temps.</description>
                                <category>Mode Homme</category>
                <pubDate>Sun, 26 Jan 2025 18:30:11 +0100</pubDate>

                                                            <media:content url="https://i.f1g.fr/media/cms/1920x1440_crop/2025/01/26/195cb5d1518f186e3d9fe843e78b1391155af96768c310b7c9e23814781ea31a.jpg" width="1920" height="1440">
                            <media:description type="plain">Défilé automne-hiver 2025-2026 d’Hermès.</media:description>
                            <media:credit>SDP</media:credit>
                        </media:content>
                                                </item>
                    <item>
                <guid>https://www.lefigaro.fr/mode-homme/dior-un-homme-sensible-20250124</guid>
                <title>Fashion week de Paris: chez Dior Men, un homme sensible</title>
                                <link>https://www.lefigaro.fr/mode-homme/dior-un-homme-sensible-20250124</link>
                                    <description>Sous la houlette de Kim Jones, la maison de l’avenue Montaigne dévoile une collection hiver 2025-2026 d’un luxe fou, entre héritage du fondateur et esthétique de dandy.</description>
                                <category>Mode Homme</category>
                <pubDate>Fri, 24 Jan 2025 18:05:48 +0100</pubDate>

                                                            <media:content url="https://i.f1g.fr/media/cms/2500x1667_crop/2025/01/24/7a8067a1e0df1673d88139fb5a3192f349c09c8ecf905726dad89c03a00d94c3.jpg" width="2500" height="1667">
                            <media:description type="plain">Défilé Dior Men hiver 2026</media:description>
                            <media:credit>Lauchmetrics</media:credit>
                        </media:content>
                                                </item>
                    <item>
                <guid>https://www.lefigaro.fr/mode-homme/fashion-week-de-paris-la-nostalgie-camarades-20250124</guid>
                <title>Fashion Week de Paris&#160;: la nostalgie camarades</title>
                                <link>https://www.lefigaro.fr/mode-homme/fashion-week-de-paris-la-nostalgie-camarades-20250124</link>
                                    <description>D’Amiri à Fursac, décidément, les designers de mode masculine n’en finissent pas de revisiter le temps passé, celui des contre-cultures, de la musique rock, de l’opulence des années 1970 à l’esthétique hipster.</description>
                                <category>Mode Homme</category>
                <pubDate>Fri, 24 Jan 2025 18:06:44 +0100</pubDate>

                                                            <media:content url="https://i.f1g.fr/media/cms/1920x1080_crop/2025/01/24/409650ab38a06e76d44229de525fa4cbd4f6dbde774aa66d84aaf518acea13b2.jpg" width="1920" height="1080">
                            <media:description type="plain">De gauche à droite, les collections hiver 2025-2026 d’Amiri, Fursac, Junya Watanabe et Rick Owens</media:description>
                            <media:credit>YANNIS VLAMOS / YANNIS VLAMOS</media:credit>
                        </media:content>
                                                </item>
                    <item>
                <guid>https://www.lefigaro.fr/mode-homme/colmar-le-chic-technique-20250124</guid>
                <title>Colmar, le chic technique</title>
                                <link>https://www.lefigaro.fr/mode-homme/colmar-le-chic-technique-20250124</link>
                                    <description>Le spécialiste transalpin des vêtements de ski apporte une touche de douceur inédite à ses tenues techniques.</description>
                                <category>Mode Homme</category>
                <pubDate>Fri, 24 Jan 2025 07:00:12 +0100</pubDate>

                                                            <media:content url="https://i.f1g.fr/media/eidos/630x354_crop/2025/01/24/XVMa87fc104-d96f-11ef-822a-f9bc91d94e8b.jpg" width="630" height="354">
                            <media:description type="plain"></media:description>
                            <media:credit>sdp</media:credit>
                        </media:content>
                                                </item>
                    <item>
                <guid>https://www.lefigaro.fr/mode-homme/le-succes-de-la-chemise-sans-col-20250124</guid>
                <title>Le succès de la chemise sans col</title>
                                <link>https://www.lefigaro.fr/mode-homme/le-succes-de-la-chemise-sans-col-20250124</link>
                                    <description>LA CHRONIQUE DE JULIEN SCAVINI - Ce morceau de tissu rigidifié et baleiné, dont la forme plus ou moins marquée des pointes définit l’esthétique.</description>
                                <category>Mode Homme</category>
                <pubDate>Fri, 24 Jan 2025 06:00:14 +0100</pubDate>

                                                            <media:content url="https://i.f1g.fr/media/eidos/630x354_crop/2025/01/24/XVM4a8abd08-d96d-11ef-822a-f9bc91d94e8b.jpg" width="630" height="354">
                            <media:description type="plain"></media:description>
                            <media:credit>Scavini</media:credit>
                        </media:content>
                                                </item>
                    <item>
                <guid>https://www.lefigaro.fr/style/cris-et-chuchotements-a-la-fashion-week-de-paris-20250123</guid>
                <title>Cris et chuchotements à la Fashion Week de Paris</title>
                                <link>https://www.lefigaro.fr/style/cris-et-chuchotements-a-la-fashion-week-de-paris-20250123</link>
                                    <description>Après le défilé spectaculaire et VIP de Louis Vuitton, la semaine des collections montre une facette plus sobre, où les vêtements d’Auralee, Lemaire, Paul Smith, Issey Myake et Ami parlent à la vraie vie.</description>
                                <category>Style</category>
                <pubDate>Fri, 24 Jan 2025 13:06:21 +0100</pubDate>

                                                            <media:content url="https://i.f1g.fr/media/cms/1920x1080_crop/2025/01/23/9beadf079cca8ccadf37d5a142caf1447cedeb1fbbe6650accf58f58770bc587.jpg" width="1920" height="1080">
                            <media:description type="plain">De gauche à droite, les collections automne-hiver 2025-2026 de Paul Smith, Ami, Auralee et Lemaire.</media:description>
                            <media:credit>Photo: Daniele Oberrauch / Gorunway.com</media:credit>
                        </media:content>
                                                </item>
                    <item>
                <guid>https://www.lefigaro.fr/mode-homme/chez-louis-vuitton-pharrell-williams-et-nigo-des-amis-en-or-20250122</guid>
                <title>Chez Louis Vuitton, Pharrell Williams et Nigo, des amis en or</title>
                                <link>https://www.lefigaro.fr/mode-homme/chez-louis-vuitton-pharrell-williams-et-nigo-des-amis-en-or-20250122</link>
                                    <description>DÉFILÉ - Ce mardi soir, dans la Cour carrée du Louvre, la maison racontait l’histoire d’amitié entre la pop star américaine et le directeur artistique de Kenzo. Une profusion de références et de codes maison, parfois jusqu’à l’excès à attendre à l’hiver prochain.</description>
                                <category>Mode Homme</category>
                <pubDate>Wed, 22 Jan 2025 16:30:26 +0100</pubDate>

                                                            <media:content url="https://i.f1g.fr/media/cms/3000x2001_crop/2025/01/22/d61247988cdbd4c2feda7c4fc3f0575d31ccd42b2e2c1494a5950aede704908e.jpg" width="3000" height="2001">
                            <media:description type="plain">Le défilé Louis Vuitton de l’automne-hiver 2025-2026, une collaboration entre Pharrell Williams et Nigo</media:description>
                            <media:credit>Sarah Meyssonnier / REUTERS</media:credit>
                        </media:content>
                                                </item>
                    <item>
                <guid>https://www.lefigaro.fr/mode-homme/pourquoi-milan-est-ellle-la-capitale-de-la-mode-masculine-20250120</guid>
                <title>Pourquoi Milan est-elle la capitale de la mode masculine?</title>
                                <link>https://www.lefigaro.fr/mode-homme/pourquoi-milan-est-ellle-la-capitale-de-la-mode-masculine-20250120</link>
                                    <description>Malgré un calendrier clairsemé, la Fashion Week transalpine de l’hiver 2025-2026 dévoile toutes ses facettes&amp;#160;: la puissance du vêtement chez Prada, le sportswear italien d’Armani, la «&amp;#160;sprezzatura&amp;#160;» et l’esprit très Mastroianni de Dolce &amp;amp; Gabbana.</description>
                                <category>Mode Homme</category>
                <pubDate>Mon, 20 Jan 2025 17:56:37 +0100</pubDate>

                                                            <media:content url="https://i.f1g.fr/media/cms/1822x1025_crop/2025/01/20/195b91b4ad704df45e4490d4e5d4a0f60ccfb53e3675c9183b1fe3df8d026c00.jpg" width="1822" height="1025">
                            <media:description type="plain">L’homme Prada marche à l’instinct l’hiver prochain.</media:description>
                            <media:credit>Prada</media:credit>
                        </media:content>
                                                </item>
                    <item>
                <guid>https://www.lefigaro.fr/mode-homme/les-couleurs-du-voyage-selon-rimowa-20250117</guid>
                <title>Les couleurs du voyage selon Rimowa</title>
                                <link>https://www.lefigaro.fr/mode-homme/les-couleurs-du-voyage-selon-rimowa-20250117</link>
                                    <description>Teintes inédites et collaborations inattendues animent la ligne Essential du spécialiste allemand des bagages.</description>
                                <category>Mode Homme</category>
                <pubDate>Fri, 17 Jan 2025 07:00:11 +0100</pubDate>

                                                            <media:content url="https://i.f1g.fr/media/eidos/630x354_crop/2025/01/17/XVM5bd6089c-d3f0-11ef-8d81-952af1fae759.jpg" width="630" height="354">
                            <media:description type="plain"></media:description>
                            <media:credit>sdp</media:credit>
                        </media:content>
                                                </item>
                    <item>
                <guid>https://www.lefigaro.fr/mode-homme/hartwood-label-etiquette-20250117</guid>
                <title>Hartwood, label étiquette</title>
                                <link>https://www.lefigaro.fr/mode-homme/hartwood-label-etiquette-20250117</link>
                                    <description>LA CHRONIQUE DE JULIEN SCAVINI - S’il ne s’agit pas d’une marque grand public, elle est pourtant connue de tous grâce au film Les Visiteurs.</description>
                                <category>Mode Homme</category>
                <pubDate>Fri, 17 Jan 2025 06:00:15 +0100</pubDate>

                                                            <media:content url="https://i.f1g.fr/media/eidos/630x354_crop/2025/01/17/XVMd8ff5a78-d3ee-11ef-8d81-952af1fae759.jpg" width="630" height="354">
                            <media:description type="plain"></media:description>
                            <media:credit>Scavini</media:credit>
                        </media:content>
                                                </item>
            </channel>
</rss>
