<?xml version="1.0" encoding="UTF-8"?>
<rss version="2.0" xmlns:atom="http://www.w3.org/2005/Atom" xmlns:media="http://search.yahoo.com/mrss/">
    <channel>
        <atom:link href="https://www.lefigaro.fr/rss/figaro_politique.xml" rel="self" type="application/rss+xml"/>
        <category>Politique</category>
        <title>Le Figaro - Politique - L&#039;actualité du gouvernement et de l&#039;opposition</title>
        <description>Le Figaro - Politique - Retrouvez toute la politique du gouvernement et de l&#039;opposition, les propositions de lois, les institutions, les députés, les candidats aux élections sur Lefigaro.fr</description>
        <link>http://www.lefigaro.fr</link>
        <language>fr</language>
        <copyright>Droits de reproduction et de diffusion réservés LeFigaro.fr</copyright>
        <lastBuildDate>Mon, 10 Feb 2025 13:37:52 +0100</lastBuildDate>
        <docs>https://www.lefigaro.fr/rss</docs>
        <image>
            <title>Le Figaro - Politique - L&#039;actualité du gouvernement et de l&#039;opposition</title>
            <url>https://static.lefigaro.fr/common/logos/logo-150x150.png</url>
            <link>http://www.lefigaro.fr</link>
            <description>Le Figaro - Politique - Retrouvez toute la politique du gouvernement et de l&#039;opposition, les propositions de lois, les institutions, les députés, les candidats aux élections sur Lefigaro.fr</description>
        </image>

                    <item>
                <guid>https://www.lefigaro.fr/politique/intelligence-artificielle-emmanuel-macron-veut-relancer-l-europe-dans-la-course-20250209</guid>
                <title>Intelligence artificielle: Emmanuel Macron veut relancer l’Europe dans la course</title>
                                <link>https://www.lefigaro.fr/politique/intelligence-artificielle-emmanuel-macron-veut-relancer-l-europe-dans-la-course-20250209</link>
                                    <description>DÉCRYPTAGE - Le chef de l’État préside lundi et mardi un sommet sur l’IA qui mêle enjeux technologiques, économiques et diplomatiques. Et lui permet de remettre en scène son identité politique.</description>
                                <category>Politique</category>
                <pubDate>Mon, 10 Feb 2025 09:44:27 +0100</pubDate>

                                                            <media:content url="https://i.f1g.fr/media/cms/3000x2001_crop/2025/02/09/bf5b732295bf99996cbdb17148441141cd4e756ad80c653fa15b52a8fbc965e4.jpg" width="3000" height="2001">
                            <media:description type="plain">De gauche à droite et de haut en bas : Mohammed Ben Zayed al-Nahyan, président des Émirats arabes unis, Emmanuel Macron,  Khaldoon al-Mubarak, PDG de Mubadala Investment Company, et Jean-Noël Barrot, ministre de l’Europe et des Affaires étrangères, lors de la signature d’un accord sur l’IA, le 6 février, à l’Élysée.</media:description>
                            <media:credit>LUDOVIC MARIN / via REUTERS</media:credit>
                        </media:content>
                                                </item>
                    <item>
                <guid>https://www.lefigaro.fr/politique/guillaume-tabard-les-defis-du-futur-pour-sortir-de-la-grisaille-du-quotidien-20250209</guid>
                <title>Guillaume Tabard: «Les défis du futur pour sortir de la grisaille du quotidien»</title>
                                <link>https://www.lefigaro.fr/politique/guillaume-tabard-les-defis-du-futur-pour-sortir-de-la-grisaille-du-quotidien-20250209</link>
                                    <description>CONTRE-POINT - Le sommet de l’IA tombe à point nommé pour Emmanuel Macron. La dissolution ratée l’a humilié et réduit à l’impuissance. Avec ce défi d’avenir, il retrouve une utilité.</description>
                                <category>Politique</category>
                <pubDate>Sun, 09 Feb 2025 19:46:03 +0100</pubDate>

                                                            <media:content url="https://i.f1g.fr/media/cms/3000x2001_crop/2025/02/09/b4ddf9664b8a8424b4e0ba3ed01f87dd693883cba7516cc86602344e87eec017.jpg" width="3000" height="2001">
                            <media:description type="plain">S’emparer à bras-le-corps de la question de l’intelligence artificielle, c’est aussi un moyen de ranimer le macronisme des origines (ici Emmanuel Macron, le 20 janvier 2025).</media:description>
                            <media:credit>STEPHANE MAHE / AFP</media:credit>
                        </media:content>
                                                </item>
                    <item>
                <guid>https://www.lefigaro.fr/politique/grand-jury-sur-l-ia-nous-sommes-au-meilleur-niveau-mondial-assure-eric-lombard-20250209</guid>
                <title>«Sur l’IA, nous sommes au meilleur niveau mondial», assure Éric Lombard</title>
                                <link>https://www.lefigaro.fr/politique/grand-jury-sur-l-ia-nous-sommes-au-meilleur-niveau-mondial-assure-eric-lombard-20250209</link>
                                    <description>Invité dimanche du « Grand Jury RTL-Le Figaro-M6-Public Sénat », le ministre de l’Économie et des Finances a jugé que la France a « des résultats qui sont tout à fait au niveau » de ses concurrents étrangers.</description>
                                <category>Politique</category>
                <pubDate>Mon, 10 Feb 2025 09:57:53 +0100</pubDate>

                                                            <media:content url="https://i.f1g.fr/media/cms/2821x1586_crop/2025/02/09/91457c5b84da374200eeeaa5aa02bf3e2acf2c0ac667ae4ac71bf1144d417c0d.jpg" width="2821" height="1586">
                            <media:description type="plain">Éric Lombard invité dimanche du « Grand Jury RTL-Le Figaro-M6-Public Sénat ».</media:description>
                            <media:credit>NICOLAS KOVARIK/AGENCE 1827/RTL</media:credit>
                        </media:content>
                                                </item>
                    <item>
                <guid>https://www.lefigaro.fr/politique/la-meconnaissance-recule-tout-doucement-a-l-assemblee-la-lente-conversion-des-deputes-a-l-ia-20250209</guid>
                <title>«La méconnaissance recule tout doucement»: à l’Assemblée, la lente conversion des députés à l’IA</title>
                                <link>https://www.lefigaro.fr/politique/la-meconnaissance-recule-tout-doucement-a-l-assemblee-la-lente-conversion-des-deputes-a-l-ia-20250209</link>
                                    <description>DÉCRYPTAGE - Alors qu’un sommet sur l’intelligence artificielle se tient lundi et mardi dans la capitale, les élus les plus « technophiles » tentent de sensibiliser leurs collègues sur ces nouveaux outils.</description>
                                <category>Politique</category>
                <pubDate>Mon, 10 Feb 2025 10:01:07 +0100</pubDate>

                                                            <media:content url="https://i.f1g.fr/media/cms/3000x2000_crop/2025/02/09/d5bfe605b8e503fd33aae2e8717bcb588bd652f4c36b997ba0584328b33b6c57.jpg" width="3000" height="2000">
                            <media:description type="plain">Pour combler les lacunes, certains députés plaident pour mettre en place des formations à l’IA dans l’Hémicycle.</media:description>
                            <media:credit>Gonzalo Fuentes / REUTERS</media:credit>
                        </media:content>
                                                </item>
                    <item>
                <guid>https://www.lefigaro.fr/politique/a-madrid-les-droites-souverainistes-croient-a-un-moment-historique-20250209</guid>
                <title>À Madrid, les droites souverainistes croient à un «moment historique»</title>
                                <link>https://www.lefigaro.fr/politique/a-madrid-les-droites-souverainistes-croient-a-un-moment-historique-20250209</link>
                                    <description>DÉCRYPTAGE - Réunis dans la capitale espagnole, Marine Le Pen et ses alliés européens tablent sur des victoires aussi bien idéologiques qu’électorales.</description>
                                <category>Politique</category>
                <pubDate>Sun, 09 Feb 2025 19:21:55 +0100</pubDate>

                                                            <media:content url="https://i.f1g.fr/media/cms/3000x1687_crop/2025/02/09/5b9b017dd7a2ea48a25bffd124761d40742e0847d9862be389766f4792b599d1.jpg" width="3000" height="1687">
                            <media:description type="plain">Les chefs des droites nationalistes européennes réunis au sommet du groupe Patriotes pour l’Europe, à Madrid, en Espagne, le 8 février 2025.</media:description>
                            <media:credit>Ana Beltran / REUTERS</media:credit>
                        </media:content>
                                                </item>
                    <item>
                <guid>https://www.lefigaro.fr/politique/on-n-en-peut-plus-des-insoumis-apres-la-non-censure-deux-deputees-socialistes-sur-le-terrain-face-a-leurs-electeurs-20250209</guid>
                <title>«On n’en peut plus des Insoumis» : après la non-censure, deux députées socialistes sur le terrain face à leurs électeurs</title>
                                <link>https://www.lefigaro.fr/politique/on-n-en-peut-plus-des-insoumis-apres-la-non-censure-deux-deputees-socialistes-sur-le-terrain-face-a-leurs-electeurs-20250209</link>
                                    <description>RÉCIT - Après le sursis offert par leur groupe à François Bayrou, les socialistes Ayda Hadizadeh et Céline Thiébault-Martinez étaient de retour dans leur circonscription pour prendre le pouls auprès des habitants.</description>
                                <category>Politique</category>
                <pubDate>Sun, 09 Feb 2025 16:37:40 +0100</pubDate>

                                                            <media:content url="https://i.f1g.fr/media/cms/3000x2000_crop/2025/02/09/a10d316f83c4d9afc103a4ba5d6a2d3e234dcf8a1e7a40dea10ea03adb21b21f.jpg" width="3000" height="2000">
                            <media:description type="plain">La députée PS Ayda Hadizadeh à l'Assemblée nationale à Paris vendredi 7 février.</media:description>
                            <media:credit>SEBASTIEN SORIANO / Le Figaro</media:credit>
                        </media:content>
                                                </item>
                    <item>
                <guid>https://www.lefigaro.fr/politique/gerald-darmanin-objectif-elysee-je-n-attends-plus-les-autres-20250209</guid>
                <title>Gérald Darmanin, objectif Élysée : «Je n’attends plus les autres...»</title>
                                <link>https://www.lefigaro.fr/politique/gerald-darmanin-objectif-elysee-je-n-attends-plus-les-autres-20250209</link>
                                    <description>RÉCIT - Après avoir proposé de remettre en cause le droit du sol, le ministre de la Justice assume «d’être en désaccord» avec certains élus de son camp. Il préfère «les voir s’éloigner» de lui «plutôt que de faire du mou et de partir avec les poubelles de l’histoire».</description>
                                <category>Politique</category>
                <pubDate>Sun, 09 Feb 2025 23:27:00 +0100</pubDate>

                                                            <media:content url="https://i.f1g.fr/media/cms/3000x2016_crop/2025/02/08/4ce56f33be238dd26cd28992c88bb28c1f7112f96bd95fd4254cf29c775642ee.jpg" width="3000" height="2016">
                            <media:description type="plain">Gérald Darmanin, la semaine dernière au milieu d’une manifestation des Services de greffe judiciaires, devant le ministère de la Justice.</media:description>
                            <media:credit>Poitout Florian/ABACA</media:credit>
                        </media:content>
                                                </item>
                    <item>
                <guid>https://www.lefigaro.fr/politique/bruno-retailleau-tel-qu-il-est-applique-le-droit-met-en-echec-la-volonte-de-l-etat-20250208</guid>
                <title>Immigration : Bruno Retailleau veut «redonner la parole aux Français» via un référendum</title>
                                <link>https://www.lefigaro.fr/politique/bruno-retailleau-tel-qu-il-est-applique-le-droit-met-en-echec-la-volonte-de-l-etat-20250208</link>
                                    <description>«Tel qu’il est appliqué, le droit met en échec la volonté de l’État», a-t-il déclaré dans un entretien accordé au JDD.</description>
                                <category>Politique</category>
                <pubDate>Sat, 08 Feb 2025 23:31:58 +0100</pubDate>

                                                            <media:content url="https://i.f1g.fr/media/cms/2850x1603_crop/2025/02/08/a533cf22a4eaea7fae18ec1803678bf6caa243fc9945b85a5543de04fbe811a4.jpg" width="2850" height="1603">
                            <media:description type="plain">Le ministre français de l’Intérieur Bruno Retailleau le 6 février 2025.</media:description>
                            <media:credit>Benoit Tessier / REUTERS</media:credit>
                        </media:content>
                                                </item>
                    <item>
                <guid>https://www.lefigaro.fr/politique/legitimer-le-debat-sur-l-identite-ou-l-enterrer-20250207</guid>
                <title>Guillaume Tabard: «Légitimer le débat sur l’identité ou l’enterrer?»</title>
                                <link>https://www.lefigaro.fr/politique/legitimer-le-debat-sur-l-identite-ou-l-enterrer-20250207</link>
                                    <description>CONTRE-POINT -  Si François Bayrou fait preuve d’audace en mettant sur la table la question de l’identité française, le premier ministre refuse d’y répondre de manière tranchée en élargissant le périmètre de discussion.</description>
                                <category>Politique</category>
                <pubDate>Fri, 07 Feb 2025 19:26:24 +0100</pubDate>

                                                            <media:content url="https://i.f1g.fr/media/cms/3000x2037_crop/2025/02/07/1fffb9cfe5a2125ce0b7dfd048acc2bf1225c1059bd862d33ac62ebb5e43e365.jpg" width="3000" height="2037">
                            <media:description type="plain">François Bayrou à l’Assemblée nationale. </media:description>
                            <media:credit>Gonzalo Fuentes / REUTERS</media:credit>
                        </media:content>
                                                </item>
                    <item>
                <guid>https://www.lefigaro.fr/politique/on-doit-changer-la-loi-apres-la-liberation-de-l-influenceur-doualemn-bruno-retailleau-prend-l-opinion-a-temoin-20250207</guid>
                <title>«On doit changer la loi»: après la libération de l’influenceur Doualemn, Bruno Retailleau prend l’opinion à témoin</title>
                                <link>https://www.lefigaro.fr/politique/on-doit-changer-la-loi-apres-la-liberation-de-l-influenceur-doualemn-bruno-retailleau-prend-l-opinion-a-temoin-20250207</link>
                                    <description>DÉCRYPTAGE - Pour être français, il faut « respecter le mode de vie » et « les principes républicains » du pays, a déclaré le ministre de l’Intérieur vendredi lors d’un déplacement à Lognes, en Seine-et-Marne.</description>
                                <category>Politique</category>
                <pubDate>Fri, 07 Feb 2025 19:25:44 +0100</pubDate>

                                                            <media:content url="https://i.f1g.fr/media/cms/3000x2250_crop/2025/02/07/09f8dbf0ce52e8b51e01ceab036cb7d2090693b49be40fbe6c9af4360b427e91.jpg" width="3000" height="2250">
                            <media:description type="plain">La stratégie de Bruno Retailleau (ici en février 2025) reste la même : prendre l’opinion à témoin.</media:description>
                            <media:credit>Bastien Ohier / Hans Lucas via Reuters</media:credit>
                        </media:content>
                                                </item>
                    <item>
                <guid>https://www.lefigaro.fr/politique/droit-du-sol-oqtf-le-budget-presque-passe-francois-bayrou-rattrape-par-l-immigration-20250207</guid>
                <title>Droit du sol, OQTF… Le budget presque passé, François Bayrou rattrapé par l’immigration</title>
                                <link>https://www.lefigaro.fr/politique/droit-du-sol-oqtf-le-budget-presque-passe-francois-bayrou-rattrape-par-l-immigration-20250207</link>
                                    <description>RÉCIT - Alors que Gérald Darmanin et Bruno Retailleau veulent limiter le droit du sol, le premier ministre souhaite élargir ce débat à l’identité nationale.</description>
                                <category>Politique</category>
                <pubDate>Mon, 10 Feb 2025 10:23:50 +0100</pubDate>

                                                            <media:content url="https://i.f1g.fr/media/cms/3000x2001_crop/2025/02/07/0f336c85413c913673b7caf5d9d23b3f37d58cedd15f8ad22fdc7c50475ff842.jpg" width="3000" height="2001">
                            <media:description type="plain">François Bayrou à l’Assemblée nationale. </media:description>
                            <media:credit>BERTRAND GUAY / AFP</media:credit>
                        </media:content>
                                                </item>
                    <item>
                <guid>https://www.lefigaro.fr/politique/comment-le-rn-cherche-a-contrer-bruno-retailleau-20250207</guid>
                <title>Comment le RN cherche à contrer Bruno Retailleau</title>
                                <link>https://www.lefigaro.fr/politique/comment-le-rn-cherche-a-contrer-bruno-retailleau-20250207</link>
                                    <description>DÉCRYPTAGE - Alors que le ministre de l’Intérieur peut être considéré comme un danger pour le RN, le parti nationaliste navigue entre plusieurs stratégies pour endiguer sa popularité grandissante.</description>
                                <category>Politique</category>
                <pubDate>Fri, 07 Feb 2025 19:22:04 +0100</pubDate>

                                                            <media:content url="https://i.f1g.fr/media/cms/3000x1687_crop/2025/02/07/e1266868552485f687bcead9553abedae3609b95cacdb8d91cf952933851d648.jpg" width="3000" height="1687">
                            <media:description type="plain">Bruno Retailleau en discussion avec Marine Le Pen, à l’Assemblée nationale, le 22 octobre 2024.</media:description>
                            <media:credit>ALAIN JOCARD / AFP</media:credit>
                        </media:content>
                                                </item>
                    <item>
                <guid>https://www.lefigaro.fr/vox/politique/anne-marie-le-pourhiet-on-a-multiplie-les-entraves-a-l-action-publique-depuis-des-decennies-20250207</guid>
                <title>Anne-Marie Le Pourhiet: «On a multiplié les entraves à l’action publique depuis des décennies»</title>
                                <link>https://www.lefigaro.fr/vox/politique/anne-marie-le-pourhiet-on-a-multiplie-les-entraves-a-l-action-publique-depuis-des-decennies-20250207</link>
                                    <description>ENTRETIEN - L’empilement des cours de justice et des lois ne pouvait déboucher que sur l’annulation de l’OQTF de l’influenceur algérien Doualemn, argumente Anne-Marie Le Pourhiet, professeur de droit public.</description>
                                <category>Vox Politique</category>
                <pubDate>Fri, 07 Feb 2025 19:06:31 +0100</pubDate>

                                                            <media:content url="https://i.f1g.fr/media/cms/1743x980_crop/2025/02/07/bc6526319819acbb1f12831d5d17da70fc997b7e07db1a8f692bf85ab29bb3ec.jpg" width="1743" height="980">
                            <media:description type="plain">«Quand on n’a pas de majorité pour faire modifier les lois et encore moins le droit européen, il est risqué de jouer les va-t-en-guerre», confie Anne-Marie Le Pourhiet.</media:description>
                            <media:credit>Figaro Live</media:credit>
                        </media:content>
                                                </item>
                    <item>
                <guid>https://www.lefigaro.fr/politique/legislative-partielle-lr-en-pole-position-pour-recuperer-la-circonscription-de-boulogne-billancourt-20250207</guid>
                <title>Législative partielle : LR en pole position pour récupérer la circonscription de Boulogne-Billancourt</title>
                                <link>https://www.lefigaro.fr/politique/legislative-partielle-lr-en-pole-position-pour-recuperer-la-circonscription-de-boulogne-billancourt-20250207</link>
                                    <description>Arrivée largement en tête au premier tour, l’adjointe au maire Élisabeth de Maistre fait figure de favorite. Elle affrontera dimanche le représentant d’Horizons, Antoine de Jerphanion.</description>
                                <category>Politique</category>
                <pubDate>Fri, 07 Feb 2025 19:18:20 +0100</pubDate>

                                                            <media:content url="https://i.f1g.fr/media/cms/2850x1603_crop/2025/02/07/e64aaf77cb690bba58d143d4b43f11336f98e2527fcb0d76f7f4ea1bcb668f79.jpg" width="2850" height="1603">
                            <media:description type="plain">Boulogne-Billancourt.</media:description>
                            <media:credit>UlyssePixel / stock.adobe.com</media:credit>
                        </media:content>
                                                </item>
                    <item>
                <guid>https://www.lefigaro.fr/politique/guillaume-tabard-pour-francois-bayrou-plus-dure-sera-la-suite-20250207</guid>
                <title>Guillaume Tabard : «Pour François Bayrou, plus dure sera la suite»</title>
                                <link>https://www.lefigaro.fr/politique/guillaume-tabard-pour-francois-bayrou-plus-dure-sera-la-suite-20250207</link>
                                    <description>CONTRE-POINT - La censure reste une épée de Damoclès sur la tête du gouvernement, et il ne faudra pas attendre longtemps pour que la menace revienne.</description>
                                <category>Politique</category>
                <pubDate>Fri, 07 Feb 2025 10:17:43 +0100</pubDate>

                                                            <media:content url="https://i.f1g.fr/media/cms/2850x1603_crop/2025/02/06/3418c59248a1aa44e855bb6a6cabc843233dbe2978cca07fb05dc0cb2c363d64.jpg" width="2850" height="1603">
                            <media:description type="plain">François Bayrou à l’Assemblée nationale, le 16 janvier 2025. </media:description>
                            <media:credit>Benoit Tessier / REUTERS</media:credit>
                        </media:content>
                                                </item>
                    <item>
                <guid>https://www.lefigaro.fr/actualite-france/la-fnsea-perd-du-terrain-face-a-la-coordination-rurale-20250206</guid>
                <title>Élections agricoles : la FNSEA perd du terrain face à la Coordination rurale</title>
                                <link>https://www.lefigaro.fr/actualite-france/la-fnsea-perd-du-terrain-face-a-la-coordination-rurale-20250206</link>
                                    <description>L’alliance FNSEA-JA reste la première force syndicale agricole du pays mais son avance est grignotée par la Coordination rurale qui gagne une quinzaine de chambres d’agriculture.</description>
                                <category>Société</category>
                <pubDate>Fri, 07 Feb 2025 09:44:44 +0100</pubDate>

                                                            <media:content url="https://i.f1g.fr/media/cms/3000x2000_crop/2025/02/06/bec318d28f0ccaab9055893edac88793de5f7e1db0eacb6adb7d2fce747cf03e.jpg" width="3000" height="2000">
                            <media:description type="plain">Le président du groupe FNSEA des agriculteurs français, Arnaud Rousseau.</media:description>
                            <media:credit>Sarah Meyssonnier / REUTERS</media:credit>
                        </media:content>
                                                </item>
                    <item>
                <guid>https://www.lefigaro.fr/politique/alain-juppe-elu-president-de-l-institut-georges-pompidou-20250206</guid>
                <title>Alain Juppé élu président de l’Institut Georges Pompidou</title>
                                <link>https://www.lefigaro.fr/politique/alain-juppe-elu-president-de-l-institut-georges-pompidou-20250206</link>
                                    <description>INFO LE FIGARO - L’ancien premier ministre, membre du Conseil constitutionnel, a fait l’unanimité jeudi soir lors d’un vote du conseil d’administration. La transformation de la structure en fondation est l’une des priorités annoncées.</description>
                                <category>Politique</category>
                <pubDate>Fri, 07 Feb 2025 11:27:44 +0100</pubDate>

                                                            <media:content url="https://i.f1g.fr/media/cms/orig/2025/02/07/e23aceca1b1774c499b5bd233d6a093b4321f422c159c373f22cd6bf911fb55e.JPG" width="3000" height="2000">
                            <media:description type="plain">Alain Juppé, nouveau président de l’Institut Georges Pompidou et membre du Conseil constitutionnel jusqu’en 2028.</media:description>
                            <media:credit>LUDOVIC MARIN / AFP</media:credit>
                        </media:content>
                                                </item>
                    <item>
                <guid>https://www.lefigaro.fr/politique/retraites-immigration-agriculture-apres-le-budget-le-gouvernement-face-au-defi-de-reformer-20250206</guid>
                <title>Retraites, immigration, agriculture… Après le budget, le gouvernement face au défi de réformer</title>
                                <link>https://www.lefigaro.fr/politique/retraites-immigration-agriculture-apres-le-budget-le-gouvernement-face-au-defi-de-reformer-20250206</link>
                                    <description>DÉCRYPTAGE - Alors qu’il s’apprête à sortir de l’épreuve budgétaire, l’exécutif souhaite lancer des initiatives consensuelles pour éviter la chute.</description>
                                <category>Politique</category>
                <pubDate>Fri, 07 Feb 2025 16:29:55 +0100</pubDate>

                                                            <media:content url="https://i.f1g.fr/media/cms/3000x2044_crop/2025/02/06/74cd02e95591d0283baf8c65c1c3c75791e0118e1ce939887bfb15ec05751e83.jpg" width="3000" height="2044">
                            <media:description type="plain">De gauche à droite: François-Noel Buffet, Agnès Pannier-Runacher, Rachida Dati, Élisabeth Borne et François Bayrou, lors d’un comité interministériel consacré à l’intelligence artificielle, jeudi à Matignon. </media:description>
                            <media:credit>Liewig Christian/Pool/ABACA</media:credit>
                        </media:content>
                                                </item>
                    <item>
                <guid>https://www.lefigaro.fr/politique/l-international-un-domaine-que-francois-bayrou-ne-se-presse-pas-d-investir-20250206</guid>
                <title>L’international, un domaine que François Bayrou ne se presse pas d’investir</title>
                                <link>https://www.lefigaro.fr/politique/l-international-un-domaine-que-francois-bayrou-ne-se-presse-pas-d-investir-20250206</link>
                                    <description>DÉCRYPTAGE - À la demande du chef de l’État, le premier ministre devrait bientôt se rendre en Chine. Mais sans l’engouement de ses prédécesseurs.</description>
                                <category>Politique</category>
                <pubDate>Fri, 07 Feb 2025 10:18:06 +0100</pubDate>

                                                            <media:content url="https://i.f1g.fr/media/cms/2991x1994_crop/2025/02/06/fb704e25e1182b77ff714079f3c54a7553516af87ea5add7394a90d8a1351884.jpg" width="2991" height="1994">
                            <media:description type="plain">«J’ai toujours pensé que les problèmes étaient en France, pas à l’international», dit François Bayrou.</media:description>
                            <media:credit>Gonzalo Fuentes / REUTERS</media:credit>
                        </media:content>
                                                </item>
                    <item>
                <guid>https://www.lefigaro.fr/politique/entre-le-ps-et-lfi-un-eternel-divorce-20250206</guid>
                <title>Entre le PS et LFI, un éternel divorce</title>
                                <link>https://www.lefigaro.fr/politique/entre-le-ps-et-lfi-un-eternel-divorce-20250206</link>
                                    <description>DÉCRYPTAGE - Après la non-censure des socialistes, les Insoumis veulent bannir le PS du NFP.</description>
                                <category>Politique</category>
                <pubDate>Thu, 06 Feb 2025 19:19:55 +0100</pubDate>

                                                            <media:content url="https://i.f1g.fr/media/cms/3000x2001_crop/2025/02/06/c7da7377b732ed90be0615cd5a91df2b72f532e4348f0e7f4a1bf0cf5f80a72f.jpg" width="3000" height="2001">
                            <media:description type="plain">Olivier Faure, le premier secrétaire du PS.</media:description>
                            <media:credit>STEPHANE DE SAKUTIN / AFP</media:credit>
                        </media:content>
                                                </item>
            </channel>
</rss>
