<?xml version="1.0" encoding="UTF-8"?>
<rss version="2.0" xmlns:atom="http://www.w3.org/2005/Atom" xmlns:media="http://search.yahoo.com/mrss/">
    <channel>
        <atom:link href="https://www.lefigaro.fr/rss/figaro_placement.xml" rel="self" type="application/rss+xml"/>
        <category>Placement</category>
        <title>Le Figaro - Placements : Actualité et conseils pour vos investissements, placements et gestion de patrimoine</title>
        <description>Placement : Retrouvez toute l&#039;actualité des placements et conseils pour vos investissements, ainsi que nos outils de simulation avec Lefigaro.fr</description>
        <link>http://www.lefigaro.fr</link>
        <language>fr</language>
        <copyright>Droits de reproduction et de diffusion réservés LeFigaro.fr</copyright>
        <lastBuildDate>Mon, 10 Feb 2025 13:31:27 +0100</lastBuildDate>
        <docs>https://www.lefigaro.fr/rss</docs>
        <image>
            <title>Le Figaro - Placements : Actualité et conseils pour vos investissements, placements et gestion de patrimoine</title>
            <url>https://static.lefigaro.fr/common/logos/logo-150x150.png</url>
            <link>http://www.lefigaro.fr</link>
            <description>Placement : Retrouvez toute l&#039;actualité des placements et conseils pour vos investissements, ainsi que nos outils de simulation avec Lefigaro.fr</description>
        </image>

                    <item>
                <guid>https://www.lefigaro.fr/placement/scpi-apres-la-tempete-nos-conseils-pour-bien-investir-et-faire-prosperer-son-epargne-20250208</guid>
                <title>SCPI : après la tempête, nos conseils pour bien investir et faire prospérer son épargne</title>
                                <link>https://www.lefigaro.fr/placement/scpi-apres-la-tempete-nos-conseils-pour-bien-investir-et-faire-prosperer-son-epargne-20250208</link>
                                    <description>Chahutée ces deux dernières années, la pierre papier devrait retrouver des couleurs cette année. La méthode pour tirer profit d’une offre pléthorique et très hétérogène.</description>
                                <category>Placement</category>
                <pubDate>Sat, 08 Feb 2025 08:00:00 +0100</pubDate>

                                                            <media:content url="https://i.f1g.fr/media/cms/3000x1682_crop/2025/02/06/41e4b74f67474a867c74f9ff0d644c006c870124a3ab330bd9b95275e2021bdb.jpg" width="3000" height="1682">
                            <media:description type="plain">Historiquement, le rendement moyen des SCPI se situe entre 4 et 4,5%, mais il peut aussi dépasser 7%.</media:description>
                            <media:credit>maurice norbert - stock.adobe.com</media:credit>
                        </media:content>
                                                </item>
                    <item>
                <guid>https://www.lefigaro.fr/placement/les-stations-de-ski-ou-investir-dans-un-chalet-ou-un-appartement-pres-des-pistes-20250206</guid>
                <title>Les stations de ski où investir dans un chalet ou un appartement près des pistes</title>
                                <link>https://www.lefigaro.fr/placement/les-stations-de-ski-ou-investir-dans-un-chalet-ou-un-appartement-pres-des-pistes-20250206</link>
                                    <description>CLASSEMENT EXCLUSIF - Parmi 106 communes françaises accueillant une station de ski sur leur territoire, découvrez où la rentabilité annuelle d’un appartement ou d’un chalet loué à des vacanciers est la plus intéressante en 2025.</description>
                                <category>Placement</category>
                <pubDate>Thu, 06 Feb 2025 07:00:00 +0100</pubDate>

                                                            <media:content url="https://i.f1g.fr/media/cms/3000x1997_crop/2025/02/05/47e9d03180620a2c6b26896dbd8b811c87f0f4f9ee6030be1c8a1d239c7aab72.jpg" width="3000" height="1997">
                            <media:description type="plain">Les prix des biens dans les stations de ski ont augmenté de 28% entre 2020 et 2023, selon la Fédération nationale de l’immobilier.</media:description>
                            <media:credit>Criley - stock.adobe.com</media:credit>
                        </media:content>
                                                </item>
                    <item>
                <guid>https://www.lefigaro.fr/placement/immobilier-ou-investir-dans-une-petite-surface-en-2025-pour-un-rendement-optimal-20250204</guid>
                <title>Immobilier : où investir dans une petite surface en 2025 pour un rendement optimal ?</title>
                                <link>https://www.lefigaro.fr/placement/immobilier-ou-investir-dans-une-petite-surface-en-2025-pour-un-rendement-optimal-20250204</link>
                                    <description>SIMULATEUR – Rendement locatif, prix, fiscalité, tension du marché… Le Figaro a passé au crible près de 2000 communes pour vous aider à faire les bons choix. Découvrez notre simulateur exclusif et identifiez les villes les plus rentables pour votre investissement locatif.</description>
                                <category>Placement</category>
                <pubDate>Tue, 04 Feb 2025 13:00:00 +0100</pubDate>

                                                            <media:content url="https://i.f1g.fr/media/cms/1920x1248_crop/2025/02/04/6a5a7237b8d546dc28c74bbdd17b93ee07a3192b06ce1a73db8d8de6bf02b4f7.jpg" width="1920" height="1248">
                            <media:description type="plain">13 % des Français sont bailleurs privés.</media:description>
                            <media:credit>fizkes - stock.adobe.com</media:credit>
                        </media:content>
                                                </item>
                    <item>
                <guid>https://www.lefigaro.fr/placement/on-peut-dans-certaines-villes-trouver-un-rendement-de-7-net-comment-bien-investir-dans-l-immobilier-commercial-20250127</guid>
                <title>«On peut, dans certaines villes trouver un rendement de 7% net» : comment bien investir dans l’immobilier commercial</title>
                                <link>https://www.lefigaro.fr/placement/on-peut-dans-certaines-villes-trouver-un-rendement-de-7-net-comment-bien-investir-dans-l-immobilier-commercial-20250127</link>
                                    <description>NOS CONSEILS - La crise du Covid et l’e-commerce n’ont pas sonné le glas de tous les centres-villes et investir dans des murs abritant des commerces peut se révéler une intéressante, et lucrative, diversification de patrimoine. À condition d’être prudent. Voici comment être gagnant.</description>
                                <category>Placement</category>
                <pubDate>Mon, 27 Jan 2025 10:05:19 +0100</pubDate>

                                                            <media:content url="https://i.f1g.fr/media/cms/3000x2250_crop/2025/01/22/6d41440d45a8fc5c3f3faf46c9af649e1222ca4f2af9bfc8fd56c55327cf60a5.jpg" width="3000" height="2250">
                            <media:description type="plain">Se renseigner sur les projets d’urbanisme à court et moyen termes est un préalable.</media:description>
                            <media:credit>Λεωνιδας - stock.adobe.com</media:credit>
                        </media:content>
                                                </item>
                    <item>
                <guid>https://www.lefigaro.fr/placement/le-livret-a-et-le-ldds-ont-rapporte-des-interets-records-en-2024-20250122</guid>
                <title>Le livret A et le LDDS ont rapporté des intérêts records en 2024</title>
                                <link>https://www.lefigaro.fr/placement/le-livret-a-et-le-ldds-ont-rapporte-des-interets-records-en-2024-20250122</link>
                                    <description>Grâce à un encours au plus haut et une rémunération élevée, le livret A et le livret de développement durable et solidaire (LDDS) ont généré 16,8&amp;#160;milliards d’euros d’intérêts l’an dernier.</description>
                                <category>Placement</category>
                <pubDate>Wed, 22 Jan 2025 20:00:07 +0100</pubDate>

                                                            <media:content url="https://i.f1g.fr/media/cms/2998x1686_crop/2025/01/22/153f040bd9d3cc3784c93473afae649f3f7f9987f4b631333c088944fe3ea185.jpg" width="2998" height="1686">
                            <media:description type="plain">Le livret A et le LDDS ont généré 16,8 milliards d’euros d’intérêts en 2024. Du jamais vu.</media:description>
                            <media:credit>AlcelVision / stock.adobe.com</media:credit>
                        </media:content>
                                                </item>
                    <item>
                <guid>https://www.lefigaro.fr/placement/assurance-vie-les-conseillers-pas-toujours-a-l-aise-avec-l-investissement-durable-20250119</guid>
                <title>Assurance-vie: les conseillers pas toujours à l’aise avec l’investissement durable</title>
                                <link>https://www.lefigaro.fr/placement/assurance-vie-les-conseillers-pas-toujours-a-l-aise-avec-l-investissement-durable-20250119</link>
                                    <description>Taxinomie, indicateurs PAI, classification SFDR, votre banquier sait-il comment verdir votre assurance-vie?</description>
                                <category>Placement</category>
                <pubDate>Sun, 19 Jan 2025 10:14:55 +0100</pubDate>

                                                            <media:content url="https://i.f1g.fr/media/cms/3000x2003_crop/2025/01/17/561f318db87bfd507bd11ccae45b00baf3dc9dce810de28e0535aaad84c915ec.jpg" width="3000" height="2003">
                            <media:description type="plain">L’assurance-vie, placement préféré des Français.</media:description>
                            <media:credit>Marius V/peopleimages.com - stock.adobe.com</media:credit>
                        </media:content>
                                                </item>
                    <item>
                <guid>https://www.lefigaro.fr/finances-perso/investissement-responsable-un-tiers-des-fonds-pourraient-perdre-leur-labellisation-20250118</guid>
                <title>Investissement responsable: un tiers des fonds pourraient perdre leur labellisation</title>
                                <link>https://www.lefigaro.fr/finances-perso/investissement-responsable-un-tiers-des-fonds-pourraient-perdre-leur-labellisation-20250118</link>
                                    <description>Depuis le 1er janvier 2025, les exigences permettant de décrocher la certification ISR ont été renforcées.</description>
                                <category>Finances perso</category>
                <pubDate>Sat, 18 Jan 2025 09:36:06 +0100</pubDate>

                                                            <media:content url="https://i.f1g.fr/media/cms/3000x2000_crop/2025/01/17/e8f023698ad8d4894d93d1ca7945639833b36bcd37a182ac39cf9cf7ccda2bc7.jpg" width="3000" height="2000">
                            <media:description type="plain">L’investissement responsable est de plus en plus privé.</media:description>
                            <media:credit>Halfpoint - stock.adobe.com</media:credit>
                        </media:content>
                                                </item>
                    <item>
                <guid>https://www.lefigaro.fr/decideurs/comment-faire-le-tri-dans-ses-produits-financiers-20250117</guid>
                <title>Comment faire le tri dans ses produits financiers</title>
                                <link>https://www.lefigaro.fr/decideurs/comment-faire-le-tri-dans-ses-produits-financiers-20250117</link>
                                    <description>NOS CONSEILS - Vos placements sont éparpillés dans différents établissements&amp;#160;? C’est le moment d’opérer un grand tri et de vérifier si vous avez intérêt à les clôturer pour réinvestir votre épargne ailleurs ou à les conserver.</description>
                                <category>Décideurs</category>
                <pubDate>Fri, 17 Jan 2025 21:00:03 +0100</pubDate>

                                                            <media:content url="https://i.f1g.fr/media/cms/3000x1688_crop/2025/01/17/d3e73c6167c5133571946cdcfb8d6cdb9fa79e780fe931abdaf17f54d29df3c3.jpg" width="3000" height="1688">
                            <media:description type="plain">Il n’est pas forcément rentable de fermer de vieux placements mieux rémunérés qu’aujourd’hui.</media:description>
                            <media:credit>Adobe Stock</media:credit>
                        </media:content>
                                                </item>
                    <item>
                <guid>https://www.lefigaro.fr/placement/finance-responsable-bien-choisir-votre-label-avant-d-investir-20250117</guid>
                <title>Finance responsable : bien choisir votre label avant d’investir</title>
                                <link>https://www.lefigaro.fr/placement/finance-responsable-bien-choisir-votre-label-avant-d-investir-20250117</link>
                                    <description>NOS CONSEILS - ISR, ESG, Greenfin… Les certifications se sont multipliées depuis une dizaine d’années mais toutes ne se valent pas. Voici tout ce qu’il faut savoir pour mettre du vert dans vos placements.</description>
                                <category>Placement</category>
                <pubDate>Fri, 17 Jan 2025 21:19:52 +0100</pubDate>

                                                            <media:content url="https://i.f1g.fr/media/cms/2129x1197_crop/2025/01/16/febd6a6619431b845c795e1bc958dde47d65c14684572a1379f87df6b523735f.jpg" width="2129" height="1197">
                            <media:description type="plain">Pas simple de se repérer dans la jungle de la finance responsable.</media:description>
                            <media:credit>TA design - stock.adobe.com</media:credit>
                        </media:content>
                                                </item>
                    <item>
                <guid>https://www.lefigaro.fr/conjoncture/combien-rapportera-l-assurance-vie-en-2024-ce-placement-phare-des-francais-20250115</guid>
                <title>Combien rapportera l’assurance-vie en 2024, ce placement phare des Français?</title>
                                <link>https://www.lefigaro.fr/conjoncture/combien-rapportera-l-assurance-vie-en-2024-ce-placement-phare-des-francais-20250115</link>
                                    <description>ANALYSE - Les assureurs ont moins de pression sur leurs épaules qu’en 2023 pour booster la rémunération de leurs fonds en euros.</description>
                                <category>Conjoncture</category>
                <pubDate>Thu, 16 Jan 2025 10:22:18 +0100</pubDate>

                                                            <media:content url="https://i.f1g.fr/media/cms/3000x2286_crop/2025/01/15/0ba934df01bac1273dc682e55a67bceed71fca412441e2a3b04009d3c85ce19b.jpg" width="3000" height="2286">
                            <media:description type="plain">Certains contrats sortent du lot, avec des rendements supérieurs à 3 %, voire au-delà de 4%.</media:description>
                            <media:credit>Katleho S/peopleimages.com - stock.adobe.com</media:credit>
                        </media:content>
                                                </item>
                    <item>
                <guid>https://www.lefigaro.fr/placement/ou-placer-votre-epargne-pour-tirer-le-meilleur-profit-de-2025-selon-les-professionnels-20250111</guid>
                <title>Épargne: les placements préférés des gestionnaires de patrimoine en 2025</title>
                                <link>https://www.lefigaro.fr/placement/ou-placer-votre-epargne-pour-tirer-le-meilleur-profit-de-2025-selon-les-professionnels-20250111</link>
                                    <description>NOS CONSEILS - Baisse du taux du livret A, anticipation de l’impact de la politique fiscale de Donald Trump sur les marchés, évolution de l’inflation en Europe... les professionnels vous expliquent comment répartir vos économies pour rester gagnant cette année.</description>
                                <category>Placement</category>
                <pubDate>Mon, 13 Jan 2025 11:10:45 +0100</pubDate>

                                                            <media:content url="https://i.f1g.fr/media/cms/3000x2001_crop/2025/01/08/080bcd282b435a7eeed2de00a77e6bfbbd95a54312b0a1e0da94d91bdc5a7343.jpg" width="3000" height="2001">
                            <media:description type="plain">En l’absence de récession, les actifs à risque devraient rester rémunérateurs en 2025.</media:description>
                            <media:credit>Krakenimages.com - stock.adobe.com</media:credit>
                        </media:content>
                                                </item>
                    <item>
                <guid>https://www.lefigaro.fr/finances-perso/mieux-que-le-livret-a-quel-placement-choisir-pour-epargner-malin-pour-ses-enfants-20250103</guid>
                <title>Mieux que le Livret A: quel placement choisir pour épargner malin pour ses enfants</title>
                                <link>https://www.lefigaro.fr/finances-perso/mieux-que-le-livret-a-quel-placement-choisir-pour-epargner-malin-pour-ses-enfants-20250103</link>
                                    <description>NOS CONSEILS - SCPI, livrets jeunes, assurance-vie... Les placements financiers accessibles aux mineurs ne manquent pas, mais certains ont plus d’atouts que d’autres.</description>
                                <category>Finances perso</category>
                <pubDate>Fri, 03 Jan 2025 06:00:00 +0100</pubDate>

                                                            <media:content url="https://i.f1g.fr/media/cms/3000x2000_crop/2024/12/30/23c23cd153be81a9f86f0aa6a96f2c0869540c8491142788db795563d1089ce7.jpg" width="3000" height="2000">
                            <media:description type="plain">Parmi les différentes solutions de placement, l’assurance-vie fait partie des incontournables.</media:description>
                            <media:credit>AREE / stock.adobe.com</media:credit>
                        </media:content>
                                                </item>
                    <item>
                <guid>https://www.lefigaro.fr/placement/l-assurance-vie-luxembourgeoise-eldorado-pour-riches-clients-mise-a-l-epreuve-20241213</guid>
                <title>L’assurance-vie luxembourgeoise, eldorado pour riches clients, mise à l’épreuve</title>
                                <link>https://www.lefigaro.fr/placement/l-assurance-vie-luxembourgeoise-eldorado-pour-riches-clients-mise-a-l-epreuve-20241213</link>
                                    <description>DÉCRYPTAGE - La défaillance de FWU Life Insurance menace les économies de 34.000 clients français et interroge sur les garanties de ces contrats censés être très protecteurs.</description>
                                <category>Placement</category>
                <pubDate>Fri, 13 Dec 2024 17:00:17 +0100</pubDate>

                                                            <media:content url="https://i.f1g.fr/media/eidos/630x354_crop/2024/12/13/XVM00aba33a-b6ec-11ef-b6a4-8baf99439b68.jpg" width="630" height="354">
                            <media:description type="plain">Ce marasme a de quoi étonner. L’assurance-vie luxembourgeoise est traditionnellement vantée pour son «triangle de sécurité».</media:description>
                            <media:credit>Ne Mariya - stock.adobe.com</media:credit>
                        </media:content>
                                                </item>
                    <item>
                <guid>https://www.lefigaro.fr/economie/lingots-pieces-ou-etf-comment-profiter-au-mieux-de-la-flambee-de-l-or-20241213</guid>
                <title>Lingots, pièces ou ETF: comment profiter au mieux de la flambée de l’or</title>
                                <link>https://www.lefigaro.fr/economie/lingots-pieces-ou-etf-comment-profiter-au-mieux-de-la-flambee-de-l-or-20241213</link>
                                    <description>NOS CONSEILS - L’envolée du précieux métal fait briller les yeux des épargnants qui disposent désormais d’une large gamme de produits où investir. Voici comment bien choisir.</description>
                                <category>Économie</category>
                <pubDate>Mon, 16 Dec 2024 20:26:50 +0100</pubDate>

                                                            <media:content url="https://i.f1g.fr/media/cms/3000x1687_crop/2024/12/13/d09adc4a1bd52e5b9aefaa1bf1e8d1160ad99f4d109df3769338d0885347cc87.jpg" width="3000" height="1687">
                            <media:description type="plain">Le cours de l’or a gagné près de 30% depuis le début de l’année, de quoi à nouveau aiguiser l’appétit des épargnants.</media:description>
                            <media:credit>Ded Pixto / stock.adobe.com</media:credit>
                        </media:content>
                                                </item>
                    <item>
                <guid>https://www.lefigaro.fr/placement/immobilier-a-paris-ces-quartiers-refuge-ou-les-prix-ne-connaissent-pas-la-crise-20241212</guid>
                <title>Immobilier à Paris : ces quartiers «refuges» où les prix ne connaissent pas la crise</title>
                                <link>https://www.lefigaro.fr/placement/immobilier-a-paris-ces-quartiers-refuge-ou-les-prix-ne-connaissent-pas-la-crise-20241212</link>
                                    <description>PALMARÈS EXCLUSIF - Nous avons passé au crible l’évolution des prix de l’immobilier dans 80 quartiers de Paris intramuros, sur les 3 dernières années. Découvrez où la valeur du patrimoine des propriétaires ne flanche pas.</description>
                                <category>Placement</category>
                <pubDate>Thu, 12 Dec 2024 12:10:03 +0100</pubDate>

                                                            <media:content url="https://i.f1g.fr/media/cms/3000x2001_crop/2024/12/11/614fafb0468cd201896fb72babebb823388af0bb230170f46c2b721ef1065182.jpg" width="3000" height="2001">
                            <media:description type="plain">Certains micromarchés parisiens ont vu les prix augmenter ces dernières années, à rebours des tumultes.</media:description>
                            <media:credit>Jean-Paul COMPARIN / Jean-Paul Comparin - stock.adobe.com</media:credit>
                        </media:content>
                                                </item>
                    <item>
                <guid>https://www.lefigaro.fr/placement/ces-cryptomonnaies-dont-le-cours-a-explose-depuis-l-election-de-trump-20241205</guid>
                <title>Bitcoin à 100.000 dollars : ces autres cryptomonnaies dont le cours explose depuis l’élection de Trump</title>
                                <link>https://www.lefigaro.fr/placement/ces-cryptomonnaies-dont-le-cours-a-explose-depuis-l-election-de-trump-20241205</link>
                                    <description>PALMARÈS EXCLUSIF - Le cours du bitcoin est propulsé à des sommets historiques depuis début novembre. Mais d’autres jetons – moins connus – font encore mieux... Et l’élection américaine n’est pas la seule raison de cet engouement.</description>
                                <category>Placement</category>
                <pubDate>Thu, 05 Dec 2024 17:30:30 +0100</pubDate>

                                                            <media:content url="https://i.f1g.fr/media/cms/3000x2000_crop/2024/12/03/94270661ff898ce3fdf1515e7e4f926decc5127d657480f64ebbd533c97fa56d.jpg" width="3000" height="2000">
                            <media:description type="plain">Donald Trump, alors candidat à l’élection présidentielle, à la conférence Bitcoin 2024 de Nashville en juillet dernier.</media:description>
                            <media:credit>JON CHERRY / AFP</media:credit>
                        </media:content>
                                                </item>
                    <item>
                <guid>https://www.lefigaro.fr/placement/comment-les-independants-peuvent-faire-coup-double-pour-leur-epargne-retraite-20241203</guid>
                <title>Comment les indépendants peuvent faire coup double pour leur épargne-retraite</title>
                                <link>https://www.lefigaro.fr/placement/comment-les-independants-peuvent-faire-coup-double-pour-leur-epargne-retraite-20241203</link>
                                    <description>En tant que chef d’entreprise, le PER individuel comme le PER collectif vous sont accessibles.</description>
                                <category>Placement</category>
                <pubDate>Tue, 03 Dec 2024 12:00:12 +0100</pubDate>

                                                            <media:content url="https://i.f1g.fr/media/eidos/630x354_crop/2024/12/03/XVM1ccdb712-ab14-11ef-aa2d-287051e89751.jpg" width="630" height="354">
                            <media:description type="plain">Les indépendants peuvent décider que leur entreprise versera de l’épargne pour leur propre compte sur leur PER individuel en plus de leurs versements personnels.</media:description>
                            <media:credit>330551312/fizkes - stock.adobe.com</media:credit>
                        </media:content>
                                                </item>
                    <item>
                <guid>https://www.lefigaro.fr/placement/les-atouts-meconnus-du-plan-epargne-retraite-20241202</guid>
                <title>Les atouts méconnus du Plan épargne retraite</title>
                                <link>https://www.lefigaro.fr/placement/les-atouts-meconnus-du-plan-epargne-retraite-20241202</link>
                                    <description>Avantage fiscal mutualisé, transmission facilitée… le PER n’est pas qu’un outil d’épargne retraite.</description>
                                <category>Placement</category>
                <pubDate>Mon, 02 Dec 2024 11:00:12 +0100</pubDate>

                                                            <media:content url="https://i.f1g.fr/media/eidos/630x354_crop/2024/12/02/XVM108a1842-a664-11ef-8b64-c58b7c95a9a3.jpg" width="630" height="354">
                            <media:description type="plain">Le PER est aujourd’hui un formidable outil de défiscalisation pour les retraités et pour ceux qui envisagent de transmettre leur patrimoine.</media:description>
                            <media:credit>G-STOCK STUDIO/ stock.adobe.com</media:credit>
                        </media:content>
                                                </item>
                    <item>
                <guid>https://www.lefigaro.fr/economie/comment-emprunter-grace-a-son-epargne-logement-20241201</guid>
                <title>Comment emprunter grâce à son épargne-logement&#160;?</title>
                                <link>https://www.lefigaro.fr/economie/comment-emprunter-grace-a-son-epargne-logement-20241201</link>
                                    <description>NOS CONSEILS - Si vous avez ouvert ce placement réglementé il y a quelques années, vous pouvez utiliser votre épargne pour décrocher un crédit à un taux inférieur à celui du marché.</description>
                                <category>Économie</category>
                <pubDate>Sun, 01 Dec 2024 16:28:57 +0100</pubDate>

                                                            <media:content url="https://i.f1g.fr/media/cms/2401x1351_crop/2024/11/29/dae0526ce5fe884e34e1ce61570230fc45846ca36fc1da7b6beceabf04d30bfe.jpg" width="2401" height="1351">
                            <media:description type="plain">Le PEL peut également être conservé, s’il n’a pas de date de péremption, pour en percevoir les intérêts.</media:description>
                            <media:credit>Adobe Stock</media:credit>
                        </media:content>
                                                </item>
                    <item>
                <guid>https://www.lefigaro.fr/placement/les-nouveaux-sommets-du-bitcoin-font-revenir-20241130</guid>
                <title>Les nouveaux sommets du bitcoin font revenir les petits porteurs</title>
                                <link>https://www.lefigaro.fr/placement/les-nouveaux-sommets-du-bitcoin-font-revenir-20241130</link>
                                    <description>La reine des cryptomonnaies n’en finit pas de grimper depuis l’élection de Donald Trump.</description>
                                <category>Placement</category>
                <pubDate>Thu, 05 Dec 2024 07:05:35 +0100</pubDate>

                                                            <media:content url="https://i.f1g.fr/media/eidos/630x354_crop/2024/11/30/XVM57ed614a-ab4a-11ef-8db7-9d83f57838e1.jpg" width="630" height="354">
                            <media:description type="plain">Le cours du bitcoin frôle désormais les 100.000 dollars.</media:description>
                            <media:credit>Nuthawut - stock.adobe.com</media:credit>
                        </media:content>
                                                </item>
            </channel>
</rss>
