<?xml version="1.0" encoding="UTF-8"?>
<rss version="2.0" xmlns:atom="http://www.w3.org/2005/Atom" xmlns:media="http://search.yahoo.com/mrss/">
    <channel>
        <atom:link href="https://www.lefigaro.fr/rss/figaro_assurance.xml" rel="self" type="application/rss+xml"/>
        <category>Assurance</category>
        <title>Le Figaro - Assurance : Actualité et conseils pour l&#039;assurance et la gestion de patrimoine</title>
        <description>Assurance : Retrouvez toute l&#039;actualité sur les assurances et conseils pour être bien assuré, ainsi que nos outils de simulation avec Lefigaro.fr</description>
        <link>http://www.lefigaro.fr</link>
        <language>fr</language>
        <copyright>Droits de reproduction et de diffusion réservés LeFigaro.fr</copyright>
        <lastBuildDate>Mon, 10 Feb 2025 13:31:08 +0100</lastBuildDate>
        <docs>https://www.lefigaro.fr/rss</docs>
        <image>
            <title>Le Figaro - Assurance : Actualité et conseils pour l&#039;assurance et la gestion de patrimoine</title>
            <url>https://static.lefigaro.fr/common/logos/logo-150x150.png</url>
            <link>http://www.lefigaro.fr</link>
            <description>Assurance : Retrouvez toute l&#039;actualité sur les assurances et conseils pour être bien assuré, ainsi que nos outils de simulation avec Lefigaro.fr</description>
        </image>

                    <item>
                <guid>https://www.lefigaro.fr/finances-perso/assurance-emprunteur-comment-eviter-de-payer-le-prix-fort-20250125</guid>
                <title>Assurance emprunteur, comment éviter de payer le prix fort ?</title>
                                <link>https://www.lefigaro.fr/finances-perso/assurance-emprunteur-comment-eviter-de-payer-le-prix-fort-20250125</link>
                                    <description>NOS CONSEILS - La loi Lemoine du 28&amp;#160;février 2022 a libéralisé l’assurance emprunteur. Son objectif&amp;#160;: tirer à la baisse les tarifs en facilitant la mise en concurrence. Malheureusement, de trop nombreuses banques se montrent réticentes.</description>
                                <category>Finances perso</category>
                <pubDate>Sat, 25 Jan 2025 15:00:00 +0100</pubDate>

                                                            <media:content url="https://i.f1g.fr/media/cms/3000x1688_crop/2025/01/24/c64ea9d803176ed4d96a6dcaecad2294dc2140bc4488e9377d331b66647037a5.jpg" width="3000" height="1688">
                            <media:description type="plain">Selon le dernier baromètre de l’Association pour la promotion de la concurrence en assurance des emprunteurs, 92 % des emprunteurs ayant changé d’assurance ont réduit le coût de leur prêt.</media:description>
                            <media:credit>amnaj / stock.adobe.com</media:credit>
                        </media:content>
                                                </item>
                    <item>
                <guid>https://www.lefigaro.fr/assurance/quelles-sont-les-meilleures-complementaires-sante-notre-classement-2025-20241128</guid>
                <title>Quelles sont les meilleures complémentaires santé ? Découvrez notre palmarès 2025</title>
                                <link>https://www.lefigaro.fr/assurance/quelles-sont-les-meilleures-complementaires-sante-notre-classement-2025-20241128</link>
                                    <description>EXCLUSIF - Pour les retraités, les indépendants, les étudiants, les personnes sans emploi, choisir une assurance santé est parfois un véritable casse-tête. Pour vous aider à faire le bon choix, Le Figaro a comparé 24 complémentaires santé.</description>
                                <category>Assurance</category>
                <pubDate>Thu, 28 Nov 2024 14:16:38 +0100</pubDate>

                                                            <media:content url="https://i.f1g.fr/media/cms/3000x2003_crop/2024/11/27/06cf7ee9fc0c5070a735a04bcebfe7ba485ec10bb0a4c28b151a656952a9f0f1.jpg" width="3000" height="2003">
                            <media:description type="plain">Mutuelles, assurances, bancassurances, comment choisir la complémentaire santé qui vous convient le mieux ?</media:description>
                            <media:credit>Arnéll Koegelenberg/peopleimage</media:credit>
                        </media:content>
                                                </item>
                    <item>
                <guid>https://www.lefigaro.fr/assurance/les-solutions-pour-remedier-a-l-angoisse-de-la-dependance-20241121</guid>
                <title>Grand âge : les solutions pour remédier à l’angoisse de la dépendance</title>
                                <link>https://www.lefigaro.fr/assurance/les-solutions-pour-remedier-a-l-angoisse-de-la-dependance-20241121</link>
                                    <description>NOS CONSEILS - Souvent onéreux, les contrats d’assurance ne sont pas toujours efficaces. Voici des options alternatives souvent négligées à tort.</description>
                                <category>Assurance</category>
                <pubDate>Thu, 21 Nov 2024 16:09:06 +0100</pubDate>

                                                            <media:content url="https://i.f1g.fr/media/cms/3000x1687_crop/2024/11/20/ca79f9cc909fa4e497525d6d964ee1b1f70e243c7eb0b6dbba027cd19e50b577.jpg" width="3000" height="1687">
                            <media:description type="plain">En 2020, plus d’un tiers des 85 ans étaient en perte d’autonomie.</media:description>
                            <media:credit>ME - stock.adobe.com</media:credit>
                        </media:content>
                                                </item>
                    <item>
                <guid>https://www.lefigaro.fr/assurance/assurances-prevoyances-comment-bien-se-proteger-face-aux-aleas-de-la-vie-20241121</guid>
                <title>Assurances, prévoyances: comment bien se protéger face aux aléas de la vie</title>
                                <link>https://www.lefigaro.fr/assurance/assurances-prevoyances-comment-bien-se-proteger-face-aux-aleas-de-la-vie-20241121</link>
                                    <description>NOS CONSEILS - Tous les contrats ne se valent pas. Quelques recommandations pour faire un état des lieux et prendre les décisions en cohérence avec votre budget.</description>
                                <category>Assurance</category>
                <pubDate>Thu, 21 Nov 2024 11:00:11 +0100</pubDate>

                                                            <media:content url="https://i.f1g.fr/media/eidos/630x354_crop/2024/11/21/XVM4160158c-a666-11ef-8b64-c58b7c95a9a3.jpg" width="630" height="354">
                            <media:description type="plain">La composition d’une épargne cohérente avec son budget est indispensable pour faire face aux coups durs éventuels.</media:description>
                            <media:credit>Studio Romantic - stock.adobe.com</media:credit>
                        </media:content>
                                                </item>
                    <item>
                <guid>https://www.lefigaro.fr/economie/quatre-conseils-pour-contester-l-attribution-d-une-assurance-vie-20241120</guid>
                <title>Quatre conseils pour contester l’attribution d’une assurance-vie</title>
                                <link>https://www.lefigaro.fr/economie/quatre-conseils-pour-contester-l-attribution-d-une-assurance-vie-20241120</link>
                                    <description>DÉCRYPTAGE - Les héritiers qui s’estiment spoliés peuvent agir en justice. Voici la marche à suivre.</description>
                                <category>Économie</category>
                <pubDate>Wed, 20 Nov 2024 16:00:00 +0100</pubDate>

                                                            <media:content url="https://i.f1g.fr/media/cms/3000x2000_crop/2024/11/19/6519986fbebc2706e0d1c2fab8e7ae6328f89e5c78cced5a4763389be1b9a8e2.jpg" width="3000" height="2000">
                            <media:description type="plain">Si l’assurance-vie a avantagé l’un des héritiers ou une autre personne au-delà de ce que la loi autorise, les héritiers lésés peuvent alors engager une «action en réduction».</media:description>
                            <media:credit>Natee Meepian - Adobe Stock</media:credit>
                        </media:content>
                                                </item>
                    <item>
                <guid>https://www.lefigaro.fr/finances-perso/comment-se-defendre-face-aux-clauses-illegales-de-ses-contrats-d-assurance-20241101</guid>
                <title>Comment se défendre face aux clauses illégales de ses contrats d’assurance&#160;?</title>
                                <link>https://www.lefigaro.fr/finances-perso/comment-se-defendre-face-aux-clauses-illegales-de-ses-contrats-d-assurance-20241101</link>
                                    <description>NOS CONSEILS - Beaucoup trop de contrats d’assurance contiennent encore des clauses d’exclusion de garantie qui ont été censurées depuis longtemps par la Cour de cassation. Voici comment se défendre.</description>
                                <category>Finances perso</category>
                <pubDate>Fri, 01 Nov 2024 19:34:09 +0100</pubDate>

                                                            <media:content url="https://i.f1g.fr/media/cms/2000x1333_crop/2024/11/01/d2514b16e64e0c79dc111d208799467d44df6f5c35ff8ee44526a0dece6f679e.jpg" width="2000" height="1333">
                            <media:description type="plain">Dans une enquête réalisée fin 2023, presque tous les assureurs interrogés avaient au moins un contrat contenant une clause d'exclusion invalidée par la Cour de cassation.</media:description>
                            <media:credit>peopleimages.com - stock.adobe.c</media:credit>
                        </media:content>
                                                </item>
                    <item>
                <guid>https://www.lefigaro.fr/assurance/habitation-auto-sante-pourquoi-les-tarifs-des-assurances-vont-flamber-en-2025-20240923</guid>
                <title>Habitation, auto, santé... Pourquoi les tarifs des assurances vont flamber en 2025</title>
                                <link>https://www.lefigaro.fr/assurance/habitation-auto-sante-pourquoi-les-tarifs-des-assurances-vont-flamber-en-2025-20240923</link>
                                    <description>DÉCRYPTAGE - Les tarifs devraient augmenter deux à trois fois plus vite que l’inflation.</description>
                                <category>Assurance</category>
                <pubDate>Mon, 23 Sep 2024 17:04:47 +0200</pubDate>

                                                            <media:content url="https://i.f1g.fr/media/cms/3000x1982_crop/2024/09/23/3f66ba96937330bf693bdfe281c64caeb9cce48561c42f90be9075ff105014c9.jpg" width="3000" height="1982">
                            <media:description type="plain">À partir du 1er janvier, la surprime incluse dans les assurances habitation, pour financer le régime catastrophes naturelles, passera de 12 % à 20 %.</media:description>
                            <media:credit>Ole / stock.adobe.com</media:credit>
                        </media:content>
                                                </item>
                    <item>
                <guid>https://www.lefigaro.fr/assurance/vacances-le-guide-pour-en-finir-avec-les-assurances-superflues-20240608</guid>
                <title>Voyages : nos astuces pour ne pas payer d'assurances inutiles</title>
                                <link>https://www.lefigaro.fr/assurance/vacances-le-guide-pour-en-finir-avec-les-assurances-superflues-20240608</link>
                                    <description>NOS CONSEILS - Ces garanties qui viennent s&#039;ajouter à des couvertures dont le voyageur bénéficie par ailleurs peuvent faire doublon. Faut-il pour autant y renoncer?</description>
                                <category>Assurance</category>
                <pubDate>Tue, 11 Jun 2024 18:15:23 +0200</pubDate>

                                                            <media:content url="https://i.f1g.fr/media/cms/3000x2003_crop/2024/06/06/ee0029175b67a7d93b92701908caa8b7aac0c9e434d813de27751d72a60d2b4b.jpg" width="3000" height="2003">
                            <media:description type="plain">Annulation, rapatriement, bagages...des assurances existent pour couvrir chaque risque rencontré en voyage.</media:description>
                            <media:credit>zephyr_p - stock.adobe.com</media:credit>
                        </media:content>
                                                </item>
                    <item>
                <guid>https://www.lefigaro.fr/assurance/objets-de-valeur-etes-vous-bien-couvert-par-votre-assureur-20240428</guid>
                <title>Objets de valeur: êtes-vous bien couvert par votre assureur?</title>
                                <link>https://www.lefigaro.fr/assurance/objets-de-valeur-etes-vous-bien-couvert-par-votre-assureur-20240428</link>
                                    <description>NOS CONSEILS - Tous les points à vérifier pour faire évoluer votre contrat d’assurance et éviter plafond de remboursement et exclusion.</description>
                                <category>Assurance</category>
                <pubDate>Sun, 28 Apr 2024 07:00:11 +0200</pubDate>

                                                            <media:content url="https://i.f1g.fr/media/eidos/630x354_crop/2024/04/28/XVM8fbfa924-f755-11ee-9a77-5e577be891b5.jpg" width="630" height="354">
                            <media:description type="plain">Un rez-de-chaussée doit être muni de barreaux de protection ou de volets.</media:description>
                            <media:credit>STOCK ADOBE</media:credit>
                        </media:content>
                                                </item>
                    <item>
                <guid>https://www.lefigaro.fr/assurance/que-valent-les-comparateurs-d-assurances-20240427</guid>
                <title>Que valent les comparateurs d'assurances ?</title>
                                <link>https://www.lefigaro.fr/assurance/que-valent-les-comparateurs-d-assurances-20240427</link>
                                    <description>NOS CONSEILS - Lancés au début des années 2000, ils donnent accès en quelques clics à des tarifs d&#039;assurances pour vous aider à dénicher les offres les plus compétitives.</description>
                                <category>Assurance</category>
                <pubDate>Sat, 27 Apr 2024 12:00:00 +0200</pubDate>

                                                            <media:content url="https://i.f1g.fr/media/cms/3000x2001_crop/2024/04/26/4f2b69519f2810729c29cde41d6e42da0078f9ace65120a23c2e762a4a05e6d1.jpg" width="3000" height="2001">
                            <media:description type="plain">Les primes d'assurances pèsent de plus en plus lourd dans le budget des ménages.</media:description>
                            <media:credit>fizkes - stock.adobe.com</media:credit>
                        </media:content>
                                                </item>
                    <item>
                <guid>https://www.lefigaro.fr/assurance/notre-palmares-2024-des-meilleures-assurances-auto-20240328</guid>
                <title>Notre palmarès 2024 des meilleures assurances auto</title>
                                <link>https://www.lefigaro.fr/assurance/notre-palmares-2024-des-meilleures-assurances-auto-20240328</link>
                                    <description>EXCLUSIF - Rapport qualité-prix, indemnisation des sinistres, réactivité... Le Figaro a comparé 28 assureurs pour vous aider à faire le meilleur choix de contrat pour votre véhicule.</description>
                                <category>Assurance</category>
                <pubDate>Sat, 30 Mar 2024 10:44:35 +0100</pubDate>

                                                            <media:content url="https://i.f1g.fr/media/cms/3000x1687_crop/2024/03/25/80096da49a080f99ab704fa94b7d337b80ef5876cbf97df15be10073194da4ce.jpg" width="3000" height="1687">
                            <media:description type="plain">Pour éviter les mauvaises surprises en cas d’imprévu, mieux vaut comparer les offres des assureurs.</media:description>
                            <media:credit>Yuri Arcurs - Adobe Stock</media:credit>
                        </media:content>
                                                </item>
                    <item>
                <guid>https://www.lefigaro.fr/assurance/ces-maisons-en-france-que-les-compagnies-d-assurances-ne-veulent-plus-couvrir-20240202</guid>
                <title>Ces maisons en France que les compagnies d’assurances ne veulent plus couvrir</title>
                                <link>https://www.lefigaro.fr/assurance/ces-maisons-en-france-que-les-compagnies-d-assurances-ne-veulent-plus-couvrir-20240202</link>
                                    <description>Gabriel Attal a annoncé une réforme pour éviter que les assureurs se détournent des zones à risques.</description>
                                <category>Assurance</category>
                <pubDate>Fri, 02 Feb 2024 20:13:54 +0100</pubDate>

                                                            <media:content url="https://i.f1g.fr/media/eidos/630x354_crop/2024/02/02/XVM4789d4ac-c1e2-11ee-a550-1943f09746fd.jpg" width="630" height="354">
                            <media:description type="plain">L’un des pilliers de la réforme du régime Cat Nat devrait passer par une cartographie des périls et des zones les plus plus à risques (
ici, les inondations à Arques, Pas-de-Calais, en janvier), les nouvelles constructions dans ces zones noires pourraient alors ne plus être assurables.</media:description>
                            <media:credit>DENIS CHARLET/AFP</media:credit>
                        </media:content>
                                                </item>
                    <item>
                <guid>https://www.lefigaro.fr/assurance/assurance-emprunteur-renegociez-pour-realiser-de-vraies-economies-20240202</guid>
                <title>Assurance-emprunteur: renégociez pour réaliser de vraies économies</title>
                                <link>https://www.lefigaro.fr/assurance/assurance-emprunteur-renegociez-pour-realiser-de-vraies-economies-20240202</link>
                                    <description>NOS CONSEILS - Depuis la loi Lemoine, il est possible de résilier son contrat d’assurance à tout moment pour en souscrire un moins cher. Les astuces des courtiers.</description>
                                <category>Assurance</category>
                <pubDate>Fri, 02 Feb 2024 07:00:34 +0100</pubDate>

                                                            <media:content url="https://i.f1g.fr/media/eidos/630x354_crop/2024/02/02/XVM30a4f68e-be92-11ee-a550-1943f09746fd.jpg" width="630" height="354">
                            <media:description type="plain">Le nombre de résiliations a augmenté de façon spectaculaire passant de 100.000 à 180.000 entre 2021 et le premier ­semestre 2023, selon le CCSF.</media:description>
                            <media:credit>STOCK ADOBE</media:credit>
                        </media:content>
                                                </item>
                    <item>
                <guid>https://www.lefigaro.fr/assurance/notre-palmares-des-meilleures-complementaires-sante-20231101</guid>
                <title>Notre palmarès 2024 des meilleures complémentaires santé</title>
                                <link>https://www.lefigaro.fr/assurance/notre-palmares-des-meilleures-complementaires-sante-20231101</link>
                                    <description>EXCLUSIF - Pour les retraités, les indépendants, les personnes sans emploi ou les étudiants, choisir une assurance santé individuelle n’est pas si simple. Le Figaro a diligenté une grande enquête pour faire le bon choix.</description>
                                <category>Assurance</category>
                <pubDate>Thu, 28 Nov 2024 08:42:52 +0100</pubDate>

                                                            <media:content url="https://i.f1g.fr/media/cms/3000x2000_crop/2023/10/27/dfb792abe24b3bfc25bc7c011c0d0015c920ef66392feddc6fbcdf12d655bdc1.jpg" width="3000" height="2000">
                            <media:description type="plain">Quand vient l’âge de la retraite, il est souvent utile de choisir une nouvelle assurance santé complémentaire.</media:description>
                            <media:credit>Adobe Stock</media:credit>
                        </media:content>
                                                </item>
                    <item>
                <guid>https://www.lefigaro.fr/assurance/assurance-auto-tiers-ou-tous-risques-comment-ne-pas-payer-pour-rien-20231031</guid>
                <title>Assurance auto: tiers ou tous risques, comment ne pas payer pour rien</title>
                                <link>https://www.lefigaro.fr/assurance/assurance-auto-tiers-ou-tous-risques-comment-ne-pas-payer-pour-rien-20231031</link>
                                    <description>NOS CONSEILS – Sans assurance automobile, n&#039;envisagez pas de conduire sur la voie publique ! Sur la route une couverture minimum est absolument obligatoire. Mais faut-il aller au-delà ? Voici quelques éléments pour faire les bons arbitrages.</description>
                                <category>Assurance</category>
                <pubDate>Tue, 31 Oct 2023 09:17:22 +0100</pubDate>

                                                            <media:content url="https://i.f1g.fr/media/cms/3000x2000_crop/2023/10/26/3ace6271ad7b83b4a288d8901993be0019320ab94e653b5dfe2a8c7e49855eb8.jpg" width="3000" height="2000">
                            <media:description type="plain">Usure, casse, dommage lié à un événement climatique... la liste des aléas est longue et les garanties proposées par les assureurs nombreuses.</media:description>
                            <media:credit>Noel - stock.adobe.com</media:credit>
                        </media:content>
                                                </item>
                    <item>
                <guid>https://www.lefigaro.fr/assurance/assurance-habitation-les-astuces-pour-reduire-sa-facture-20231028</guid>
                <title>Assurance habitation : les astuces pour réduire sa facture</title>
                                <link>https://www.lefigaro.fr/assurance/assurance-habitation-les-astuces-pour-reduire-sa-facture-20231028</link>
                                    <description>NOS CONSEILS - Vol, dégâts des eaux, catastrophes naturelles... difficile de s’y retrouver dans le maquis des contrats et des options proposés par les assureurs. On vous explique comment bien choisir en fonction de vos besoins pour faire des économies.</description>
                                <category>Assurance</category>
                <pubDate>Sat, 28 Oct 2023 10:00:00 +0200</pubDate>

                                                            <media:content url="https://i.f1g.fr/media/cms/3000x2000_crop/2023/10/20/5f59e27d2c136ac7abf85dcaf932ba585a8eb99e70d858e074267327601f75ee.jpg" width="3000" height="2000">
                            <media:description type="plain">En assurance, tout est contractuel ou presque, faites jouer la concurrence!</media:description>
                            <media:credit>New Africa - stock.adobe.com</media:credit>
                        </media:content>
                                                </item>
                    <item>
                <guid>https://www.lefigaro.fr/assurance/l-inexorable-hausse-des-assurances-d-entreprises-20231026</guid>
                <title>L'inexorable hausse des assurances d'entreprises</title>
                                <link>https://www.lefigaro.fr/assurance/l-inexorable-hausse-des-assurances-d-entreprises-20231026</link>
                                    <description>DÉCRYPTAGE - Les tarifs augmenteront encore significativement l&#039;an prochain, les garanties dommages aux biens en tête.</description>
                                <category>Assurance</category>
                <pubDate>Thu, 26 Oct 2023 22:04:08 +0200</pubDate>

                                                            <media:content url="https://i.f1g.fr/media/cms/3000x1687_crop/2023/10/26/7cb5dee001d144d5ef2d6dfaf6c552a7e271b8900e6131969e56035fef6d0b6c.jpg" width="3000" height="1687">
                            <media:description type="plain">«Les augmentations seront supérieures à l'inflation (4,9% en septembre, NDLR), comme c'est le cas chaque année depuis 2019», Alain Ronot.</media:description>
                            <media:credit>Worranan - stock.adobe.com</media:credit>
                        </media:content>
                                                </item>
                    <item>
                <guid>https://www.lefigaro.fr/assurance/l-offensive-des-assureurs-vie-pour-faire-revenir-les-epargnants-20231008</guid>
                <title>L’offensive des assureurs-vie pour faire revenir les épargnants</title>
                                <link>https://www.lefigaro.fr/assurance/l-offensive-des-assureurs-vie-pour-faire-revenir-les-epargnants-20231008</link>
                                    <description>DÉCRYPTAGE - Avec la hausse des taux, le rendement des fonds en euros fait pâle figure par rapport aux autres placements. Les compagnies multiplient les offres pour relancer la collecte.</description>
                                <category>Assurance</category>
                <pubDate>Sun, 08 Oct 2023 19:08:06 +0200</pubDate>

                                                            <media:content url="https://i.f1g.fr/media/eidos/630x354_crop/2023/10/08/XVM898a8842-65b2-11ee-9fa8-e8b12e1111b7.jpg" width="630" height="354">
                            <media:description type="plain">Désormais, les assureurs proposent à leurs clients de placer 100% de leurs dépôts dans le fonds en euros.</media:description>
                            <media:credit>MAXPPP/PHOTOPQR/L&#039;ALSACE</media:credit>
                        </media:content>
                                                </item>
                    <item>
                <guid>https://www.lefigaro.fr/assurance/forte-hausse-des-tarifs-d-assurance-en-vue-en-2024-20230922</guid>
                <title>Forte hausse des tarifs d’assurance en vue en 2024</title>
                                <link>https://www.lefigaro.fr/assurance/forte-hausse-des-tarifs-d-assurance-en-vue-en-2024-20230922</link>
                                    <description>DÉCRYPTAGE - Les contrats auto et habitation pourraient grimper de 4 % à 8 %. L’inflation devrait être plus marquée pour les complémentaires santé.</description>
                                <category>Assurance</category>
                <pubDate>Fri, 22 Sep 2023 18:56:07 +0200</pubDate>

                                                            <media:content url="https://i.f1g.fr/media/eidos/630x354_crop/2023/09/22/XVM295ff41c-5963-11ee-859b-a0995362a8b5.jpg" width="630" height="354">
                            <media:description type="plain">Les tarifs des assurances habitations pourraient bondir de 6 % à 7,5 % en moyenne en 2024, après une année 2022 très difficile en raison de sinistres climatiques qui ont coûté plus de 10 milliards d’euros.</media:description>
                            <media:credit>ijeab - stock.adobe.com</media:credit>
                        </media:content>
                                                </item>
                    <item>
                <guid>https://www.lefigaro.fr/assurance/de-plus-en-plus-de-communes-se-retrouvent-dans-l-incapacite-de-s-assurer-20230920</guid>
                <title>De plus en plus de communes se retrouvent dans l’incapacité de s’assurer</title>
                                <link>https://www.lefigaro.fr/assurance/de-plus-en-plus-de-communes-se-retrouvent-dans-l-incapacite-de-s-assurer-20230920</link>
                                    <description>Les assureurs sont dépassés par les risques climatiques et perdent de l’argent.</description>
                                <category>Assurance</category>
                <pubDate>Wed, 20 Sep 2023 20:16:05 +0200</pubDate>

                                                            <media:content url="https://i.f1g.fr/media/eidos/630x354_crop/2023/09/20/XVM6130bd5a-57e1-11ee-859b-a0995362a8b5.jpg" width="630" height="354">
                            <media:description type="plain">Très peu d’assureurs sont présents sur le marché des collectivités et leur nombre ne cesse de se réduire.</media:description>
                            <media:credit>160336787/altitudedrone - stock.adobe.com</media:credit>
                        </media:content>
                                                </item>
            </channel>
</rss>
