<?xml version="1.0" encoding="UTF-8"?>
<rss version="2.0" xmlns:atom="http://www.w3.org/2005/Atom" xmlns:media="http://search.yahoo.com/mrss/">
    <channel>
        <atom:link href="https://www.lefigaro.fr/rss/figaro_automobile.xml" rel="self" type="application/rss+xml"/>
        <category>Automobile</category>
        <title>Le Figaro - Automobile : Essais et tests, dernières voitures et derniers modèles</title>
        <description>Automobile : Retrouvez tous les comparatifs autos, les essais et test des derniers modèles et des dernières voitures et les accessoires automobiles sur Le Figaro</description>
        <link>http://www.lefigaro.fr</link>
        <language>fr</language>
        <copyright>Droits de reproduction et de diffusion réservés LeFigaro.fr</copyright>
        <lastBuildDate>Mon, 10 Feb 2025 13:38:11 +0100</lastBuildDate>
        <docs>https://www.lefigaro.fr/rss</docs>
        <image>
            <title>Le Figaro - Automobile : Essais et tests, dernières voitures et derniers modèles</title>
            <url>https://static.lefigaro.fr/common/logos/logo-150x150.png</url>
            <link>http://www.lefigaro.fr</link>
            <description>Automobile : Retrouvez tous les comparatifs autos, les essais et test des derniers modèles et des dernières voitures et les accessoires automobiles sur Le Figaro</description>
        </image>

                    <item>
                <guid>https://www.lefigaro.fr/automobile/depardieu-en-caleche-depannage-en-helico-et-escorte-du-gign-les-perles-des-voituriers-d-hotels-de-luxe-20250207</guid>
                <title>Dépannages en hélico, Lamborghini, escorte du GIGN... Les histoires secrètes des voituriers de grands hôtels</title>
                                <link>https://www.lefigaro.fr/automobile/depardieu-en-caleche-depannage-en-helico-et-escorte-du-gign-les-perles-des-voituriers-d-hotels-de-luxe-20250207</link>
                                    <description>TÉMOIGNAGES - C’est le métier de rêve pour qui veut conduire des voitures à plusieurs centaines de milliers d’euros. Nous avons demandé aux voituriers de grands hôtels de luxe de nous raconter leurs anecdotes les plus marquantes.</description>
                                <category>Automobile</category>
                <pubDate>Mon, 10 Feb 2025 11:27:38 +0100</pubDate>

                                                            <media:content url="https://i.f1g.fr/media/cms/3000x1996_crop/2025/02/07/b1f9d208a6bbd575461861becf86c261e1ba5fcb9f99fdd8dc60e3fa17b5ef06.jpg" width="3000" height="1996">
                            <media:description type="plain">Le métier de voiturier est un métier de luxe qui demande calme et sang-froid. Ici devant le Bristol (photo d’illustration).</media:description>
                            <media:credit>FRED DUFOUR / AFP</media:credit>
                        </media:content>
                                                </item>
                    <item>
                <guid>https://www.lefigaro.fr/automobile/peninsula-classics-best-of-the-best-a-une-ferrari-250-lm-20250210</guid>
                <title>Peninsula Classics, Best of the Best à une Ferrari 250 LM</title>
                                <link>https://www.lefigaro.fr/automobile/peninsula-classics-best-of-the-best-a-une-ferrari-250-lm-20250210</link>
                                    <description>La dixième édition du concours organisé par la chaîne hôtelière hongkongaise a récompensé la berlinette provenant de la collection de la famille Cox.</description>
                                <category>Automobile</category>
                <pubDate>Mon, 10 Feb 2025 12:24:20 +0100</pubDate>

                                                            <media:content url="https://i.f1g.fr/media/cms/3000x2001_crop/2025/02/10/0ee2512b9ee45cd5a30c59c0f3df0f8f0fb32023947d532db08943e2bbd5b724.jpg" width="3000" height="2001">
                            <media:description type="plain">Neuf véhicules étaient en lice cette année pour le trophée du Peninsula. </media:description>
                            <media:credit>Peninsula </media:credit>
                        </media:content>
                                                </item>
                    <item>
                <guid>https://www.lefigaro.fr/automobile/une-voiture-volee-toutes-les-4-minutes-en-france-voici-les-modeles-preferes-des-malfrats-20250206</guid>
                <title>Une voiture volée toutes les 4 minutes en France : voici les modèles préférés des malfrats</title>
                                <link>https://www.lefigaro.fr/automobile/une-voiture-volee-toutes-les-4-minutes-en-france-voici-les-modeles-preferes-des-malfrats-20250206</link>
                                    <description>Selon l’Observatoire Coyote, les vols de voitures sont en hausse. Des réseaux organisés sévissent sur certains types de modèles et dans des régions précises.</description>
                                <category>Automobile</category>
                <pubDate>Thu, 06 Feb 2025 16:17:14 +0100</pubDate>

                                                            <media:content url="https://i.f1g.fr/media/cms/orig/2025/02/06/e0210824c6d72026dfe1e7756a0ed22b1444dab6dc94b1d0bb35ecb1187dea22.JPG" width="3000" height="2000">
                            <media:description type="plain">Plus de 9 vols sur 10 sont réalisés à l’aide de méthodes électroniques avancées, selon Coyote. </media:description>
                            <media:credit>Александр Поташев / stock.adobe.com</media:credit>
                        </media:content>
                                                </item>
                    <item>
                <guid>https://www.lefigaro.fr/automobile/si-ma-voiture-tombe-trop-souvent-en-panne-puis-je-faire-un-recours-contre-le-constructeur-20250206</guid>
                <title>«Si ma voiture tombe trop souvent en panne, puis-je faire un recours contre le constructeur ?»</title>
                                <link>https://www.lefigaro.fr/automobile/si-ma-voiture-tombe-trop-souvent-en-panne-puis-je-faire-un-recours-contre-le-constructeur-20250206</link>
                                    <description>LE COURRIER DES MOTEURS - Cette semaine, Vincent, propriétaire d’un véhicule Peugeot 3008 à Chalon-sur-Saône, se demande s’il peut faire un recours en justice contre Stellantis après des pannes trop fréquentes à son goût.</description>
                                <category>Automobile</category>
                <pubDate>Thu, 06 Feb 2025 17:24:59 +0100</pubDate>

                                                            <media:content url="https://i.f1g.fr/media/cms/3000x2000_crop/2025/02/06/acbbc33289f946880a488e17c32eae36ececeae1b17fee6fa47e6d8be8063ba1.jpg" width="3000" height="2000">
                            <media:description type="plain">En cas de panne survenue trop tôt sur votre véhicule, un recours pour vice caché est possible en Justice. </media:description>
                            <media:credit>mrmohock / stock.adobe.com</media:credit>
                        </media:content>
                                                </item>
                    <item>
                <guid>https://www.lefigaro.fr/automobile/pres-de-35-millions-d-euros-pour-la-ferrari-250-lm-victorieuse-au-mans-20250206</guid>
                <title>Près de 35 millions d’euros pour la Ferrari 250 LM victorieuse au Mans</title>
                                <link>https://www.lefigaro.fr/automobile/pres-de-35-millions-d-euros-pour-la-ferrari-250-lm-victorieuse-au-mans-20250206</link>
                                    <description>ENCHÈRES - En marge du salon Rétromobile, la neuvième Ferrari victorieuse dans la Sarthe a battu un record en vente publique.</description>
                                <category>Automobile</category>
                <pubDate>Thu, 06 Feb 2025 09:51:35 +0100</pubDate>

                                                            <media:content url="https://i.f1g.fr/media/cms/3000x2001_crop/2025/02/06/fc284896a645db2902391795fa0e943c412a22e54c91e3dd5114cfe234a96a9b.jpg" width="3000" height="2001">
                            <media:description type="plain">La Ferrari 250 LM châssis 5893 a gagné au Mans en 1965. </media:description>
                            <media:credit>RM Sotheby&#039;s</media:credit>
                        </media:content>
                                                </item>
                    <item>
                <guid>https://www.lefigaro.fr/automobile/agressivite-sur-la-route-pourquoi-perdons-nous-si-facilement-notre-calme-au-volant-20250205</guid>
                <title>Pourquoi s’énerve-t-on facilement au volant ? Les réponses d’un psychologue</title>
                                <link>https://www.lefigaro.fr/automobile/agressivite-sur-la-route-pourquoi-perdons-nous-si-facilement-notre-calme-au-volant-20250205</link>
                                    <description>PSYCHOLOGIE - En conduisant, même les personnes les plus sages peuvent se révéler extrêmement violentes. Le psychologue Jean-Pascal Assailly explique que cela est lié à des facteurs bien précis.</description>
                                <category>Automobile</category>
                <pubDate>Wed, 05 Feb 2025 20:49:42 +0100</pubDate>

                                                            <media:content url="https://i.f1g.fr/media/cms/3000x2001_crop/2025/02/05/d9de1d95820b6be1a4773910d3774c4271245f0bece91e72336f0e9694302f1f.jpg" width="3000" height="2001">
                            <media:description type="plain">Le stress dans la vie engendre de la violence au volant.</media:description>
                            <media:credit>Aliaksandr Marko - stock.adobe.com</media:credit>
                        </media:content>
                                                </item>
                    <item>
                <guid>https://www.lefigaro.fr/automobile/l-ecologie-l-ecologie-tu-parles-la-voie-de-covoiturage-sur-le-peripherique-parisien-divise-les-automobilistes-20250204</guid>
                <title>«L’écologie, tu parles...» : la future voie de covoiturage du périphérique peine à séduire les automobilistes franciliens</title>
                                <link>https://www.lefigaro.fr/automobile/l-ecologie-l-ecologie-tu-parles-la-voie-de-covoiturage-sur-le-peripherique-parisien-divise-les-automobilistes-20250204</link>
                                    <description>TÉMOIGNAGES - Une voie réservée au covoiturage entrera en vigueur le 3 mars sur le périphérique parisien. Les automobilistes interrogés par Le Figaro, affichent globalement leur mécontentement.</description>
                                <category>Automobile</category>
                <pubDate>Tue, 04 Feb 2025 20:22:38 +0100</pubDate>

                                                            <media:content url="https://i.f1g.fr/media/cms/3000x1996_crop/2025/02/04/4b3ccdf03c773999ba79d932bbeba6278a40f97b61b5f514ffa85d957edb9e7d.jpg" width="3000" height="1996">
                            <media:description type="plain">Le boulevard périphérique Porte d’Asnières. Photo d’illustration.</media:description>
                            <media:credit>ED JONES / AFP</media:credit>
                        </media:content>
                                                </item>
                    <item>
                <guid>https://www.lefigaro.fr/automobile/non-le-controle-technique-ne-va-pas-devenir-annuel-20250204</guid>
                <title>Non, le contrôle technique ne va pas devenir annuel</title>
                                <link>https://www.lefigaro.fr/automobile/non-le-controle-technique-ne-va-pas-devenir-annuel-20250204</link>
                                    <description>Une fausse information a circulé sur plusieurs sites et sur les réseaux sociaux, lundi.</description>
                                <category>Automobile</category>
                <pubDate>Tue, 04 Feb 2025 10:33:16 +0100</pubDate>

                                                            <media:content url="https://i.f1g.fr/media/cms/3000x2001_crop/2025/02/03/11f768a300b0c1628ea583663b4dc83ea407731ccedd29d0c7741232058f9efb.jpg" width="3000" height="2001">
                            <media:description type="plain">Aucun projet de loi n’est à l’étude, confirme le ministère des Transports. </media:description>
                            <media:credit>Léna Constantin / stock.adobe.com</media:credit>
                        </media:content>
                                                </item>
                    <item>
                <guid>https://www.lefigaro.fr/automobile/baptiste-nicolosi-sur-les-traces-familiales-20250204</guid>
                <title>Baptiste Nicolosi, sur les traces familiales</title>
                                <link>https://www.lefigaro.fr/automobile/baptiste-nicolosi-sur-les-traces-familiales-20250204</link>
                                    <description>Baptiste Nicolosi, le fils du fondateur de Rétromobile, organise avec l’étude Osenat, une vente d’objets automobiles le vendredi 7 février.</description>
                                <category>Automobile</category>
                <pubDate>Tue, 04 Feb 2025 11:38:03 +0100</pubDate>

                                                            <media:content url="https://i.f1g.fr/media/cms/2000x1231_crop/2025/02/03/d173c16bf0ce61607595038540bc63f0bdea887cad15f511a896429555daf528.jpg" width="2000" height="1231">
                            <media:description type="plain">Le jouet en tôle de l’Alfa Romeo P2 CIJ est l’un des nombreux lots de la vente. </media:description>
                            <media:credit>Baptiste Nicolosi</media:credit>
                        </media:content>
                                                </item>
                    <item>
                <guid>https://www.lefigaro.fr/automobile/si-vous-tombez-en-panne-sur-autoroute-gare-a-l-arnaque-des-depanneurs-pirates-20250203</guid>
                <title>Si vous tombez en panne sur autoroute, gare à l’arnaque des «dépanneurs pirates»</title>
                                <link>https://www.lefigaro.fr/automobile/si-vous-tombez-en-panne-sur-autoroute-gare-a-l-arnaque-des-depanneurs-pirates-20250203</link>
                                    <description>Sur les autoroutes et routes réglementées, des dépanneuses non-agréés gonflent la facture des automobilistes en panne ou accidentés, qui ne seront pas remboursés par leur assureur.</description>
                                <category>Automobile</category>
                <pubDate>Tue, 04 Feb 2025 11:00:53 +0100</pubDate>

                                                            <media:content url="https://i.f1g.fr/media/cms/3000x1687_crop/2025/02/03/88a7ca1800e40d1f67804fceb9337b4cc1389a49d8489158e499e038c55e8766.jpg" width="3000" height="1687">
                            <media:description type="plain">Les dépanneurs non-agréés, intervenant donc de manière illégale, encourent 135 euros d’amende. </media:description>
                            <media:credit>Driving South / stock.adobe.com</media:credit>
                        </media:content>
                                                </item>
                    <item>
                <guid>https://www.lefigaro.fr/automobile/retromobile-2025-pour-ne-rien-rater-20250203</guid>
                <title>Rétromobile 2025, pour ne rien rater</title>
                                <link>https://www.lefigaro.fr/automobile/retromobile-2025-pour-ne-rien-rater-20250203</link>
                                    <description>ACTUALITÉ Organisé du mardi 4 au dimanche 9 février à Paris, porte de Versailles, le plus prestigieux salon de la voiture de collection au monde rivalise d’animations.</description>
                                <category>Automobile</category>
                <pubDate>Mon, 03 Feb 2025 18:01:40 +0100</pubDate>

                                                            <media:content url="https://i.f1g.fr/media/cms/3000x2001_crop/2025/02/03/8b38524a623ff074ba5893bfc4deff15f86066d140b0e1409f3f14bedc608c80.jpg" width="3000" height="2001">
                            <media:description type="plain">Rétromobile, c’est plus de 550 exposants et plus de 1 000 véhicules présentés. </media:description>
                            <media:credit>Rétromobile</media:credit>
                        </media:content>
                                                </item>
                    <item>
                <guid>https://www.lefigaro.fr/automobile/matthieu-lamoure-les-collectionneurs-raffolent-des-belles-histoires-20250204</guid>
                <title>Matthieu Lamoure : « Les collectionneurs raffolent des belles histoires »</title>
                                <link>https://www.lefigaro.fr/automobile/matthieu-lamoure-les-collectionneurs-raffolent-des-belles-histoires-20250204</link>
                                    <description>Le directeur général du département Motorcars de l’étude française Artcurial appartient à la nouvelle génération des responsables de maisons d’enchères. Il est bien placé pour partager les évolutions du marché de la voiture de collection.</description>
                                <category>Automobile</category>
                <pubDate>Tue, 04 Feb 2025 09:29:20 +0100</pubDate>

                                                            <media:content url="https://i.f1g.fr/media/cms/1965x1105_crop/2025/02/03/b4c1458284f0b335705bbfc4a8b86f6f62b26ddf2f06f1ebfc10e1e48c9b2bc5.jpg" width="1965" height="1105">
                            <media:description type="plain">Mathieu Lamoure dirige le département Motorcars de la maison Artcurial depuis 2010.</media:description>
                            <media:credit>LOIC KERNEN</media:credit>
                        </media:content>
                                                </item>
                    <item>
                <guid>https://www.lefigaro.fr/automobile/automobile-la-semaine-de-toutes-les-surencheres-20250202</guid>
                <title>Automobiles de collection : la semaine qui vient sera celle de toutes les surenchères</title>
                                <link>https://www.lefigaro.fr/automobile/automobile-la-semaine-de-toutes-les-surencheres-20250202</link>
                                    <description>À raison d’une vente par jour, de mardi à dimanche prochain, à l’occasion du salon Rétromobile, les maisons d’enchères vont disperser à Paris pour plus de 150 millions d’euros de voitures de collection, selon les estimations basses.</description>
                                <category>Automobile</category>
                <pubDate>Sun, 02 Feb 2025 13:33:51 +0100</pubDate>

                                                            <media:content url="https://i.f1g.fr/media/cms/1822x1025_crop/2025/01/31/4feed5cc4168dcf0551d3657c34958b781672ddb82005cca6defb9562c8f334d.jpg" width="1822" height="1025">
                            <media:description type="plain">De gauche à droite : la Ferrari 250 LM, le coupé Bentley Continental S1 et le coupé Jaguar Type E série 1.</media:description>
                            <media:credit>RM Sotheby’s / Artcurial / Jean Charles Official</media:credit>
                        </media:content>
                                                </item>
                    <item>
                <guid>https://www.lefigaro.fr/automobile/tesla-comment-vont-fonctionner-les-robotaxis-bientot-deployes-au-texas-20250203</guid>
                <title>Tesla : comment vont fonctionner les robotaxis bientôt déployés au Texas ?</title>
                                <link>https://www.lefigaro.fr/automobile/tesla-comment-vont-fonctionner-les-robotaxis-bientot-deployes-au-texas-20250203</link>
                                    <description>Elon Musk a annoncé le lancement du service en juin à Austin avec des véhicules de test. A terme, les propriétaires de Tesla compatibles pourront mettre leur voiture personnelle à disposition et ainsi s’assurer une source de revenus.</description>
                                <category>Automobile</category>
                <pubDate>Mon, 03 Feb 2025 17:01:27 +0100</pubDate>

                                                            <media:content url="https://i.f1g.fr/media/cms/3000x2000_crop/2025/02/03/89c554a5f78befe4352f16bc4239c67e8356ae43be106faf914ed64456ee7198.jpg" width="3000" height="2000">
                            <media:description type="plain">«Il ne s’agit pas d’une situation lointaine et mythique. C’est littéralement dans cinq ou six mois», a déclaré Elon Musk le 29 janvier.  </media:description>
                            <media:credit>Dado Ruvic / REUTERS</media:credit>
                        </media:content>
                                                </item>
                    <item>
                <guid>https://www.lefigaro.fr/automobile/la-f1-mercedes-de-fangio-estimee-pres-de-50-millions-d-euros-20250122</guid>
                <title>Plus de 50 millions d’euros pour la F1 de Fangio</title>
                                <link>https://www.lefigaro.fr/automobile/la-f1-mercedes-de-fangio-estimee-pres-de-50-millions-d-euros-20250122</link>
                                    <description>ENCHÈRES - Nouveau record pour un monstre sacré de collection : la Flèche d’argent au volant de laquelle le champion argentin a remporté son grand prix national en 1955 a été adjugée 51,155 millions d’euros.</description>
                                <category>Automobile</category>
                <pubDate>Sat, 01 Feb 2025 17:59:14 +0100</pubDate>

                                                            <media:content url="https://i.f1g.fr/media/cms/3000x2001_crop/2025/01/22/50f97e439252053506bf24621491c0c3982acea61a8dce23a5609216fe80fbf4.jpg" width="3000" height="2001">
                            <media:description type="plain">La Mercedes W196 R est l’un des monstres sacrés de l’histoire de l’automobile. </media:description>
                            <media:credit>RM Sotheby&#039;s</media:credit>
                        </media:content>
                                                </item>
                    <item>
                <guid>https://www.lefigaro.fr/automobile/les-secrets-pour-reussir-un-creneau-a-tous-les-coups-meme-dans-les-cas-desesperes-20250131</guid>
                <title>Créneaux parfaits : la méthode efficace d’une monitrice d’auto-école</title>
                                <link>https://www.lefigaro.fr/automobile/les-secrets-pour-reussir-un-creneau-a-tous-les-coups-meme-dans-les-cas-desesperes-20250131</link>
                                    <description>Voici les conseils avisés d’une monitrice d’auto-école pour vous aider à devenir l’expert en matière de stationnement que vous rêvez d’être. Soufflez bien fort, il n’y a rien de compliqué !</description>
                                <category>Automobile</category>
                <pubDate>Fri, 31 Jan 2025 19:40:53 +0100</pubDate>

                                                            <media:content url="https://i.f1g.fr/media/cms/3000x2000_crop/2025/01/31/a8ba0b3be3ce9d126f4a374e92bb18763705a3ffdafeed8ab1226c838e592fb0.jpg" width="3000" height="2000">
                            <media:description type="plain">Attention à ne pas endommager son véhicule. La marge de manœuvre est parfois réduite.</media:description>
                            <media:credit>Jérôme SALORT - stock.adobe.com</media:credit>
                        </media:content>
                                                </item>
                    <item>
                <guid>https://www.lefigaro.fr/automobile/une-premiere-mondiale-sur-l-a10-une-voie-d-autoroute-qui-alimente-les-batteries-20250131</guid>
                <title>Une première mondiale sur l’A10 : une voie d’autoroute qui alimente les batteries</title>
                                <link>https://www.lefigaro.fr/automobile/une-premiere-mondiale-sur-l-a10-une-voie-d-autoroute-qui-alimente-les-batteries-20250131</link>
                                    <description>Vinci autoroutes met au point une expérimentation qui permettrait, à l’horizon 2035, aux camions électriques de se recharger sans même s’arrêter.</description>
                                <category>Automobile</category>
                <pubDate>Fri, 31 Jan 2025 18:11:59 +0100</pubDate>

                                                            <media:content url="https://i.f1g.fr/media/cms/3000x1687_crop/2025/01/31/9ccfcfed230f91a76ee83ec07b1ee6302c61caf9037e7fa55747a33f8c08a852.jpg" width="3000" height="1687">
                            <media:description type="plain">Sur l’autoroute A10. Photo d’illustration.</media:description>
                            <media:credit>Olivier Rateau / olrat - stock.adobe.com</media:credit>
                        </media:content>
                                                </item>
                    <item>
                <guid>https://www.lefigaro.fr/automobile/renault-filante-2025-sur-la-piste-des-records-20250131</guid>
                <title>Renault Filante 2025, sur la piste des records</title>
                                <link>https://www.lefigaro.fr/automobile/renault-filante-2025-sur-la-piste-des-records-20250131</link>
                                    <description>Au salon Rétromobile, la firme au losange fête le centenaire des records de sa 40 CV par un incroyable concept électrique appelé à chasser des records d’efficience.</description>
                                <category>Automobile</category>
                <pubDate>Fri, 31 Jan 2025 10:44:34 +0100</pubDate>

                                                            <media:content url="https://i.f1g.fr/media/cms/2519x1416_crop/2025/01/31/6a849b212672c337bbfdcac1d626f2bb5dd66334445973660d3e899ee8a90a03.jpg" width="2519" height="1416">
                            <media:description type="plain">La Renault Filante des records mesure 5,12 m de long. </media:description>
                            <media:credit>Renault </media:credit>
                        </media:content>
                                                </item>
                    <item>
                <guid>https://www.lefigaro.fr/automobile/chaines-contre-chaussettes-a-neige-le-match-des-equipements-d-hiver-pour-vos-pneus-20250131</guid>
                <title>Chaînes contre chaussettes à neige : le match des équipements d’hiver pour vos pneus</title>
                                <link>https://www.lefigaro.fr/automobile/chaines-contre-chaussettes-a-neige-le-match-des-equipements-d-hiver-pour-vos-pneus-20250131</link>
                                    <description>COMPARATIF - Quel appareillage est le plus efficace, le plus économique, le plus facile à installer ? Avant les départs en vacances vers les stations de ski, Le Figaro arbitre la partie.</description>
                                <category>Automobile</category>
                <pubDate>Fri, 31 Jan 2025 15:54:14 +0100</pubDate>

                                                            <media:content url="https://i.f1g.fr/media/cms/1920x1080_crop/2025/01/31/db643e68c16cd7cf289346f6a3e22ba0e7c98cedfbcb4606843566096c240ea7.jpg" width="1920" height="1080">
                            <media:description type="plain">Les chaînes neige ou les chaussettes : difficile de choisir entre ces deux équipements.</media:description>
                            <media:credit>Adobe Stock</media:credit>
                        </media:content>
                                                </item>
                    <item>
                <guid>https://www.lefigaro.fr/automobile/comment-faire-pour-que-l-adblue-n-endommage-pas-mon-moteur-diesel-20250130</guid>
                <title>«Comment faire pour que l’AdBlue n’endommage pas mon moteur diesel ?»</title>
                                <link>https://www.lefigaro.fr/automobile/comment-faire-pour-que-l-adblue-n-endommage-pas-mon-moteur-diesel-20250130</link>
                                    <description>LE COURRIER DES MOTEURS - Cette semaine, Alexis, propriétaire d’une Peugeot 308 dans le Tarn, se demande comment faire le plein d’AdBlue sans risquer de mauvaises surprises.</description>
                                <category>Automobile</category>
                <pubDate>Fri, 31 Jan 2025 12:39:53 +0100</pubDate>

                                                            <media:content url="https://i.f1g.fr/media/cms/3000x2003_crop/2025/01/30/d354ed78416588238ab926fe058dce3bacdd67ebeb49f11bff1619ca17c05ea7.jpg" width="3000" height="2003">
                            <media:description type="plain">L’AdBlue est un dispositif qui a conduit à des pannes sur de nombreux véhicules Diesel.</media:description>
                            <media:credit>Simona - stock.adobe.com</media:credit>
                        </media:content>
                                                </item>
            </channel>
</rss>
