<?xml version="1.0" encoding="UTF-8"?>
<rss version="2.0" xmlns:atom="http://www.w3.org/2005/Atom" xmlns:media="http://search.yahoo.com/mrss/">
    <channel>
        <atom:link href="https://www.lefigaro.fr/rss/figaro_sante.xml" rel="self" type="application/rss+xml"/>
        <category>Santé</category>
        <title>Le Figaro - Santé : Actualité scientifique et médicale, médecine, santé, écologie</title>
        <description>Santé : Retrouvez toute l&#039;actualité des sciences et de la médecine, santé, écologie et sciences humaines sur Le Figaro</description>
        <link>http://www.lefigaro.fr</link>
        <language>fr</language>
        <copyright>Droits de reproduction et de diffusion réservés LeFigaro.fr</copyright>
        <lastBuildDate>Mon, 10 Feb 2025 13:32:43 +0100</lastBuildDate>
        <docs>https://www.lefigaro.fr/rss</docs>
        <image>
            <title>Le Figaro - Santé : Actualité scientifique et médicale, médecine, santé, écologie</title>
            <url>https://static.lefigaro.fr/common/logos/logo-150x150.png</url>
            <link>http://www.lefigaro.fr</link>
            <description>Santé : Retrouvez toute l&#039;actualité des sciences et de la médecine, santé, écologie et sciences humaines sur Le Figaro</description>
        </image>

                    <item>
                <guid>https://sante.lefigaro.fr/psychologie/vider-la-maison-de-ses-parents-un-deuil-singulier-20250210</guid>
                <title>Vider la maison de ses parents, un deuil singulier</title>
                                <link>https://sante.lefigaro.fr/psychologie/vider-la-maison-de-ses-parents-un-deuil-singulier-20250210</link>
                                    <description>PSYCHOLOGIE - Un jour ou l’autre, nous devenons orphelins. Il nous incombe alors de choisir parmi les objets ayant appartenu à nos parents ce que nous allons garder, jeter ou donner. Cette plongée bouleversante dans leurs souvenirs et les nôtres ne se fait pas sans tiraillements.</description>
                                <category>Psychologie</category>
                <pubDate>Mon, 10 Feb 2025 08:00:00 +0100</pubDate>

                                                            <media:content url="https://i.f1g.fr/media/cms/2982x1677_crop/2025/02/07/d9bb4315890b03845d80e8109c8a0f7b8dea79ad30cd26d501342ab55e0e2f75.jpg" width="2982" height="1677">
                            <media:description type="plain">Difficile de se résoudre à jeter des objets imprégnés de souvenirs.</media:description>
                            <media:credit>kittyfly - stock.adobe.com</media:credit>
                        </media:content>
                                                </item>
                    <item>
                <guid>https://sante.lefigaro.fr/medecine/trouble-mental-moins-d-une-personne-sur-dix-recoit-un-traitement-adapte-20250210</guid>
                <title>Trouble mental : moins d’une personne sur dix reçoit un traitement adapté</title>
                                <link>https://sante.lefigaro.fr/medecine/trouble-mental-moins-d-une-personne-sur-dix-recoit-un-traitement-adapte-20250210</link>
                                    <description>Une étude menée dans 21 pays identifie de nombreux obstacles aux soins, pour éclairer les décisions de politique de santé publique.</description>
                                <category>Médecine</category>
                <pubDate>Mon, 10 Feb 2025 07:42:41 +0100</pubDate>

                                                            <media:content url="https://i.f1g.fr/media/cms/3000x2000_crop/2025/02/07/ad842863356670bf37b90abc7159693120f9a11b38c87265eaf0735d17a47f8c.jpg" width="3000" height="2000">
                            <media:description type="plain">Le premier est la difficulté des personnes concernées à reconnaître qu’elles ont besoin d’un traitement.</media:description>
                            <media:credit>Shisu_ka - stock.adobe.com</media:credit>
                        </media:content>
                                                </item>
                    <item>
                <guid>https://sante.lefigaro.fr/social/sante-publique/faut-il-faire-un-bilan-cardiaque-a-partir-de-50-ans-20250209</guid>
                <title>Faut-il faire un bilan cardiaque à partir de 50 ans ?</title>
                                <link>https://sante.lefigaro.fr/social/sante-publique/faut-il-faire-un-bilan-cardiaque-a-partir-de-50-ans-20250209</link>
                                    <description>NOS CONSEILS SANTÉ - C’est a priori plutôt intuitif : faire contrôler l’état de son cœur à partir d’un certain âge ne peut être que bénéfique, même si l’on est en bonne santé par ailleurs. Les spécialistes que nous avons interrogés sont plus nuancés.</description>
                                <category>Santé publique</category>
                <pubDate>Sun, 09 Feb 2025 07:30:00 +0100</pubDate>

                                                            <media:content url="https://i.f1g.fr/media/cms/3000x2000_crop/2025/02/06/7840ee9970bb686b20abd42a3099f5c14a027d61d1f9cb7e2cb39384e1de595b.jpg" width="3000" height="2000">
                            <media:description type="plain">Contrairement à la mammographie et au dépistage du cancer colorectal, qui doivent être réalisés tous les deux ans à partir de 50 ans, il n’existe pas de recommandation concernant les bilans cardiaques.</media:description>
                            <media:credit>littlewolf1989 - stock.adobe.com</media:credit>
                        </media:content>
                                                </item>
                    <item>
                <guid>https://sante.lefigaro.fr/mieux-etre/sexualite/les-jeux-de-role-une-bonne-idee-pour-pimenter-sa-sexualite-20250208</guid>
                <title>Les jeux de rôle, une bonne idée pour pimenter sa sexualité !</title>
                                <link>https://sante.lefigaro.fr/mieux-etre/sexualite/les-jeux-de-role-une-bonne-idee-pour-pimenter-sa-sexualite-20250208</link>
                                    <description>SEXOLOGIE - La geôlière, le strip-teaseur, l’exhibitionniste, le gigolo ou la princesse endormie... On peut tout être dans l’intimité du couple, pour peu que les deux partenaires soient d’accord. Et cela fait du bien parfois très au-delà de la sexualité...</description>
                                <category>Sexualité</category>
                <pubDate>Sat, 08 Feb 2025 19:30:00 +0100</pubDate>

                                                            <media:content url="https://i.f1g.fr/media/cms/1920x1080_crop/2025/02/07/f83ac51716b68575eaabd8ae5386d4903b9f5c7608db2f096d4a894589aef372.jpg" width="1920" height="1080">
                            <media:description type="plain">De très nombreux thèmes peuvent être explorés dans les jeux de rôle, à condition qu’ils soient à l’intersection des deux imaginaires des partenaires.</media:description>
                            <media:credit>Bridgeman Images / Charlotte Paroïelle</media:credit>
                        </media:content>
                                                </item>
                    <item>
                <guid>https://sante.lefigaro.fr/medecine/le-nouvel-antidouleur-qui-veut-detroner-les-opioides-20250208</guid>
                <title>Le nouvel antidouleur qui veut détrôner les opioïdes</title>
                                <link>https://sante.lefigaro.fr/medecine/le-nouvel-antidouleur-qui-veut-detroner-les-opioides-20250208</link>
                                    <description>DÉCRYPTAGE - L’agence du médicament américaine vient d’autoriser le Journavx. Son principe actif, la suzetrigine, cible un tout nouveau mécanisme de la douleur et n’entraîne a priori pas de risques d’addiction.</description>
                                <category>Médecine</category>
                <pubDate>Sun, 09 Feb 2025 12:46:48 +0100</pubDate>

                                                            <media:content url="https://i.f1g.fr/media/cms/1920x1080_crop/2025/02/07/b33d095d1010f2a59c51c6c5aa40e14b23ab5af0bef0bb82bea10119861defb0.jpg" width="1920" height="1080">
                            <media:description type="plain">La molécule développée par le laboratoire Vertex Pharmaceuticals va prendre place dans les pharmacies américaines sous le nom commercial Journavx.</media:description>
                            <media:credit>Illustration Emma Segall / Photos Adobe stock et Vertex Pharmaceuticals</media:credit>
                        </media:content>
                                                </item>
                    <item>
                <guid>https://sante.lefigaro.fr/reprendre-le-ski-apres-10-ans-pourquoi-le-corps-n-oublie-pas-20250208</guid>
                <title>Reprendre le ski après 10 ans: pourquoi le corps n’oublie pas ?</title>
                                <link>https://sante.lefigaro.fr/reprendre-le-ski-apres-10-ans-pourquoi-le-corps-n-oublie-pas-20250208</link>
                                    <description>DÉCRYPTAGE - Déborah Nourrit, enseignante-chercheuse à l’Université de Montpellier, explique au Figaro les parties du corps qui sont à l’œuvre et les secrets de cet apprentissage dont on se souvient «pour la vie».</description>
                                <category>Actualité Santé</category>
                <pubDate>Sat, 08 Feb 2025 15:00:00 +0100</pubDate>

                                                            <media:content url="https://i.f1g.fr/media/cms/3000x1993_crop/2025/02/05/6b8cf6fb3307c8f7ce09d100111099b8739da886ac575c02335430a8e710be92.jpg" width="3000" height="1993">
                            <media:description type="plain">Une étude publiée en 2013 a montré qu’en ne pratiquant pas pendant 10 ans, on pouvait tout de même remonter sur des skis, car les gestes reviennent automatiquement.</media:description>
                            <media:credit>Delphotostock / stock.adobe.com</media:credit>
                        </media:content>
                                                </item>
                    <item>
                <guid>https://sante.lefigaro.fr/medecine/les-tabous-de-la-sante-quand-l-herpes-se-cache-sous-un-pudique-bouton-de-fievre-20250208</guid>
                <title>Les tabous de la santé : quand l’herpès se cache sous un pudique « bouton de fièvre »</title>
                                <link>https://sante.lefigaro.fr/medecine/les-tabous-de-la-sante-quand-l-herpes-se-cache-sous-un-pudique-bouton-de-fievre-20250208</link>
                                    <description>Mauvaises odeurs, douleurs mal placées, gênes intimes... Petits ou gros, certains de nos maux peinent à se dire au médecin. Pourtant, ils peuvent être soulagés, ou mériter de plus amples explorations.</description>
                                <category>Médecine</category>
                <pubDate>Sat, 08 Feb 2025 07:30:00 +0100</pubDate>

                                                            <media:content url="https://i.f1g.fr/media/cms/1920x1080_crop/2025/02/07/4ab3380c930419821e0dca1a866e6e878259aad6904a77b3fe3ea718abe8c282.jpg" width="1920" height="1080">
                            <media:description type="plain">D’après l’OMS, deux tiers des personnes de moins de 50 ans dans le monde sont infectées par le HSV-1, le virus de l’herpès simplex de type 1 responsable de ces boutons de fièvre </media:description>
                            <media:credit>Bridgeman Images / Charlotte Paroïelle</media:credit>
                        </media:content>
                                                </item>
                    <item>
                <guid>https://sante.lefigaro.fr/medecine/vitamine-d-chez-l-enfant-pourquoi-il-faut-eviter-les-complements-alimentaires-20250207</guid>
                <title>Vitamine D chez l’enfant : pourquoi il faut éviter les compléments alimentaires</title>
                                <link>https://sante.lefigaro.fr/medecine/vitamine-d-chez-l-enfant-pourquoi-il-faut-eviter-les-complements-alimentaires-20250207</link>
                                    <description>Les pédiatres mettent en garde contre l’administration de vitamine D sous forme de compléments alimentaires, qui peuvent aboutir à des surdosages.</description>
                                <category>Médecine</category>
                <pubDate>Fri, 07 Feb 2025 11:50:20 +0100</pubDate>

                                                            <media:content url="https://i.f1g.fr/media/cms/2990x1681_crop/2025/02/07/ef0645e538259f30b490c6c2755b90b2facb3be5b71b52258b0e8135a553b2e7.jpg" width="2990" height="1681">
                            <media:description type="plain">Moins bien contrôlés que les produits pharmaceutiques, les compléments alimentaires n’ont pas toujours une concentration en vitamine D conforme à ce qui est indiqué sur les conditionnements.</media:description>
                            <media:credit>shine.graphics - stock.adobe.com</media:credit>
                        </media:content>
                                                </item>
                    <item>
                <guid>https://sante.lefigaro.fr/medecine/les-meres-de-jumeaux-ont-plus-de-risques-cardio-vasculaires-dans-l-annee-suivant-la-naissance-20250207</guid>
                <title>Les mères de jumeaux ont plus de risques cardio-vasculaires dans l’année suivant la naissance</title>
                                <link>https://sante.lefigaro.fr/medecine/les-meres-de-jumeaux-ont-plus-de-risques-cardio-vasculaires-dans-l-annee-suivant-la-naissance-20250207</link>
                                    <description>De plus en plus fréquentes avec l’avancée de l’âge maternel et le recours aux PMA, les grossesses gémellaires exposent à un surrisque d’hospitalisation pour maladies cardiovasculaires, jusqu’à un an post-partum.</description>
                                <category>Médecine</category>
                <pubDate>Fri, 07 Feb 2025 08:00:00 +0100</pubDate>

                                                            <media:content url="https://i.f1g.fr/media/cms/2716x1528_crop/2025/02/06/9787b53d32bdd7ca43809074707f768f4fb4939f5d698c089966b5e24fcc675f.jpg" width="2716" height="1528">
                            <media:description type="plain">L’âge maternel avancé, et/ou un recours plus accru aux traitements de fertilité (assistance médicale à la procréation) sont deux facteurs de risques de grossesses gémellaires.</media:description>
                            <media:credit>Barbara Helgason / stock.adobe.com</media:credit>
                        </media:content>
                                                </item>
                    <item>
                <guid>https://sante.lefigaro.fr/social/enfance-famille/les-terreurs-nocturnes-ces-cauchemars-pas-comme-les-autres-qui-desemparent-les-parents-20250206</guid>
                <title>Les terreurs nocturnes, ces cauchemars pas comme les autres qui désemparent les parents</title>
                                <link>https://sante.lefigaro.fr/social/enfance-famille/les-terreurs-nocturnes-ces-cauchemars-pas-comme-les-autres-qui-desemparent-les-parents-20250206</link>
                                    <description>Ces épisodes de cris et de pleurs inexpliqués en première partie de nuit touchent environ 15 % des enfants. Faut-il s’en inquiéter ? Réponse avec deux spécialistes.</description>
                                <category>Famille</category>
                <pubDate>Thu, 06 Feb 2025 19:27:54 +0100</pubDate>

                                                            <media:content url="https://i.f1g.fr/media/cms/3000x2001_crop/2025/02/04/d0d322c95fc20b42cbc9b973259ccacf9636dc3b78ac6f704fa65280f90c6e8e.jpg" width="3000" height="2001">
                            <media:description type="plain">Même si l’enfant a l’air réveillé, il dort en réalité profondément. </media:description>
                            <media:credit>pressmaster - stock.adobe.com</media:credit>
                        </media:content>
                                                </item>
                    <item>
                <guid>https://sante.lefigaro.fr/medecine/comment-ne-pas-passer-a-cote-des-premiers-signes-d-une-meningite-cette-infection-grave-qui-represente-une-urgence-vitale-20250205</guid>
                <title>Comment ne pas passer à côté des premiers signes d’une méningite, cette infection grave qui représente une urgence vitale ?</title>
                                <link>https://sante.lefigaro.fr/medecine/comment-ne-pas-passer-a-cote-des-premiers-signes-d-une-meningite-cette-infection-grave-qui-represente-une-urgence-vitale-20250205</link>
                                    <description>NOS CONSEILS SANTÉ - Une jeune femme de 18 ans est décédée des suites d’une méningite à méningocoque à Rennes cette semaine. Ces infections représentent une urgence médicale absolue.</description>
                                <category>Médecine</category>
                <pubDate>Wed, 05 Feb 2025 22:17:13 +0100</pubDate>

                                                            <media:content url="https://i.f1g.fr/media/cms/3000x1688_crop/2025/02/05/84b02096b809e82d29bc525a7e88e295068d78d07342928390e63d7091d5823e.jpg" width="3000" height="1688">
                            <media:description type="plain">En France, les infections invasives à méningocoques touchent entre 500 et 600 personnes par an. </media:description>
                            <media:credit>nobeastsofierce - stock.adobe.com</media:credit>
                        </media:content>
                                                </item>
                    <item>
                <guid>https://sante.lefigaro.fr/social/sante-publique/les-donnees-synthetiques-des-deepfakes-ethiques-pour-doper-la-recherche-et-l-economie-20250205</guid>
                <title>Les données synthétiques, des « deepfakes » éthiques pour doper la recherche et l’économie ?</title>
                                <link>https://sante.lefigaro.fr/social/sante-publique/les-donnees-synthetiques-des-deepfakes-ethiques-pour-doper-la-recherche-et-l-economie-20250205</link>
                                    <description>AVIS D’EXPERTS - « Falsifier » des données grâce à l’intelligence artificielle peut aussi être une solution d’avenir pour faciliter leur partage et leur utilisation à des fins de recherche.</description>
                                <category>Santé publique</category>
                <pubDate>Wed, 05 Feb 2025 09:52:25 +0100</pubDate>

                                                            <media:content url="https://i.f1g.fr/media/cms/2666x1500_crop/2025/02/03/8a38aa200e4b8486dcb2a86be2fc5f9520a7df203a685c68b723a7e894680c98.jpg" width="2666" height="1500">
                            <media:description type="plain">Les données synthétiques sont des données hyperréalistes, mais créées artificiellement à partir d’un jeu de données réelles.</media:description>
                            <media:credit>ImageFlow - stock.adobe.com</media:credit>
                        </media:content>
                                                </item>
                    <item>
                <guid>https://sante.lefigaro.fr/medecine/contre-parkinson-cette-prouesse-de-chercheurs-francais-qui-injectent-de-la-dopamine-directement-dans-le-cerveau-20250204</guid>
                <title>Contre Parkinson, cette prouesse de chercheurs français qui injectent de la dopamine directement dans le cerveau</title>
                                <link>https://sante.lefigaro.fr/medecine/contre-parkinson-cette-prouesse-de-chercheurs-francais-qui-injectent-de-la-dopamine-directement-dans-le-cerveau-20250204</link>
                                    <description>DÉCRYPTAGE - Des chercheurs lillois ont mis au point une technologie permettant de fournir au cerveau des patients la molécule qui leur fait défaut. Avec de bons résultats préliminaires, et de moindres effets secondaires.</description>
                                <category>Médecine</category>
                <pubDate>Tue, 04 Feb 2025 19:41:19 +0100</pubDate>

                                                            <media:content url="https://i.f1g.fr/media/cms/1910x1074_crop/2025/02/04/4b82480c11f82c4747d048390f7ae44192b871620354e3f6b5a309e2e89c7bcf.jpg" width="1910" height="1074">
                            <media:description type="plain">Les chercheurs montrent leur dispositif : à gauche, une pompe implantée au niveau du ventre, dans laquelle est stockée la A-dopamine progressivement injectée au sein d’une zone précise du cerveau via un fin tuyau.</media:description>
                            <media:credit>InBrain Pharma</media:credit>
                        </media:content>
                                                </item>
                    <item>
                <guid>https://sante.lefigaro.fr/social/sante-publique/faut-il-abaisser-l-age-de-depistage-du-cancer-du-sein-avant-50-ans-20250204</guid>
                <title>Faut-il abaisser l’âge de dépistage du cancer du sein avant 50 ans ?</title>
                                <link>https://sante.lefigaro.fr/social/sante-publique/faut-il-abaisser-l-age-de-depistage-du-cancer-du-sein-avant-50-ans-20250204</link>
                                    <description>La Haute autorité de santé a été saisie sur cette question par le ministère de la santé. Le Figaro fait le point sur les avantages et les inconvénients d’avancer l’âge du dépistage organisé du cancer du sein.</description>
                                <category>Santé publique</category>
                <pubDate>Tue, 04 Feb 2025 12:46:32 +0100</pubDate>

                                                            <media:content url="https://i.f1g.fr/media/cms/3000x1687_crop/2025/02/03/1ea622cd963d122718fbe24cef9125f48fe6f9d8337c5ed125fb7ffc0a1bb915.jpg" width="3000" height="1687">
                            <media:description type="plain">En France en 2023, sur les 61 000 cancers du sein diagnostiqués, 8640 (soit 14 %) concernaient des femmes âgées de 40 à 50 ans.</media:description>
                            <media:credit>LStockStudio - stock.adobe.com</media:credit>
                        </media:content>
                                                </item>
                    <item>
                <guid>https://sante.lefigaro.fr/social/sante-publique/depistages-organises-des-cancers-la-france-a-encore-des-progres-a-faire-20250204</guid>
                <title>Dépistages des cancers : la France a encore des progrès à faire</title>
                                <link>https://sante.lefigaro.fr/social/sante-publique/depistages-organises-des-cancers-la-france-a-encore-des-progres-a-faire-20250204</link>
                                    <description>Cancer du sein, colorectal et du col de l’utérus font l’objet de programmes de dépistage national organisé. Mais des difficultés d’accès ou d’orientation freinent la participation des Français, pointe Santé publique France dans un état des lieux inédit.</description>
                                <category>Santé publique</category>
                <pubDate>Tue, 04 Feb 2025 10:40:40 +0100</pubDate>

                                                            <media:content url="https://i.f1g.fr/media/cms/3000x2021_crop/2025/02/03/16fa244c7d6012085cf71cabdf8595bddb92c3dd2e369324cd116160d542e24a.jpg" width="3000" height="2021">
                            <media:description type="plain">Parmi les solutions proposées pour augmenter le taux de couverture du dépistage du cancer du col de l’utérus, un kit d’autoprélévement a été développé, et validé en 2022 par l’Institut national du cancer (Inca) et la Haute Autorité de Santé (HAS).</media:description>
                            <media:credit>PHOTOPQR/L&#039;INDEPENDANT/MAXPPP</media:credit>
                        </media:content>
                                                </item>
                    <item>
                <guid>https://sante.lefigaro.fr/medecine/cancer-la-radiotherapie-flash-d-immenses-promesses-mais-tout-autant-de-defis-20250203</guid>
                <title>La radiothérapie flash, un nouvel espoir contre le cancer</title>
                                <link>https://sante.lefigaro.fr/medecine/cancer-la-radiotherapie-flash-d-immenses-promesses-mais-tout-autant-de-defis-20250203</link>
                                    <description>Avec des irradiations très puissantes mais d’une durée extrêmement courte, cette technologie permettrait de traiter des tumeurs profondes de mauvais pronostic. L’Institut Curie, qui vient de lancer le projet Frathea, espère développer en quatre ans une machine à très haute énergie.</description>
                                <category>Médecine</category>
                <pubDate>Sun, 09 Feb 2025 21:25:06 +0100</pubDate>

                                                            <media:content url="https://i.f1g.fr/media/cms/2994x1684_crop/2025/02/03/03db52ac7bf1ebb34eb03f041c1756546a58fcf2375d838d8a82236677078bc4.jpg" width="2994" height="1684">
                            <media:description type="plain">La radiothérapie Flash avec des électrons à très haute énergie permettrait de traiter des cancers de mauvais pronostics et difficilement accessibles, comme les cancers du cerveau (photo d’illustration).</media:description>
                            <media:credit>Mark Kostich - stock.adobe.com</media:credit>
                        </media:content>
                                                </item>
                    <item>
                <guid>https://sante.lefigaro.fr/psychologie/pourquoi-etre-l-enfant-prefere-n-est-pas-une-sinecure-20250203</guid>
                <title>Pourquoi être l’enfant préféré n’est pas une sinécure</title>
                                <link>https://sante.lefigaro.fr/psychologie/pourquoi-etre-l-enfant-prefere-n-est-pas-une-sinecure-20250203</link>
                                    <description>PSYCHOLOGIE - La relation que l’on noue avec chacun de ses enfants est toujours singulière. Mais les parents doivent veiller à respecter l’équité... Et la fratrie se garder d’en vouloir durablement au chouchou.</description>
                                <category>Psychologie</category>
                <pubDate>Mon, 03 Feb 2025 07:00:00 +0100</pubDate>

                                                            <media:content url="https://i.f1g.fr/media/cms/2500x1406_crop/2025/01/31/6967414df5cf122a6e6a58105b881145e598f7018e3374ddffc4359e19db7ca5.jpg" width="2500" height="1406">
                            <media:description type="plain">La culture, l’histoire familiale, le caractère des enfants et de leurs parents... De très nombreux paramètres expliquent pourquoi tel enfant devient le chouchou.</media:description>
                            <media:credit>EvgeniyAndreev / EvgeniiAnd - stock.adobe.com</media:credit>
                        </media:content>
                                                </item>
                    <item>
                <guid>https://sante.lefigaro.fr/mieux-etre/sexualite/faciliter-l-orgasme-feminin-avec-des-exercices-mentaux-20250201</guid>
                <title>Faciliter l’orgasme féminin avec des exercices mentaux</title>
                                <link>https://sante.lefigaro.fr/mieux-etre/sexualite/faciliter-l-orgasme-feminin-avec-des-exercices-mentaux-20250201</link>
                                    <description>SEXOLOGIE - Le secret de l’épanouissement sexuel pourrait se cacher dans la capacité à percevoir ses sensations internes. « Le Figaro » vous dévoile comment améliorer cette « conscience intéroceptive ».</description>
                                <category>Sexualité</category>
                <pubDate>Sat, 01 Feb 2025 20:00:00 +0100</pubDate>

                                                            <media:content url="https://i.f1g.fr/media/cms/1915x1077_crop/2025/01/30/3452fd6dab8fa534ab6e8159139b2c1482a5865c5c0c1cac1c767219a58dd209.jpg" width="1915" height="1077">
                            <media:description type="plain">Selon une étude récente, la capacité de conscience intéroceptive serait associée à des orgasmes en couple plus fréquents. </media:description>
                            <media:credit>Bridgeman Images / Charlotte Paroïelle</media:credit>
                        </media:content>
                                                </item>
                    <item>
                <guid>https://sante.lefigaro.fr/medecine/les-tabous-de-la-sante-la-constipation-quand-le-bien-etre-est-en-transit-20250201</guid>
                <title>Les tabous de la santé : la constipation, quand le bien-être est en transit</title>
                                <link>https://sante.lefigaro.fr/medecine/les-tabous-de-la-sante-la-constipation-quand-le-bien-etre-est-en-transit-20250201</link>
                                    <description>Mauvaises odeurs, douleurs mal placées, gênes intimes... Petits ou gros, certains de nos maux peinent à se dire au médecin. Pourtant, ils peuvent être soulagés, ou mériter de plus amples explorations.</description>
                                <category>Médecine</category>
                <pubDate>Sat, 01 Feb 2025 13:00:00 +0100</pubDate>

                                                            <media:content url="https://i.f1g.fr/media/cms/1918x1079_crop/2025/01/09/5e2465bf700368be042968d6efd9399e5bbb39ccada0c702380544612d4e29d3.jpg" width="1918" height="1079">
                            <media:description type="plain">La constipation (selles trop rares, ou présentes mais difficiles à évacuer) concernerait 10 à 15% des adultes, et même 30% après 60 ans.</media:description>
                            <media:credit>Bridgeman Images / Charlotte Paroïelle</media:credit>
                        </media:content>
                                                </item>
                    <item>
                <guid>https://sante.lefigaro.fr/social/sante-publique/la-taxe-sur-les-sodas-efficace-mais-pas-suffisante-pour-faire-maigrir-les-jeunes-20250131</guid>
                <title>La taxe sur les sodas, efficace mais pas suffisante pour faire maigrir les jeunes</title>
                                <link>https://sante.lefigaro.fr/social/sante-publique/la-taxe-sur-les-sodas-efficace-mais-pas-suffisante-pour-faire-maigrir-les-jeunes-20250131</link>
                                    <description>Cette mesure de santé publique a été évaluée pour la première fois en Californie, où les taux de surpoids et d’obésité sont très élevés.</description>
                                <category>Santé publique</category>
                <pubDate>Fri, 31 Jan 2025 17:40:13 +0100</pubDate>

                                                            <media:content url="https://i.f1g.fr/media/cms/2998x1686_crop/2025/01/31/754f212c475139dbd7f7fe709245d4882757fde05fb86b30568bd37ee0f20e23.jpg" width="2998" height="1686">
                            <media:description type="plain">L’OMS encourage les États à généraliser les taxes sur les boissons contenant des sucres ajoutés.</media:description>
                            <media:credit>nevodka.com - stock.adobe.com</media:credit>
                        </media:content>
                                                </item>
            </channel>
</rss>
