<?xml version="1.0" encoding="UTF-8"?>
<rss version="2.0" xmlns:atom="http://www.w3.org/2005/Atom" xmlns:media="http://search.yahoo.com/mrss/">
    <channel>
        <atom:link href="https://www.lefigaro.fr/rss/figaro_golf.xml" rel="self" type="application/rss+xml"/>
        <category>Golf</category>
        <title>Le Figaro - Golf : Actualité du golf et résultats en direct</title>
        <description>Golf : Retrouvez toute lactualité du golf et résultats des tournois avec Le Figaro</description>
        <link>https://golf.lefigaro.fr/</link>
        <language>fr</language>
        <copyright>Droits de reproduction et de diffusion réservés LeFigaro.fr</copyright>
        <lastBuildDate>Mon, 10 Feb 2025 13:33:24 +0100</lastBuildDate>
        <docs>https://www.lefigaro.fr/rss</docs>
        <image>
            <title>Le Figaro - Golf : Actualité du golf et résultats en direct</title>
            <url>https://static.lefigaro.fr/common/logos/logo-150x150.png</url>
            <link>https://golf.lefigaro.fr/</link>
            <description>Golf : Retrouvez toute lactualité du golf et résultats des tournois avec Le Figaro</description>
        </image>

                    <item>
                <guid>https://golf.lefigaro.fr/actualite/monde/golf-l-open-d-australie-abandonne-le-format-mixte-apres-le-tolle-general-20250210</guid>
                <title>Golf - L’Open d’Australie abandonne le format mixte après un tollé général</title>
                                <link>https://golf.lefigaro.fr/actualite/monde/golf-l-open-d-australie-abandonne-le-format-mixte-apres-le-tolle-general-20250210</link>
                                    <description>Suite aux reproches de Cameron Smith et d’Hannah Green, entre autres, Golf Australia a annoncé le retour à deux événements autonomes, masculin et féminin.</description>
                                <category>Monde</category>
                <pubDate>Mon, 10 Feb 2025 11:17:19 +0100</pubDate>

                                                            <media:content url="https://i.f1g.fr/media/cms/1920x1080_crop/2025/02/10/5c728d1aaff01c4f1de5affdd2e623acfc57d570cabdda01aa1b11bea66c1816.jpg" width="1920" height="1080">
                            <media:description type="plain">Cameron Smith et Hannah Green</media:description>
                            <media:credit>Titleist / LPGA</media:credit>
                        </media:content>
                                                </item>
                    <item>
                <guid>https://golf.lefigaro.fr/actualite/monde/liv-adrian-meronk-brille-en-ouverture-de-la-saison-20250210</guid>
                <title>LIV : Adrian Meronk brille en ouverture de la saison</title>
                                <link>https://golf.lefigaro.fr/actualite/monde/liv-adrian-meronk-brille-en-ouverture-de-la-saison-20250210</link>
                                    <description>Le Polonais a remporté le premier tournoi de l’année 2025 à Ryad de la Ligue professionnelle dissidente.</description>
                                <category>Monde</category>
                <pubDate>Mon, 10 Feb 2025 10:33:42 +0100</pubDate>

                                                            <media:content url="https://i.f1g.fr/media/cms/3000x1913_crop/2025/02/10/1ecec39ebea3f8b2d09d524b455015504acbd3390b59b7ecbda724855362b05c.jpg" width="3000" height="1913">
                            <media:description type="plain">Adrian Meronk</media:description>
                            <media:credit>Hamad I Mohammed / REUTERS</media:credit>
                        </media:content>
                                                </item>
                    <item>
                <guid>https://golf.lefigaro.fr/flash-golf/golf-tiger-woods-va-faire-son-retour-a-la-competition-la-semaine-prochaine-20250207</guid>
                <title>Golf : Tiger Woods va faire son retour à la compétition la semaine prochaine</title>
                                <link>https://golf.lefigaro.fr/flash-golf/golf-tiger-woods-va-faire-son-retour-a-la-competition-la-semaine-prochaine-20250207</link>
                                    <description>Tiger Woods participera la semaine prochaine à son premier tournoi professionnel depuis sept mois lors du Genesis Invitational, qui compte pour le circuit PGA, qui aura lieu à Torrey Pines au nord de San Diego en raison des incendies à Los Angeles.</description>
                                <category>Flash Golf</category>
                <pubDate>Fri, 07 Feb 2025 22:01:22 +0100</pubDate>

                                                            <media:content url="https://i.f1g.fr/media/cms/3000x2118_crop/2025/02/07/862751c4d7b431b9c5937957a959a930f019bc5077d83ec6cca0fb00540610ee.jpg" width="3000" height="2118">
                            <media:description type="plain">Tiger Woods va faire son retour la semaine prochaine. </media:description>
                            <media:credit>Jason Parkhurst / REUTERS</media:credit>
                        </media:content>
                                                </item>
                    <item>
                <guid>https://golf.lefigaro.fr/actualite/tours-americains/le-pga-tour-demande-au-president-trump-une-mediation-avec-les-saoudiens-pour-la-fusion-des-deux-circuit-20250207</guid>
                <title>Golf : le PGA Tour demande au président Trump une médiation pour la fusion des deux circuits</title>
                                <link>https://golf.lefigaro.fr/actualite/tours-americains/le-pga-tour-demande-au-president-trump-une-mediation-avec-les-saoudiens-pour-la-fusion-des-deux-circuit-20250207</link>
                                    <description>Le circuit professionnel américain sollicite de l’aide pour négocier un accord avec le fonds d’investissement public d’Arabie saoudite qui pourrait déboucher sur l’alliance attendue entre les parties.</description>
                                <category>Tour américain</category>
                <pubDate>Mon, 10 Feb 2025 10:13:07 +0100</pubDate>

                                                            <media:content url="https://i.f1g.fr/media/cms/3000x1687_crop/2025/02/10/ec85cd6246fef9fd182315b9a340ad6f11032a030d1a7eca38b3ed236190e951.jpg" width="3000" height="1687">
                            <media:description type="plain">Tiger Woods et Donald Trump </media:description>
                            <media:credit>BRENDAN SMIALOWSKI / AFP</media:credit>
                        </media:content>
                                                </item>
                    <item>
                <guid>https://golf.lefigaro.fr/actualite/monde/golf-la-qutrieme-saison-du-liv-a-demarre-ce-jeudi-a-ryad-20250206</guid>
                <title>Golf: la quatrième saison du LIV a démarré ce jeudi à Ryad</title>
                                <link>https://golf.lefigaro.fr/actualite/monde/golf-la-qutrieme-saison-du-liv-a-demarre-ce-jeudi-a-ryad-20250206</link>
                                    <description>Un nouveau patron mais toujours pas de fusion avec les concurrents du PGA: le circuit LIV de golf entame jeudi à Ryad sa 4e saison, le rapprochement avec le circuit phare du golf mondial annoncé en juin 2023 ne s’étant toujours pas concrétisé.</description>
                                <category>Monde</category>
                <pubDate>Thu, 06 Feb 2025 17:31:26 +0100</pubDate>

                                                            <media:content url="https://i.f1g.fr/media/cms/3000x2144_crop/2025/02/06/134ef13dbc26b756935dc382fef01e1368b5a8f88877d80736ca8f1a9a18d1db.jpg" width="3000" height="2144">
                            <media:description type="plain">Bryson DeChambeau, l’une des grandes stars du circuit dissident.</media:description>
                            <media:credit>DAVID CANNON / Getty Images via AFP</media:credit>
                        </media:content>
                                                </item>
                    <item>
                <guid>https://golf.lefigaro.fr/actualite/tours-americains/pga-tour-rory-mcilroy-en-feu-signe-un-66-pour-s-adjuger-l-at-t-a-pebble-beach-20250203</guid>
                <title>PGA Tour : Rory McIlroy en feu s’adjuge l’AT&amp;T à Pebble Beach</title>
                                <link>https://golf.lefigaro.fr/actualite/tours-americains/pga-tour-rory-mcilroy-en-feu-signe-un-66-pour-s-adjuger-l-at-t-a-pebble-beach-20250203</link>
                                    <description>Le Nord Irlandais a survolé la concurrence pour remporter le AT&amp;amp;T Pebble Beach Pro-Am avec un score de -21. Il signe sa 27e victoire sur le PGA Tour. Matthieu Pavon termine 73e .</description>
                                <category>Tour américain</category>
                <pubDate>Mon, 03 Feb 2025 10:40:20 +0100</pubDate>

                                                            <media:content url="https://i.f1g.fr/media/cms/3000x2085_crop/2025/02/03/446c1aefd82902f5cf2421bc684066d620fe28fe718d3ee55a0608b42c4f641c.jpg" width="3000" height="2085">
                            <media:description type="plain">Rory McIlroy</media:description>
                            <media:credit>Kyle Terada / REUTERS</media:credit>
                        </media:content>
                                                </item>
                    <item>
                <guid>https://golf.lefigaro.fr/golf-rory-mcilroy-annonce-qu-il-participera-a-moins-de-tournois-cette-annee-20250129</guid>
                <title>Golf : Rory McIlroy annonce qu’il participera à moins de tournois cette année</title>
                                <link>https://golf.lefigaro.fr/golf-rory-mcilroy-annonce-qu-il-participera-a-moins-de-tournois-cette-annee-20250129</link>
                                    <description>Le golfeur Rory McIlroy va réduire son nombre de tournois cette année. Le Nord-Irlandais aura pour principaux objectifs le British Open et la Ryder Cup.</description>
                                <category>Actu Golf</category>
                <pubDate>Wed, 29 Jan 2025 09:37:44 +0100</pubDate>

                                                            <media:content url="https://i.f1g.fr/media/cms/1866x1223_crop/2025/01/29/7583556cee138db5987a1700f52e7f7c3700cc541c00824be1ad8700e5b1160a.jpg" width="1866" height="1223">
                            <media:description type="plain">Rory McIlroy a décidé de participer à moins de tournois cette année. </media:description>
                            <media:credit>Amr Alfiky / REUTERS</media:credit>
                        </media:content>
                                                </item>
                    <item>
                <guid>https://golf.lefigaro.fr/actualite/tours-americains/pga-tour-l-americain-english-s-impose-a-torrey-pines-antoine-rozner-48e-20250126</guid>
                <title>PGA Tour : l'Américain English s’impose à Torrey Pines, Antoine Rozner 48e</title>
                                <link>https://golf.lefigaro.fr/actualite/tours-americains/pga-tour-l-americain-english-s-impose-a-torrey-pines-antoine-rozner-48e-20250126</link>
                                    <description>Malgré un dernier tour délicat, l’Américain Harris English, ms’est imposé samedi sur le tournoi PGA de Torrey Pines (Californie, Etats-Unis), où le Français Antoine Rozner a pris la 48e place.</description>
                                <category>Tour américain</category>
                <pubDate>Sun, 26 Jan 2025 11:09:38 +0100</pubDate>

                                                            <media:content url="https://i.f1g.fr/media/cms/3000x2001_crop/2025/01/26/7c2211ec989cd0bc89797efa3f1442facee6d47ce0630d5bcca740b956af8a22.jpg" width="3000" height="2001">
                            <media:description type="plain">Harris English succède à Matthieu Pavon à Torrey Pines.</media:description>
                            <media:credit>ORLANDO RAMIREZ / Getty Images via AFP</media:credit>
                        </media:content>
                                                </item>
                    <item>
                <guid>https://golf.lefigaro.fr/actualite/tours-americains/golf-matthieu-pavon-tenant-du-titre-s-effondre-a-torrey-pines-20250124</guid>
                <title>PGA Tour : Matthieu Pavon, tenant du titre, ne passe pas le cut à Torrey Pines</title>
                                <link>https://golf.lefigaro.fr/actualite/tours-americains/golf-matthieu-pavon-tenant-du-titre-s-effondre-a-torrey-pines-20250124</link>
                                    <description>Le Bordelais ne va pas franchir le cut en Californie, à l’issue d’une deuxième journée perturbée par le vent.</description>
                                <category>Tour américain</category>
                <pubDate>Fri, 24 Jan 2025 10:29:51 +0100</pubDate>

                                                            <media:content url="https://i.f1g.fr/media/cms/3000x2103_crop/2025/01/24/66b9610967e12267d26666339542d94682265a86510ea219a5a408cef07444b0.jpg" width="3000" height="2103">
                            <media:description type="plain">Le golfeur français Matthieu Pavon</media:description>
                            <media:credit>Kyle Terada / REUTERS</media:credit>
                        </media:content>
                                                </item>
                    <item>
                <guid>https://golf.lefigaro.fr/actualite/tours-americains/pga-tour-pavon-defend-son-titre-a-torrey-pines-20250122</guid>
                <title>PGA Tour : &#160;Matthieu Pavon défend son titre à Torrey Pines</title>
                                <link>https://golf.lefigaro.fr/actualite/tours-americains/pga-tour-pavon-defend-son-titre-a-torrey-pines-20250122</link>
                                    <description>Le leader du golf français défend de mercredi à samedi sur le parcours de Torrey Pines à La Jolla (Californie, Etats-Unis) son titre acquis l’an passé, le premier d’un Français sur le prestigieux circuit américain.</description>
                                <category>Tour américain</category>
                <pubDate>Thu, 23 Jan 2025 10:43:07 +0100</pubDate>

                                                            <media:content url="https://i.f1g.fr/media/cms/3000x2000_crop/2025/01/22/3061f6efb9164d4ee3e9a36508626f800c4269edfc8b89a723ccaf620729f602.jpg" width="3000" height="2000">
                            <media:description type="plain">Matthieu Pavon</media:description>
                            <media:credit>Kyle Terada / REUTERS</media:credit>
                        </media:content>
                                                </item>
                    <item>
                <guid>https://golf.lefigaro.fr/parcours-tourisme/destinations-golf/le-carnet-de-bord-de-la-croisiere-du-figaro-golf-pro-am-2025-dans-le-golfe-persique-20250121</guid>
                <title>Le carnet de bord de la croisière du Figaro «Golf &amp; Pro Am 2025 dans le Golfe persique»</title>
                                <link>https://golf.lefigaro.fr/parcours-tourisme/destinations-golf/le-carnet-de-bord-de-la-croisiere-du-figaro-golf-pro-am-2025-dans-le-golfe-persique-20250121</link>
                                    <description>VIDÉO - Du 9 au 16 janvier, nos golfeuses et golfeurs ont embarqué sur Le Bougainville afin de découvrir et jouer des parcours exceptionnels dans les Émirats.</description>
                                <category>Parcours et Tourisme</category>
                <pubDate>Thu, 23 Jan 2025 15:02:06 +0100</pubDate>

                                                            <media:content url="https://i.f1g.fr/media/cms/2248x1264_crop/2025/01/21/00c90a07268fa1858f82e330200332230ec271647541f65edc80d7703d21381b.jpg" width="2248" height="1264">
                            <media:description type="plain">Le Bougainville amarré à Ras Al Khaimah</media:description>
                            <media:credit>Le Figaro</media:credit>
                        </media:content>
                                                </item>
                    <item>
                <guid>https://golf.lefigaro.fr/actualite/tours-americains/pga-tour-sepp-straka-triomphe-a-l-american-express-20250120</guid>
                <title>PGA Tour : Sepp Straka triomphe à l’American Express</title>
                                <link>https://golf.lefigaro.fr/actualite/tours-americains/pga-tour-sepp-straka-triomphe-a-l-american-express-20250120</link>
                                    <description>L’Autrichien Sepp Straka a remporté dimanche le troisième tournoi de sa carrière sur le circuit américain.&amp;#160;</description>
                                <category>Tour américain</category>
                <pubDate>Mon, 20 Jan 2025 08:52:58 +0100</pubDate>

                                                            <media:content url="https://i.f1g.fr/media/cms/3000x2161_crop/2025/01/20/d6238f42960eb189573c0486c2da9b0b62628b808c45b33633e2e45a62768c60.jpg" width="3000" height="2161">
                            <media:description type="plain">Sepp Straka</media:description>
                            <media:credit>Abe Arredondo / REUTERS</media:credit>
                        </media:content>
                                                </item>
                    <item>
                <guid>https://golf.lefigaro.fr/actualite/tours-europeens/dp-world-tour-le-joueur-du-liv-tyrrell-hatton-s-adjuge-le-dubai-desert-classic-20250120</guid>
                <title>DP world tour : le joueur du LIV Tyrrell Hatton s’adjuge le Dubaï Desert Classic</title>
                                <link>https://golf.lefigaro.fr/actualite/tours-europeens/dp-world-tour-le-joueur-du-liv-tyrrell-hatton-s-adjuge-le-dubai-desert-classic-20250120</link>
                                    <description>L’Anglais a dominé le Néo-Zélandais Daniel Hillier pour remporter le Dubaï Desert Classic du DP World Tour par un seul coup, dimanche à l’Emirates Golf Club.</description>
                                <category>Tour européen</category>
                <pubDate>Mon, 20 Jan 2025 08:27:06 +0100</pubDate>

                                                            <media:content url="https://i.f1g.fr/media/cms/3000x2088_crop/2025/01/20/540e92f3661dee9efd84615b45f1e674f16948ab6daa8019220104c6667bfe5c.jpg" width="3000" height="2088">
                            <media:description type="plain">Hatton, qui a rejoint LIV Golf l’année dernière, a remporté sa huitième victoire en carrière sur le tour européen.</media:description>
                            <media:credit>Amr Alfiky / REUTERS</media:credit>
                        </media:content>
                                                </item>
                    <item>
                <guid>https://golf.lefigaro.fr/golf-jouer-les-bordes-au-moins-une-fois-dans-sa-vie-20250113</guid>
                <title>Golf: jouer Les Bordes au moins une fois dans sa vie</title>
                                <link>https://golf.lefigaro.fr/golf-jouer-les-bordes-au-moins-une-fois-dans-sa-vie-20250113</link>
                                    <description>Ce golf mythique, planté sur les anciennes terres de chasse du baron Bich, en Sologne, fait rêver les fins connaisseurs. Totalement privé depuis cinq ans, le club propose cette année une offre découverte.</description>
                                <category>Actu Golf</category>
                <pubDate>Mon, 13 Jan 2025 12:41:44 +0100</pubDate>

                                                            <media:content url="https://i.f1g.fr/media/cms/3000x1998_crop/2025/01/13/deb5cb898385d9bda619eb41219bebfb778fe44f2b48d8fa9f64e5ddc516af0c.jpg" width="3000" height="1998">
                            <media:description type="plain">Entouré par la forêt solognote, le golf des Bordes offre un parcours « à l’américaine » sublimant la nature environnante tout en privilégiant un art de vivre raffiné et authentique.</media:description>
                            <media:credit>Les Bordes Golf Club</media:credit>
                        </media:content>
                                                </item>
                    <item>
                <guid>https://golf.lefigaro.fr/actualite/tours-europeens/dp-world-tour-la-grande-bretagne-et-l-irlande-remportent-la-2025-team-cup-20250113</guid>
                <title>DP World tour : La Grande-Bretagne et l’Irlande remportent la Team Cup</title>
                                <link>https://golf.lefigaro.fr/actualite/tours-europeens/dp-world-tour-la-grande-bretagne-et-l-irlande-remportent-la-2025-team-cup-20250113</link>
                                    <description>La Grande-Bretagne et l’Irlande ont remporté la Team Cup 2025 en battant l’Europe continentale 17-8 à l’Abu Dhabi Golf Resort.</description>
                                <category>Tour européen</category>
                <pubDate>Mon, 13 Jan 2025 11:30:16 +0100</pubDate>

                                                            <media:content url="https://i.f1g.fr/media/cms/3000x2000_crop/2025/01/13/547a3f2b40e419284390bd5aff997386960431f3fef95f03af818ad7b09eaf12.jpg" width="3000" height="2000">
                            <media:description type="plain">Antoine Rozner</media:description>
                            <media:credit>FADEL SENNA / AFP</media:credit>
                        </media:content>
                                                </item>
                    <item>
                <guid>https://golf.lefigaro.fr/actualite/tours-americains/pga-tour-nick-gaylor-s-adjuge-le-playoff-du-sony-open-20250113</guid>
                <title>PGA Tour : Nick Gaylor s’adjuge le playoff du Sony Open</title>
                                <link>https://golf.lefigaro.fr/actualite/tours-americains/pga-tour-nick-gaylor-s-adjuge-le-playoff-du-sony-open-20250113</link>
                                    <description>L’Américain empoche sa cinquième victoire sur le circuit américain. Les trois dernières avaient été déjà remportées à l’issue de play-offs.</description>
                                <category>Tour américain</category>
                <pubDate>Mon, 13 Jan 2025 10:50:43 +0100</pubDate>

                                                            <media:content url="https://i.f1g.fr/media/cms/3000x2000_crop/2025/01/13/cc59bd154857d115ec7e31ee394a7d76e44c4d0b74db6051db5a41272ea69b99.jpg" width="3000" height="2000">
                            <media:description type="plain">Nick taylor</media:description>
                            <media:credit>SARAH STIER / Getty Images via AFP</media:credit>
                        </media:content>
                                                </item>
                    <item>
                <guid>https://golf.lefigaro.fr/parcours-tourisme/destinations-golf/au-constance-lemuria-des-seychelles-du-vin-et-du-golf-a-deguster-presque-sans-moderation-20250110</guid>
                <title>Au Constance Lemuria Praslin Seychelles, du vin et du golf à déguster (presque) sans modération</title>
                                <link>https://golf.lefigaro.fr/parcours-tourisme/destinations-golf/au-constance-lemuria-des-seychelles-du-vin-et-du-golf-a-deguster-presque-sans-moderation-20250110</link>
                                    <description>Juste avant les fêtes de fin d’année du 15 au 22 décembre, le golf et le vin ont été à l’honneur à l’autre bout du monde dans un cadre paradisiaque.</description>
                                <category>Parcours et Tourisme</category>
                <pubDate>Fri, 10 Jan 2025 17:56:06 +0100</pubDate>

                                                            <media:content url="https://i.f1g.fr/media/cms/3000x1997_crop/2025/01/10/e056ac76dfd82e0dd8750e073085d52914cd31aeed64994e7536584b35bf0b7e.jpg" width="3000" height="1997">
                            <media:description type="plain">Coucher de soleil au départ du 18 sur le parcours du Lemuria.</media:description>
                            <media:credit>Adam Bruzzone</media:credit>
                        </media:content>
                                                </item>
                    <item>
                <guid>https://golf.lefigaro.fr/actualite/ryder-cup/ryder-cup-bradley-nomme-kisner-troisieme-vice-capitaine-de-l-equipe-americaine-20250108</guid>
                <title>Ryder Cup : Bradley nomme Kisner troisième vice-capitaine de l’équipe américaine</title>
                                <link>https://golf.lefigaro.fr/actualite/ryder-cup/ryder-cup-bradley-nomme-kisner-troisieme-vice-capitaine-de-l-equipe-americaine-20250108</link>
                                    <description>Kisner, quatre fois vainqueur sur le PGA Tour, sera l’un des vice-capitaines de Keegan Bradley au sein de l’équipe américaine qui tentera de reprendre le trophée à l’Europe cette année au Bethpage Black à New York.</description>
                                <category>Ryder Cup</category>
                <pubDate>Wed, 08 Jan 2025 17:55:26 +0100</pubDate>

                                                            <media:content url="https://i.f1g.fr/media/cms/3000x2000_crop/2025/01/08/b10d1fc57fc18d745f17aaab0b1f91eb32ad83655433fbefaa073bed58225ee1.jpg" width="3000" height="2000">
                            <media:description type="plain">Kevin Kisner</media:description>
                            <media:credit>MIKE EHRMANN / Getty Images via AFP</media:credit>
                        </media:content>
                                                </item>
                    <item>
                <guid>https://golf.lefigaro.fr/actualite/vie-des-clubs/10e-edition-du-golf-gourmet-trophy-a-l-ile-maurice-en-2025-20250108</guid>
                <title>10e édition du Golf &amp; Gourmet Trophy à l’Île Maurice en 2025</title>
                                <link>https://golf.lefigaro.fr/actualite/vie-des-clubs/10e-edition-du-golf-gourmet-trophy-a-l-ile-maurice-en-2025-20250108</link>
                                    <description>Un voyage d’exception alliant golf, convivialité et gastronomie dans un cadre paradisiaque, sur des parcours réputés, le tout parrainé par les Chefs Vigato, Chabanel, Amalen et Mauree.</description>
                                <category>Vie des clubs</category>
                <pubDate>Wed, 08 Jan 2025 15:51:46 +0100</pubDate>

                                                            <media:content url="https://i.f1g.fr/media/cms/1918x1079_crop/2025/01/08/7fcba5b927a92e88a9b04c0d3fa921ce3df902203c8ca49edffd502f4bb2be5f.jpg" width="1918" height="1079">
                            <media:description type="plain">Golf &amp; Gourmet Trophy 2025</media:description>
                            <media:credit>Agence Swing</media:credit>
                        </media:content>
                                                </item>
                    <item>
                <guid>https://golf.lefigaro.fr/parcours-tourisme/destinations-golf/golf-le-els-club-teluk-datai-montre-l-exemple-ecologique-en-malaisie-20250108</guid>
                <title>Golf : le Els Club Teluk Datai montre l’exemple écologique en Malaisie</title>
                                <link>https://golf.lefigaro.fr/parcours-tourisme/destinations-golf/golf-le-els-club-teluk-datai-montre-l-exemple-ecologique-en-malaisie-20250108</link>
                                    <description>Situé dans le cadre paradisiaque de l’île de Langkawi, ce parcours en pleine forêt primaire est le premier du pays à obtenir une certification durable pour ses actions en matière de protection de l’environnement.</description>
                                <category>Parcours et Tourisme</category>
                <pubDate>Wed, 08 Jan 2025 14:22:06 +0100</pubDate>

                                                            <media:content url="https://i.f1g.fr/media/cms/3000x2003_crop/2025/01/08/c610c4f41c9d1bcec765fcfb847e538cb016fac84f27e2414aee05b6a1b82e86.jpg" width="3000" height="2003">
                            <media:description type="plain">Le green du trou n°1 du Els Club Teluk Datai, au pied du mont Machinchang</media:description>
                            <media:credit>Richard Castka/Sportpixgolf.com</media:credit>
                        </media:content>
                                                </item>
            </channel>
</rss>
