<?xml version="1.0" encoding="UTF-8"?>
<rss version="2.0" xmlns:atom="http://www.w3.org/2005/Atom" xmlns:media="http://search.yahoo.com/mrss/">
    <channel>
        <atom:link href="https://www.lefigaro.fr/rss/figaro_vins.xml" rel="self" type="application/rss+xml"/>
        <category>Vins</category>
        <title>Le Figaro - Vins : Actualité et conseils pour la gestion des grands crus de France, vins rouges, vins blancs, vins rosés, champagne</title>
        <description>Vins : Retrouvez toute l’actualité des vins et conseils pour la gestion des grands crus, vin rouge, vin blanc, vin rosé, champagne avec Lefigaro.fr</description>
        <link>http://www.lefigaro.fr</link>
        <language>fr</language>
        <copyright>Droits de reproduction et de diffusion réservés LeFigaro.fr</copyright>
        <lastBuildDate>Mon, 10 Feb 2025 13:34:22 +0100</lastBuildDate>
        <docs>https://www.lefigaro.fr/rss</docs>
        <image>
            <title>Le Figaro - Vins : Actualité et conseils pour la gestion des grands crus de France, vins rouges, vins blancs, vins rosés, champagne</title>
            <url>https://static.lefigaro.fr/common/logos/logo-150x150.png</url>
            <link>http://www.lefigaro.fr</link>
            <description>Vins : Retrouvez toute l’actualité des vins et conseils pour la gestion des grands crus, vin rouge, vin blanc, vin rosé, champagne avec Lefigaro.fr</description>
        </image>

                    <item>
                <guid>https://avis-vin.lefigaro.fr/domaines-et-vignerons/chateau-figeac-l-evolution-discrete-d-une-etiquette-iconique-20250210</guid>
                <title>Château-Figeac, l’évolution discrète d’une étiquette iconique</title>
                                <link>https://avis-vin.lefigaro.fr/domaines-et-vignerons/chateau-figeac-l-evolution-discrete-d-une-etiquette-iconique-20250210</link>
                                    <description>L’étiquette de Château-Figeac dénote du classicisme qui entoure habituellement les bouteilles bordelaises.</description>
                                <category>Domaines et vignerons</category>
                <pubDate>Mon, 10 Feb 2025 12:30:00 +0100</pubDate>

                                                            <media:content url="https://i.f1g.fr/media/cms/900x599_crop/2025/02/07/f268cf323b8854d24af654ce819ed57ba6b7ac35b4c4c7455cb3690a698aa5a3.jpg" width="900" height="599">
                            <media:description type="plain">Château-Figeac, à Saint-Emilion.</media:description>
                            <media:credit>SDP</media:credit>
                        </media:content>
                                                </item>
                    <item>
                <guid>https://avis-vin.lefigaro.fr/connaitre-deguster/vins-cocktails-spiritueux-ce-que-boivent-vraiment-les-jeunes-en-2025-20250210</guid>
                <title>Vins, cocktails, spiritueux : ce que boivent (vraiment) les jeunes en 2025</title>
                                <link>https://avis-vin.lefigaro.fr/connaitre-deguster/vins-cocktails-spiritueux-ce-que-boivent-vraiment-les-jeunes-en-2025-20250210</link>
                                    <description>ENQUÊTE - À l’occasion de Wine Paris, le grand rendez-vous des professionnels du vin qui se tient à partir de ce lundi,  nous avons mené l’enquête sur les aspirations plurielles des 18-25 ans.</description>
                                <category>Comprendre le vin</category>
                <pubDate>Mon, 10 Feb 2025 07:30:00 +0100</pubDate>

                                                            <media:content url="https://i.f1g.fr/media/cms/3000x2000_crop/2025/02/07/63c05c07b0f7a4cf96b860a8aa898b8482b9204f85ad5d9ba8ed551e4a9d6db3.jpg" width="3000" height="2000">
                            <media:description type="plain">Une étude CSA de décembre 2024 pour un producteur de vins désalcoolisés révèle que « 55 % des consommateurs de vin sans alcool ont entre 18 et 34 ans ».</media:description>
                            <media:credit>AdobeStock</media:credit>
                        </media:content>
                                                </item>
                    <item>
                <guid>https://avis-vin.lefigaro.fr/podcasts/14-5-degres-vous-etes-fou-faut-il-vraiment-se-fier-au-taux-d-alcool-dans-un-vin-20250209</guid>
                <title>Faut-il vraiment se fier au taux d’alcool dans un vin ?</title>
                                <link>https://avis-vin.lefigaro.fr/podcasts/14-5-degres-vous-etes-fou-faut-il-vraiment-se-fier-au-taux-d-alcool-dans-un-vin-20250209</link>
                                    <description>Si vous faites partie des buveurs capables de refuser un vin susceptible de vous mettre un coup derrière la nuque en raison d’un taux d’alcool jugé trop élevé, il semblerait que vous ayez tort. Explications.</description>
                                <category>Podcasts</category>
                <pubDate>Sun, 09 Feb 2025 21:28:39 +0100</pubDate>

                                                            <media:content url="https://i.f1g.fr/media/cms/3000x1996_crop/2025/02/07/a72384874e4fefe120de6a069375b578903310f24c3589aa531f1c6d82a3c5fe.jpg" width="3000" height="1996">
                            <media:description type="plain">Un degré d’alcool élevé ne signifie pas forcément que le vin ne sera pas subtil ?</media:description>
                            <media:credit>AdobeStock</media:credit>
                        </media:content>
                                                </item>
                    <item>
                <guid>https://avis-vin.lefigaro.fr/connaitre-deguster/les-4-solutions-pour-sortir-le-monde-du-vin-de-la-crise-20250209</guid>
                <title>Les 4 solutions pour sortir le monde du vin de la crise</title>
                                <link>https://avis-vin.lefigaro.fr/connaitre-deguster/les-4-solutions-pour-sortir-le-monde-du-vin-de-la-crise-20250209</link>
                                    <description>Pour Le Figaro, Jean-Luc Coupet, spécialiste des fusions et acquisitions et «conseil de l’ombre» de tous les grands domaines, analyse les problèmes climatiques, financiers, commerciaux et réglementaires du monde du vin. Et nous livre ses solutions.</description>
                                <category>Comprendre le vin</category>
                <pubDate>Sun, 09 Feb 2025 12:30:00 +0100</pubDate>

                                                            <media:content url="https://i.f1g.fr/media/cms/1233x693_crop/2025/02/07/74befe554fbab6912c1624ea01addaa69107de4bed61a8da166b8f5a3cede6d6.jpg" width="1233" height="693">
                            <media:description type="plain">Jean-Luc Coupet, spécialiste des fusions et acquisitions et «conseil de l’ombre» de tous les grands domaines.</media:description>
                            <media:credit>SDP</media:credit>
                        </media:content>
                                                </item>
                    <item>
                <guid>https://avis-vin.lefigaro.fr/connaitre-deguster/les-10-repaires-des-vignerons-gastronomes-durant-wine-paris-le-grand-rendez-vous-des-professionnels-du-vin-20250209</guid>
                <title>Les 10 repaires des vignerons gastronomes durant Wine Paris, le grand rendez-vous des professionnels du vin</title>
                                <link>https://avis-vin.lefigaro.fr/connaitre-deguster/les-10-repaires-des-vignerons-gastronomes-durant-wine-paris-le-grand-rendez-vous-des-professionnels-du-vin-20250209</link>
                                    <description>Si les professionnels du monde viticole se retrouvent porte de Versailles du 10 au 12 février, ils se restaurent partout dans la capitale. Notre sélection de bonnes adresses.</description>
                                <category>Comprendre le vin</category>
                <pubDate>Sun, 09 Feb 2025 08:00:00 +0100</pubDate>

                                                            <media:content url="https://i.f1g.fr/media/cms/2526x1684_crop/2025/02/07/f2b6fe6f66e97424104c019fb73c40b622ecc21889b1983bd0580682f6f13392.jpg" width="2526" height="1684">
                            <media:description type="plain">Willi’s Wine Bar</media:description>
                            <media:credit>Franck Joyeux</media:credit>
                        </media:content>
                                                </item>
                    <item>
                <guid>https://avis-vin.lefigaro.fr/tops-selections-vins-spiritueux/peut-on-encore-boire-des-vins-de-bourgogne-a-prix-raisonnable-decouvrez-notre-selection-a-moins-de-15-euros-20250208</guid>
                <title>Peut-on encore boire des vins de Bourgogne à prix raisonnable ? Découvrez notre sélection, à moins de 15 euros</title>
                                <link>https://avis-vin.lefigaro.fr/tops-selections-vins-spiritueux/peut-on-encore-boire-des-vins-de-bourgogne-a-prix-raisonnable-decouvrez-notre-selection-a-moins-de-15-euros-20250208</link>
                                    <description>NOTRE SÉLECTION - Le Figaro Vin s’est risqué à l’exercice périlleux de sélectionner 10 vins de Bourgogne sous la barre des 15 euros.</description>
                                <category>Tops et sélections</category>
                <pubDate>Sat, 08 Feb 2025 21:16:33 +0100</pubDate>

                                                            <media:content url="https://i.f1g.fr/media/cms/3000x2000_crop/2025/02/07/80cfe81c5198d78ad386d24644e8f0d1bc0d33c1d53b9850b1338b389c2417cf.jpg" width="3000" height="2000">
                            <media:description type="plain">La Bourgogne à moindre prix, c’est encore possible.</media:description>
                            <media:credit>AdobeStock</media:credit>
                        </media:content>
                                                </item>
                    <item>
                <guid>https://avis-vin.lefigaro.fr/connaitre-deguster/elle-peut-parfois-essayer-de-compenser-un-mauvais-vin-comment-l-etiquette-determine-le-succes-du-vin-20250208</guid>
                <title>«Elle peut parfois essayer de compenser un mauvais vin» : comment l’étiquette détermine le succès d’une bouteille</title>
                                <link>https://avis-vin.lefigaro.fr/connaitre-deguster/elle-peut-parfois-essayer-de-compenser-un-mauvais-vin-comment-l-etiquette-determine-le-succes-du-vin-20250208</link>
                                    <description>ENQUÊTE - De la couleur pour séduire les jeunes, du classicisme pour plaire aux seniors… Entre évolution des styles, impact sur l’acte d’achat et gage d’authenticité, ces labels en disent long sur l’identité des domaines viticoles et l’évolution du secteur.</description>
                                <category>Comprendre le vin</category>
                <pubDate>Sat, 08 Feb 2025 08:00:00 +0100</pubDate>

                                                            <media:content url="https://i.f1g.fr/media/cms/3000x2000_crop/2025/02/07/ca4e77faca65f895c87f531fe970bc3286e40977e3ab017ad771965cd699d2b4.jpg" width="3000" height="2000">
                            <media:description type="plain">Entre tradition et modernité, le monde des étiquettes des bouteilles de vin divise.</media:description>
                            <media:credit>NICOLAS TUCAT / AFP</media:credit>
                        </media:content>
                                                </item>
                    <item>
                <guid>https://avis-vin.lefigaro.fr/economie-du-vin/pourquoi-la-baisse-de-consommation-de-vin-entraine-dans-sa-chute-les-marges-des-restaurateurs-20250207</guid>
                <title>Pourquoi la baisse de consommation de vin entraîne dans sa chute les marges des restaurateurs</title>
                                <link>https://avis-vin.lefigaro.fr/economie-du-vin/pourquoi-la-baisse-de-consommation-de-vin-entraine-dans-sa-chute-les-marges-des-restaurateurs-20250207</link>
                                    <description>Source conséquente de marge pour les restaurateurs, le vin fait face à une déconsommation qui n’est pas sans répercussion pour eux.</description>
                                <category>Economie du vin</category>
                <pubDate>Fri, 07 Feb 2025 18:13:02 +0100</pubDate>

                                                            <media:content url="https://i.f1g.fr/media/cms/3000x2000_crop/2025/02/07/2eb9bd685332c291a18035d01c4bd824176a06eb5642f56f36ac3f1136d16c50.jpg" width="3000" height="2000">
                            <media:description type="plain">Le vin au verre est l’une des alternatives trouvées par les restaurateurs pour faire face à la baisse de consommation.</media:description>
                            <media:credit>AS</media:credit>
                        </media:content>
                                                </item>
                    <item>
                <guid>https://avis-vin.lefigaro.fr/biere/bieres-notre-selection-des-meilleures-brasseries-de-montagne-20250207</guid>
                <title>Bières : notre sélection des meilleures brasseries de montagne</title>
                                <link>https://avis-vin.lefigaro.fr/biere/bieres-notre-selection-des-meilleures-brasseries-de-montagne-20250207</link>
                                    <description>NOTRE SÉLECTION - Alors que débutent les vacances d’hiver, voici quatre brasseries de montagne qui témoignent de l’intérêt de plus en plus prononcé des pays alpins pour la cause houblonnée.</description>
                                <category>Bière et brasseries</category>
                <pubDate>Fri, 07 Feb 2025 12:38:32 +0100</pubDate>

                                                            <media:content url="https://i.f1g.fr/media/cms/3000x1988_crop/2025/02/07/997312165d6742d6d392cdb2346db64db2143b3b7ca9409c26380149e812e367.jpg" width="3000" height="1988">
                            <media:description type="plain">Notre sélection des meilleures bières artisanale produites en montagne.</media:description>
                            <media:credit>AdobeStock</media:credit>
                        </media:content>
                                                </item>
                    <item>
                <guid>https://avis-vin.lefigaro.fr/terroir-viticulture/on-obtient-99-de-raisins-intacts-quand-la-technologie-agricole-de-pointe-se-met-au-service-de-la-vigne-20250207</guid>
                <title>«On obtient 99% de raisins intacts» : quand la technologie agricole de pointe se met au service de la vigne</title>
                                <link>https://avis-vin.lefigaro.fr/terroir-viticulture/on-obtient-99-de-raisins-intacts-quand-la-technologie-agricole-de-pointe-se-met-au-service-de-la-vigne-20250207</link>
                                    <description>Depuis des millénaires, la vigne est cultivée, greffée, taillée et vendangée. Aujourd’hui, elle est aussi connectée. Thierry Le Briquer, de CNH Industrial-New Holland, nous explique comment la robotique et le numérique préparent l’avenir de la viticulture.</description>
                                <category>Terroir et viticulture</category>
                <pubDate>Fri, 07 Feb 2025 14:38:01 +0100</pubDate>

                                                            <media:content url="https://i.f1g.fr/media/cms/640x427_crop/2025/02/07/744514e479362c61bb50baf7987ae7f2bf769280560abb3fa4c15c8dfd6904ff.jpg" width="640" height="427">
                            <media:description type="plain">Tracteur viticole New Holland.</media:description>
                            <media:credit>SDP</media:credit>
                        </media:content>
                                                </item>
                    <item>
                <guid>https://avis-vin.lefigaro.fr/economie-du-vin/un-format-plus-adapte-a-la-nouvelle-generation-qui-boit-moins-les-vins-en-canette-ont-ils-enfin-trouve-leur-public-20250206</guid>
                <title>«Un format plus adapté à la nouvelle génération qui boit moins» : les vins en canette ont-ils enfin trouvé leur public ?</title>
                                <link>https://avis-vin.lefigaro.fr/economie-du-vin/un-format-plus-adapte-a-la-nouvelle-generation-qui-boit-moins-les-vins-en-canette-ont-ils-enfin-trouve-leur-public-20250206</link>
                                    <description>En 2022, le marché naissant du vin en canette connaissait une véritable expansion, mais comment se porte la tendance trois ans plus tard ?</description>
                                <category>Economie du vin</category>
                <pubDate>Thu, 06 Feb 2025 17:42:23 +0100</pubDate>

                                                            <media:content url="https://i.f1g.fr/media/cms/3000x2000_crop/2025/02/06/3a94e3efdb1480c172662035e190c5ac02e8c802340caf2ccce1b72b44bd550a.jpg" width="3000" height="2000">
                            <media:description type="plain">Après plusieurs années de lancement, où en est le vin en canette ?</media:description>
                            <media:credit>Adobe Stock</media:credit>
                        </media:content>
                                                </item>
                    <item>
                <guid>https://avis-vin.lefigaro.fr/economie-du-vin/le-sake-m-a-embarquee-dans-l-univers-de-l-alcool-rencontre-avec-maryam-masure-sommeliere-de-sake-20250206</guid>
                <title>«Le saké m’a embarquée dans l’univers de l’alcool» : rencontre avec Maryam Masure, sommelière de saké</title>
                                <link>https://avis-vin.lefigaro.fr/economie-du-vin/le-sake-m-a-embarquee-dans-l-univers-de-l-alcool-rencontre-avec-maryam-masure-sommeliere-de-sake-20250206</link>
                                    <description>Le saké, tout juste reconnu au patrimoine culturel immatériel de l’Unesco, aura bientôt le droit à un salon dédié en France : le mondial du saké. Maryam Masure, sommelière de saké en est la cofondatrice avec les œnologues de France.</description>
                                <category>Economie du vin</category>
                <pubDate>Fri, 07 Feb 2025 12:17:01 +0100</pubDate>

                                                            <media:content url="https://i.f1g.fr/media/cms/1170x655_crop/2025/02/06/7e0ec63a19a81a50f0a8a30ad175520621951f40853499581bd1f6e5a48c6d17.jpg" width="1170" height="655">
                            <media:description type="plain">Rencontre avec Maryam Masure de l’Atelier du Saké à Paris.</media:description>
                            <media:credit>L&#039;Atelier du Saké</media:credit>
                        </media:content>
                                                </item>
                    <item>
                <guid>https://avis-vin.lefigaro.fr/biere/kronenbourg-lance-somersby-en-france-pour-conquerir-le-marche-des-bieres-aromatisees-20250205</guid>
                <title>Kronenbourg lance Somersby en France pour conquérir le marché des bières aromatisées</title>
                                <link>https://avis-vin.lefigaro.fr/biere/kronenbourg-lance-somersby-en-france-pour-conquerir-le-marche-des-bieres-aromatisees-20250205</link>
                                    <description>Kronenbourg se lance dans la bière aromatisée avec Somersby. La marque déjà présente dans 64 pays a été adaptée aux consommateurs français.</description>
                                <category>Bière et brasseries</category>
                <pubDate>Wed, 05 Feb 2025 18:31:13 +0100</pubDate>

                                                            <media:content url="https://i.f1g.fr/media/cms/1280x720_crop/2025/02/05/75f59b4d55a40567690917e046db87b2e7f1f33944684b59ba5f21a1d43cd983.png" width="1280" height="720">
                            <media:description type="plain">Kronenbourg développe sa branche bière aromatisée avec la marque Somersby.</media:description>
                            <media:credit>SDP</media:credit>
                        </media:content>
                                                </item>
                    <item>
                <guid>https://avis-vin.lefigaro.fr/economie-du-vin/dans-l-aude-l-emotion-des-vignerons-contraints-d-arracher-leurs-vignes-20250205</guid>
                <title>Dans l’Aude, l’émotion des vignerons contraints d’arracher leurs vignes</title>
                                <link>https://avis-vin.lefigaro.fr/economie-du-vin/dans-l-aude-l-emotion-des-vignerons-contraints-d-arracher-leurs-vignes-20250205</link>
                                    <description>Ces vignerons de l’Aude, confrontés à la sécheresse et à la surproduction, n’ont d’autre choix que de sacrifier au moins une partie de leur exploitation, parfois issue de l’héritage familial.</description>
                                <category>Economie du vin</category>
                <pubDate>Wed, 05 Feb 2025 09:50:51 +0100</pubDate>

                                                            <media:content url="https://i.f1g.fr/media/cms/3000x2000_crop/2025/02/05/74272d51cf02b44a7cd9e9e169a046a3bc1f1fbe7a3861ed01a25346855b7e4e.jpg" width="3000" height="2000">
                            <media:description type="plain">Des vignes arrachées (image d’illustration).</media:description>
                            <media:credit>AS</media:credit>
                        </media:content>
                                                </item>
                    <item>
                <guid>https://avis-vin.lefigaro.fr/economie-du-vin/philippe-massol-directeur-general-de-la-cite-du-vin-de-bordeaux-la-cite-du-vin-est-capable-de-vivre-sa-vie-sans-etre-soutenue-par-l-argent-public-20250205</guid>
                <title>Philippe Massol, directeur général de la Cité du Vin de Bordeaux : «La Cité du vin est capable de vivre sa vie sans être soutenue par l’argent public»</title>
                                <link>https://avis-vin.lefigaro.fr/economie-du-vin/philippe-massol-directeur-general-de-la-cite-du-vin-de-bordeaux-la-cite-du-vin-est-capable-de-vivre-sa-vie-sans-etre-soutenue-par-l-argent-public-20250205</link>
                                    <description>Après neuf années d’activité, la Cité du Vin a trouvé sa place dans le paysage œnotouristique bordelais. Entretien avec Philippe Massol, son directeur général.</description>
                                <category>Economie du vin</category>
                <pubDate>Wed, 05 Feb 2025 07:30:00 +0100</pubDate>

                                                            <media:content url="https://i.f1g.fr/media/cms/3000x2003_crop/2025/02/03/2dccbf2523aee87d2863ec0b139ae2fd9a8c3760eed0a59fed0c3ad7aba2d477.jpg" width="3000" height="2003">
                            <media:description type="plain">Philippe Massol, directeur général de la Cité du Vin de Bordeaux</media:description>
                            <media:credit>ANAKA</media:credit>
                        </media:content>
                                                </item>
                    <item>
                <guid>https://avis-vin.lefigaro.fr/economie-du-vin/valerie-befve-nommee-directrice-generale-des-proprietes-dassault-a-saint-emilion-20250204</guid>
                <title>Valérie Befve nommée directrice générale des propriétés Dassault à Saint-Emilion</title>
                                <link>https://avis-vin.lefigaro.fr/economie-du-vin/valerie-befve-nommee-directrice-generale-des-proprietes-dassault-a-saint-emilion-20250204</link>
                                    <description>Valérie Befve succède à Romain Depons à la tête des propriétés du groupe Dassault à Saint-Emilion. Elle occupait jusque-là le poste de directrice commerciale.</description>
                                <category>Economie du vin</category>
                <pubDate>Wed, 05 Feb 2025 11:40:37 +0100</pubDate>

                                                            <media:content url="https://i.f1g.fr/media/cms/750x421_crop/2025/02/05/bd3cb80b94b7c69943bedc7d93fee6ec6c752688034d3b27fb42e05887255402.jpg" width="750" height="421">
                            <media:description type="plain">Valérie Befve.</media:description>
                            <media:credit>SDP</media:credit>
                        </media:content>
                                                </item>
                    <item>
                <guid>https://avis-vin.lefigaro.fr/domaines-et-vignerons/un-laboratoire-de-la-haute-viticulture-alsacienne-trois-domaines-reputes-font-l-acquisition-d-une-parcelle-en-grand-cru-rangen-20250204</guid>
                <title>«Un laboratoire de la haute viticulture alsacienne» : trois domaines réputés font l’acquisition d’une parcelle en grand cru Rangen</title>
                                <link>https://avis-vin.lefigaro.fr/domaines-et-vignerons/un-laboratoire-de-la-haute-viticulture-alsacienne-trois-domaines-reputes-font-l-acquisition-d-une-parcelle-en-grand-cru-rangen-20250204</link>
                                    <description>Le domaine Marcel Deiss, la famille Trapet et Thomas Mack, propriétaire du château Ollwiller, ont fait l’acquisition d’une parcelle commune dans l’un des grands crus les plus prestigieux d’Alsace. Tout cela pour en faire «un laboratoire de haute viticulture».</description>
                                <category>Domaines et vignerons</category>
                <pubDate>Tue, 04 Feb 2025 20:04:22 +0100</pubDate>

                                                            <media:content url="https://i.f1g.fr/media/cms/960x622_crop/2025/02/04/55f9596361987a52cdc3311805b5a8712556f82d09c137616c2a84f0e32cab3b.jpg" width="960" height="622">
                            <media:description type="plain">Des vignes du grand cru Rangen.</media:description>
                            <media:credit>DR</media:credit>
                        </media:content>
                                                </item>
                    <item>
                <guid>https://avis-vin.lefigaro.fr/spiritueux/avec-trump-le-whisky-ecossais-redoute-de-trinquer-a-nouveau-2-20250204</guid>
                <title>Comment le whisky écossais s’organise face à la menace de nouvelles taxes américaines</title>
                                <link>https://avis-vin.lefigaro.fr/spiritueux/avec-trump-le-whisky-ecossais-redoute-de-trinquer-a-nouveau-2-20250204</link>
                                    <description>C’est tout au bout de la route, sur une presqu’île sauvage battue par les vents : ici, on fabrique un whisky bio zéro carbone unique en Écosse, qui séduit les États-Unis. Mais il faut désormais composer avec la menace Trump.</description>
                                <category>Spiritueux</category>
                <pubDate>Wed, 05 Feb 2025 10:28:57 +0100</pubDate>

                                                            <media:content url="https://i.f1g.fr/media/cms/3000x2001_crop/2025/02/04/d1c41efc1a36066c787bd24816510cab13da12158793dc1b7e43fc0ba3f06a0c.jpg" width="3000" height="2001">
                            <media:description type="plain">Les taxes douanières de Donald Trump sont une menace pour le whisky écossais.</media:description>
                            <media:credit>Kevin Lamarque / REUTERS</media:credit>
                        </media:content>
                                                </item>
                    <item>
                <guid>https://avis-vin.lefigaro.fr/agenda/de-grands-vins-a-prix-caviste-au-restaurant-decouvrez-les-adresses-qui-participent-a-l-operation-carte-sur-table-20250204</guid>
                <title>De grands vins à prix caviste au restaurant : découvrez les adresses qui participent à l’opération «Carte sur Table»</title>
                                <link>https://avis-vin.lefigaro.fr/agenda/de-grands-vins-a-prix-caviste-au-restaurant-decouvrez-les-adresses-qui-participent-a-l-operation-carte-sur-table-20250204</link>
                                    <description>Pour sa 13e édition, l’opération «Carte sur Table» revient avec un principe simple mais diablement efficace : proposer de grands vins bordelais à prix caviste dans une sélection de restaurants partout en France.</description>
                                <category>L&#039;agenda du vin</category>
                <pubDate>Sat, 08 Feb 2025 11:11:40 +0100</pubDate>

                                                            <media:content url="https://i.f1g.fr/media/cms/3000x2002_crop/2025/02/03/f7779e5a057357024c28f04316ddb7c2521637adee2381e0dfaa9c40abc330e5.jpg" width="3000" height="2002">
                            <media:description type="plain">Le «casting» de Carte sur Table 2025.</media:description>
                            <media:credit>Duclot</media:credit>
                        </media:content>
                                                </item>
                    <item>
                <guid>https://avis-vin.lefigaro.fr/connaitre-deguster/un-verre-pense-pour-les-buveurs-de-vin-naturel-nouvel-indispensable-ou-simple-coup-marketing-20250204</guid>
                <title>Un verre pensé pour les buveurs de vin naturel : nouvel indispensable ou simple coup marketing ?</title>
                                <link>https://avis-vin.lefigaro.fr/connaitre-deguster/un-verre-pense-pour-les-buveurs-de-vin-naturel-nouvel-indispensable-ou-simple-coup-marketing-20250204</link>
                                    <description>S’il y a de mauvais vins, il y a aussi de piètres verres, et même les plus sophistiqués semblent peu adaptés aux nouvelles méthodes de vinification. À l’exception de celui-ci. On a testé.</description>
                                <category>Comprendre le vin</category>
                <pubDate>Tue, 04 Feb 2025 07:30:00 +0100</pubDate>

                                                            <media:content url="https://i.f1g.fr/media/cms/3000x1801_crop/2025/01/29/59ffbc8686d423772ea55b046801cdd87bfc6206305248e0311ccd4265bfe240.jpg" width="3000" height="1801">
                            <media:description type="plain">Le Denk’Art - Balance de Zalto semble être une révolution technologique.</media:description>
                            <media:credit>AdobeStock</media:credit>
                        </media:content>
                                                </item>
            </channel>
</rss>
