<?xml version="1.0" encoding="UTF-8"?>
<rss version="2.0" xmlns:atom="http://www.w3.org/2005/Atom" xmlns:media="http://search.yahoo.com/mrss/">
    <channel>
        <atom:link href="https://www.lefigaro.fr/rss/figaro_theatre.xml" rel="self" type="application/rss+xml"/>
        <category>Théâtre</category>
        <title>Le Figaro - Théâtre : Les pièces à l&#039;affiche</title>
        <description>Théâtre : Retrouvez tous les pièces, les critiques, les avant-premières sur Le Figaro</description>
        <link>http://www.lefigaro.fr</link>
        <language>fr</language>
        <copyright>Droits de reproduction et de diffusion réservés LeFigaro.fr</copyright>
        <lastBuildDate>Mon, 10 Feb 2025 13:39:34 +0100</lastBuildDate>
        <docs>https://www.lefigaro.fr/rss</docs>
        <image>
            <title>Le Figaro - Théâtre : Les pièces à l&#039;affiche</title>
            <url>https://static.lefigaro.fr/common/logos/logo-150x150.png</url>
            <link>http://www.lefigaro.fr</link>
            <description>Théâtre : Retrouvez tous les pièces, les critiques, les avant-premières sur Le Figaro</description>
        </image>

                    <item>
                <guid>https://www.lefigaro.fr/culture/on-a-teste-une-soiree-chez-michou-transforme-en-comedy-club-par-gad-elmaleh-20250208</guid>
                <title>On a testé une soirée Chez Michou transformé en comedy club par Gad Elmaleh</title>
                                <link>https://www.lefigaro.fr/culture/on-a-teste-une-soiree-chez-michou-transforme-en-comedy-club-par-gad-elmaleh-20250208</link>
                                    <description>Avant l’ouverture officielle le 27 mars prochain, l’humoriste et son associé Karim Kachour présentent leur concept à un public restreint. Le Figaro s’est glissé incognito dans ce cabaret mythique des nuits parisiennes. Verdict.</description>
                                <category>Culture</category>
                <pubDate>Sat, 08 Feb 2025 11:26:23 +0100</pubDate>

                                                            <media:content url="https://i.f1g.fr/media/cms/2205x1240_crop/2025/02/07/6162c7e9ee17425e7a6d5a15f6f08f4dd6d3db0a2021beaf9facd73d2794633c.jpg" width="2205" height="1240">
                            <media:description type="plain">Nous y étions au rodage de chez Michou, le club mythique que Gad Elmaleh a racheté avec son associé, Karim Kachour, pour le transformer en Comedy club.</media:description>
                            <media:credit>Photo Léna Lutaud</media:credit>
                        </media:content>
                                                </item>
                    <item>
                <guid>https://www.lefigaro.fr/culture/entre-l-ogre-jacques-weber-et-le-debonnaire-pierre-arditi-le-figaro-a-choisi-20250206</guid>
                <title>Théâtre : entre l’ogre Jacques Weber et le débonnaire Pierre Arditi, Le Figaro a choisi</title>
                                <link>https://www.lefigaro.fr/culture/entre-l-ogre-jacques-weber-et-le-debonnaire-pierre-arditi-le-figaro-a-choisi-20250206</link>
                                    <description>CRITIQUE - Les deux comédiens, remarquables mandarins de la scène depuis des décennies, jouent respectivement L’Injuste et Le Prix. Et si vous deviez n’en voir qu’un ? Réponse en toute subjectivité.</description>
                                <category>Culture</category>
                <pubDate>Thu, 06 Feb 2025 20:38:42 +0100</pubDate>

                                                            <media:content url="https://i.f1g.fr/media/cms/1920x1080_crop/2025/02/06/956aeaecbe05b768a2f0707ee0ac4c781b39505509ef95fae4fc32865d4a6685.jpg" width="1920" height="1080">
                            <media:description type="plain">Jacques Weber dans la peau de François Genoud, le banquier du IIIe Reich dans L’Injustice et Pierre Arditi dans Le Prix, incarnant Otto Hahn, prix Nobel de Chimie.</media:description>
                            <media:credit>François Bouchon</media:credit>
                        </media:content>
                                                </item>
                    <item>
                <guid>https://www.lefigaro.fr/culture/notre-critique-de-la-vie-revee-la-grace-de-kelly-20250206</guid>
                <title>Notre critique de La Vie rêvée, la grâce de Kelly Rivière</title>
                                <link>https://www.lefigaro.fr/culture/notre-critique-de-la-vie-revee-la-grace-de-kelly-20250206</link>
                                    <description>CRITIQUE - Pour la seconde fois, la Franco-irlandaise met en scène et joue son avatar de comédienne lestée d’une famille encombrante. De l’autofiction jubilatoire.</description>
                                <category>Culture</category>
                <pubDate>Thu, 06 Feb 2025 16:07:55 +0100</pubDate>

                                                            <media:content url="https://i.f1g.fr/media/cms/1920x1280_crop/2025/02/06/78a9a86d906ee9c640dfc104ec03aea6b153bf0e0e45762879ec2a6f66a174dc.jpg" width="1920" height="1280">
                            <media:description type="plain">La vie rêvée de Kelly Rivière.</media:description>
                            <media:credit>© Pauline Le Goff​</media:credit>
                        </media:content>
                                                </item>
                    <item>
                <guid>https://www.lefigaro.fr/theatre/sandrine-sarroche-le-rire-qui-fait-du-bien-20250205</guid>
                <title>Sandrine Sarroche, le rire qui fait du bien</title>
                                <link>https://www.lefigaro.fr/theatre/sandrine-sarroche-le-rire-qui-fait-du-bien-20250205</link>
                                    <description>CRITIQUE - L’ex-avocate devenue humoriste déclenche l’hilarité au Théâtre des Mathurins en égratignant les « bobos », Anne Hidalgo ou Emmanuel Macron.</description>
                                <category>Théâtre</category>
                <pubDate>Wed, 05 Feb 2025 14:25:12 +0100</pubDate>

                                                            <media:content url="https://i.f1g.fr/media/cms/1964x1105_crop/2025/02/05/822f1284db84f4b940bbd826fe3eaa8316274961cc8daf2b8491a2f72bd79d1e.jpg" width="1964" height="1105">
                            <media:description type="plain">L’humoriste revient avec un deuxième spectacle où sketchs, parodies et autres numéros se succèdent.</media:description>
                            <media:credit>Marcel Hartmann </media:credit>
                        </media:content>
                                                </item>
                    <item>
                <guid>https://www.lefigaro.fr/theatre/notre-critique-de-la-disparition-de-josef-mengele-mikael-chirinian-a-la-poursuite-du-monstre-20250204</guid>
                <title>Notre critique de La Disparition de Josef Mengele: Mikaël Chirinian à la poursuite du monstre</title>
                                <link>https://www.lefigaro.fr/theatre/notre-critique-de-la-disparition-de-josef-mengele-mikael-chirinian-a-la-poursuite-du-monstre-20250204</link>
                                    <description>CRITIQUE - Adaptée du roman d’Olivier Guez, la pièce conte la traque du médecin SS réfugié en Amérique du Sud. Un spectacle fascinant.</description>
                                <category>Théâtre</category>
                <pubDate>Tue, 04 Feb 2025 13:31:45 +0100</pubDate>

                                                            <media:content url="https://i.f1g.fr/media/cms/1302x732_crop/2025/02/04/50e213a1f1880969ba93b159c1169cc6abf66c5489ec8895952d2d52252d45f7.jpg" width="1302" height="732">
                            <media:description type="plain">Mikaël Chirinian, boule à zéro et moustache, se dresse devant les spectateurs.</media:description>
                            <media:credit>Jean-Philippe Larribe, Aude Perrier et Philippe Garcia</media:credit>
                        </media:content>
                                                </item>
                    <item>
                <guid>https://www.lefigaro.fr/theatre/les-monologues-du-vagin-lily-et-lily-ou-la-valse-des-pingouins-les-pieces-mythiques-a-l-honneur-en-cette-rentree-20250202</guid>
                <title>Les Monologues du vagin, Lily et Lily ou La Valse des pingouins… Les pièces de théâtre mythiques à l’honneur en cette rentrée</title>
                                <link>https://www.lefigaro.fr/theatre/les-monologues-du-vagin-lily-et-lily-ou-la-valse-des-pingouins-les-pieces-mythiques-a-l-honneur-en-cette-rentree-20250202</link>
                                    <description>ENQUÊTE - L’appétence pour le théâtre de boulevard ne faiblit pas. Mais face à la pénurie de nouveaux textes, les salles parisiennes remettent en scène des valeurs sûres.</description>
                                <category>Théâtre</category>
                <pubDate>Sun, 02 Feb 2025 16:43:54 +0100</pubDate>

                                                            <media:content url="https://i.f1g.fr/media/cms/3000x2001_crop/2025/02/02/f318efd5ab3056d83d040276954a4ce3e832f83fde0b9d6aa860d339e2e951a2.jpg" width="3000" height="2001">
                            <media:description type="plain">Michèle Bernier marche dans les pas de Jacqueline Maillan et donne la réplique à Francis Perrin dans Lily et Lily. </media:description>
                            <media:credit>@BeatriceLivet</media:credit>
                        </media:content>
                                                </item>
                    <item>
                <guid>https://www.lefigaro.fr/culture/je-reviendrai-peut-etre-en-politique-les-aveux-d-eric-dupond-moretti-de-retour-sur-les-planches-20250201</guid>
                <title>«Je reviendrai peut-être en politique»: les aveux d’Éric Dupond-Moretti, de retour sur les planches</title>
                                <link>https://www.lefigaro.fr/culture/je-reviendrai-peut-etre-en-politique-les-aveux-d-eric-dupond-moretti-de-retour-sur-les-planches-20250201</link>
                                    <description>Six ans après son premier seul en scène, l’ancien garde des Sceaux remonte sur les planches pour décrire les coulisses de la vie de ministre. Avec le style incisif qui le caractérise, comme nous avons pu l’observer lors des répétitions.</description>
                                <category>Culture</category>
                <pubDate>Sat, 01 Feb 2025 14:53:06 +0100</pubDate>

                                                            <media:content url="https://i.f1g.fr/media/cms/1985x1117_crop/2025/01/30/8eccfc3a361e2dc299586c2b01dda9c3460d37ea85e49bdf0bbee12dff1273a7.jpg" width="1985" height="1117">
                            <media:description type="plain">«J’avais parlé du métier d’avocat, je souhaite aujourd’hui évoquer la fonction de ministre. En quoi consiste-t-elle ?» déclare Éric Dupond-Moretti.</media:description>
                            <media:credit>Emanuele Scorcelletti/Le Figaro Magazine</media:credit>
                        </media:content>
                                                </item>
                    <item>
                <guid>https://www.lefigaro.fr/culture/article-353-du-code-penal-le-juge-et-l-assassin-en-version-finisterienne-20250130</guid>
                <title>Article 353, du Code pénal : le juge et l’assassin en version finistérienne</title>
                                <link>https://www.lefigaro.fr/culture/article-353-du-code-penal-le-juge-et-l-assassin-en-version-finisterienne-20250130</link>
                                    <description>Au Théâtre du Rond-Point, Vincent Garanger incarne un pauvre hère devant la justice. Un spectacle plein d’humanité d’Emmanuel Noblet.</description>
                                <category>Culture</category>
                <pubDate>Thu, 30 Jan 2025 15:33:29 +0100</pubDate>

                                                            <media:content url="https://i.f1g.fr/media/cms/1280x720_crop/2025/01/30/c2e422afb039beaff78f0107f56d79ae7bc9ca926768bf26b0bdc0251ddd4886.jpg" width="1280" height="720">
                            <media:description type="plain">Emmanuel Noblet (ici, à gauche) et Vincent Garanger (ici, à droite) se retrouvent face à face sur les fondations d’un immeuble fantôme dans Article 353, du code pénal.</media:description>
                            <media:credit>Jean-Louis Fernandez</media:credit>
                        </media:content>
                                                </item>
                    <item>
                <guid>https://www.lefigaro.fr/theatre/dans-le-proces-de-jeanne-judith-chemla-vaillante-en-jeanne-d-arc-20250130</guid>
                <title>Dans Le Procès de Jeanne, Judith Chemla vaillante en Jeanne d’Arc</title>
                                <link>https://www.lefigaro.fr/theatre/dans-le-proces-de-jeanne-judith-chemla-vaillante-en-jeanne-d-arc-20250130</link>
                                    <description>CRITIQUE - La comédienne et chanteuse joue divinement Jeanne d’Arc, mis en scène par Yves Beaunesne au Théâtre des Bouffes du Nord, à Paris.</description>
                                <category>Théâtre</category>
                <pubDate>Sun, 02 Feb 2025 15:49:29 +0100</pubDate>

                                                            <media:content url="https://i.f1g.fr/media/cms/2850x1603_crop/2025/01/30/d70bd7d45d2f3f9282e842eaf1d99dd42a89f5828f8f74c74b0add05c994e554.jpg" width="2850" height="1603">
                            <media:description type="plain">Judith Chemla prête à Jeanne sa vaillance, son naturel désarmant, son obstination et sa vérité.</media:description>
                            <media:credit>Guy Delahaye.</media:credit>
                        </media:content>
                                                </item>
                    <item>
                <guid>https://www.lefigaro.fr/culture/edouard-baer-cyrano-nous-montre-que-l-esprit-est-une-arme-redoutable-et-un-kit-de-survie-20250129</guid>
                <title>Édouard Baer : «Cyrano nous montre que l’esprit est une arme redoutable et un kit de survie»</title>
                                <link>https://www.lefigaro.fr/culture/edouard-baer-cyrano-nous-montre-que-l-esprit-est-une-arme-redoutable-et-un-kit-de-survie-20250129</link>
                                    <description>ENTRETIEN CROISÉ - C’est l’un des temps forts de cette rentrée théâtrale. Anne Kessler, sociétaire honoraire de la Comédie-Française, dirige le comédien dans Cyrano de Bergerac au Théâtre Antoine. Rencontre.</description>
                                <category>Culture</category>
                <pubDate>Wed, 29 Jan 2025 16:43:35 +0100</pubDate>

                                                            <media:content url="https://i.f1g.fr/media/cms/3000x2000_crop/2025/01/29/f1df76373034f4be7d398c499f992ada8fcbdca6167420978ff9ab735d3056eb.jpg" width="3000" height="2000">
                            <media:description type="plain">Édouard Baer et Anne Kessler ont imaginé un bretteur plus intime doté d’un nez… un peu moins long.</media:description>
                            <media:credit>© JMD Production</media:credit>
                        </media:content>
                                                </item>
                    <item>
                <guid>https://www.lefigaro.fr/theatre/disparition-de-la-comedienne-maaike-jansen-a-83-ans-20250128</guid>
                <title>Disparition de la comédienne Maaike Jansen à 83 ans</title>
                                <link>https://www.lefigaro.fr/theatre/disparition-de-la-comedienne-maaike-jansen-a-83-ans-20250128</link>
                                    <description>La comédienne d’origine hollandaise qui a beaucoup joué avec son mari Roland Giraud s’est éteinte, le 23 janvier à Sens, dans l’Yonne.</description>
                                <category>Théâtre</category>
                <pubDate>Tue, 28 Jan 2025 21:50:03 +0100</pubDate>

                                                            <media:content url="https://i.f1g.fr/media/cms/2001x1125_crop/2025/01/28/2c33a14c6ad46547224fd7021a3ab432366faf3e4dae478e7077dcbeb42b31e7.jpg" width="2001" height="1125">
                            <media:description type="plain">Roland Giraud et son épouse Maaike Jansen en 2011.</media:description>
                            <media:credit>PATRICK KOVARIK / AFP</media:credit>
                        </media:content>
                                                </item>
                    <item>
                <guid>https://www.lefigaro.fr/culture/vincent-dedienne-totalement-habite-par-jean-luc-lagarce-20250128</guid>
                <title>Vincent Dedienne totalement habité par Jean-Luc Lagarce</title>
                                <link>https://www.lefigaro.fr/culture/vincent-dedienne-totalement-habite-par-jean-luc-lagarce-20250128</link>
                                    <description>CRITIQUE - Au Théâtre de l’Atelier, le comédien fait revivre l’auteur mort du sida dans Juste la fin du monde et Il ne m’est jamais rien arrivé.</description>
                                <category>Culture</category>
                <pubDate>Wed, 29 Jan 2025 16:47:35 +0100</pubDate>

                                                            <media:content url="https://i.f1g.fr/media/cms/3000x2001_crop/2025/01/28/c6c33e9020045ceaeeaa973e3d23ebf1b0cb5adaf840d20d4ed3d90cda7d74a5.jpg" width="3000" height="2001">
                            <media:description type="plain">Vincent Dedienne déroule un récit où affleurent une légèreté crâne et de la tristesse.</media:description>
                            <media:credit>Christophe Raynaud de Lage</media:credit>
                        </media:content>
                                                </item>
                    <item>
                <guid>https://www.lefigaro.fr/culture/le-vrai-sport-au-theatre-c-est-faire-revivre-l-instantaneite-chaque-soir-francois-cluzet-drole-de-psy-20250127</guid>
                <title>«Le vrai sport au théâtre, c’est faire revivre l’instantanéité chaque soir»: François Cluzet, drôle de psy</title>
                                <link>https://www.lefigaro.fr/culture/le-vrai-sport-au-theatre-c-est-faire-revivre-l-instantaneite-chaque-soir-francois-cluzet-drole-de-psy-20250127</link>
                                    <description>Après 25 ans d’absence au théâtre, l’acteur a créé avec brio Encore une journée divine, adapté du livre de Denis Michelis par Emmanuel Noblet au Théâtre du Jeu de Paume, à Aix-en-Provence avant de jouer à Paris à partir du 25 janvier. Rencontre.</description>
                                <category>Culture</category>
                <pubDate>Wed, 29 Jan 2025 16:48:33 +0100</pubDate>

                                                            <media:content url="https://i.f1g.fr/media/cms/2048x1365_crop/2025/01/27/1ac98d631510b878dfe9a9405414dd42955f91693be05d258eb82dd576ba39eb.jpg" width="2048" height="1365">
                            <media:description type="plain">François Cluzet, dans «Encore une journée divine». Pour le comédien, revenir au théâtre, c’est revenir là où il a commencé. </media:description>
                            <media:credit>JEAN-LOUIS FERNANDEZ</media:credit>
                        </media:content>
                                                </item>
                    <item>
                <guid>https://www.lefigaro.fr/theatre/notre-critique-du-misanthrope-avec-eric-elmosnino-un-etonnant-alceste-maniacodepressif-20250127</guid>
                <title>Notre critique du Misanthrope, avec Éric Elmosnino: un étonnant Alceste maniacodépressif</title>
                                <link>https://www.lefigaro.fr/theatre/notre-critique-du-misanthrope-avec-eric-elmosnino-un-etonnant-alceste-maniacodepressif-20250127</link>
                                    <description>CRITIQUE - Pour la première fois, Georges Lavaudant s’attaque à Molière et a pris le pari de monter la pièce de Molière à la seule condition qu’Alceste soit interprété par l’acteur. Un très bon choix.</description>
                                <category>Théâtre</category>
                <pubDate>Mon, 27 Jan 2025 15:26:03 +0100</pubDate>

                                                            <media:content url="https://i.f1g.fr/media/cms/2657x1494_crop/2025/01/27/25b3f36d56da6a322f5c3bf60771c65f373ab875777bd415cfd8df68038e773c.jpg" width="2657" height="1494">
                            <media:description type="plain">De ce «Misanthrope» parfois secoué de bruits de flashs photographiques et de coups de cymbale, il nous restera la prestation d’Elmosnino, Alceste d’un troisième type.</media:description>
                            <media:credit>Marie Clauzade</media:credit>
                        </media:content>
                                                </item>
                    <item>
                <guid>https://www.lefigaro.fr/culture/touchee-par-les-fees-avec-ariane-ascaride-un-spectacle-miraculeux-sur-le-temps-des-secrets-et-la-fureur-de-jouer-20250126</guid>
                <title>Touchée par les fées, avec Ariane Ascaride : un spectacle miraculeux sur le temps des secrets et la fureur de jouer</title>
                                <link>https://www.lefigaro.fr/culture/touchee-par-les-fees-avec-ariane-ascaride-un-spectacle-miraculeux-sur-le-temps-des-secrets-et-la-fureur-de-jouer-20250126</link>
                                    <description>CRITIQUE - Dans ce seul en scène, la comédienne raconte son enfance et ses débuts dans le métier. Émotion garantie.</description>
                                <category>Culture</category>
                <pubDate>Wed, 29 Jan 2025 16:54:29 +0100</pubDate>

                                                            <media:content url="https://i.f1g.fr/media/cms/1341x754_crop/2025/01/26/dfa3ee1b16302020b4a1c016d94414a9a09a2f90071e0a96a941b472d5c333ac.jpg" width="1341" height="754">
                            <media:description type="plain">Ariane Ascaride dans Touchée par les fées, à la Scala de Paris.</media:description>
                            <media:credit>LOUIE SALTO</media:credit>
                        </media:content>
                                                </item>
                    <item>
                <guid>https://www.lefigaro.fr/theatre/macron-et-de-gaulle-un-dialogue-imaginaire-signe-jean-marie-besset-20250126</guid>
                <title>Macron et De Gaulle : un dialogue imaginaire signé Jean-Marie Besset</title>
                                <link>https://www.lefigaro.fr/theatre/macron-et-de-gaulle-un-dialogue-imaginaire-signe-jean-marie-besset-20250126</link>
                                    <description>La «fantaisie politique» du double récipiendaire du grand prix du théâtre de l’Académie français, intitulée De Gaulle apparaît en songe à Emmanuel Macron est à l’affiche du théâtre Dejazet à partir du 4 février.</description>
                                <category>Théâtre</category>
                <pubDate>Wed, 29 Jan 2025 17:18:30 +0100</pubDate>

                                                            <media:content url="https://i.f1g.fr/media/cms/2878x1619_crop/2025/01/22/1f196b8a48ec85b94215c7224744843e94d4d101ba45f5cc40ea85bca65eba7e.jpg" width="2878" height="1619">
                            <media:description type="plain">Stéphane Dausse et Nicolas Vial dans De Gaulle apparaît en songe à Emmanuel Macron de Besset au théâtre Dejazet à partir du 4 février 2025.</media:description>
                            <media:credit>Dejazet/Rastagrphe</media:credit>
                        </media:content>
                                                </item>
                    <item>
                <guid>https://www.lefigaro.fr/theatre/le-joyeux-derapage-des-sea-girls-a-la-scala-20250124</guid>
                <title>Le joyeux Dérapage des Sea Girls à La Scala</title>
                                <link>https://www.lefigaro.fr/theatre/le-joyeux-derapage-des-sea-girls-a-la-scala-20250124</link>
                                    <description>CRITIQUE - Prunella Rivière, Delphine Simon et Judith Rémy charment le public avec un nouveau spectacle de music-hall.</description>
                                <category>Théâtre</category>
                <pubDate>Wed, 29 Jan 2025 17:20:21 +0100</pubDate>

                                                            <media:content url="https://i.f1g.fr/media/cms/3000x2001_crop/2025/01/24/29e36292ef2f27a3729dbfedb772d2f57bee16ed697189dc46ff6ecd77aaf944.jpg" width="3000" height="2001">
                            <media:description type="plain">Dérapage, le nouveau spectacle des Sea Girls, a un petit goût de Broadway : il mêle théâtre, music-hall et comédie musicale.</media:description>
                            <media:credit>Christophe RAYNAUD DE LAGE </media:credit>
                        </media:content>
                                                </item>
                    <item>
                <guid>https://www.lefigaro.fr/theatre/ludmila-mikael-avec-pierre-arditi-on-est-comme-des-trapezistes-on-ne-se-lache-pas-20250123</guid>
                <title>Ludmila Mikaël : «Avec Pierre Arditi, on est comme des trapézistes, on ne se lâche pas»</title>
                                <link>https://www.lefigaro.fr/theatre/ludmila-mikael-avec-pierre-arditi-on-est-comme-des-trapezistes-on-ne-se-lache-pas-20250123</link>
                                    <description>ENTRETIEN - À l’affiche d’En fanfare, d’Emmanuel Courcol, elle revient au théâtre après six ans d’absence avec Le Prix, de Cyril Gely, Des bracelets porte-bonheur au bras, l’actrice évoque le métier et ses passions.</description>
                                <category>Théâtre</category>
                <pubDate>Thu, 23 Jan 2025 11:46:26 +0100</pubDate>

                                                            <media:content url="https://i.f1g.fr/media/cms/2000x1125_crop/2025/01/23/394c99ae07913f7ceddbaa274ba83f85e644d50ff5cfb6121102896a51413424.jpg" width="2000" height="1125">
                            <media:description type="plain">Ludmila Mikaël.</media:description>
                            <media:credit>Carole Bellaïche</media:credit>
                        </media:content>
                                                </item>
                    <item>
                <guid>https://www.lefigaro.fr/culture/programmation-affluence-financement-quel-avenir-pour-le-cabaret-francais-20250122</guid>
                <title>Programmation, affluence, financement... Quel avenir pour le cabaret français&#160;?</title>
                                <link>https://www.lefigaro.fr/culture/programmation-affluence-financement-quel-avenir-pour-le-cabaret-francais-20250122</link>
                                    <description>ENQUÊTE - Ce 21&amp;#160;janvier, Rachida Dati était au Moulin-Rouge pour annoncer des mesures en faveur du cabaret. Le milieu et ses créatures applaudissent.</description>
                                <category>Culture</category>
                <pubDate>Wed, 22 Jan 2025 16:41:17 +0100</pubDate>

                                                            <media:content url="https://i.f1g.fr/media/cms/3000x2002_crop/2025/01/21/54770d8cbec1badcf029739a193a5536721ecee5bfe7a6d72b3650dfdb9b1991.jpg" width="3000" height="2002">
                            <media:description type="plain">Le cancan bigouden au cabaret Moustache près de Rennes</media:description>
                            <media:credit>DR.</media:credit>
                        </media:content>
                                                </item>
                    <item>
                <guid>https://www.lefigaro.fr/theatre/le-hasard-merveilleux-ou-l-itineraire-d-une-enfant-pas-gatee-20250121</guid>
                <title>Le hasard merveilleux ou l’itinéraire d’une enfant pas gâtée</title>
                                <link>https://www.lefigaro.fr/theatre/le-hasard-merveilleux-ou-l-itineraire-d-une-enfant-pas-gatee-20250121</link>
                                    <description>CRITIQUE - Brigitte Guedj porte sur ses épaules la pièce de Jean-Christophe Dollé au Lucernaire, à Paris. Un moment de grâce.</description>
                                <category>Théâtre</category>
                <pubDate>Thu, 23 Jan 2025 10:39:33 +0100</pubDate>

                                                            <media:content url="https://i.f1g.fr/media/cms/789x400_crop/2025/01/21/6eecf1983659eff33f24ff405afa32a89b6b86e15c8987bc670f7363c714a57b.jpg" width="789" height="400">
                            <media:description type="plain">Les cinéphiles et les téléspectateurs connaissent le visage et la voix de Brigitte Guedj, remarquée au cinéma et à la télévision notamment dans des séries comme Une famille formidable.</media:description>
                            <media:credit>Christophe Raynaud de Lage.</media:credit>
                        </media:content>
                                                </item>
            </channel>
</rss>
