<?xml version="1.0" encoding="UTF-8"?>
<rss version="2.0" xmlns:atom="http://www.w3.org/2005/Atom" xmlns:media="http://search.yahoo.com/mrss/">
    <channel>
        <atom:link href="https://www.lefigaro.fr/rss/figaro_retraite.xml" rel="self" type="application/rss+xml"/>
        <category>Retraite</category>
        <title>Le Figaro - Retraite et succession : Actualité et conseils sur les retraites, la succession et la gestion de patrimoine</title>
        <description>Retraite : Retrouvez toute l&#039;actualité sur les retraites et conseils sur les successions, ainsi que nos outils de simulation avec Lefigaro.fr</description>
        <link>http://www.lefigaro.fr</link>
        <language>fr</language>
        <copyright>Droits de reproduction et de diffusion réservés LeFigaro.fr</copyright>
        <lastBuildDate>Mon, 10 Feb 2025 13:34:20 +0100</lastBuildDate>
        <docs>https://www.lefigaro.fr/rss</docs>
        <image>
            <title>Le Figaro - Retraite et succession : Actualité et conseils sur les retraites, la succession et la gestion de patrimoine</title>
            <url>https://static.lefigaro.fr/common/logos/logo-150x150.png</url>
            <link>http://www.lefigaro.fr</link>
            <description>Retraite : Retrouvez toute l&#039;actualité sur les retraites et conseils sur les successions, ainsi que nos outils de simulation avec Lefigaro.fr</description>
        </image>

                    <item>
                <guid>https://www.lefigaro.fr/retraite/victor-trentenaire-et-retraite-depuis-4-ans-ma-strategie-a-beaucoup-repose-sur-de-nouveaux-concepts-rentables-20241231</guid>
                <title>Victor, 36 ans et retraité : «Ma stratégie a beaucoup reposé sur de nouveaux concepts rentables»</title>
                                <link>https://www.lefigaro.fr/retraite/victor-trentenaire-et-retraite-depuis-4-ans-ma-strategie-a-beaucoup-repose-sur-de-nouveaux-concepts-rentables-20241231</link>
                                    <description>JEUNES ET RETRAITÉS - À 36 ans, Victor Lora ne travaille plus. Son secret ? Appliquer la méthode FIRE, mais en l’adaptant.</description>
                                <category>Retraite</category>
                <pubDate>Fri, 31 Jan 2025 12:54:13 +0100</pubDate>

                                                            <media:content url="https://i.f1g.fr/media/cms/3000x1688_crop/2024/12/26/2059bcf4cf0a857f58d81dcab04c01730c59aed932c2ef00195a4e0753b3818b.jpg" width="3000" height="1688">
                            <media:description type="plain">Victor Lora est devenu l’un des promoteurs les plus en vue en France du mouvement FIRE, Financial Independance and Retire Early (indépendance financière et retraite précoce).</media:description>
                            <media:credit>Adobe Stock / Charlotte Paroielle</media:credit>
                        </media:content>
                                                </item>
                    <item>
                <guid>https://www.lefigaro.fr/retraite/quentin-retraite-a-38-ans-etre-salarie-actionnaire-m-a-conduit-a-la-liberte-financiere-20241211</guid>
                <title>Quentin, retraité à 38 ans : «Être salarié actionnaire m’a conduit à la liberté financière»</title>
                                <link>https://www.lefigaro.fr/retraite/quentin-retraite-a-38-ans-etre-salarie-actionnaire-m-a-conduit-a-la-liberte-financiere-20241211</link>
                                    <description>JEUNES ET RETRAITÉS - Fortune faite, Quentin a tout quitté avant ses 40 ans pour partir vivre au soleil avec sa famille. L’aboutissement d’une stratégie bien huilée qu’il nous dévoile.</description>
                                <category>Retraite</category>
                <pubDate>Wed, 11 Dec 2024 07:00:00 +0100</pubDate>

                                                            <media:content url="https://i.f1g.fr/media/cms/3000x1688_crop/2024/12/04/deb44f9aecb6fa47017e5066a61d2560323152f1100a0a449d6794330a2034e3.jpg" width="3000" height="1688">
                            <media:description type="plain">Dans sa nouvelle vie à l’étranger, Quentin partage son temps entre le sport, les voyages et la gestion de son patrimoine.</media:description>
                            <media:credit>Adobe Stock - Charlotte Paroielle/Le Figaro</media:credit>
                        </media:content>
                                                </item>
                    <item>
                <guid>https://www.lefigaro.fr/retraite/expatries-comment-securiser-le-montant-de-votre-pension-de-retraite-20241204</guid>
                <title>Expatriés: comment sécuriser le montant de votre pension de retraite</title>
                                <link>https://www.lefigaro.fr/retraite/expatries-comment-securiser-le-montant-de-votre-pension-de-retraite-20241204</link>
                                    <description>NOS CONSEILS - Selon les pays où vous avez travaillé et la durée de vos missions, l’impact sur le montant de votre pension de retraite ne sera pas le même. Voici comment vous assurer que toutes vos cotisations ont été prises en compte.</description>
                                <category>Retraite</category>
                <pubDate>Wed, 04 Dec 2024 07:30:00 +0100</pubDate>

                                                            <media:content url="https://i.f1g.fr/media/cms/3000x2001_crop/2024/11/29/b4083951b4f1c3c6c781eb3b32d8c1174d10470809460623a7672c30a0346242.jpg" width="3000" height="2001">
                            <media:description type="plain">En cas d’erreur, vous pouvez compléter votre dossier jusqu’à la date de liquidation de votre retraite.</media:description>
                            <media:credit>InsideCreativeHouse - stock.adobe.com</media:credit>
                        </media:content>
                                                </item>
                    <item>
                <guid>https://www.lefigaro.fr/retraite/elle-paie-un-tiers-de-moins-qu-a-l-ehpad-comment-l-habitat-partage-fait-baisser-la-facture-des-aines-20241024</guid>
                <title>« Elle payait 4300 euros à l'Ehpad, elle paie maintenant 2900 euros »&#160;: comment l’habitat partagé fait baisser la facture des aînés</title>
                                <link>https://www.lefigaro.fr/retraite/elle-paie-un-tiers-de-moins-qu-a-l-ehpad-comment-l-habitat-partage-fait-baisser-la-facture-des-aines-20241024</link>
                                    <description>La colocation gagne du terrain chez les seniors, notamment chez les plus âgés qui y voient une alternative à l’Ehpad. À la clé, la promesse d’un meilleur accompagnement et d’un cadre de vie plus agréable.</description>
                                <category>Retraite</category>
                <pubDate>Fri, 25 Oct 2024 06:26:43 +0200</pubDate>

                                                            <media:content url="https://i.f1g.fr/media/cms/3000x2250_crop/2024/10/22/acb20dad29317525181038ba79b73e31ee265061d389c995dddbdf9d46c3fe5c.jpg" width="3000" height="2250">
                            <media:description type="plain">Simonne, 99 ans, le vendredi 18 octobre, dans son studio de Saint-Cloud, en pleine discussion avec le patron de Cosima, Maxence Petit.</media:description>
                            <media:credit>Anne Rovan</media:credit>
                        </media:content>
                                                </item>
                    <item>
                <guid>https://www.lefigaro.fr/retraite/couple-comment-anticiper-financierement-son-installation-en-maison-de-retraite-20240803</guid>
                <title>Couple: comment anticiper financièrement son installation en maison de retraite</title>
                                <link>https://www.lefigaro.fr/retraite/couple-comment-anticiper-financierement-son-installation-en-maison-de-retraite-20240803</link>
                                    <description>NOS CONSEILS – Même s&#039;il est toujours difficile d&#039;envisager de s&#039;installer dans une maison de retraite, en prenant de l&#039;âge l&#039;éventualité peut s&#039;imposer un jour ou l&#039;autre. Autant s&#039;y préparer, notamment financièrement, pour pouvoir choisir un établissement en ayant toutes les cartes en main.</description>
                                <category>Retraite</category>
                <pubDate>Sat, 03 Aug 2024 10:00:00 +0200</pubDate>

                                                            <media:content url="https://i.f1g.fr/media/cms/3000x2009_crop/2024/04/04/d7f1085bc831f091afcfff566cc7efe4482fda724d3f5f4feed9e96b3de987c6.jpg" width="3000" height="2009">
                            <media:description type="plain">Même si quelques aides existent, pour les personnes plus aisées le coût financier d'une maison de retraite se révèle très élevé.</media:description>
                            <media:credit>Monkey Business Images / Monkey Business - stock.adobe.com</media:credit>
                        </media:content>
                                                </item>
                    <item>
                <guid>https://www.lefigaro.fr/retraite/golden-visa-placements-immobilier-succession-les-cles-pour-prendre-sereinement-sa-retraite-a-l-etranger-20240729</guid>
                <title>Golden visa, placements, immobilier, succession… Les clés pour prendre sereinement sa retraite à l’étranger</title>
                                <link>https://www.lefigaro.fr/retraite/golden-visa-placements-immobilier-succession-les-cles-pour-prendre-sereinement-sa-retraite-a-l-etranger-20240729</link>
                                    <description>NOS CONSEILS - Partir vivre sa retraite au soleil, les pieds dans une eau turquoise, beaucoup en rêvent. Mais ce n&#039;est pas si simple et de mauvaises surprises peuvent vite gâcher la fête. Voici tout ce qu’il faut anticiper avant de s’expatrier.</description>
                                <category>Retraite</category>
                <pubDate>Mon, 29 Jul 2024 20:07:59 +0200</pubDate>

                                                            <media:content url="https://i.f1g.fr/media/cms/3000x2000_crop/2024/07/08/f02fa2001b6effe761db9193c4a662a8bbd0f5edcb23d0d40f5af8ae201d6ff4.jpg" width="3000" height="2000">
                            <media:description type="plain">Fiscalité, héritage, régime matrimonial... s’installer à l’étranger a un impact sur de nombreux aspects de votre vie.</media:description>
                            <media:credit>Sunagatov Dmitry / Dmytro Sunagatov - stock.adobe.com</media:credit>
                        </media:content>
                                                </item>
                    <item>
                <guid>https://www.lefigaro.fr/retraite/retraite-des-femmes-tous-les-points-a-verifier-pour-ne-pas-voir-sa-pension-minoree-20240601</guid>
                <title>Retraite des femmes : tous les points à vérifier pour ne pas voir sa pension minorée</title>
                                <link>https://www.lefigaro.fr/retraite/retraite-des-femmes-tous-les-points-a-verifier-pour-ne-pas-voir-sa-pension-minoree-20240601</link>
                                    <description>NOS CONSEILS – A la retraite, même avec des carrières complètes, les femmes touchent 40 % de moins que les hommes. Pour réduire cet écart, plusieurs dispositifs leur sont réservés. En principe les caisses les appliquent d&#039;office mais mieux vaut s&#039;en assurer.</description>
                                <category>Retraite</category>
                <pubDate>Sat, 01 Jun 2024 08:51:08 +0200</pubDate>

                                                            <media:content url="https://i.f1g.fr/media/cms/3000x2001_crop/2024/05/27/7c4a8ced46cc9f04c164cf28146c9bde5c8c26a79ba4e166d7eae5396bae49b7.jpg" width="3000" height="2001">
                            <media:description type="plain">Il ne faut rien laisser au hasard car tout compte pour améliorer son revenu.</media:description>
                            <media:credit>insta_photos - stock.adobe.com</media:credit>
                        </media:content>
                                                </item>
                    <item>
                <guid>https://www.lefigaro.fr/retraite/les-pistes-pour-bien-utiliser-la-fiscalite-du-plan-d-epargne-retraite-20240529</guid>
                <title>Les pistes pour bien utiliser la fiscalité du plan d'épargne-retraite</title>
                                <link>https://www.lefigaro.fr/retraite/les-pistes-pour-bien-utiliser-la-fiscalite-du-plan-d-epargne-retraite-20240529</link>
                                    <description>Attractive, la fiscalité du PER varie en fonction des options choisies par l&#039;épargnant au moment du versement. Avec parfois de mauvaises surprises</description>
                                <category>Retraite</category>
                <pubDate>Wed, 29 May 2024 08:00:00 +0200</pubDate>

                                                            <media:content url="https://i.f1g.fr/media/cms/3000x1687_crop/2024/05/21/e4329aa12c91489ee3a7828b3b6f4e90b245144fa5fb9ad26e6496b57a3c9173.jpg" width="3000" height="1687">
                            <media:description type="plain">Les règles fiscales attachées au plan d'épargne-retraite sont plus complexes qu'il n'y paraît.</media:description>
                            <media:credit>Ala / stock.adobe.com</media:credit>
                        </media:content>
                                                </item>
                    <item>
                <guid>https://www.lefigaro.fr/retraite/retraite-qui-peut-encore-partir-avant-l-heure-20240407</guid>
                <title>Retraite: qui peut encore partir avant l’heure?</title>
                                <link>https://www.lefigaro.fr/retraite/retraite-qui-peut-encore-partir-avant-l-heure-20240407</link>
                                    <description>DÉCRYPTAGE - La réforme a maintenu plusieurs dispositifs qui permettent d’arrêter de travailler avant l’âge légal de départ désormais fixé à 64 ans.</description>
                                <category>Retraite</category>
                <pubDate>Sun, 07 Apr 2024 07:00:15 +0200</pubDate>

                                                            <media:content url="https://i.f1g.fr/media/eidos/630x354_crop/2024/04/07/XVMddc72c9a-e216-11ee-b24c-c09437ab7101.jpg" width="630" height="354">
                            <media:description type="plain">Malgré la réforme de 2023, certains pourront encore partir à la retraite à partir de 58 ans.</media:description>
                            <media:credit>STOCK ADOBE</media:credit>
                        </media:content>
                                                </item>
                    <item>
                <guid>https://www.lefigaro.fr/retraite/retraite-que-valent-vraiment-les-trimestres-accordes-au-titre-de-la-maternite-20240406</guid>
                <title>Retraite: que valent vraiment les trimestres accordés au titre de la maternité?</title>
                                <link>https://www.lefigaro.fr/retraite/retraite-que-valent-vraiment-les-trimestres-accordes-au-titre-de-la-maternite-20240406</link>
                                    <description>Malgré une majoration, les femmes sont perdantes avec le recul de l’âge légal de départ.</description>
                                <category>Retraite</category>
                <pubDate>Sat, 06 Apr 2024 07:00:18 +0200</pubDate>

                                                            <media:content url="https://i.f1g.fr/media/eidos/630x354_crop/2024/04/06/XVMe58e8464-e216-11ee-b24c-c09437ab7101.jpg" width="630" height="354">
                            <media:description type="plain">Les trimestres accordés gratuitement aux parents perdent de leur intérêt avec le recul de l’âge de départ.</media:description>
                            <media:credit>STOCK ADOBE</media:credit>
                        </media:content>
                                                </item>
                    <item>
                <guid>https://www.lefigaro.fr/retraite/retraite-ces-couacs-qui-empechent-le-versement-des-pensions-20240330</guid>
                <title>Retraite: ces couacs qui empêchent le versement des pensions</title>
                                <link>https://www.lefigaro.fr/retraite/retraite-ces-couacs-qui-empechent-le-versement-des-pensions-20240330</link>
                                    <description>Retard, montant erronés, la réforme des retraites votée l’an dernier n’a pas tout réglé. Heureusement les assurés peuvent contester, mais les démarches sont longues et fastidieuses.</description>
                                <category>Retraite</category>
                <pubDate>Sat, 30 Mar 2024 12:17:20 +0100</pubDate>

                                                            <media:content url="https://i.f1g.fr/media/eidos/630x354_crop/2024/03/30/XVMc3c35670-e216-11ee-b24c-c09437ab7101.jpg" width="630" height="354">
                            <media:description type="plain">La simplification des demandes de retraite n’a pas supprimé les difficultés auxquelles les future retraités sont confrontés.</media:description>
                            <media:credit>STOCK ADOBE</media:credit>
                        </media:content>
                                                </item>
                    <item>
                <guid>https://www.lefigaro.fr/retraite/retraite-comment-estimer-votre-pension-au-plus-juste-20240323</guid>
                <title>Retraite: comment estimer votre pension au plus juste</title>
                                <link>https://www.lefigaro.fr/retraite/retraite-comment-estimer-votre-pension-au-plus-juste-20240323</link>
                                    <description>NOS CONSEILS - Conséquence de la réforme, les estimations de pension reçues avant décembre dernier sont obsolètes. La marche à suivre pour refaire vos calculs.</description>
                                <category>Retraite</category>
                <pubDate>Sun, 24 Mar 2024 17:49:55 +0100</pubDate>

                                                            <media:content url="https://i.f1g.fr/media/eidos/630x354_crop/2024/03/24/XVM61027f60-e6cc-11ee-bacb-2a769182069f.jpg" width="630" height="354">
                            <media:description type="plain">Le nouvel accord signé par les partenaires sociaux supprime le malus pour tous les assurés nés à compter du 1
er septembre 1961 qui demandent le versement de leur retraite ­depuis le 1
er décembre 2023.</media:description>
                            <media:credit>fizkes - stock.adobe.com</media:credit>
                        </media:content>
                                                </item>
                    <item>
                <guid>https://www.lefigaro.fr/retraite/retraite-complementaire-comment-les-salaries-ont-perdu-des-droits-20240324</guid>
                <title>Retraite complémentaire: comment les salariés ont perdu des droits</title>
                                <link>https://www.lefigaro.fr/retraite/retraite-complementaire-comment-les-salaries-ont-perdu-des-droits-20240324</link>
                                    <description>DÉCRYPTAGE - Les cotisations, surtout celles des cadres, permettent d’acquérir deux fois moins de pensions qu’il y a cinquante ans.</description>
                                <category>Retraite</category>
                <pubDate>Sun, 24 Mar 2024 07:00:15 +0100</pubDate>

                                                            <media:content url="https://i.f1g.fr/media/eidos/630x354_crop/2024/03/24/XVMd44ead1e-e216-11ee-b24c-c09437ab7101.jpg" width="630" height="354">
                            <media:description type="plain">100 € de cotisations donnent droit à 5,68 € de pension annuelle, contre plus de 11 € il y a 50 ans.</media:description>
                            <media:credit>STOCK ADOBE</media:credit>
                        </media:content>
                                                </item>
                    <item>
                <guid>https://www.lefigaro.fr/retraite/retraite-ces-dispositifs-qui-dopent-le-montant-de-votre-pension-20240207</guid>
                <title>Retraite : ces dispositifs qui dopent le montant de votre pension</title>
                                <link>https://www.lefigaro.fr/retraite/retraite-ces-dispositifs-qui-dopent-le-montant-de-votre-pension-20240207</link>
                                    <description>NOS CONSEILS - Quelle part de votre dernier salaire toucherez-vous une fois à la retraite ? Plusieurs possibilités s&#039;offrent à vous pour augmenter vos pensions, que vous soyez encore en activité ou non.</description>
                                <category>Retraite</category>
                <pubDate>Wed, 07 Feb 2024 17:41:47 +0100</pubDate>

                                                            <media:content url="https://i.f1g.fr/media/cms/3000x2000_crop/2024/02/07/fdc9371163885ee88a6ecd61e4c47e749627c9f06c8da50aebbd792cfc622ca2.jpg" width="3000" height="2000">
                            <media:description type="plain">Les solutions ne manquent pas pour arrondir votre pension, et la réforme des retraites les a même boostées.</media:description>
                            <media:credit>insta_photos - stock.adobe.com</media:credit>
                        </media:content>
                                                </item>
                    <item>
                <guid>https://www.lefigaro.fr/retraite/retraites-6-pays-ou-s-installer-pour-payer-moins-d-impots-20231229</guid>
                <title>Retraités : 6 pays où s'installer pour payer moins d'impôts</title>
                                <link>https://www.lefigaro.fr/retraite/retraites-6-pays-ou-s-installer-pour-payer-moins-d-impots-20231229</link>
                                    <description>NOS CONSEILS - Des pays ont mis en place des dispositifs fiscaux alléchants pour attirer sur leur sol les retraités. La concurrence est rude entre ces eldorados qui leur promettent, en toute légalité, un exil sous le soleil, loin du fisc.</description>
                                <category>Retraite</category>
                <pubDate>Fri, 29 Dec 2023 14:05:20 +0100</pubDate>

                                                            <media:content url="https://i.f1g.fr/media/cms/1920x1080_crop/2023/12/28/61542d8345d14c8a6abab85a0ec8d33aec001b681056c658b725b735a56780b2.jpg" width="1920" height="1080">
                            <media:description type="plain">Soleil, douceur de vivre et fiscalité légère... La recette du bonheur ?</media:description>
                            <media:credit>Adobe Stock</media:credit>
                        </media:content>
                                                </item>
                    <item>
                <guid>https://www.lefigaro.fr/retraite/gilbert-cette-conseiller-de-l-ombre-de-macron-a-la-tete-du-cor-20231204</guid>
                <title>Gilbert Cette, conseiller de l’ombre de Macron, à la tête du COR</title>
                                <link>https://www.lefigaro.fr/retraite/gilbert-cette-conseiller-de-l-ombre-de-macron-a-la-tete-du-cor-20231204</link>
                                    <description>PORTRAIT - L’enseignant, diplômé de l’Ensae Paris souhaite mettre l’accent sur la pédagogie sur le sujet des retraites.</description>
                                <category>Retraite</category>
                <pubDate>Mon, 04 Dec 2023 18:10:19 +0100</pubDate>

                                                            <media:content url="https://i.f1g.fr/media/eidos/630x354_crop/2023/12/04/XVM04b9e9fe-92bd-11ee-b1bc-7694e6b8c633.jpg" width="630" height="354">
                            <media:description type="plain">Gilbert Cette.</media:description>
                            <media:credit>Arno Lam</media:credit>
                        </media:content>
                                                </item>
                    <item>
                <guid>https://www.lefigaro.fr/retraite/retraite-est-ce-encore-utile-de-racheter-des-trimestres-20231030</guid>
                <title>Retraite: est-ce encore utile de racheter des trimestres?</title>
                                <link>https://www.lefigaro.fr/retraite/retraite-est-ce-encore-utile-de-racheter-des-trimestres-20231030</link>
                                    <description>NOS CONSEILS – Racheter de nouveaux trimestres pour partir plus tôt? Se faire rembourser ceux déjà acquis mais devenus insuffisants après le report de l’âge légal à 64 ans? La réforme entrée en vigueur le 1er septembre a changé la donne. Toutes les infos nécessaires pour prendre les bonnes décisions.</description>
                                <category>Retraite</category>
                <pubDate>Wed, 01 Nov 2023 14:04:56 +0100</pubDate>

                                                            <media:content url="https://i.f1g.fr/media/cms/3000x2000_crop/2023/10/27/650484bb50b2800b132ed8ff131f907593d4689f466746d3a06ba264c0012fd1.jpg" width="3000" height="2000">
                            <media:description type="plain">Il est possible de faire rembourser les trimestres rachetés jusqu’en 2025.</media:description>
                            <media:credit>Franck Chapolard / Franck Chapolard - stock.adobe.com</media:credit>
                        </media:content>
                                                </item>
                    <item>
                <guid>https://www.lefigaro.fr/retraite/retraites-depart-du-president-du-cor-20231025</guid>
                <title>Retraites: départ du président du COR</title>
                                <link>https://www.lefigaro.fr/retraite/retraites-depart-du-president-du-cor-20231025</link>
                                    <description>FOCUS - Le départ de Pierre-Louis Bras «n’est pas une sanction», a cependant commenté l’entourage de la première ministre.</description>
                                <category>Retraite</category>
                <pubDate>Thu, 26 Oct 2023 08:01:43 +0200</pubDate>

                                                            <media:content url="https://i.f1g.fr/media/eidos/630x354_crop/2023/10/25/XVMf687bbd8-736b-11ee-961b-16cdb2716e3a.jpg" width="630" height="354">
                            <media:description type="plain">Pierre-Louis Bras va quitter ses fonctions après neuf ans passées à la tête du COR.</media:description>
                            <media:credit>THOMAS SAMSON/AFP</media:credit>
                        </media:content>
                                                </item>
                    <item>
                <guid>https://www.lefigaro.fr/retraite/fin-de-l-aubaine-des-produits-retraite-pour-mineur-20231021</guid>
                <title>Fin de l’aubaine des produits retraite pour mineur</title>
                                <link>https://www.lefigaro.fr/retraite/fin-de-l-aubaine-des-produits-retraite-pour-mineur-20231021</link>
                                    <description>DÉCRYPTAGE - Le PER, ce placement destiné à financer ses vieux jours, permettait aussi de défiscaliser en donnant de l’argent à ses enfants. Cette possibilité disparaît en 2024.</description>
                                <category>Retraite</category>
                <pubDate>Sat, 21 Oct 2023 07:00:24 +0200</pubDate>

                                                            <media:content url="https://i.f1g.fr/media/eidos/630x354_crop/2023/10/21/XVM24fa12ca-69aa-11ee-8a67-ab98d22356f3.jpg" width="630" height="354">
                            <media:description type="plain">On compterait seulement près de 3000 PER pour mineur selon Bercy et quelques contentieux avec le fisc.</media:description>
                            <media:credit>STOCK ADOBE</media:credit>
                        </media:content>
                                                </item>
                    <item>
                <guid>https://www.lefigaro.fr/retraite/retraites-l-etat-veut-puiser-dans-les-caisses-de-l-agirc-arrco-20231001</guid>
                <title>Plus de 68 milliards d'euros de réserve : le magot des retraites suscite les convoitises de l'État</title>
                                <link>https://www.lefigaro.fr/retraite/retraites-l-etat-veut-puiser-dans-les-caisses-de-l-agirc-arrco-20231001</link>
                                    <description>DÉCRYPTAGE - Au grand dam du patronat et des syndicats, le gouvernement pourrait prélever de 1 à 3 milliards dans les excédents du régime des retraites complémentaires Agirc-Arrco du privé.</description>
                                <category>Retraite</category>
                <pubDate>Mon, 02 Oct 2023 09:37:20 +0200</pubDate>

                                                            <media:content url="https://i.f1g.fr/media/cms/3000x1687_crop/2023/10/01/d784a4ea61a377efac23886a92eea4f84a33b0e4b59c0e5559f23c28b45be555.jpg" width="3000" height="1687">
                            <media:description type="plain">Olivier Dussopt, le ministre du Travail, du Plein-emploi et de l'Insertion.</media:description>
                            <media:credit>Francois BOUCHON / Le Figaro</media:credit>
                        </media:content>
                                                </item>
            </channel>
</rss>
