<?xml version="1.0" encoding="UTF-8"?>
<rss version="2.0" xmlns:atom="http://www.w3.org/2005/Atom" xmlns:media="http://search.yahoo.com/mrss/">
    <channel>
        <atom:link href="https://www.lefigaro.fr/rss/figaro_arts-expositions.xml" rel="self" type="application/rss+xml"/>
        <category>Arts Expositions</category>
        <title>Le Figaro - Arts Expositions</title>
        <description>Guide Arts et Expo - Retrouvez toute l&#039;actualité des expositions et des salles d&#039;arts de paris avec Figaroscope et Le Figaro</description>
        <link>http://www.lefigaro.fr</link>
        <language>fr</language>
        <copyright>Droits de reproduction et de diffusion réservés LeFigaro.fr</copyright>
        <lastBuildDate>Mon, 10 Feb 2025 13:33:06 +0100</lastBuildDate>
        <docs>https://www.lefigaro.fr/rss</docs>
        <image>
            <title>Le Figaro - Arts Expositions</title>
            <url>https://static.lefigaro.fr/common/logos/logo-150x150.png</url>
            <link>http://www.lefigaro.fr</link>
            <description>Guide Arts et Expo - Retrouvez toute l&#039;actualité des expositions et des salles d&#039;arts de paris avec Figaroscope et Le Figaro</description>
        </image>

                    <item>
                <guid>https://www.lefigaro.fr/culture/faire-passer-un-message-montrer-son-appartenance-ou-son-engagement-le-wax-epatante-saga-au-musee-de-l-homme-20250209</guid>
                <title>Faire passer un message, montrer son appartenance ou son engagement... Le wax, épatante saga au Musée de l’Homme</title>
                                <link>https://www.lefigaro.fr/culture/faire-passer-un-message-montrer-son-appartenance-ou-son-engagement-le-wax-epatante-saga-au-musee-de-l-homme-20250209</link>
                                    <description>EXPOSITION - Une exposition suit le fil de ce tissu bariolé symbole d’Afrique, en réalité né en Asie et industrialisé par les Européens à l’époque coloniale. Une « success-story » paradoxale, qui épouse les tours et les détours de la mondialisation.</description>
                                <category>Culture</category>
                <pubDate>Sun, 09 Feb 2025 19:52:11 +0100</pubDate>

                                                            <media:content url="https://i.f1g.fr/media/cms/2000x1125_crop/2025/02/09/c2283d64babbb682d5b66c856fb62c75664bea57f38c4aab8b66a2489a6af42c.jpg" width="2000" height="1125">
                            <media:description type="plain">« Treasures of Delight » (Trésors de délices) de la photographe kenyane Thandiwe Muriu.</media:description>
                            <media:credit>©Thandiwe Muriu</media:credit>
                        </media:content>
                                                </item>
                    <item>
                <guid>https://www.lefigaro.fr/culture/il-y-a-des-enjeux-lies-a-l-histoire-du-wax-de-l-art-contemporain-a-la-bd-remonter-le-fil-de-cette-etoffe-20250209</guid>
                <title>«Il y a des enjeux liés à l’histoire du wax»: de l’art contemporain à la BD, remonter le fil de cette étoffe</title>
                                <link>https://www.lefigaro.fr/culture/il-y-a-des-enjeux-lies-a-l-histoire-du-wax-de-l-art-contemporain-a-la-bd-remonter-le-fil-de-cette-etoffe-20250209</link>
                                    <description>Le Musée de l’homme retrace l’histoire du wax en Afrique et dévoile les créations d’artistes et de stylistes contemporains qui utilisent ce tissu haut en couleur dans leurs œuvres.</description>
                                <category>Culture</category>
                <pubDate>Sun, 09 Feb 2025 19:53:59 +0100</pubDate>

                                                            <media:content url="https://i.f1g.fr/media/cms/3000x1915_crop/2025/02/09/8915ad995bad4d568aeecb066919cc35233a46366a777bb7aed6b713c9bb8246.jpg" width="3000" height="1915">
                            <media:description type="plain">«Bouleversement du monde» de Monsengo Shula. Collection F et H Seydoux.</media:description>
                            <media:credit>G. Benoît</media:credit>
                        </media:content>
                                                </item>
                    <item>
                <guid>https://www.lefigaro.fr/culture/la-passion-cachee-du-galeriste-kamel-mennour-pour-eugene-carriere-20250209</guid>
                <title>La passion cachée du galeriste Kamel Mennour pour Eugène Carrière</title>
                                <link>https://www.lefigaro.fr/culture/la-passion-cachee-du-galeriste-kamel-mennour-pour-eugene-carriere-20250209</link>
                                    <description>Le marchand parisien en art contemporain ose un face-à-face subtil entre le peintre et le photographe Eugène Atget, pour nous raconter comment, tout jeune, il est tombé fou de son œuvre.</description>
                                <category>Culture</category>
                <pubDate>Sun, 09 Feb 2025 18:03:44 +0100</pubDate>

                                                            <media:content url="https://i.f1g.fr/media/cms/3000x2000_crop/2025/02/09/cd9bd87bb73cf8e27bc2094791422ddb1108aa2ec57e21f10789b8185c295649.jpg" width="3000" height="2000">
                            <media:description type="plain">L’accrochage est comme une partition, dans une gamme de tons brunis par le temps, d’un raffinement subtil.</media:description>
                            <media:credit>Musée Eugène Carrière. Courtesy the artist and Mennour, Paris</media:credit>
                        </media:content>
                                                </item>
                    <item>
                <guid>https://www.lefigaro.fr/culture/machina-sapiens-ou-les-artistes-a-l-heure-de-l-ia-a-la-conciergerie-20250207</guid>
                <title>«Machina Sapiens» ou les artistes à l’heure de l’IA à la Conciergerie</title>
                                <link>https://www.lefigaro.fr/culture/machina-sapiens-ou-les-artistes-a-l-heure-de-l-ia-a-la-conciergerie-20250207</link>
                                    <description>REPORTAGE - Cette exposition réunit une vingtaine d’artistes contemporains qui emploient l’IA pour créer. Ils devraient parler à la Génération Z, née entre 1997 et 2012, et, demain, à la Génération Alpha, née depuis 2010.</description>
                                <category>Culture</category>
                <pubDate>Mon, 10 Feb 2025 10:35:37 +0100</pubDate>

                                                            <media:content url="https://i.f1g.fr/media/cms/3000x2250_crop/2025/02/07/7032e7effbe7e6f9f61234a3256abf7300d32eb83cad2f65179d3b5d23cce9b1.jpg" width="3000" height="2250">
                            <media:description type="plain">Pour deux petits jours, jusqu’à dimanche soir, l’exposition « Machina Sapiens» entend «cartographier les enjeux de l’IA générative et de son impact sur la société». </media:description>
                            <media:credit>© Photo Valérie Duponchelle / Le Figaro</media:credit>
                        </media:content>
                                                </item>
                    <item>
                <guid>https://www.lefigaro.fr/arts-expositions/cimabue-le-maillon-marquant-de-la-peinture-occidentale-20250207</guid>
                <title>Cimabue, le maillon marquant de la peinture occidentale</title>
                                <link>https://www.lefigaro.fr/arts-expositions/cimabue-le-maillon-marquant-de-la-peinture-occidentale-20250207</link>
                                    <description>RÉCIT - Une exposition au Louvre honore l’œuvre modeste mais décisive de cet artiste florentin méconnu du XIIIe siècle qui fut le maître de Giotto et le père de la peinture occidentale.</description>
                                <category>Arts Expositions</category>
                <pubDate>Fri, 07 Feb 2025 12:16:22 +0100</pubDate>

                                                            <media:content url="https://i.f1g.fr/media/cms/1758x989_crop/2025/02/07/2d975c0fd0fd56937a3d17f8abdd664c38e3e31196cff18db959400376e6b4df.jpg" width="1758" height="989">
                            <media:description type="plain">L’une des œuvres les plus imposantes de Cimabue : sa « Maestà » réalisée pour l’église franciscaine de Pise vers 1280-1290.</media:description>
                            <media:credit>C2RMF/Thomas Clot</media:credit>
                        </media:content>
                                                </item>
                    <item>
                <guid>https://www.lefigaro.fr/arts-expositions/exposition-a-la-bnf-la-bonne-fortune-de-l-apocalypse-20250206</guid>
                <title>Exposition: à la BnF, la bonne fortune de l’Apocalypse</title>
                                <link>https://www.lefigaro.fr/arts-expositions/exposition-a-la-bnf-la-bonne-fortune-de-l-apocalypse-20250206</link>
                                    <description>CRITIQUE - Réunies autour du Livre de Jean qui ferme le Nouveau Testament, diverses œuvres contemporaines font écho à des trésors médiévaux, romantiques et modernes. Signe d’un imaginaire biblique toujours captivant.</description>
                                <category>Arts Expositions</category>
                <pubDate>Thu, 06 Feb 2025 14:02:37 +0100</pubDate>

                                                            <media:content url="https://i.f1g.fr/media/cms/1952x3000_crop/2025/02/05/f1ac758f657b51c6be0afab3248d7201cd9305b93bb04b7ba696d5c7f9474db6.jpg" width="1952" height="3000">
                            <media:description type="plain">Fragment de la Tenture de l’Apocalypse : le quatrième flacon versé sur le soleil. D’après un carton de Hennequin de Bruges par le lissier Robert Poinçon. Paris, vers 1373-1380. Propriété de l’État, direction régionale des affaires culturelles des Pays de Loire.</media:description>
                            <media:credit>©Bernard Renoux, Centre des monuments nationaux.</media:credit>
                        </media:content>
                                                </item>
                    <item>
                <guid>https://www.lefigaro.fr/arts-expositions/un-tableau-achete-dans-une-brocante-au-mans-attribue-a-modigliani-20250205</guid>
                <title>Acheté dans une brocante au Mans en 2010, le tableau s’avère être un Modigliani</title>
                                <link>https://www.lefigaro.fr/arts-expositions/un-tableau-achete-dans-une-brocante-au-mans-attribue-a-modigliani-20250205</link>
                                    <description>Acquise pour une somme modique il y a quinze ans par un collectionneur italien, la toile a été authentifiée par des experts de la Fondation dédiée au peintre, à Rome.</description>
                                <category>Arts Expositions</category>
                <pubDate>Wed, 05 Feb 2025 18:31:31 +0100</pubDate>

                                                            <media:content url="https://i.f1g.fr/media/cms/3000x2008_crop/2025/02/05/61ccb6e0059e6776288efd5fc07d494e76d275cdf7112bb0b3f25e9cc3c4bba4.jpg" width="3000" height="2008">
                            <media:description type="plain">Du 20 septembre 2023 au 15 janvier 2024, le musée de l’Orangerie à Paris a accueilli une exposition sur le peintre Amedeo Modigliani.</media:description>
                            <media:credit>THOMAS SAMSON / AFP</media:credit>
                        </media:content>
                                                </item>
                    <item>
                <guid>https://www.lefigaro.fr/culture/la-malmaison-met-l-art-moderne-pile-sur-la-croisette-20250205</guid>
                <title>À Cannes, La Malmaison entend devenir une adresse incontournable de l’art moderne et contemporain</title>
                                <link>https://www.lefigaro.fr/culture/la-malmaison-met-l-art-moderne-pile-sur-la-croisette-20250205</link>
                                    <description>REPORTAGE - La ville de Cannes a restauré cette villa Belle Époque pour en faire un centre d’art à vocation internationale. L’exposition inaugurale a mis le Midi à l’honneur.</description>
                                <category>Culture</category>
                <pubDate>Wed, 05 Feb 2025 16:17:12 +0100</pubDate>

                                                            <media:content url="https://i.f1g.fr/media/cms/3000x2000_crop/2025/02/05/24a397fa0e825f0cd3f2ffa4cfe59fa25885caa5223ab8748dff7b5366c782d7.jpg" width="3000" height="2000">
                            <media:description type="plain">La Malmaison, un havre de paix sur une Croisette, emblème du Festival de Cannes, à la vie effrénée. Un nouveau centre d’art à vocation internationale.</media:description>
                            <media:credit>© Mairie de Cannes</media:credit>
                        </media:content>
                                                </item>
                    <item>
                <guid>https://www.lefigaro.fr/culture/rachida-dati-entend-rapprocher-la-politique-de-l-architecture-des-realites-locales-20250204</guid>
                <title>Rachida Dati entend « rapprocher la politique de l’architecture des réalités locales »</title>
                                <link>https://www.lefigaro.fr/culture/rachida-dati-entend-rapprocher-la-politique-de-l-architecture-des-realites-locales-20250204</link>
                                    <description>La ministre de la Culture qui a remis, mardi, le Grand Prix national de l’architecture 2024 à l’agence lyonnaise Gilles Perraudin, a livré sa stratégie pour ce secteur en pleine mutation. Des annonces sans dévoiler les moyens avec lesquelles elles pourraient se concrétiser.</description>
                                <category>Culture</category>
                <pubDate>Tue, 04 Feb 2025 19:15:39 +0100</pubDate>

                                                            <media:content url="https://i.f1g.fr/media/cms/2850x1603_crop/2025/02/04/6ea759c404bed68b536910daeb117971a7598e038c709d72aed56b92eb010c52.jpg" width="2850" height="1603">
                            <media:description type="plain">Rachida Dati veut augmenter de 20 % le nombre d’étudiants sur dix ans dans les écoles nationales supérieures d’architecture.</media:description>
                            <media:credit>LUDOVIC MARIN / AFP</media:credit>
                        </media:content>
                                                </item>
                    <item>
                <guid>https://www.lefigaro.fr/culture/la-directrice-des-beaux-arts-de-paris-alexia-fabre-non-reconduite-sur-fond-de-projet-polemique-20250204</guid>
                <title>La directrice des Beaux-Arts de Paris, Alexia Fabre, non reconduite sur fond de projet polémique</title>
                                <link>https://www.lefigaro.fr/culture/la-directrice-des-beaux-arts-de-paris-alexia-fabre-non-reconduite-sur-fond-de-projet-polemique-20250204</link>
                                    <description>La réunion sur un même site des Beaux-Arts de Paris et de l’école d’architecture Paris-Malaquais serait la cause de cette décision.</description>
                                <category>Culture</category>
                <pubDate>Tue, 04 Feb 2025 18:43:34 +0100</pubDate>

                                                            <media:content url="https://i.f1g.fr/media/cms/2850x1603_crop/2025/02/04/9baffd02f28d19f9652a1f7de4bbd2edb8b85586213d2b3077bb59cb8e18dc94.jpg" width="2850" height="1603">
                            <media:description type="plain">Nommée en 2022, Alexia Fabre n’est pas reconduite à la tête de l’institution que l’État entend faire cohabiter avec l’École nationale d’architecture Paris-Malaquais.</media:description>
                            <media:credit>Sébastien SORIANO/Le Figaro</media:credit>
                        </media:content>
                                                </item>
                    <item>
                <guid>https://www.lefigaro.fr/arts-expositions/pourquoi-le-tableau-deniche-dans-un-vide-greniers-du-minnesota-n-est-probablement-pas-un-van-gogh-20250131</guid>
                <title>Pourquoi le tableau déniché dans un vide-greniers du Minnesota n’est probablement pas un Van Gogh</title>
                                <link>https://www.lefigaro.fr/arts-expositions/pourquoi-le-tableau-deniche-dans-un-vide-greniers-du-minnesota-n-est-probablement-pas-un-van-gogh-20250131</link>
                                    <description>La société détentrice du tableau affirme qu’il est de la main du peintre néerlandais sur la foi d’un rapport de 458 pages. Mais le musée Van Gogh d’Amsterdam ne le considère pas comme tel.</description>
                                <category>Arts Expositions</category>
                <pubDate>Mon, 03 Feb 2025 11:09:05 +0100</pubDate>

                                                            <media:content url="https://i.f1g.fr/media/cms/1491x839_crop/2025/01/31/6cd156bfe7e904c5252e49356dda10bae55349ba0ef4bf899f83fd37d8cb6f01.jpg" width="1491" height="839">
                            <media:description type="plain">Intitulé Elimar (1889), le tableau aurait été réalisé alors que l’artiste se trouvait au centre psychiatrique Saint-Paul de Saint-Rémy-de-Provence, selon le groupe d’expert.</media:description>
                            <media:credit>LMI Group</media:credit>
                        </media:content>
                                                </item>
                    <item>
                <guid>https://www.lefigaro.fr/culture/a-bruxelles-la-brafa-brave-la-crise-grace-a-ses-fideles-20250131</guid>
                <title>À Bruxelles, la Brafa brave la crise, grâce à ses fidèles</title>
                                <link>https://www.lefigaro.fr/culture/a-bruxelles-la-brafa-brave-la-crise-grace-a-ses-fideles-20250131</link>
                                    <description>REPORTAGE - Rendez-vous attendu des collectionneurs en début d’année, la 70e édition de la foire d’art et d’antiquités belge dissipe les inquiétudes, en affichant des ventes solides mais à des prix souvent bien en dessous du million d’euros.</description>
                                <category>Culture</category>
                <pubDate>Fri, 31 Jan 2025 16:44:04 +0100</pubDate>

                                                            <media:content url="https://i.f1g.fr/media/cms/3000x1834_crop/2025/01/31/335eeb89b1f4872e465bfb60704a631088e98e35c9e82388a6d96fc660d1ba55.jpg" width="3000" height="1834">
                            <media:description type="plain">Si le public vient aussi nombreux à la Brafa, c’est aussi pour sentir la tendance du marché en ce début d’année.</media:description>
                            <media:credit>© Olivier Pirard/© Atelier Joana Vasconcelos/BRAFA 2025</media:credit>
                        </media:content>
                                                </item>
                    <item>
                <guid>https://www.lefigaro.fr/arts-expositions/a-photobrussels-la-photo-reinventee-de-a-a-z-20250131</guid>
                <title>Au royaume des chimères, la photo réinventée de A à Z à PhotoBrussels</title>
                                <link>https://www.lefigaro.fr/arts-expositions/a-photobrussels-la-photo-reinventee-de-a-a-z-20250131</link>
                                    <description>REPORTAGE - L’intelligence artificielle est au cœur de cette 9e édition d’un festival qui met la capitale belge sens dessus dessous.</description>
                                <category>Arts Expositions</category>
                <pubDate>Fri, 31 Jan 2025 14:45:17 +0100</pubDate>

                                                            <media:content url="https://i.f1g.fr/media/cms/3000x2001_crop/2025/01/31/d760d82d128f451ba273727f1bab96876a2355eac146867db728feef99266d34.jpg" width="3000" height="2001">
                            <media:description type="plain">Cherry Airlines, 2024, le monde inventé avec l’intelligence artificielle par le photographe belge Pascal Sgro qui vit et travaille à Bruxelles, l’un des 18 artistes à voir dans l’exposition « AImagine » au Hangar de Bruxelles, jusqu’au 23 février.</media:description>
                            <media:credit>© courtesy Pascal Sgro / Le Hangar</media:credit>
                        </media:content>
                                                </item>
                    <item>
                <guid>https://www.lefigaro.fr/culture/l-inclassable-francis-picabia-remis-en-orbite-sur-le-marche-de-l-art-20250130</guid>
                <title>L’inclassable Francis Picabia remis en orbite sur le marché de l’art</title>
                                <link>https://www.lefigaro.fr/culture/l-inclassable-francis-picabia-remis-en-orbite-sur-le-marche-de-l-art-20250130</link>
                                    <description>ENQUÊTE - Avec une exposition spectaculaire à Paris de toiles moins connues des dernières années, la toute-puissante galerie Hauser&amp;amp;Wirth s’est emparé de cet artiste majeur du XXe siècle pour asseoir plus haut sa cote.</description>
                                <category>Culture</category>
                <pubDate>Thu, 30 Jan 2025 15:38:52 +0100</pubDate>

                                                            <media:content url="https://i.f1g.fr/media/cms/3000x1687_crop/2025/01/30/28f3fc774c3d5ff627c89316f5855787df29fe41fd589aca813fb0316a316261.jpg" width="3000" height="1687">
                            <media:description type="plain">L’enseigne Hauser&amp;Wirth propose des œuvres du peintre historique, Francis Picabia, jusqu’en mars.</media:description>
                            <media:credit>Courtesy Hauser &amp;amp; Wirth. Photo: Nicolas Brasseur</media:credit>
                        </media:content>
                                                </item>
                    <item>
                <guid>https://www.lefigaro.fr/culture/on-pourrait-l-appeler-le-plus-grand-representant-de-la-liberte-en-art-francis-picabia-dadaiste-devenu-artiste-en-tous-genres-20250130</guid>
                <title>«On pourrait l’appeler le plus grand représentant de la liberté en art»: Francis Picabia, dadaïste devenu «artiste en tous genres»</title>
                                <link>https://www.lefigaro.fr/culture/on-pourrait-l-appeler-le-plus-grand-representant-de-la-liberte-en-art-francis-picabia-dadaiste-devenu-artiste-en-tous-genres-20250130</link>
                                    <description>EXPOSITION - Adoré des années 1930 puis boudé dans l’après-guerre, ce peintre n’a eu de cesse de réinventer la peinture. Cette singularité explose dans l’exposition de la Galerie Hauser &amp;amp; Wirth à Paris.</description>
                                <category>Culture</category>
                <pubDate>Thu, 30 Jan 2025 18:57:19 +0100</pubDate>

                                                            <media:content url="https://i.f1g.fr/media/cms/3000x2070_crop/2025/01/30/fd17d022e6baf8c38c05fcc2d78e2a032c2a9541314d64f2fd6ce39a742066ba.jpg" width="3000" height="2070">
                            <media:description type="plain">Francis Picabia et Michel Sima avec La terre est ronde et Villejuif (I), v. 1951. </media:description>
                            <media:credit>© Archives Comité Picabia, Paris Photo: Michel Sima. © Estate Michel Sima</media:credit>
                        </media:content>
                                                </item>
                    <item>
                <guid>https://www.lefigaro.fr/culture/la-joconde-un-chef-d-oeuvre-tres-embarrassant-au-louvre-20250128</guid>
                <title>La Joconde, un chef-d’œuvre très embarrassant au Louvre</title>
                                <link>https://www.lefigaro.fr/culture/la-joconde-un-chef-d-oeuvre-tres-embarrassant-au-louvre-20250128</link>
                                    <description>Lors de son allocution pour lancer sa renaissance du musée parisien, Emmanuel Macron a annoncé la création d’un espace pour l’icône.</description>
                                <category>Culture</category>
                <pubDate>Thu, 30 Jan 2025 11:00:07 +0100</pubDate>

                                                            <media:content url="https://i.f1g.fr/media/cms/3000x2000_crop/2025/01/28/2f3206e832db4a4443e5d39c80231fa283843fcf2d8d11ed1112cb687c2dfe4e.jpg" width="3000" height="2000">
                            <media:description type="plain">Chaque visiteur passe en moyenne cinquante secondes devant La Joconde au Louvre. </media:description>
                            <media:credit>Jean-Christophe Marmara/Le Figaro</media:credit>
                        </media:content>
                                                </item>
                    <item>
                <guid>https://www.lefigaro.fr/voyages/guides/naples-les-bonnes-adresses-d-ernest-pignon-ernest-20250128</guid>
                <title>À Naples, les bonnes adresses d’Ernest Pignon-Ernest</title>
                                <link>https://www.lefigaro.fr/voyages/guides/naples-les-bonnes-adresses-d-ernest-pignon-ernest-20250128</link>
                                    <description>Dessinateur et grand voyageur habité par ses savantes lectures, ce tout nouvel académicien des Beaux-Arts explore méthodiquement les villes où il colle ses œuvres. Naples, choisie un jour sur un coup de tête, est devenue sa ville fétiche. Il la décrypte pour nous.</description>
                                <category>Guides</category>
                <pubDate>Tue, 28 Jan 2025 12:07:47 +0100</pubDate>

                                                            <media:content url="https://i.f1g.fr/media/cms/1920x1080_crop/2025/01/27/d007885e0e459fd87d4c53e7b3b8eabf66b17b2653d2e9c4e1f5ce857b29daf6.jpg" width="1920" height="1080">
                            <media:description type="plain">À la fois volubile et secret, sportif et penseur, Ernest Pignon-Ernest nous dessine Naples, ville tant aimée.</media:description>
                            <media:credit>Le Figaro</media:credit>
                        </media:content>
                                                </item>
                    <item>
                <guid>https://www.lefigaro.fr/arts-expositions/incendies-a-los-angeles-les-institutions-culturelles-s-associent-pour-venir-en-aide-aux-artistes-et-acteurs-du-secteur-20250127</guid>
                <title>Incendies à Los Angeles&#160;: les institutions culturelles s’associent pour venir en aide aux artistes et acteurs du secteur</title>
                                <link>https://www.lefigaro.fr/arts-expositions/incendies-a-los-angeles-les-institutions-culturelles-s-associent-pour-venir-en-aide-aux-artistes-et-acteurs-du-secteur-20250127</link>
                                    <description>Doté de 12 millions de dollars, le LA Arts Community Fire Relief Fund doit apporter un soutien d’urgence à ceux qui ont perdu leur atelier, leur collection, leurs outils de travail.</description>
                                <category>Arts Expositions</category>
                <pubDate>Mon, 27 Jan 2025 16:20:35 +0100</pubDate>

                                                            <media:content url="https://i.f1g.fr/media/cms/2926x1646_crop/2025/01/27/6b6ac4f9fb9af45265ad4b90bbf29e6825172bfbb2143327d30ac0764aacbe00.jpg" width="2926" height="1646">
                            <media:description type="plain">Dans les ruines d’une villa détruite par les flammes à Malibu, dans l’ouest de la mégalopole.</media:description>
                            <media:credit>VALERIE MACON / AFP</media:credit>
                        </media:content>
                                                </item>
                    <item>
                <guid>https://www.lefigaro.fr/arts-expositions/la-main-et-la-methode-de-raphael-reconstituees-au-palais-des-beaux-arts-de-lille-20250126</guid>
                <title>La main et la méthode de Raphaël reconstituées au Palais des beaux-arts de Lille</title>
                                <link>https://www.lefigaro.fr/arts-expositions/la-main-et-la-methode-de-raphael-reconstituees-au-palais-des-beaux-arts-de-lille-20250126</link>
                                    <description>CRITIQUE - Se basant sur les 37&amp;#160;dessins du génie de la Renaissance ainsi que sur l’imagerie numérique, l’exposition détaille sur écran le processus de création du maître.</description>
                                <category>Arts Expositions</category>
                <pubDate>Sun, 26 Jan 2025 18:41:39 +0100</pubDate>

                                                            <media:content url="https://i.f1g.fr/media/cms/3000x1687_crop/2025/01/26/384f6444033bfe9e48761219537bab2aa9a0d003635b2c04d0765f010a21f5be.jpg" width="3000" height="1687">
                            <media:description type="plain">En recourant aux dernières techniques de l’imagerie numérique, l’exposition fait véritablement pénétrer le visiteur dans le secret de l’atelier du peintre.</media:description>
                            <media:credit>Dicom Ville de Lille / &amp;amp;nbsp;Photo DANIEL RAPAICH</media:credit>
                        </media:content>
                                                </item>
                    <item>
                <guid>https://www.lefigaro.fr/culture/guillaume-bresson-un-peintre-contemporain-a-versailles-20250126</guid>
                <title>Guillaume Bresson, un peintre contemporain à Versailles</title>
                                <link>https://www.lefigaro.fr/culture/guillaume-bresson-un-peintre-contemporain-a-versailles-20250126</link>
                                    <description>CRITIQUE - Rétrospective inédite et spectaculaire de ce jeune artiste français dans les royales salles d’Afrique, au cœur des grandes batailles peintes par Horace Vernet.</description>
                                <category>Culture</category>
                <pubDate>Mon, 27 Jan 2025 08:56:20 +0100</pubDate>

                                                            <media:content url="https://i.f1g.fr/media/cms/2996x1685_crop/2025/01/26/f07124d9101e94680663fcb61ea2012cd7fbf9082f04def71231d3e8631fa1a0.jpg" width="2996" height="1685">
                            <media:description type="plain">Guillaume Bresson, un peintre amoureux de la peinture d’histoire et narrateur virtuose du monde contemporain.</media:description>
                            <media:credit>© château de Versailles, T. Garnier</media:credit>
                        </media:content>
                                                </item>
            </channel>
</rss>
