<?xml version="1.0" encoding="UTF-8"?>
<rss version="2.0" xmlns:atom="http://www.w3.org/2005/Atom" xmlns:media="http://search.yahoo.com/mrss/">
    <channel>
        <atom:link href="https://www.lefigaro.fr/rss/figaro_photos.xml" rel="self" type="application/rss+xml"/>
        <category>Photos</category>
        <title>Le Figaro - Photos</title>
        <description>Retrouvez les plus belles photos prises par les journalistes du Figaro</description>
        <link>http://www.lefigaro.fr</link>
        <language>fr</language>
        <copyright>Droits de reproduction et de diffusion réservés LeFigaro.fr</copyright>
        <lastBuildDate>Mon, 10 Feb 2025 13:39:17 +0100</lastBuildDate>
        <docs>https://www.lefigaro.fr/rss</docs>
        <image>
            <title>Le Figaro - Photos</title>
            <url>https://static.lefigaro.fr/common/logos/logo-150x150.png</url>
            <link>http://www.lefigaro.fr</link>
            <description>Retrouvez les plus belles photos prises par les journalistes du Figaro</description>
        </image>

                    <item>
                <guid>https://www.lefigaro.fr/photos/angleterre-afrique-du-sud-les-plus-belles-photos-du-match-20231021</guid>
                <title>Angleterre - Afrique du Sud : les plus belles photos du match</title>
                                <link>https://www.lefigaro.fr/photos/angleterre-afrique-du-sud-les-plus-belles-photos-du-match-20231021</link>
                                    <description>EN IMAGES - Au terme d’un match à suspense, les Springboks ont triomphé du XV de la Rose. Revivez le match dans l’objectif de nos photographes.</description>
                                <category>Photos</category>
                <pubDate>Sat, 21 Oct 2023 23:32:36 +0200</pubDate>

                            </item>
                    <item>
                <guid>https://www.lefigaro.fr/photos/france-afrique-du-sud-nos-plus-belles-photos-du-match-20231016</guid>
                <title>France - Afrique du Sud : nos plus belles photos du match</title>
                                <link>https://www.lefigaro.fr/photos/france-afrique-du-sud-nos-plus-belles-photos-du-match-20231016</link>
                                    <description>EN IMAGES - Du combat intense à la détresse des Bleus, revivez le quart de finale de la coupe du monde de rugby dans l’objectif de nos photographes.</description>
                                <category>Photos</category>
                <pubDate>Mon, 16 Oct 2023 00:09:21 +0200</pubDate>

                            </item>
                    <item>
                <guid>https://www.lefigaro.fr/photos/france-italie-les-plus-belles-photos-du-match-20231006</guid>
                <title>France - Italie : les plus belles photos du match</title>
                                <link>https://www.lefigaro.fr/photos/france-italie-les-plus-belles-photos-du-match-20231006</link>
                                    <description>EN IMAGES - Revivez la belle victoire du XV de France face aux Italiens dans l’objectif de nos photographes.</description>
                                <category>Photos</category>
                <pubDate>Fri, 06 Oct 2023 23:55:53 +0200</pubDate>

                            </item>
                    <item>
                <guid>https://www.lefigaro.fr/photos/coupe-du-monde-de-rugby-les-plus-belles-photos-du-figaro-20230925</guid>
                <title>Coupe du monde de rugby : les plus belles photos du Figaro</title>
                                <link>https://www.lefigaro.fr/photos/coupe-du-monde-de-rugby-les-plus-belles-photos-du-figaro-20230925</link>
                                    <description>EN IMAGES - Revivez les matches majeurs du tournoi au travers du regard de nos photographes.</description>
                                <category>Photos</category>
                <pubDate>Sun, 22 Oct 2023 08:06:03 +0200</pubDate>

                            </item>
                    <item>
                <guid>https://www.lefigaro.fr/photos/france-uruguay-les-plus-belles-photos-du-match-20230914</guid>
                <title>France - Uruguay : les plus belles photos du match</title>
                                <link>https://www.lefigaro.fr/photos/france-uruguay-les-plus-belles-photos-du-match-20230914</link>
                                    <description>EN IMAGES - Au terme d’un match disputé, le XV de France est venu à bout des Uruguayens, jeudi, à l’occasion de la 2e journée de la Coupe du monde de rugby.</description>
                                <category>Photos</category>
                <pubDate>Fri, 15 Sep 2023 14:37:25 +0200</pubDate>

                            </item>
                    <item>
                <guid>https://www.lefigaro.fr/photos/disparition-de-pierre-colacicco-photographe-au-figaro-20230511</guid>
                <title>Disparition de Pierre Colacicco, photographe au Figaro</title>
                                <link>https://www.lefigaro.fr/photos/disparition-de-pierre-colacicco-photographe-au-figaro-20230511</link>
                                    <description>EN IMAGES - Tout au long d&#039;une illustre carrière, il a photographié les plus grandes personnalités de la mode, de la politique ou du sport. Pour lui rendre hommage, Le Figaro a rassemblé certains de ses plus beaux clichés.</description>
                                <category>Photos</category>
                <pubDate>Thu, 11 May 2023 19:51:33 +0200</pubDate>

                                                            <media:content url="https://i.f1g.fr/media/cms/2907x1937_crop/2023/05/11/0e5824b2a5b2502ccb73cf9f91fd9594207df50a21ab8340903adc6ec99e2a14.jpg" width="2907" height="1937">
                            <media:description type="plain">Pierre Colacicco, figure du service photo du Figaro, à Roland-Garros.</media:description>
                            <media:credit>Collection familiale</media:credit>
                        </media:content>
                                                </item>
                    <item>
                <guid>https://www.lefigaro.fr/photos/les-images-les-plus-marquantes-de-2022-20230101</guid>
                <title>Les photos les plus marquantes de 2022</title>
                                <link>https://www.lefigaro.fr/photos/les-images-les-plus-marquantes-de-2022-20230101</link>
                                    <description>EN IMAGES - De la guerre en Ukraine à la Coupe du monde de football en passant par le climat… retour sur les photos qui ont marqué l&#039;année écoulée.</description>
                                <category>Photos</category>
                <pubDate>Tue, 10 Jan 2023 18:17:31 +0100</pubDate>

                                                            <media:content url="https://i.f1g.fr/media/cms/3000x2000_crop/2023/01/01/29ce4df67a49d38455b685d6f55c3cbfd6ca2ae27861273e015a2f12eaed4d3c.jpg" width="3000" height="2000">
                            <media:description type="plain">Une femme pleure sur les ruines de son immeuble au lendemain des premiers bombardements russes sur Kiev, en Ukraine.</media:description>
                            <media:credit>Emilio Morenatti/AP</media:credit>
                        </media:content>
                                                </item>
                    <item>
                <guid>https://www.lefigaro.fr/photos/24-heures-photo-du-12-septembre-2022-20220912</guid>
                <title>24 heures photo du 12 septembre 2022</title>
                                <link>https://www.lefigaro.fr/photos/24-heures-photo-du-12-septembre-2022-20220912</link>
                                    <description>EN IMAGES - Retrouvez les photographies les plus marquantes de la semaine, sélectionnées par la rédaction du Figaro Magazine.</description>
                                <category>Photos</category>
                <pubDate>Tue, 13 Sep 2022 18:35:38 +0200</pubDate>

                            </item>
                    <item>
                <guid>https://www.lefigaro.fr/photos/24-heures-photo-du-22-aout-2022-20220823</guid>
                <title>24 heures photo du 22 août 2022</title>
                                <link>https://www.lefigaro.fr/photos/24-heures-photo-du-22-aout-2022-20220823</link>
                                    <description>EN IMAGES - Retrouvez les photographies les plus marquantes de la semaine, sélectionnées par la rédaction du Figaro Magazine.</description>
                                <category>Photos</category>
                <pubDate>Thu, 25 Aug 2022 18:26:40 +0200</pubDate>

                            </item>
                    <item>
                <guid>https://www.lefigaro.fr/photos/24-heures-photo-du-16-aout-2022-20220816</guid>
                <title>24 heures photo du 16 août 2022</title>
                                <link>https://www.lefigaro.fr/photos/24-heures-photo-du-16-aout-2022-20220816</link>
                                    <description>EN IMAGES - Retrouvez les photographies les plus marquantes de la semaine, sélectionnées par la rédaction du Figaro Magazine.</description>
                                <category>Photos</category>
                <pubDate>Thu, 18 Aug 2022 19:12:51 +0200</pubDate>

                            </item>
                    <item>
                <guid>https://www.lefigaro.fr/photos/apres-deux-semaines-d-incendies-les-paysages-devastes-de-la-france-20220726</guid>
                <title>Après deux semaines d'incendies, les paysages dévastés de la France</title>
                                <link>https://www.lefigaro.fr/photos/apres-deux-semaines-d-incendies-les-paysages-devastes-de-la-france-20220726</link>
                                    <description>EN IMAGES - En l&#039;espace de deux semaines, plusieurs feux se sont déclarés, notamment en Bretagne et en Gironde. Désormais maîtrisées dans ces zones, les flammes laissent place à un paysage gris et désertique.</description>
                                <category>Photos</category>
                <pubDate>Wed, 27 Jul 2022 15:17:27 +0200</pubDate>

                            </item>
                    <item>
                <guid>https://www.lefigaro.fr/photos/les-instantanes-d-un-photographe-sur-les-routes-du-tour-de-france-20220724</guid>
                <title>En images : les instants de vie captés par un photographe sur les routes du Tour de France</title>
                                <link>https://www.lefigaro.fr/photos/les-instantanes-d-un-photographe-sur-les-routes-du-tour-de-france-20220724</link>
                                    <description>Le photographe Jérémy Lempin a suivi de bout en bout l&#039;édition 2022, tournant son objectif vers le public et les à-côtés de la mythique course cycliste. Il raconte ses plus belles et surprenantes rencontres.</description>
                                <category>Photos</category>
                <pubDate>Fri, 17 Mar 2023 16:06:30 +0100</pubDate>

                            </item>
                    <item>
                <guid>https://www.lefigaro.fr/photos/24-heures-photo-du-4-juillet-2022-20220705</guid>
                <title>24 heures photo du 4 juillet 2022</title>
                                <link>https://www.lefigaro.fr/photos/24-heures-photo-du-4-juillet-2022-20220705</link>
                                    <description>EN IMAGES - Retrouvez les photographies les plus marquantes de la semaine, sélectionnées par la rédaction du Figaro Magazine.</description>
                                <category>Photos</category>
                <pubDate>Sat, 09 Jul 2022 00:13:47 +0200</pubDate>

                            </item>
                    <item>
                <guid>https://www.lefigaro.fr/photos/24-heures-photo-du-27-juin-2022-20220628</guid>
                <title>24 heures photo du 27 juin 2022</title>
                                <link>https://www.lefigaro.fr/photos/24-heures-photo-du-27-juin-2022-20220628</link>
                                    <description>EN IMAGES - Retrouvez les photographies les plus marquantes de la semaine, sélectionnées par la rédaction du Figaro Magazine.</description>
                                <category>Photos</category>
                <pubDate>Tue, 28 Jun 2022 18:54:54 +0200</pubDate>

                            </item>
                    <item>
                <guid>https://www.lefigaro.fr/photos/24-heures-photo-du-13-juin-2022-20220614</guid>
                <title>24 heures photo du 13 juin 2022</title>
                                <link>https://www.lefigaro.fr/photos/24-heures-photo-du-13-juin-2022-20220614</link>
                                    <description>EN IMAGES - Retrouvez les photographies les plus marquantes de la semaine, sélectionnées par la rédaction du Figaro Magazine.</description>
                                <category>Photos</category>
                <pubDate>Thu, 16 Jun 2022 18:52:56 +0200</pubDate>

                            </item>
                    <item>
                <guid>https://www.lefigaro.fr/photos/24-heures-photo-du-7-juin-2022-20220607</guid>
                <title>24 heures photo du 7 juin 2022</title>
                                <link>https://www.lefigaro.fr/photos/24-heures-photo-du-7-juin-2022-20220607</link>
                                    <description>EN IMAGES - Retrouvez les photographies les plus marquantes de la semaine, sélectionnées par la rédaction du Figaro Magazine.</description>
                                <category>Photos</category>
                <pubDate>Thu, 09 Jun 2022 19:10:57 +0200</pubDate>

                            </item>
                    <item>
                <guid>https://www.lefigaro.fr/photos/24-heures-photo-du-30-mai-2022-20220531</guid>
                <title>24 heures photo du 30 mai 2022</title>
                                <link>https://www.lefigaro.fr/photos/24-heures-photo-du-30-mai-2022-20220531</link>
                                    <description>EN IMAGES - Retrouvez les photographies les plus marquantes de la semaine, sélectionnées par la rédaction du Figaro Magazine.</description>
                                <category>Photos</category>
                <pubDate>Thu, 02 Jun 2022 18:21:12 +0200</pubDate>

                            </item>
                    <item>
                <guid>https://www.lefigaro.fr/photos/24-heures-photo-du-23-mai-2022-20220524</guid>
                <title>24 heures photo du 23 mai 2022</title>
                                <link>https://www.lefigaro.fr/photos/24-heures-photo-du-23-mai-2022-20220524</link>
                                    <description>EN IMAGES - Retrouvez les photographies les plus marquantes de la semaine, sélectionnées par la rédaction du Figaro Magazine.</description>
                                <category>Photos</category>
                <pubDate>Sat, 28 May 2022 14:40:56 +0200</pubDate>

                            </item>
                    <item>
                <guid>https://www.lefigaro.fr/photos/24-heures-photo-du-16-mai-2022-20220516</guid>
                <title>24 heures photo du 16 mai 2022</title>
                                <link>https://www.lefigaro.fr/photos/24-heures-photo-du-16-mai-2022-20220516</link>
                                    <description>EN IMAGES - Retrouvez les photographies les plus marquantes de la semaine, sélectionnées par la rédaction du Figaro Magazine.</description>
                                <category>Photos</category>
                <pubDate>Thu, 19 May 2022 18:55:17 +0200</pubDate>

                            </item>
                    <item>
                <guid>https://www.lefigaro.fr/photos/24-heures-photo-du-9-mai-2022-20220509</guid>
                <title>24 heures photo du 9 mai 2022</title>
                                <link>https://www.lefigaro.fr/photos/24-heures-photo-du-9-mai-2022-20220509</link>
                                    <description>EN IMAGES - Retrouvez les photographies les plus marquantes de la semaine, sélectionnées par la rédaction du Figaro Magazine.</description>
                                <category>Photos</category>
                <pubDate>Thu, 12 May 2022 09:42:47 +0200</pubDate>

                            </item>
            </channel>
</rss>
