<?xml version="1.0" encoding="UTF-8"?>
<rss version="2.0" xmlns:atom="http://www.w3.org/2005/Atom" xmlns:media="http://search.yahoo.com/mrss/">
    <channel>
        <atom:link href="https://www.lefigaro.fr/rss/figaro_voyages.xml" rel="self" type="application/rss+xml"/>
        <category>Voyages</category>
        <title>Le Figaro - Voyages : redécouvrez les balades familiales ou partez à la découverte du patrimoine.</title>
        <description>Lefigaro.fr : Appréciez vos week-ends et partez à la découverte du patrimoine. Pour vos sorties en famille, choisissez les activités de plein air pour vos enfants, les circuits de randonnées ou des balades familiales.</description>
        <link>http://www.lefigaro.fr</link>
        <language>fr</language>
        <copyright>Droits de reproduction et de diffusion réservés LeFigaro.fr</copyright>
        <lastBuildDate>Mon, 10 Feb 2025 13:39:07 +0100</lastBuildDate>
        <docs>https://www.lefigaro.fr/rss</docs>
        <image>
            <title>Le Figaro - Voyages : redécouvrez les balades familiales ou partez à la découverte du patrimoine.</title>
            <url>https://static.lefigaro.fr/common/logos/logo-150x150.png</url>
            <link>http://www.lefigaro.fr</link>
            <description>Lefigaro.fr : Appréciez vos week-ends et partez à la découverte du patrimoine. Pour vos sorties en famille, choisissez les activités de plein air pour vos enfants, les circuits de randonnées ou des balades familiales.</description>
        </image>

                    <item>
                <guid>https://madame.lefigaro.fr/beaute/direction-la-provence-pour-la-deuxieme-echappee-feel-good-de-madame-figaro-20250102</guid>
                <title>Idée Saint Valentin : une retraite bien-être 5* en Provence signée Madame Figaro</title>
                                <link>https://madame.lefigaro.fr/beaute/direction-la-provence-pour-la-deuxieme-echappee-feel-good-de-madame-figaro-20250102</link>
                                    <description>La Rédaction pose ses valises au sein de l’emblématique Couvent des Minimes pour une parenthèse de trois jours avec la complicité de L’Occitane en Provence.</description>
                                <category>Beauté</category>
                <pubDate>Mon, 10 Feb 2025 12:44:03 +0100</pubDate>

                                                            <media:content url="https://i.f1g.fr/media/cms/3000x2001_crop/2025/02/03/6ea0adaf84ce983b6166541fbfbade6c678baf32bb62ef0ed6810cc2b8df2783.jpg" width="3000" height="2001">
                            <media:description type="plain">Une retraite 5* Madame Figaro au Couvent des Minimes</media:description>
                            <media:credit>Manon Duparc et François Pain</media:credit>
                        </media:content>
                                                </item>
                    <item>
                <guid>https://www.lefigaro.fr/voyages/guides/ou-et-quand-voir-des-aurores-boreales-20221120</guid>
                <title>Islande, Norvège, Canada... Dans quels pays et quand observer les aurores boréales ?</title>
                                <link>https://www.lefigaro.fr/voyages/guides/ou-et-quand-voir-des-aurores-boreales-20221120</link>
                                    <description>La magie de l’hiver apporte son lot de féerie et avec elle, le sublime spectacle des aurores boréales dans plusieurs pays nordiques. Quels sont les meilleures destinations pour les voir, et à quelle période de l’année ?</description>
                                <category>Guides</category>
                <pubDate>Tue, 04 Feb 2025 18:09:24 +0100</pubDate>

                                                            <media:content url="https://i.f1g.fr/media/cms/3000x1993_crop/2024/10/18/48c4bd7676368111d7cf7eb18227ea6153dd0e165947dd433b832cb23626f513.jpg" width="3000" height="1993">
                            <media:description type="plain">Les aurores boréales parsèment le ciel des pays nordiques, offrant un spectacle coloré à couper le souffle durant l'hiver. Ici, les îles Lofoten en Norvège.</media:description>
                            <media:credit>Stein Liland / stein - stock.adobe.com</media:credit>
                        </media:content>
                                                </item>
                    <item>
                <guid>https://www.lefigaro.fr/voyages/conseils/jours-feries-2024-quelles-sont-les-prochaines-dates-calendrier-pour-savoir-quand-faire-le-pont-20220817</guid>
                <title>Jours fériés 2025 : quel est le prochain jour férié ? Les dates pour savoir quand faire le pont ou profiter d’un week-end prolongé</title>
                                <link>https://www.lefigaro.fr/voyages/conseils/jours-feries-2024-quelles-sont-les-prochaines-dates-calendrier-pour-savoir-quand-faire-le-pont-20220817</link>
                                    <description>Quel est le prochain jour férié ? À quelles dates tombent le lundi de Pâques, l’Ascension ou le lundi de Pentecôte cette année ? Consultez le calendrier des jours fériés 2025 en France.</description>
                                <category>Conseils</category>
                <pubDate>Fri, 31 Jan 2025 17:26:10 +0100</pubDate>

                                                            <media:content url="https://i.f1g.fr/media/cms/3000x2000_crop/2025/01/28/fdff86edd51dbc0784f3f93fe1cd0932faf15c5fafa76d95732efe842fe5f112.jpg" width="3000" height="2000">
                            <media:description type="plain">Quand faire le pont et profiter d’un long week-end ? Quel est le prochain jour férié ? Consultez la liste des jours fériés 2025 en France.</media:description>
                            <media:credit>liderina - stock.adobe.com</media:credit>
                        </media:content>
                                                </item>
                    <item>
                <guid>https://www.lefigaro.fr/voyages/guides/japon-notre-guide-complet-pour-preparer-son-premier-voyage-20231008</guid>
                <title>Japon : notre guide complet pour préparer son premier voyage</title>
                                <link>https://www.lefigaro.fr/voyages/guides/japon-notre-guide-complet-pour-preparer-son-premier-voyage-20231008</link>
                                    <description>GUIDE PAYS - Tokyo, la capitale, et Kyoto, l&#039;ex-cité impériale du Kansai, sont les deux piliers d&#039;un premier voyage au pays du Soleil Levant. Il faudra toutefois s&#039;éloigner des villes pour découvrir toute la richesse du patrimoine naturel et culturel japonais.</description>
                                <category>Guides</category>
                <pubDate>Mon, 09 Oct 2023 10:21:01 +0200</pubDate>

                                                            <media:content url="https://i.f1g.fr/media/cms/3000x2000_crop/2023/09/29/4bef85592b49c1bb088f7fbdffaae77c51136d04ece827f5557136124e2dca40.jpg" width="3000" height="2000">
                            <media:description type="plain">Il faut s'éloigner pour en découvrir d'autres visages, là où le temps se fait plus lent et où les saisons s'impriment encore davantage sur les paysages. (ici, au sud du Japon, l'archipel des Goto.)</media:description>
                            <media:credit>LAURENT FABRE</media:credit>
                        </media:content>
                                                </item>
                    <item>
                <guid>https://www.lefigaro.fr/voyages/on-les-envoie-a-la-mort-l-avenir-plus-qu-incertain-des-animaux-du-marineland-20250209</guid>
                <title>«On les envoie à la mort» : l’avenir bien sombre de Wikie et Keijo, les orques du Marineland</title>
                                <link>https://www.lefigaro.fr/voyages/on-les-envoie-a-la-mort-l-avenir-plus-qu-incertain-des-animaux-du-marineland-20250209</link>
                                    <description>Le parc aquatique d’Antibes a fermé ses portes le 5 janvier. Mais que faire des cétacés habitués à la main de l’homme ? La piste d’un transfert dans un delphinarium en Espagne inquiète les associations.</description>
                                <category>Voyage</category>
                <pubDate>Mon, 10 Feb 2025 11:08:05 +0100</pubDate>

                                                            <media:content url="https://i.f1g.fr/media/cms/orig/2025/02/09/956e4eacc34ce42aa91e2f1851be3a10e37c221e4c19a2430b75210c0ed024b0.jpg" width="3000" height="2001">
                            <media:description type="plain">Le Marineland a définitivement fermé ses portes le 5 janvier. Le sort de ses animaux, dont les plus célèbres, les orques, est tout sauf tranché.</media:description>
                            <media:credit>VALERY HACHE / AFP</media:credit>
                        </media:content>
                                                </item>
                    <item>
                <guid>https://www.lefigaro.fr/voyages/conseils/train-air-evolue-plus-vous-prenez-l-avion-moins-vous-paierez-le-train-20250210</guid>
                <title>Train + Air évolue : plus vous prenez l’avion, moins vous paierez... le train</title>
                                <link>https://www.lefigaro.fr/voyages/conseils/train-air-evolue-plus-vous-prenez-l-avion-moins-vous-paierez-le-train-20250210</link>
                                    <description>Le service qui permet de réaliser des trajets ferroviaires et aériens avec un seul billet fête ses 30 ans. Pour l’occasion, les voyageurs profiteront de plusieurs nouveaux avantages.</description>
                                <category>Conseils</category>
                <pubDate>Mon, 10 Feb 2025 11:29:25 +0100</pubDate>

                                                            <media:content url="https://i.f1g.fr/media/cms/1920x1080_crop/2025/02/10/847b5a5bf4e264703f2f925f2d81c7ff13a7185cd06675a62ba6064cf1e95e4c.jpg" width="1920" height="1080">
                            <media:description type="plain">D’ici quelques mois, il sera possible de rejoindre les deux aéroports parisiens en Ouigo (et non plus seulement en TGV inOui) dans le cadre du service «Train + Air».</media:description>
                            <media:credit>stock.adobe.com</media:credit>
                        </media:content>
                                                </item>
                    <item>
                <guid>https://www.lefigaro.fr/voyages/conseils/que-vaut-la-nouvelle-carte-de-fidelite-de-corsair-20250210</guid>
                <title>Que vaut la nouvelle carte de fidélité de Corsair ?</title>
                                <link>https://www.lefigaro.fr/voyages/conseils/que-vaut-la-nouvelle-carte-de-fidelite-de-corsair-20250210</link>
                                    <description>Corsair, la compagnie aérienne française, a dévoilé une refonte de son programme de fidélité, le Club Corsair, avec une promesse alléchante : récompenser davantage ses clients les plus fidèles. Mais que vaut réellement cette nouvelle carte de fidélité ?</description>
                                <category>Conseils</category>
                <pubDate>Mon, 10 Feb 2025 11:36:26 +0100</pubDate>

                                                            <media:content url="https://i.f1g.fr/media/cms/3000x2000_crop/2025/02/05/99a1a7a5f3e4254ff90637b0720f3fc3d6651af9367e34e1a96b1fecb79b2637.jpg" width="3000" height="2000">
                            <media:description type="plain">Corsair fait évoluer son programme de fidélité, le Club Corsair : plus généreux à chaque étape du voyage, le programme conserve son atout majeur, une cagnotte en euros.</media:description>
                            <media:credit>Corsair / Photo presse</media:credit>
                        </media:content>
                                                </item>
                    <item>
                <guid>https://www.lefigaro.fr/voyages/guides/ailleurs-le-podcast-du-figaro-qui-vous-fait-voyager-autrement-destination-le-quebec-20241127</guid>
                <title>«Ailleurs», le podcast du Figaro qui vous fait voyager autrement : destination le Québec</title>
                                <link>https://www.lefigaro.fr/voyages/guides/ailleurs-le-podcast-du-figaro-qui-vous-fait-voyager-autrement-destination-le-quebec-20241127</link>
                                    <description>Faire un voyage qui s’écoute. Pour cette deuxième saison du podcast Ailleurs, des insiders, spécialistes de leur domaine, emmènent les auditeurs découvrir et explorer le Québec avec une passion et une énergie communicatives. Tendez l’oreille, vous êtes «Ailleurs».</description>
                                <category>Guides</category>
                <pubDate>Wed, 04 Dec 2024 10:19:29 +0100</pubDate>

                                                            <media:content url="https://i.f1g.fr/media/cms/1920x1080_crop/2024/11/28/8709af95036a15694357a3f8e84cc06619d16b0b59d0b117a634d070b364e8be.jpg" width="1920" height="1080">
                            <media:description type="plain">«Ailleurs», le podcast du Figaro qui vous fait voyager autrement.</media:description>
                            <media:credit>Charlotte Paroeille / Le Figaro</media:credit>
                        </media:content>
                                                </item>
                    <item>
                <guid>https://www.lefigaro.fr/voyages/guides/partir-au-soleil-en-hiver-10-destinations-et-plages-de-reve-ou-se-baigner-20230919</guid>
                <title>Partir au soleil en hiver : 10 destinations et plages de rêve où se baigner</title>
                                <link>https://www.lefigaro.fr/voyages/guides/partir-au-soleil-en-hiver-10-destinations-et-plages-de-reve-ou-se-baigner-20230919</link>
                                    <description>Des plages inondées de soleil où l’on pose sa serviette sous l&#039;ombre clairsemée des palmiers et cocotiers. Ne rangez pas les maillots de bain trop vite. Si l&#039;hiver approche dans nos contrées, c&#039;est que pointe l&#039;été austral dans l&#039;hémisphère sud. Voici 10 idées de destinations où rester dans le bain de l&#039;été en plein hiver.</description>
                                <category>Guides</category>
                <pubDate>Tue, 19 Sep 2023 19:00:00 +0200</pubDate>

                                                            <media:content url="https://i.f1g.fr/media/cms/3000x1999_crop/2023/09/19/f95168cd0bd2541ae029ec064c534ffb105dac17cec3553a48038c93629cef25.jpg" width="3000" height="1999">
                            <media:description type="plain">Le paradisiaque trou bleu de Dean, aux Bahamas.</media:description>
                            <media:credit>EnricoPescantini - stock.adobe.com</media:credit>
                        </media:content>
                                                </item>
                    <item>
                <guid>https://www.lefigaro.fr/voyages/guides/safari-les-six-parcs-et-reserves-incontournables-du-kenya-20220313</guid>
                <title>Safari au Kenya : les six parcs et réserves incontournables</title>
                                <link>https://www.lefigaro.fr/voyages/guides/safari-les-six-parcs-et-reserves-incontournables-du-kenya-20220313</link>
                                    <description>C&#039;est la saison ! Grand comme la France et peuplé de 53 millions d&#039;âmes, le Kenya est le pays du safari par excellence. Les plus beaux parcs nationaux à découvrir.</description>
                                <category>Guides</category>
                <pubDate>Tue, 12 Apr 2022 10:43:43 +0200</pubDate>

                                                            <media:content url="https://i.f1g.fr/media/cms/3000x2002_crop/2022/03/10/4697cbd4cead6afc1faa60a91e664b297dd88c0433a2ff9d6a2216a7344c4e79.jpg" width="3000" height="2002">
                            <media:description type="plain">Le Masai Mara regorge de paysages et d'animaux emblématiques du safari. Ici, la migration des zèbres.</media:description>
                            <media:credit>STANISLAS FAUTRE / Le Figaro Magazine</media:credit>
                        </media:content>
                                                </item>
                    <item>
                <guid>https://www.lefigaro.fr/voyages/guides/carnaval-de-venise-2025-dates-programme-theme-au-temps-de-casanova-ce-qu-il-faut-savoir-20250202</guid>
                <title>Carnaval de Venise 2025 : dates, programme, thème «Au temps de Casanova»... ce qu’il faut savoir</title>
                                <link>https://www.lefigaro.fr/voyages/guides/carnaval-de-venise-2025-dates-programme-theme-au-temps-de-casanova-ce-qu-il-faut-savoir-20250202</link>
                                    <description>Costumes et masques égayeront les rues et canaux de la Sérénissime du 14 février au 4 mars. L’édition 2025 du Carnaval de Venise célèbre l’extraordinaire Giacomo Casanova.</description>
                                <category>Guides</category>
                <pubDate>Sun, 02 Feb 2025 14:51:15 +0100</pubDate>

                                                            <media:content url="https://i.f1g.fr/media/cms/1920x1280_crop/2025/01/31/220e481830f43c40efc689a12f05d0d7b20e0d87a1be1a2d015644be6f05bc80.jpg" width="1920" height="1280">
                            <media:description type="plain">Le spectacle est partout, y compris sur les canaux de Venise, ici un défilé sur le Grand Canal. </media:description>
                            <media:credit>Photo presse</media:credit>
                        </media:content>
                                                </item>
                    <item>
                <guid>https://www.lefigaro.fr/voyages/hotels/2025-en-france-ces-25-hotels-vont-faire-sensation-20250104</guid>
                <title>En France, ces 25 nouveaux hôtels vont faire sensation en 2025</title>
                                <link>https://www.lefigaro.fr/voyages/hotels/2025-en-france-ces-25-hotels-vont-faire-sensation-20250104</link>
                                    <description>De Paris à la Provence, 2025 réserve des ouvertures d’hôtels d’exception. Parmi plus de 100 projets, nous avons sélectionné 25 adresses uniques qui incarnent le luxe, l’audace et le charme à la française. Découvrez les lieux qui feront parler d’eux.</description>
                                <category>Hôtels</category>
                <pubDate>Wed, 08 Jan 2025 15:33:13 +0100</pubDate>

                                                            <media:content url="https://i.f1g.fr/media/cms/3000x2252_crop/2024/12/30/f45da76ca3bdc8beadbbf7aab7d559e51aa11a461209b21dd5a77fb645d466d4.jpg" width="3000" height="2252">
                            <media:description type="plain">Les 25 ouvertures d’hôtels les plus attendues de 2025 en France. (Ici, Élysée Montmartre Hôtel, Paris 18.)</media:description>
                            <media:credit>Julien Labrousse</media:credit>
                        </media:content>
                                                </item>
                    <item>
                <guid>https://www.lefigaro.fr/voyages/guides/ou-partir-au-maroc-nos-7-idees-de-voyage-en-toutes-saisons-de-l-ocean-au-desert-20230201</guid>
                <title>Où partir au Maroc en 2025 ? Nos idées de voyages en toutes saisons, de l'océan au désert</title>
                                <link>https://www.lefigaro.fr/voyages/guides/ou-partir-au-maroc-nos-7-idees-de-voyage-en-toutes-saisons-de-l-ocean-au-desert-20230201</link>
                                    <description>GUIDE&amp;#160;- Méditerranéen, océanique, montagnard, citadin ou saharien… Autant de facettes du royaume et de façons de voyager au Maroc, en mode culturel, festif ou sportif. Notre sélection pour (re)découvrir la douceur de vivre marocaine.</description>
                                <category>Guides</category>
                <pubDate>Mon, 13 Jan 2025 16:51:11 +0100</pubDate>

                                                            <media:content url="https://i.f1g.fr/media/cms/1269x840_crop/2023/02/01/82baff4ded9669042c9baac924d19bf470e35e5f434de27da18eca285ae18e9f.jpg" width="1269" height="840">
                            <media:description type="plain">Les cascades d'Ouzoud, dans le Haut-Atlas, où les Français viennent randonner et profiter de paysages grandioses. </media:description>
                            <media:credit>Stefano Zaccaria</media:credit>
                        </media:content>
                                                </item>
                    <item>
                <guid>https://www.lefigaro.fr/voyages/hotels/hotels-les-50-ouvertures-les-plus-attendues-dans-le-monde-en-2025-20250101</guid>
                <title>Hôtels : les 50 ouvertures les plus attendues dans le monde en 2025</title>
                                <link>https://www.lefigaro.fr/voyages/hotels/hotels-les-50-ouvertures-les-plus-attendues-dans-le-monde-en-2025-20250101</link>
                                    <description>De New York à Tokyo, de Carthagène au Caire, 2025 s’annonce spectaculaire avec des ouvertures hôtelières d’exception. Luxe, design et expériences uniques promettent de redéfinir le voyage. Les nouvelles adresses préférées du Figaro aux quatre coins du monde.</description>
                                <category>Hôtels</category>
                <pubDate>Sat, 04 Jan 2025 12:04:11 +0100</pubDate>

                                                            <media:content url="https://i.f1g.fr/media/cms/1855x1044_crop/2025/01/04/708f12636fb74194249f52e7f02738041dadb826029c93f6a1b0b97252c0435b.png" width="1855" height="1044">
                            <media:description type="plain">Notre sélection des nouveaux hôtels luxe, 4 et 5 étoiles les plus attendus de 2025. (Ici Silverback Lodge, Parc national de Bwindi, Ouganda.)</media:description>
                            <media:credit>Photo presse</media:credit>
                        </media:content>
                                                </item>
                    <item>
                <guid>https://www.lefigaro.fr/voyages/guides/ou-partir-en-italie-en-2025-5-destinations-inattendues-20250108</guid>
                <title>Où partir en Italie en 2025 ? 5 destinations inattendues</title>
                                <link>https://www.lefigaro.fr/voyages/guides/ou-partir-en-italie-en-2025-5-destinations-inattendues-20250108</link>
                                    <description>Oubliez Rome, accaparée par le jubilé, Venise et Florence ! Pour découvrir une autre Italie, voici une sélection de&amp;#160;charmantes petites villes d’art authentiques et peu courues.</description>
                                <category>Guides</category>
                <pubDate>Wed, 08 Jan 2025 18:00:00 +0100</pubDate>

                                                            <media:content url="https://i.f1g.fr/media/cms/3000x1997_crop/2025/01/07/3b2a65872b63f225a0dc14d4b8750419f39854bd6061de30073acf47cb2950c7.jpg" width="3000" height="1997">
                            <media:description type="plain">Mantoue, perle méconnue de Lombardie.</media:description>
                            <media:credit>DAVID LYONS  / David Matthew Lyons - stock.adobe.com</media:credit>
                        </media:content>
                                                </item>
                    <item>
                <guid>https://www.lefigaro.fr/voyages/guides/ou-partir-en-voyage-en-2025-nos-15-destinations-incontournables-20250102</guid>
                <title>Où partir en voyage en 2025 ? Nos 15 destinations incontournables</title>
                                <link>https://www.lefigaro.fr/voyages/guides/ou-partir-en-voyage-en-2025-nos-15-destinations-incontournables-20250102</link>
                                    <description>Parce qu’ils s’ouvrent au tourisme ou tout simplement parce qu’ils nous ont émerveillés, voici notre sélection des villes, régions et pays du monde où mettre le cap cette année. Attention les yeux !</description>
                                <category>Guides</category>
                <pubDate>Thu, 02 Jan 2025 07:30:00 +0100</pubDate>

                                                            <media:content url="https://i.f1g.fr/media/cms/3000x2000_crop/2025/01/01/4eb89e20f0a26405cfa6d25da10a38fc9ea0dbc6f6cde38de4b90430ebcbee67.jpg" width="3000" height="2000">
                            <media:description type="plain">Palau, éden préservé.</media:description>
                            <media:credit>Bosco Yip / Bossa Art - stock.adobe.com</media:credit>
                        </media:content>
                                                </item>
                    <item>
                <guid>https://www.lefigaro.fr/voyages/guides/ou-partir-au-portugal-nos-incontournables-et-nouvelles-adresses-20240217</guid>
                <title>Où partir au Portugal en 2025 ? Nos incontournables et nouvelles adresses</title>
                                <link>https://www.lefigaro.fr/voyages/guides/ou-partir-au-portugal-nos-incontournables-et-nouvelles-adresses-20240217</link>
                                    <description>Le Portugal ne se résume pas à Lisbonne ou Porto, ses deux métropoles les plus visitées. Entre authenticité, ruralité et littoral ensoleillé, découvrez notre sélection des meilleures destinations du pays.</description>
                                <category>Guides</category>
                <pubDate>Fri, 17 Jan 2025 11:43:19 +0100</pubDate>

                                                            <media:content url="https://i.f1g.fr/media/cms/1223x916_crop/2024/02/13/5ff63424291afccdc5f62b6087c207b63f83e5bf8c19b5aa4f512ea5dbd128d4.jpg" width="1223" height="916">
                            <media:description type="plain">Le Parc Naturel de la Ria Formosa, à Faro, est l'une de ces destinations enchanteresses.</media:description>
                            <media:credit>Algarve Tourism Bureau</media:credit>
                        </media:content>
                                                </item>
                    <item>
                <guid>https://www.lefigaro.fr/voyages/hotels/sejour-a-stockholm-nos-hotels-preferes-dans-la-capitale-scandinave-20241113</guid>
                <title>Séjour à Stockholm : nos hôtels préférés dans la capitale scandinave</title>
                                <link>https://www.lefigaro.fr/voyages/hotels/sejour-a-stockholm-nos-hotels-preferes-dans-la-capitale-scandinave-20241113</link>
                                    <description>Stockholm, ville archipel, célèbre pour son «lagom» et son «fika», séduit les voyageurs par sa nature préservée, son urbanisme éclairé et ses spécificités culturelles uniques. Voici dix hôtels pour un séjour réussi dans la capitale suédoise.</description>
                                <category>Hôtels</category>
                <pubDate>Wed, 29 Jan 2025 16:50:45 +0100</pubDate>

                                                            <media:content url="https://i.f1g.fr/media/cms/3000x1999_crop/2024/10/31/41e3832b3af0a515f3ae5df9cf6d51c21754bd3a5b558d9e2ec414ae925f9ef5.jpg" width="3000" height="1999">
                            <media:description type="plain">Séjour à Stockholm : nos hôtels préférés dans la capitale scandinave.</media:description>
                            <media:credit>belyaaa - stock.adobe.com</media:credit>
                        </media:content>
                                                </item>
                    <item>
                <guid>https://www.lefigaro.fr/voyages/hotels/madrid-en-pleine-effervescence-nos-5-hotels-coups-de-coeur-a-connaitre-20250108</guid>
                <title>Madrid en pleine effervescence : nos 5 hôtels coups de cœur à connaître</title>
                                <link>https://www.lefigaro.fr/voyages/hotels/madrid-en-pleine-effervescence-nos-5-hotels-coups-de-coeur-a-connaitre-20250108</link>
                                    <description>Longtemps dans l’ombre de Barcelone au niveau touristique, la capitale espagnole revient sur les devants de la scène. Depuis quelques années, Madrid multiplie les ouvertures d’hôtels. Voici notre sélection d’établissements du quatre au cinq étoiles.</description>
                                <category>Hôtels</category>
                <pubDate>Thu, 09 Jan 2025 12:45:17 +0100</pubDate>

                                                            <media:content url="https://i.f1g.fr/media/cms/1366x768_crop/2024/12/30/bf5f3e4953eb2ea243e376a5f49944da3b2cbb2b232ec9e5e9a5aa2b41d94864.jpg" width="1366" height="768">
                            <media:description type="plain">Nos hôtels coups de cœur à Madrid : 5 établissements du quatre au cinq étoiles. (ici, le Rosewood Villa Magna)</media:description>
                            <media:credit>Photo presse Rosewood&amp;amp;nbsp;</media:credit>
                        </media:content>
                                                </item>
            </channel>
</rss>
