<?xml version="1.0" encoding="UTF-8"?>
<rss version="2.0" xmlns:atom="http://www.w3.org/2005/Atom" xmlns:media="http://search.yahoo.com/mrss/">
    <channel>
        <atom:link href="https://www.lefigaro.fr/rss/figaro_football.xml" rel="self" type="application/rss+xml"/>
        <category>Football</category>
        <title>Le Figaro - Football : Résultats foot, matchs en direct, classements L1, L2…</title>
        <description>Football: Retrouvez toute l&#039;actualité du foot et des matches de Ligue 1, Ligue des champions et coupe de l&#039;UEFA avec Le Figaro</description>
        <link>https://www.lefigaro.fr/sports/football</link>
        <language>fr</language>
        <copyright>Droits de reproduction et de diffusion réservés LeFigaro.fr</copyright>
        <lastBuildDate>Mon, 10 Feb 2025 13:38:34 +0100</lastBuildDate>
        <docs>https://www.lefigaro.fr/rss</docs>
        <image>
            <title>Le Figaro - Football : Résultats foot, matchs en direct, classements L1, L2…</title>
            <url>https://static.lefigaro.fr/common/logos/logo-150x150.png</url>
            <link>https://www.lefigaro.fr/sports/football</link>
            <description>Football: Retrouvez toute l&#039;actualité du foot et des matches de Ligue 1, Ligue des champions et coupe de l&#039;UEFA avec Le Figaro</description>
        </image>

                    <item>
                <guid>https://www.lefigaro.fr/sports/football/ligue-1/des-grands-discours-neal-maupay-se-moque-d-angers-sur-les-reseaux-sociaux-apres-la-victoire-marseillaise-20250210</guid>
                <title>«Des grands discours» : Neal Maupay se moque d’Angers sur les réseaux sociaux après la victoire marseillaise</title>
                                <link>https://www.lefigaro.fr/sports/football/ligue-1/des-grands-discours-neal-maupay-se-moque-d-angers-sur-les-reseaux-sociaux-apres-la-victoire-marseillaise-20250210</link>
                                    <description>LE SCAN SPORT - Ce dimanche soir dans une story Instagram, l’attaquant marseillais a charrié Jean-Jacques Batoum, préparateur physique du SCO, et son discours d’avant-match.</description>
                                <category>Ligue 1</category>
                <pubDate>Mon, 10 Feb 2025 09:02:36 +0100</pubDate>

                                                            <media:content url="https://i.f1g.fr/media/cms/3000x2000_crop/2025/02/10/40c6e62d8980d4e926425ce57766190bd9a2d341e5ebd1fd44bbddd0fa378c32.jpg" width="3000" height="2000">
                            <media:description type="plain">Neal Maupay, ici à gauche.</media:description>
                            <media:credit>JEAN-FRANCOIS MONIER / AFP</media:credit>
                        </media:content>
                                                </item>
                    <item>
                <guid>https://www.lefigaro.fr/sports/football/jaloux-de-mbappe-refus-de-prolonger-cicatrice-du-ballon-d-or-entre-vinicius-et-le-real-madrid-le-torchon-brule-20250210</guid>
                <title>Jaloux de Mbappé, refus de prolonger, cicatrice du Ballon d’Or... Entre Vinicius et le Real Madrid, le torchon brûle</title>
                                <link>https://www.lefigaro.fr/sports/football/jaloux-de-mbappe-refus-de-prolonger-cicatrice-du-ballon-d-or-entre-vinicius-et-le-real-madrid-le-torchon-brule-20250210</link>
                                    <description>DÉCRYPTAGE - Depuis de nombreuses semaines, Vinicius Jr n’est plus que l’ombre de lui-même au Real Madrid. Selon la presse espagnole, un véritable malaise serait même présent entre la star brésilienne et la Maison Blanche.</description>
                                <category>Football</category>
                <pubDate>Mon, 10 Feb 2025 11:23:42 +0100</pubDate>

                                                            <media:content url="https://i.f1g.fr/media/cms/orig/2025/02/10/5c3761e45529c2eddd9755548aff4c085cad2f50cc4512a5bb40fe41aca92444.jpg" width="3000" height="2045">
                            <media:description type="plain">Vinicius Jr arriverait-il au bout de son histoire avec le Real Madrid ?</media:description>
                            <media:credit>PIERRE-PHILIPPE MARCOU / AFP</media:credit>
                        </media:content>
                                                </item>
                    <item>
                <guid>https://www.lefigaro.fr/sports/football/ligue-1/classement-ligue-1-paris-leader-intouchable-marseille-solide-dauphin-nice-sur-le-podium-20250210</guid>
                <title>Classement Ligue 1 : Paris leader intouchable, Marseille solide dauphin, Nice sur le podium</title>
                                <link>https://www.lefigaro.fr/sports/football/ligue-1/classement-ligue-1-paris-leader-intouchable-marseille-solide-dauphin-nice-sur-le-podium-20250210</link>
                                    <description>Le PSG toujours en tête, Marseille solide deuxième, Montpellier retrouve les abysses, Monaco doublé par Nice... retrouvez le classement de la Ligue 1 après 21 journées.</description>
                                <category>Ligue 1</category>
                <pubDate>Mon, 10 Feb 2025 08:00:00 +0100</pubDate>

                                                            <media:content url="https://i.f1g.fr/media/cms/1700x1216_crop/2025/02/09/70fce5f8307b23d2d6b4c6586dda7c9b4aae22f12c3bc5d0821fff4be86f1b01.jpg" width="1700" height="1216">
                            <media:description type="plain">Kvaratskhelia a ouvert son compteur but avec le PSG. </media:description>
                            <media:credit>Gonzalo Fuentes / REUTERS</media:credit>
                        </media:content>
                                                </item>
                    <item>
                <guid>https://www.lefigaro.fr/sports/football/ligue-1/angers-marseille-on-a-vraiment-joue-comme-une-grande-equipe-savoure-de-zerbi-20250210</guid>
                <title>Ligue 1 : «On a vraiment joué comme une grande équipe», savoure Roberto De Zerbi</title>
                                <link>https://www.lefigaro.fr/sports/football/ligue-1/angers-marseille-on-a-vraiment-joue-comme-une-grande-equipe-savoure-de-zerbi-20250210</link>
                                    <description>L’entraîneur de Marseille s’est satisfait de la victoire des siens ce dimanche soir à Angers (0-2) et souligne la performance de son équipe.</description>
                                <category>Ligue 1</category>
                <pubDate>Mon, 10 Feb 2025 08:20:27 +0100</pubDate>

                                                            <media:content url="https://i.f1g.fr/media/cms/1347x860_crop/2025/02/10/269c997df8b5bdd07ab98c9a6e03b7977f0e6b55552313d83af7a1622427ec26.jpg" width="1347" height="860">
                            <media:description type="plain">De Zerbi veut «regarder plus haut». </media:description>
                            <media:credit>Manon Cruz / REUTERS</media:credit>
                        </media:content>
                                                </item>
                    <item>
                <guid>https://www.lefigaro.fr/sports/football/ligue-1/angers-marseille-un-sauveur-nomme-rabiot-une-premiere-periode-calamiteuse-les-tops-et-les-flops-20250209</guid>
                <title>Angers-Marseille : un sauveur nommé Rabiot, une première période calamiteuse... les tops et les flops</title>
                                <link>https://www.lefigaro.fr/sports/football/ligue-1/angers-marseille-un-sauveur-nomme-rabiot-une-premiere-periode-calamiteuse-les-tops-et-les-flops-20250209</link>
                                    <description>Dans la douleur, l’OM a fait le travail sur le terrain d’Angers pour s’imposer (0-2) et prendre une belle avance sur ses concurrents au classement. Découvrez ce qui a plu... et déplu à notre rédaction.</description>
                                <category>Ligue 1</category>
                <pubDate>Sun, 09 Feb 2025 23:29:46 +0100</pubDate>

                                                            <media:content url="https://i.f1g.fr/media/cms/1920x1080_crop/2025/02/09/ef95b93e20f88578fa2464dd41343c1c174e9e0ced38fab6dd195c9dfc873800.jpg" width="1920" height="1080">
                            <media:description type="plain">Rabiot a délivré les siens après une première période décevante. </media:description>
                            <media:credit>AFP / JEAN-FRANCOIS MONIER / AFP / JEAN-FRANCOIS MONIER</media:credit>
                        </media:content>
                                                </item>
                    <item>
                <guid>https://www.lefigaro.fr/sports/football/italie/serie-a-le-leader-naples-cale-a-domicile-face-a-l-udinese-20250209</guid>
                <title>Serie A : le leader Naples cale à domicile face à l’Udinese</title>
                                <link>https://www.lefigaro.fr/sports/football/italie/serie-a-le-leader-naples-cale-a-domicile-face-a-l-udinese-20250209</link>
                                    <description>Ce dimanche, Naples, pourtant leader, a concédé un match nul sur sa pelouse face à l’Udinese. (1-1).</description>
                                <category>Italie</category>
                <pubDate>Sun, 09 Feb 2025 23:19:48 +0100</pubDate>

                                                            <media:content url="https://i.f1g.fr/media/cms/2304x1399_crop/2025/02/09/5d68612bbf4abce57f538d9abff8a7956ee2b1267323c56f76c9dde01e7a5de7.jpg" width="2304" height="1399">
                            <media:description type="plain">Scott McTominay de Naples et Giovanni Di Lorenzo frustrés.</media:description>
                            <media:credit>Ciro De Luca / REUTERS</media:credit>
                        </media:content>
                                                </item>
                    <item>
                <guid>https://www.lefigaro.fr/sports/football/espagne/liga-barcelone-marche-sur-seville-et-revient-a-deux-points-du-real-madrid-20250209</guid>
                <title>Liga : Barcelone marche sur Séville et revient à deux points du Real Madrid</title>
                                <link>https://www.lefigaro.fr/sports/football/espagne/liga-barcelone-marche-sur-seville-et-revient-a-deux-points-du-real-madrid-20250209</link>
                                    <description>Ce dimanche, le FC Barcelone a écrasé Séville (4-1) et revient à deux points du leader madrilène.</description>
                                <category>Espagne</category>
                <pubDate>Sun, 09 Feb 2025 23:15:55 +0100</pubDate>

                                                            <media:content url="https://i.f1g.fr/media/cms/2005x1323_crop/2025/02/09/fc4fc810dff2f7902b20564e23781e47f0c8418e8ba0afa12b3eb3e9806f5f62.jpg" width="2005" height="1323">
                            <media:description type="plain">Koundé et Garcia exultent.</media:description>
                            <media:credit>Marcelo del Pozo / REUTERS</media:credit>
                        </media:content>
                                                </item>
                    <item>
                <guid>https://www.lefigaro.fr/sports/football/ligue-1/ligue-1-d-abord-brouillon-marseille-finit-par-l-emporter-face-a-de-faibles-angevins-20250209</guid>
                <title>Ligue 1 : d’abord brouillon, Marseille finit par l’emporter face à de faibles angevins</title>
                                <link>https://www.lefigaro.fr/sports/football/ligue-1/ligue-1-d-abord-brouillon-marseille-finit-par-l-emporter-face-a-de-faibles-angevins-20250209</link>
                                    <description>Ce dimanche en clôture de la 21e journée, l’Olympique de Marseille a battu Angers (0-2) malgré une première période brouillonne et sans réussite.</description>
                                <category>Ligue 1</category>
                <pubDate>Sun, 09 Feb 2025 22:59:47 +0100</pubDate>

                                                            <media:content url="https://i.f1g.fr/media/cms/3000x2000_crop/2025/02/09/ae6c5174a415dbbcb9c75bf290e5562c8702c0d280970aa791e74e15fcca74e3.jpg" width="3000" height="2000">
                            <media:description type="plain">Rabiot et les siens savourent. </media:description>
                            <media:credit>JEAN-FRANCOIS MONIER / AFP</media:credit>
                        </media:content>
                                                </item>
                    <item>
                <guid>https://www.lefigaro.fr/sports/football/foot-11-buts-marques-en-un-seul-match-messi-n-aurait-finalement-pas-reussi-cette-performance-20250209</guid>
                <title>Foot : 11 buts marqués en un seul match ? Messi n’aurait, finalement... pas réussi cette performance</title>
                                <link>https://www.lefigaro.fr/sports/football/foot-11-buts-marques-en-un-seul-match-messi-n-aurait-finalement-pas-reussi-cette-performance-20250209</link>
                                    <description>LE SCAN SPORT - Selon divers médias à travers le monde vendredi, Thiago Messi, fils aîné de la légende argentine, aurait inscrit pas moins de 11 buts dans un seul et même match. Mais, finalement, cette information est erronée.</description>
                                <category>Football</category>
                <pubDate>Sun, 09 Feb 2025 23:30:51 +0100</pubDate>

                                                            <media:content url="https://i.f1g.fr/media/cms/3000x2000_crop/2025/02/09/7bf1093c9093de88a862857d9fe8d3c8ee6577fe0b7da72d5e018851c22138db.jpg" width="3000" height="2000">
                            <media:description type="plain">Lionel Messi (à gauche) et son fils aîné, Thiago. </media:description>
                            <media:credit>CHRIS ARJOON / AFP</media:credit>
                        </media:content>
                                                </item>
                    <item>
                <guid>https://www.lefigaro.fr/sports/football/ligue-1/ligue-1-vous-etes-des-nuls-ambiance-electrique-a-saint-etienne-apres-la-defaite-face-a-rennes-20250209</guid>
                <title>Ligue 1 : « Vous êtes des nuls ! », ambiance électrique à Saint-Etienne après la défaite face à Rennes</title>
                                <link>https://www.lefigaro.fr/sports/football/ligue-1/ligue-1-vous-etes-des-nuls-ambiance-electrique-a-saint-etienne-apres-la-defaite-face-a-rennes-20250209</link>
                                    <description>Samedi soir à Geoffroy-Guichard, l’AS Saint-Etienne s’est sèchement inclinée face au Stade Rennais (0-2). Une nouvelle défaite qui n’a pas (du tout) été du goût des supporters stéphanois.</description>
                                <category>Ligue 1</category>
                <pubDate>Sun, 09 Feb 2025 22:05:44 +0100</pubDate>

                                                            <media:content url="https://i.f1g.fr/media/cms/3000x2001_crop/2025/02/09/9c9c055eef2f9609ad54e581725d5fba1d923e8df9b614018a3d22a66dec83b3.jpg" width="3000" height="2001">
                            <media:description type="plain">Les supporters des Verts font grise mine. </media:description>
                            <media:credit>JEAN-PHILIPPE KSIAZEK / AFP</media:credit>
                        </media:content>
                                                </item>
                    <item>
                <guid>https://www.lefigaro.fr/sports/football/les-1-000-buts-oui-mais-pas-que-l-autre-objectif-dementiel-de-la-fin-de-carriere-de-cristiano-ronaldo-20250209</guid>
                <title>« Les 1000 buts ? Oui, mais pas que... » : l’autre objectif démentiel de la fin de carrière de Cristiano Ronaldo</title>
                                <link>https://www.lefigaro.fr/sports/football/les-1-000-buts-oui-mais-pas-que-l-autre-objectif-dementiel-de-la-fin-de-carriere-de-cristiano-ronaldo-20250209</link>
                                    <description>Malgré ses 40 ans et une carrière déjà fabuleuse, la star portugaise a encore un dernier rêve particulier à accomplir.</description>
                                <category>Football</category>
                <pubDate>Sun, 09 Feb 2025 22:09:39 +0100</pubDate>

                                                            <media:content url="https://i.f1g.fr/media/cms/3000x2001_crop/2025/02/09/50576e1a882eff3742aab6f261c1e5228c194f9b55adea716ba4a6e2e0871dcb.jpg" width="3000" height="2001">
                            <media:description type="plain">Cristiano Ronaldo se montre toujours aussi efficace, même à 40 ans, face au but adverse. </media:description>
                            <media:credit>FAYEZ NURELDINE / AFP</media:credit>
                        </media:content>
                                                </item>
                    <item>
                <guid>https://www.lefigaro.fr/sports/football/allemagne/bundesliga-le-rb-leipzig-maitrise-sankt-pauli-et-reste-4e-de-bundesliga-20250209</guid>
                <title>Bundesliga : le RB Leipzig maîtrise Sankt Pauli et reste 4e de Bundesliga</title>
                                <link>https://www.lefigaro.fr/sports/football/allemagne/bundesliga-le-rb-leipzig-maitrise-sankt-pauli-et-reste-4e-de-bundesliga-20250209</link>
                                    <description>Le RB Leipzig s’est imposé dimanche 2-0 sur sa pelouse contre Sankt Pauli en clôture de la 21e journée de Bundesliga. Cette victoire permet aux hommes de Marco Rose de garder la quatrième place de la Bundesliga.</description>
                                <category>Allemagne</category>
                <pubDate>Sun, 09 Feb 2025 19:51:36 +0100</pubDate>

                                                            <media:content url="https://i.f1g.fr/media/cms/3000x2004_crop/2025/02/09/d4e5defe5df2802734af756e1c2db27d44d8e8425573a2396873b58da9fa7754.jpg" width="3000" height="2004">
                            <media:description type="plain">Le RB Leipzig a aisément battu Sankt Pauli ce dimanche. </media:description>
                            <media:credit>RONNY HARTMANN / AFP</media:credit>
                        </media:content>
                                                </item>
                    <item>
                <guid>https://www.lefigaro.fr/sports/football/live/ligue-1/2024/2448591/angers-marseille</guid>
                <title>Angers-Marseille : revivez le nouveau succès de l’OM à l’extérieur</title>
                                <link>https://www.lefigaro.fr/sports/football/live/ligue-1/2024/2448591/angers-marseille</link>
                                    <description>Victorieux de l’OL le 2 février dernier, l’Olympique de Marseille a su enchaîner ce dimanche soir à Angers (0-2).</description>
                                <category>Ligue 1</category>
                <pubDate>Sun, 09 Feb 2025 22:42:36 +0100</pubDate>

                                                            <media:content url="https://i.f1g.fr/media/cms/3000x2000_crop/2025/02/09/a465ac5bf29e950dd67f7a11fe0dda32949d13e23d5cf84d6fe9f123ee79d373.jpg" width="3000" height="2000">
                            <media:description type="plain">La joie des Marseillais. </media:description>
                            <media:credit>JEAN-FRANCOIS MONIER / AFP</media:credit>
                        </media:content>
                                                </item>
                    <item>
                <guid>https://www.lefigaro.fr/faits-divers/seine-et-marne-un-blesse-grave-dans-l-attaque-d-une-equipe-de-football-en-plein-match-20250209</guid>
                <title>Seine-et-Marne: un blessé grave dans l'attaque d'une équipe de football en plein match</title>
                                <link>https://www.lefigaro.fr/faits-divers/seine-et-marne-un-blesse-grave-dans-l-attaque-d-une-equipe-de-football-en-plein-match-20250209</link>
                                    <description>Le match des U20 comptant pour le Régional 2 se déroulait dans le calme ce dimanche au stade de Dammarie-les-Lys devant le public lorsqu’un groupe de jeunes de la ville est entré dans l’enceinte, armé, pour s’en prendre aux joueurs de Meaux.</description>
                                <category>Faits divers</category>
                <pubDate>Sun, 09 Feb 2025 21:25:27 +0100</pubDate>

                                                            <media:content url="https://i.f1g.fr/media/cms/orig/2025/02/09/8632af40029d14155b272df1bbb78660b9a7374990ad6be33437a78388d0f0e9.jpg" width="3000" height="2001">
                            <media:description type="plain">Arrivés sur place, des policiers ont sauté dans la Seine pour repêcher l’un des jeunes, qui ne savait pas nager.</media:description>
                            <media:credit>Joly Victor/ABACA / Victor Velter - stock.adobe.com</media:credit>
                        </media:content>
                                                </item>
                    <item>
                <guid>https://www.lefigaro.fr/sports/football/ligue-1/ligue-1-strasbourg-enfonce-montpellier-toulouse-arrache-un-nul-a-auxerre-20250209</guid>
                <title>Ligue 1 : Strasbourg enfonce Montpellier, Toulouse arrache le nul à Auxerre</title>
                                <link>https://www.lefigaro.fr/sports/football/ligue-1/ligue-1-strasbourg-enfonce-montpellier-toulouse-arrache-un-nul-a-auxerre-20250209</link>
                                    <description>Strasbourg a décroché une précieuse victoire 2-0 sur sa pelouse contre Montpellier ce dimanche après-midi. Après avoir mené deux fois au score, Auxerre a finalement dû concéder le nul 2-2 contre Toulouse.</description>
                                <category>Ligue 1</category>
                <pubDate>Sun, 09 Feb 2025 19:40:23 +0100</pubDate>

                                                            <media:content url="https://i.f1g.fr/media/cms/3000x2000_crop/2025/02/09/606269b813887e7c3200626513fee177aac5bff14fccf1db727880e474f385b0.jpg" width="3000" height="2000">
                            <media:description type="plain">Nanasi et Strasbourg se sont facilement imposés à domicile face à Montpellier. </media:description>
                            <media:credit>FREDERICK FLORIN / AFP</media:credit>
                        </media:content>
                                                </item>
                    <item>
                <guid>https://www.lefigaro.fr/flash-sport/lyon-reims-cherki-et-tolisso-bouillants-la-patte-fonseca-les-champenois-en-pleine-hemorragie-les-tops-flops-20250209</guid>
                <title>Lyon-Reims : Cherki et Tolisso bouillants, la patte « Fonseca », les Champenois en pleine hémorragie... Les tops/flops</title>
                                <link>https://www.lefigaro.fr/flash-sport/lyon-reims-cherki-et-tolisso-bouillants-la-patte-fonseca-les-champenois-en-pleine-hemorragie-les-tops-flops-20250209</link>
                                    <description>À l’issue du festival offensif de l’Olympique Lyonnais face au Stade de Reims (4-0) dimanche, lors de la 21e journée de Ligue 1, découvrez ce qui a plu... et déplu à notre rédaction.</description>
                                <category>Ligue 1</category>
                <pubDate>Sun, 09 Feb 2025 18:49:35 +0100</pubDate>

                                                            <media:content url="https://i.f1g.fr/media/cms/1920x1080_crop/2025/02/09/572358cb1ef85e74a2fefa1cd8e800a5b14939b01a3838f6bc0eb0c5a55db17b.jpg" width="1920" height="1080">
                            <media:description type="plain">Rayan Cherki et Corentin Tolisso (à gauche) et Georges Mikautadze. </media:description>
                            <media:credit>AFP / OLIVIER CHASSIGNOLE / AFP / ALEX MARTIN</media:credit>
                        </media:content>
                                                </item>
                    <item>
                <guid>https://www.lefigaro.fr/sports/football/angleterre/coupe-d-angleterre-exploit-gigantesque-pour-le-dernier-de-d2-plymouth-tombeur-de-liverpool-20250209</guid>
                <title>Coupe d'Angleterre: exploit gigantesque pour le dernier de D2 Plymouth tombeur de Liverpool</title>
                                <link>https://www.lefigaro.fr/sports/football/angleterre/coupe-d-angleterre-exploit-gigantesque-pour-le-dernier-de-d2-plymouth-tombeur-de-liverpool-20250209</link>
                                    <description>Lanterne rouge de la deuxième division anglaise, Plymouth a éliminé au quatrième tour de la coupe d’Angleterre Liverpool. Un exploit monumental.</description>
                                <category>Angleterre</category>
                <pubDate>Sun, 09 Feb 2025 18:25:54 +0100</pubDate>

                                                            <media:content url="https://i.f1g.fr/media/cms/3000x1892_crop/2025/02/09/edd1d6ba2ba137bfafa51d0d585ceca1ee1a99ffb7280c281e9e3f742881aec8.jpg" width="3000" height="1892">
                            <media:description type="plain">Ryan Hardie a inscrit le seul but de la rencontre sur penalty. </media:description>
                            <media:credit>David Klein / REUTERS</media:credit>
                        </media:content>
                                                </item>
                    <item>
                <guid>https://www.lefigaro.fr/sports/football/ligue-des-champions/ligue-des-champions-lucas-vazquez-blesse-le-real-madrid-dans-la-galere-avant-city-20250209</guid>
                <title>Ligue des champions : Lucas Vazquez blessé, le Real Madrid dans la galère avant City</title>
                                <link>https://www.lefigaro.fr/sports/football/ligue-des-champions/ligue-des-champions-lucas-vazquez-blesse-le-real-madrid-dans-la-galere-avant-city-20250209</link>
                                    <description>Avant d’affronter Manchester City ce mardi, le Real Madrid doit faire face à une nouvelle blessure : celle de Lucas Vazquez.</description>
                                <category>Ligue des champions</category>
                <pubDate>Sun, 09 Feb 2025 18:11:56 +0100</pubDate>

                                                            <media:content url="https://i.f1g.fr/media/cms/3000x2258_crop/2025/02/09/7df6a8e8d6f88b2be56fcee31fbf39154d4c51f54daec8de53163af2d602af06.jpg" width="3000" height="2258">
                            <media:description type="plain">Vazquez, blessé. </media:description>
                            <media:credit>Gonzalo Fuentes / REUTERS</media:credit>
                        </media:content>
                                                </item>
                    <item>
                <guid>https://www.lefigaro.fr/sports/football/ligue-1/ligue-1-lyon-se-reveille-et-punit-un-stade-de-reims-en-perdition-20250209</guid>
                <title>Ligue 1 : Lyon se réveille et gifle un Stade de Reims en perdition</title>
                                <link>https://www.lefigaro.fr/sports/football/ligue-1/ligue-1-lyon-se-reveille-et-punit-un-stade-de-reims-en-perdition-20250209</link>
                                    <description>Dimanche au Groupama Stadium, l’Olympique Lyonnais a surclassé (4-0) une équipe champenoise en détresse, lors de la 21e journée.</description>
                                <category>Ligue 1</category>
                <pubDate>Sun, 09 Feb 2025 18:45:13 +0100</pubDate>

                                                            <media:content url="https://i.f1g.fr/media/cms/3000x2000_crop/2025/02/09/6ab3139df46dadc5095d76e86ffdb87d7b61470899f9be938e0865162c0ac2fd.jpg" width="3000" height="2000">
                            <media:description type="plain">Nicolas Tagliafico (à droite) félicité par Corentin Tolisso. </media:description>
                            <media:credit>ALEX MARTIN / AFP</media:credit>
                        </media:content>
                                                </item>
                    <item>
                <guid>https://www.lefigaro.fr/sports/football/ligue-1/en-direct-ligue-1-suivez-le-multiplex-de-la-21e-journee-20250209</guid>
                <title>Ligue 1 : revivez le multiplex de la 21e journée</title>
                                <link>https://www.lefigaro.fr/sports/football/ligue-1/en-direct-ligue-1-suivez-le-multiplex-de-la-21e-journee-20250209</link>
                                    <description>Au programme ce dimanche, Auxerre-Toulouse et Strasbourg-Montpellier.</description>
                                <category>Ligue 1</category>
                <pubDate>Sun, 09 Feb 2025 19:15:21 +0100</pubDate>

                                                            <media:content url="https://i.f1g.fr/media/cms/3000x2000_crop/2025/02/09/c06b479498f1eed64364876fde7100be78cc293249b383a17a5a7418ced8cbba.jpg" width="3000" height="2000">
                            <media:description type="plain">Auxerre a mené deux fois face à Toulouse. </media:description>
                            <media:credit>ARNAUD FINISTRE / AFP</media:credit>
                        </media:content>
                                                </item>
            </channel>
</rss>
