<?xml version="1.0" encoding="UTF-8"?><rss xmlns:atom="http://www.w3.org/2005/Atom" xmlns:content="http://purl.org/rss/1.0/modules/content/" xmlns:dc="http://purl.org/dc/elements/1.1/" xmlns:sy="http://purl.org/rss/1.0/modules/syndication/" version="2.0" xmlns:media="http://search.yahoo.com/mrss/"><channel><title><![CDATA[Libération]]></title><link>https://www.liberation.fr</link><atom:link href="https://www.liberation.fr/arc/outboundfeeds/rss-all/category/culture/" rel="self" type="application/rss+xml"/><description><![CDATA[Libération News Feed]]></description><lastBuildDate>Mon, 10 Feb 2025 12:33:54 +0000</lastBuildDate><language>fr</language><ttl>1</ttl><sy:updatePeriod>hourly</sy:updatePeriod><sy:updateFrequency>1</sy:updateFrequency><image><url>https://liberation-liberation-prod.cdn.arcpublishing.com/resizer/NDhvymtydpZl4sImd-sUL72q8YM=/arc-photo-liberation/eu-central-1-prod/public/3QH5F2WEITAV2N22T6S3ECTWJ4.png</url><title>Libération</title><link>https://www.liberation.fr</link></image><item><title><![CDATA[Deux livres de poésie pour enfants pour les changer de la récitation]]></title><link>https://www.liberation.fr/culture/livres/deux-livres-de-poesie-pour-enfants-pour-les-changer-de-la-recitation-20250210_6GWVXWTIOZAKJJSMMY2N6LASZ4/</link><guid isPermaLink="true">https://www.liberation.fr/culture/livres/deux-livres-de-poesie-pour-enfants-pour-les-changer-de-la-recitation-20250210_6GWVXWTIOZAKJJSMMY2N6LASZ4/</guid><dc:creator><![CDATA[Florian Bardou]]></dc:creator><description><![CDATA[Les recueils «Poèmes joue ! Joue !» et «Bonjour poésies» démontrent que les meilleurs des auteurs contemporains savent aussi s’adresser aux plus jeunes.]]></description><pubDate>Mon, 10 Feb 2025 09:22:00 +0000</pubDate><media:content url="https://liberation-liberation-prod.cdn.arcpublishing.com/resizer/6ep5HpwrW99ibkWGftafwk1_mu4=/cloudfront-eu-central-1.images.arcpublishing.com/liberation/PCSCNO5UFJGLRBGIMM5NJNRYOI.jpg" type="image/jpeg" height="749" width="548"><media:description type="plain"><![CDATA[Hélène Dorion.]]></media:description><media:credit role="author" scheme="urn:ebu">Photomontage Libération</media:credit></media:content></item><item><title><![CDATA[«To Like or Not», un spectacle interactif où tout peut basculer d’un Insta à l’autre]]></title><link>https://www.liberation.fr/culture/to-like-or-not-un-spectacle-interactif-ou-tout-peut-basculer-dun-insta-a-lautre-20250210_JQBP3HHJ7FCGBLRLSB5XGI2XUI/</link><guid isPermaLink="true">https://www.liberation.fr/culture/to-like-or-not-un-spectacle-interactif-ou-tout-peut-basculer-dun-insta-a-lautre-20250210_JQBP3HHJ7FCGBLRLSB5XGI2XUI/</guid><dc:creator><![CDATA[Sonya Faure]]></dc:creator><description><![CDATA[Dans un spectacle où s’enchaînent contenus postés sur les réseaux sociaux, pièce de théâtre et expérience de réalité virtuelle, Emilie Anna Maillet explore les images et les masques que les adolescents se créent.]]></description><pubDate>Mon, 10 Feb 2025 06:13:00 +0000</pubDate><media:content url="https://liberation-liberation-prod.cdn.arcpublishing.com/resizer/SyKtFJHxciUgfcflKxtH1RULMA4=/cloudfront-eu-central-1.images.arcpublishing.com/liberation/STUY2MOH6FCY5KQKDOSPIMTJYM.jpg" type="image/jpeg" height="662" width="1601"><media:description type="plain"><![CDATA[Une expérience de réalité virtuelle permet de se mettre dans la peau d’un des six personnages invités à une soirée chez Alma.]]></media:description></media:content></item><item><title><![CDATA[Le top 5 des expos à voir en ce moment : Sandra Knecht, Roméo Mivekannin, James Welling…]]></title><link>https://www.liberation.fr/culture/arts/le-top-5-des-expos-a-voir-en-ce-moment-sandra-knecht-romeo-mivekannin-james-welling-20250210_XS6FMR5SGNEPNEYHXJMBSZJTCY/</link><guid isPermaLink="true">https://www.liberation.fr/culture/arts/le-top-5-des-expos-a-voir-en-ce-moment-sandra-knecht-romeo-mivekannin-james-welling-20250210_XS6FMR5SGNEPNEYHXJMBSZJTCY/</guid><dc:creator><![CDATA[SERVICE CULTURE]]></dc:creator><description><![CDATA[Peinture, art contemporain, photographie… «Libé» vous guide dans les expositions à voir, à Paris, Bâle, Lens ou Marseille. Avec aussi : une exposition sur le cirque et un cabinet de curiosité.]]></description><pubDate>Mon, 10 Feb 2025 05:33:00 +0000</pubDate><media:content url="https://liberation-liberation-prod.cdn.arcpublishing.com/resizer/bNTNjhWfNfmfz-NIHHldxOL3WLM=/cloudfront-eu-central-1.images.arcpublishing.com/liberation/VN5KHUIBDFHU3FRFYT7OPE6MNE.png" type="image/png" height="2000" width="3000"><media:description type="plain"><![CDATA[«La Barque de Dante d’après Delacroix» de Roméo Mivekannin et «Tschinn», autoportrait de Sandra Knecht.]]></media:description></media:content></item><item><title><![CDATA[«On n’est pas chez les Trump, ici» : avant le sommet sur l’IA à Paris, la culture défend l’innovation mais aussi ses droits]]></title><link>https://www.liberation.fr/culture/sommet-sur-lia-la-culture-defend-linnovation-mais-aussi-ses-droits-20250209_FZOWJOFZUBBP3FYBAEH7Y3CMSU/</link><guid isPermaLink="true">https://www.liberation.fr/culture/sommet-sur-lia-la-culture-defend-linnovation-mais-aussi-ses-droits-20250209_FZOWJOFZUBBP3FYBAEH7Y3CMSU/</guid><dc:creator><![CDATA[Ève Beauvallet]]></dc:creator><description><![CDATA[Pour la première fois intégré à un Sommet international sur l’IA, le secteur culturel débattait ce week-end des grands défis à venir.]]></description><pubDate>Sun, 09 Feb 2025 15:06:10 +0000</pubDate><media:content url="https://liberation-liberation-prod.cdn.arcpublishing.com/resizer/MUPgPKxwCq_-ssRNZ_vR6AnXV1I=/cloudfront-eu-central-1.images.arcpublishing.com/liberation/DOQVZD6NO5CG7FIZRZNNZ5QH4I.jpg" type="image/jpeg" height="4480" width="6720"><media:description type="plain"><![CDATA[«Le respect de la propriété intellectuelle, ce n’est pas une option», a tranché Rachida Dati au Sommet ce week-end.]]></media:description><media:credit role="author" scheme="urn:ebu">Henrike Stahl</media:credit></media:content></item><item><title><![CDATA[Bonnie Prince Billy : «Un jour, on connecte avec une chanson et c’est comme si on trouvait de l’or au fond d’une rivière»]]></title><link>https://www.liberation.fr/culture/musique/bonnie-prince-billy-un-jour-on-connecte-avec-une-chanson-et-cest-comme-si-on-trouvait-de-lor-au-fond-dune-riviere-20250209_IHBDRLEMEFFT5DRQ4JRCR6EIIQ/</link><guid isPermaLink="true">https://www.liberation.fr/culture/musique/bonnie-prince-billy-un-jour-on-connecte-avec-une-chanson-et-cest-comme-si-on-trouvait-de-lor-au-fond-dune-riviere-20250209_IHBDRLEMEFFT5DRQ4JRCR6EIIQ/</guid><dc:creator><![CDATA[Olivier Lamm]]></dc:creator><description><![CDATA[Rencontre avec le songwriter américain Will Oldham, de retour avec «The Purple Bird», formidable album enregistré à Nashville et fruit de collaborations rares à la production, l’écriture et la composition.]]></description><pubDate>Sun, 09 Feb 2025 14:37:00 +0000</pubDate><media:content url="https://liberation-liberation-prod.cdn.arcpublishing.com/resizer/ukSDkTosjuycdUc3sR5XO51KuvQ=/cloudfront-eu-central-1.images.arcpublishing.com/liberation/QEM6PTDQO5BGFMNRMIB2AJ4ZVU.jpg" type="image/jpeg" height="5000" width="4000"><media:description type="plain"><![CDATA[Will Oldham à Paris, le 4 décembre 2024.]]></media:description><media:credit role="author" scheme="urn:ebu">Edouard Caupeil</media:credit></media:content></item><item><title><![CDATA[Philippe Vilain, les années Ernaux]]></title><link>https://www.liberation.fr/portraits/philippe-vilain-les-annees-ernaux-20250209_LRSL4FSL4VG3JLXDFKEX66Z76A/</link><guid isPermaLink="true">https://www.liberation.fr/portraits/philippe-vilain-les-annees-ernaux-20250209_LRSL4FSL4VG3JLXDFKEX66Z76A/</guid><dc:creator><![CDATA[Marie-Dominique Lelièvre]]></dc:creator><description><![CDATA[L’écrivain se réapproprie le récit de sa relation avec la Prix Nobel de littérature, quand il était étudiant et elle déjà célèbre.]]></description><pubDate>Sun, 09 Feb 2025 14:11:00 +0000</pubDate><media:content url="https://liberation-liberation-prod.cdn.arcpublishing.com/resizer/zxIG-rTK_uDwDl7nTRCedoruWTQ=/cloudfront-eu-central-1.images.arcpublishing.com/liberation/5EDOIUW5IFH7BNIKPUVV3OQPUI.jpg" type="image/jpeg" height="7072" width="5304"><media:description type="plain"><![CDATA[L'écrivain Philippe Vilain, à Paris, le 22 janvier 2025.]]></media:description><media:credit role="author" scheme="urn:ebu">Irina Shkoda</media:credit></media:content></item><item><title><![CDATA[Les séries de la semaine : «Paradise» et «Common Side Effects»]]></title><link>https://www.liberation.fr/culture/les-series-de-la-semaine-paradise-et-common-side-effects-20250209_SADJ74N2SFABPE76ESDJXGXDBY/</link><guid isPermaLink="true">https://www.liberation.fr/culture/les-series-de-la-semaine-paradise-et-common-side-effects-20250209_SADJ74N2SFABPE76ESDJXGXDBY/</guid><dc:creator><![CDATA[SERVICE CULTURE]]></dc:creator><description><![CDATA[«Libé» vous guide dans la jungle des sorties séries. Cette semaine, le créateur de «This Is Us» élabore une dystopie parano à double-fond tandis que Cartoon Network invoque le spectre de «The Big Lebowski» dans un thriller pharmaceutique sous champi.]]></description><pubDate>Sun, 09 Feb 2025 11:05:00 +0000</pubDate><media:content url="https://liberation-liberation-prod.cdn.arcpublishing.com/resizer/b5IxFWSNRs4QyH9qQZxBJ-zArEQ=/cloudfront-eu-central-1.images.arcpublishing.com/liberation/XRLRFOFB3JDQTOSOXHLEVBY3ZI.png" type="image/png" height="2000" width="3000"><media:description type="plain"><![CDATA[«Paradise», «Common Side Effects» et «Severance».]]></media:description></media:content></item><item><title><![CDATA[En pleine polémique autour de son actrice Karla Sofía Gascón, «Emilia Pérez» remporte le goya du meilleur film européen]]></title><link>https://www.liberation.fr/culture/cinema/en-pleine-polemique-autour-de-son-actrice-karla-sofia-gascon-emilia-perez-remporte-le-goya-du-meilleur-film-europeen-20250209_TF5DTTNRNBHVFHQNAHXZFJUMNQ/</link><guid isPermaLink="true">https://www.liberation.fr/culture/cinema/en-pleine-polemique-autour-de-son-actrice-karla-sofia-gascon-emilia-perez-remporte-le-goya-du-meilleur-film-europeen-20250209_TF5DTTNRNBHVFHQNAHXZFJUMNQ/</guid><dc:creator><![CDATA[ LIBERATION,  AFP]]></dc:creator><description><![CDATA[Le film de Jacques Audiard a remporté samedi 8 février dans la soirée le prix du meilleur film européen aux oscars espagnols en l’absence de la comédienne, dont les anciens tweets racistes ont récemment ressurgi, et du cinéaste.]]></description><pubDate>Sun, 09 Feb 2025 10:56:54 +0000</pubDate><media:content url="https://liberation-liberation-prod.cdn.arcpublishing.com/resizer/RtZl7cElxGNnh3oErR-tY9EBezw=/cloudfront-eu-central-1.images.arcpublishing.com/liberation/JBT5NU2U7RE55JFVYELR2LU4AM.jpg" type="image/jpeg" height="2688" width="4051"><media:description type="plain"><![CDATA[Le cinéaste français Jacques Audiard, le 18 janvier 2025 à Bogotá.]]></media:description><media:credit role="author" scheme="urn:ebu">Raul Arboleda</media:credit></media:content></item><item><title><![CDATA[«Thought Objects» : James Welling, chantre de vision]]></title><link>https://www.liberation.fr/culture/thought-objects-james-welling-chantre-de-vision-20250209_KQOWUTNASRFQ7AZHF5NPQZ2QVU/</link><guid isPermaLink="true">https://www.liberation.fr/culture/thought-objects-james-welling-chantre-de-vision-20250209_KQOWUTNASRFQ7AZHF5NPQZ2QVU/</guid><dc:creator><![CDATA[Clémentine Mercier]]></dc:creator><description><![CDATA[Exposé à la galerie Marian Goodman, le photographe de 74 ans rend visible des curiosités optiques et interroge notre manière de voir les choses.]]></description><pubDate>Sun, 09 Feb 2025 10:53:23 +0000</pubDate><media:content url="https://liberation-liberation-prod.cdn.arcpublishing.com/resizer/0Ghsqp3lezRalnjp3Gl927zjLOo=/cloudfront-eu-central-1.images.arcpublishing.com/liberation/M3AET33JH5CZPOKSMRU3TXFE5E.jpg" type="image/jpeg" height="3300" width="4950"><media:description type="plain"><![CDATA[«Zucchini Flower», (2024).]]></media:description><media:credit role="author" scheme="urn:ebu">James Welling</media:credit></media:content></item><item><title><![CDATA[Uzi Freyja, Frànçois & The Atlas Mountains, Rallye, Aupinard... la playlist du cahier musique de «Libération»]]></title><link>https://www.liberation.fr/culture/musique/uzi-freyja-francois-the-atlas-mountains-rallye-aupinard-la-playlist-du-cahier-musique-de-liberation-20250209_MDF26IZJZNBALBHPVOZTYVFUOY/</link><guid isPermaLink="true">https://www.liberation.fr/culture/musique/uzi-freyja-francois-the-atlas-mountains-rallye-aupinard-la-playlist-du-cahier-musique-de-liberation-20250209_MDF26IZJZNBALBHPVOZTYVFUOY/</guid><dc:creator><![CDATA[Patrice Bardot]]></dc:creator><description><![CDATA[Chaque week-end, la web radio de «Tsugi» accompagne le cahier musique de «Libération»]]></description><pubDate>Sun, 09 Feb 2025 09:58:00 +0000</pubDate><media:content url="https://liberation-liberation-prod.cdn.arcpublishing.com/resizer/VlqP_HxlgcIJ1PPN_7X1qENnTys=/cloudfront-eu-central-1.images.arcpublishing.com/liberation/THTEIMBW2NEHJNKC2ONXUKWL2U.jpg" type="image/jpeg" height="960" width="1440"><media:description type="plain"><![CDATA[Uzi Freyja Bhelize Don’t Cry (Fougue)]]></media:description><media:credit role="author" scheme="urn:ebu">Sebastien Lang</media:credit></media:content></item><item><title><![CDATA[EN IMAGES - Les Iles du désir (2/4) : Nauru, par le photographe Richard Pak]]></title><link>https://www.liberation.fr/culture/photographie/en-images-les-iles-du-desir-24-nauru-par-le-photographe-richard-pak-20250209_Q3FYVSM77NG4PPX33HUCPPJQ54/</link><guid isPermaLink="true">https://www.liberation.fr/culture/photographie/en-images-les-iles-du-desir-24-nauru-par-le-photographe-richard-pak-20250209_Q3FYVSM77NG4PPX33HUCPPJQ54/</guid><dc:creator><![CDATA[Laure Troussière]]></dc:creator><description><![CDATA[En 2016, l’artiste entame son cycle «les Iles du désir» composé de photographies, écrits et vidéos. Le second volet l’embarque fin 2022 pour Nauru, en Océanie, passé entre les années 70 et 90 de l’un des pays les plus riches du monde à l’extrême pauvreté.]]></description><pubDate>Sun, 09 Feb 2025 09:25:00 +0000</pubDate><media:content url="https://liberation-liberation-prod.cdn.arcpublishing.com/resizer/XZuv4KSSV-Ozq9y1yc8snQXLLeI=/cloudfront-eu-central-1.images.arcpublishing.com/liberation/NU2NXKV2MJDGNE5OLO5THBBEEA.jpg" type="image/jpeg" height="1063" width="1417"><media:description type="plain"><![CDATA[L'île de Nauru, en Micronésie, se situe à 42 km au sud de l'Equateur. Richard Pak s'y est rendu fin 2022.]]></media:description><media:credit role="author" scheme="urn:ebu">Richard Pak</media:credit></media:content></item><item><title><![CDATA[«Chiens des Ozarks» : déchaînement de haines dans l’Arkansas]]></title><link>https://www.liberation.fr/culture/livres/chiens-des-ozarks-dechainement-de-haines-dans-larkansas-20250209_SCFRQOUEE5BDTEB5FUUABO74RI/</link><guid isPermaLink="true">https://www.liberation.fr/culture/livres/chiens-des-ozarks-dechainement-de-haines-dans-larkansas-20250209_SCFRQOUEE5BDTEB5FUUABO74RI/</guid><dc:creator><![CDATA[Christine Ferniot]]></dc:creator><description><![CDATA[Dans ce premier roman traduit en français, Eli Cranor nous parle de cette Amérique qui a voté Trump par ressentiment contre les élites.]]></description><pubDate>Sun, 09 Feb 2025 08:10:00 +0000</pubDate><media:content url="https://liberation-liberation-prod.cdn.arcpublishing.com/resizer/n7aiiwNijt5sbTwbiKPiRGyoZzY=/cloudfront-eu-central-1.images.arcpublishing.com/liberation/2IUGYZUBTRGSFIN3MURKGZL7IU.jpg" type="image/jpeg" height="3640" width="5464"><media:description type="plain"><![CDATA[Jeremiah, un vétéran du Vietnam, règne sur une casse automobile où l’on trouve aussi des armes improbables et des vieux livres.]]></media:description><media:credit role="author" scheme="urn:ebu">Bim</media:credit></media:content></item><item><title><![CDATA[Dennis Morris, photographe de rock en noirs et blancs]]></title><link>https://www.liberation.fr/culture/musique/dennis-morris-photographe-de-rock-en-noirs-et-blancs-20250209_IKO2CI3MOJGH5OOBMNGVNO2K64/</link><guid isPermaLink="true">https://www.liberation.fr/culture/musique/dennis-morris-photographe-de-rock-en-noirs-et-blancs-20250209_IKO2CI3MOJGH5OOBMNGVNO2K64/</guid><dc:creator><![CDATA[Benoît Carretier]]></dc:creator><description><![CDATA[This is England, un regard singulier sur l’Angleterre multiculturelle des années 1970 à la MEP.]]></description><pubDate>Sun, 09 Feb 2025 06:56:00 +0000</pubDate><media:content url="https://liberation-liberation-prod.cdn.arcpublishing.com/resizer/vepP8Op-tbNUh9lGDThiqO0kSTo=/cloudfront-eu-central-1.images.arcpublishing.com/liberation/NKUHEB6DWNHSTOAQA4HGRDDBIM.jpg" type="image/jpeg" height="7075" width="4708"><media:credit role="author" scheme="urn:ebu"></media:credit></media:content></item><item><title><![CDATA[Minh Tran Huy traverse «le fleuve du temps» pour raconter la vie de sa grand-mère vietnamienne]]></title><link>https://www.liberation.fr/culture/livres/minh-tran-huy-traverse-le-fleuve-du-temps-pour-raconter-la-vie-de-sa-grand-mere-vietnamienne-20250209_PDJNMGVUHZF3RG5O24FM63ICXE/</link><guid isPermaLink="true">https://www.liberation.fr/culture/livres/minh-tran-huy-traverse-le-fleuve-du-temps-pour-raconter-la-vie-de-sa-grand-mere-vietnamienne-20250209_PDJNMGVUHZF3RG5O24FM63ICXE/</guid><dc:creator><![CDATA[Eve Szeftel]]></dc:creator><description><![CDATA[L’écrivaine rend hommage à sa grand-mère vietnamienne, ombre dévouée sans laquelle elle ne serait jamais devenue écrivain.]]></description><pubDate>Sun, 09 Feb 2025 01:10:00 +0000</pubDate><media:content url="https://liberation-liberation-prod.cdn.arcpublishing.com/resizer/y7A5zAK9gK5jGt8m0oxa6bU3peQ=/cloudfront-eu-central-1.images.arcpublishing.com/liberation/G2ZLMH4T6NH5FNBOC72DX7MVXI.jpg" type="image/jpeg" height="2783" width="4240"><media:description type="plain"><![CDATA[Minh Tran Huy.]]></media:description><media:credit role="author" scheme="urn:ebu">Astrid di Crollalanza</media:credit></media:content></item><item><title><![CDATA[«Beta Gamma l’ordinateur» : l’original par Henri Salvador ou la reprise par Voyou ? ]]></title><link>https://www.liberation.fr/culture/musique/beta-gamma-lordinateur-loriginal-par-henri-salvador-ou-la-reprise-par-voyou-20250209_JWOEDW75HFGOHFNYNUSAGJ46BI/</link><guid isPermaLink="true">https://www.liberation.fr/culture/musique/beta-gamma-lordinateur-loriginal-par-henri-salvador-ou-la-reprise-par-voyou-20250209_JWOEDW75HFGOHFNYNUSAGJ46BI/</guid><dc:creator><![CDATA[Patrice Bardot]]></dc:creator><description></description><pubDate>Sun, 09 Feb 2025 00:11:00 +0000</pubDate><media:content url="https://liberation-liberation-prod.cdn.arcpublishing.com/resizer/kGHKTNc_WXqPf9zr9Xwoe_-71PU=/cloudfront-eu-central-1.images.arcpublishing.com/liberation/IFL5JRN4ERFK3OPRXSROZFIYCA.png" type="image/png" height="3024" width="5669"><media:credit role="author" scheme="urn:ebu"></media:credit></media:content></item><item><title><![CDATA[DeLaurentis : «Retrouver l’ambivalence de ma musique»]]></title><link>https://www.liberation.fr/culture/musique/delaurentis-retrouver-lambivalence-de-ma-musique-20250208_2HFBYZVEVFG6DE3NF7RIAIGCAM/</link><guid isPermaLink="true">https://www.liberation.fr/culture/musique/delaurentis-retrouver-lambivalence-de-ma-musique-20250208_2HFBYZVEVFG6DE3NF7RIAIGCAM/</guid><dc:creator><![CDATA[Benoît Carretier]]></dc:creator><description><![CDATA[La Française DeLaurentis raconte avoir voulu, pour son second album, rapprocher sa synesthésie de celle des musicalistes, ces peintres des années 1930 qui affirmaient voir les couleurs comme des vibrations sonores. Résultat, une pochette qui sort du réel et s’écoute, pixel par pixel.]]></description><pubDate>Sat, 08 Feb 2025 21:52:00 +0000</pubDate><media:content url="https://liberation-liberation-prod.cdn.arcpublishing.com/resizer/JmKPdcLMCadEYPtaOu-lqRcuhGg=/cloudfront-eu-central-1.images.arcpublishing.com/liberation/GLJVGDIYUFGSHK4RTTKDDHLR4M.jpg" type="image/jpeg" height="3000" width="3000"><media:description type="plain"><![CDATA[«Musicalism», second album de DeLaurentis]]></media:description><media:credit role="author" scheme="urn:ebu"></media:credit></media:content></item><item><title><![CDATA[«Je te l’avais bien dit» de Candela Sierra, méprise prisée]]></title><link>https://www.liberation.fr/culture/bd/je-te-lavais-bien-dit-de-candela-sierra-meprise-prisee-20250208_7XHZUADXDBFCFNXLC6HD73RKIM/</link><guid isPermaLink="true">https://www.liberation.fr/culture/bd/je-te-lavais-bien-dit-de-candela-sierra-meprise-prisee-20250208_7XHZUADXDBFCFNXLC6HD73RKIM/</guid><dc:creator><![CDATA[Marie Klock]]></dc:creator><description><![CDATA[L’autrice espagnole signe un premier album drôle, où des petites histoires de malentendus s’enchaînent avec habileté.]]></description><pubDate>Sat, 08 Feb 2025 19:14:00 +0000</pubDate><media:content url="https://liberation-liberation-prod.cdn.arcpublishing.com/resizer/u-CAUHF0x_W7-eGr3ivLYs9MyIo=/cloudfront-eu-central-1.images.arcpublishing.com/liberation/6WLKWAL2RFG73NCOSYWR63UVMA.jpg" type="image/jpeg" height="1424" width="1574"><media:description type="plain"><![CDATA[«Je te l’avais bien dit» est une chaîne qui se déroule à un rythme effréné.]]></media:description><media:credit role="author" scheme="urn:ebu">Candela Sierra</media:credit></media:content></item><item><title><![CDATA[Virgil Vernier : «YouTube, c’est le mieux. Il y a tout. Même les morceaux les plus rares»]]></title><link>https://www.liberation.fr/culture/musique/virgil-vernier-youtube-cest-le-mieux-il-y-a-tout-meme-les-morceaux-les-plus-rares-20250208_FJDIOTTA2RCTLPCB3TENS4FDTA/</link><guid isPermaLink="true">https://www.liberation.fr/culture/musique/virgil-vernier-youtube-cest-le-mieux-il-y-a-tout-meme-les-morceaux-les-plus-rares-20250208_FJDIOTTA2RCTLPCB3TENS4FDTA/</guid><dc:creator><![CDATA[Alexis Bernier]]></dc:creator><description></description><pubDate>Sat, 08 Feb 2025 16:59:00 +0000</pubDate><media:content url="https://liberation-liberation-prod.cdn.arcpublishing.com/resizer/Qj4YhPTaBUJ4UOyHqI7eFT3uql0=/cloudfront-eu-central-1.images.arcpublishing.com/liberation/UQ5DZUNYJFBP3LKK6WO7RKNROM.jpg" type="image/jpeg" height="2624" width="3936"><media:description type="plain"><![CDATA[Virgil Vernier, réalisateur de «Cent mille milliards», sorti en 2024.]]></media:description><media:credit role="author" scheme="urn:ebu">Manon Lutanie</media:credit></media:content></item><item><title><![CDATA[Georgia Makhlouf, chambre noire et maison fantôme ]]></title><link>https://www.liberation.fr/culture/georgia-makhlouf-chambre-noire-et-maison-fantome-20250208_XSIFINFOVVC4NFPUAA57AKZAVU/</link><guid isPermaLink="true">https://www.liberation.fr/culture/georgia-makhlouf-chambre-noire-et-maison-fantome-20250208_XSIFINFOVVC4NFPUAA57AKZAVU/</guid><dc:creator><![CDATA[Alexandra Schwartzbrod]]></dc:creator><description><![CDATA[Dans son roman «Pays amer», l’écrivaine franco-libanaise part sur les traces de Marie El Khazem, photographe qui documenta la vie rurale au Liban dans les années 20.]]></description><pubDate>Sat, 08 Feb 2025 15:06:00 +0000</pubDate><media:content url="https://liberation-liberation-prod.cdn.arcpublishing.com/resizer/ltZqsdjcG2KK0kSfZWRENIqnGXw=/cloudfront-eu-central-1.images.arcpublishing.com/liberation/W53HOOFRY5GMRHL32TBMHBKS4U.jpg" type="image/jpeg" height="2075" width="2075"><media:description type="plain"><![CDATA[Georgia Makhlouf.]]></media:description></media:content></item><item><title><![CDATA[Dans «Un film à Rolle», jeu, fête et match avec Godard]]></title><link>https://www.liberation.fr/culture/livres/dans-un-film-a-rolle-jeu-fete-et-match-avec-godard-20250208_RBGEHWZLGJCR3FRRW6SLQE56HE/</link><guid isPermaLink="true">https://www.liberation.fr/culture/livres/dans-un-film-a-rolle-jeu-fete-et-match-avec-godard-20250208_RBGEHWZLGJCR3FRRW6SLQE56HE/</guid><dc:creator><![CDATA[Sabrina Champenois]]></dc:creator><description><![CDATA[L’ex-championne de tennis Catherine Tanvier raconte dans un livre le tournage de «Film Socialisme», en 2008, avec le pape de la Nouvelle Vague en tête chercheuse déroutante, mais aussi prévenant, solidaire, facétieux et joueur de balles jaunes.]]></description><pubDate>Sat, 08 Feb 2025 14:19:00 +0000</pubDate><media:content url="https://liberation-liberation-prod.cdn.arcpublishing.com/resizer/K-NeDfe19EwFqHTw5KVz8kb-n1c=/cloudfront-eu-central-1.images.arcpublishing.com/liberation/7PUVOYKDEFBCXIMDGZULBUHN7A.jpg" type="image/jpeg" height="1080" width="1920"><media:description type="plain"><![CDATA[Catherine Tanvier sur le tournage de «Film Socialisme» (2008) avec Jean-Luc Godard.]]></media:description></media:content></item><item><title><![CDATA[Terreur Graphique à l’hôtel Europa : le con, le bête et le client]]></title><link>https://www.liberation.fr/culture/bd/terreur-graphique-a-lhotel-europa-le-con-le-bete-et-le-client-20250208_MIEA3ZIELBFXPCD4LHHTNYI5II/</link><guid isPermaLink="true">https://www.liberation.fr/culture/bd/terreur-graphique-a-lhotel-europa-le-con-le-bete-et-le-client-20250208_MIEA3ZIELBFXPCD4LHHTNYI5II/</guid><dc:creator><![CDATA[Terreur Graphique]]></dc:creator><description><![CDATA[Le gratin européen se croise dans l’établissement à deux pas du Parlement pour une cuisine peu ragoûtante.]]></description><pubDate>Sat, 08 Feb 2025 14:19:00 +0000</pubDate><media:content url="https://liberation-liberation-prod.cdn.arcpublishing.com/resizer/DabYiICIknwk4HKid_6wROOh0x4=/cloudfront-eu-central-1.images.arcpublishing.com/liberation/6UF5YWUN5BDRRKVAMQXKQA6WUQ.jpg" type="image/jpeg" height="844" width="737"/></item><item><title><![CDATA[James McBride, l’orphelin de Chicken Hill ]]></title><link>https://www.liberation.fr/culture/livres/james-mcbride-lorphelin-de-chicken-hill-20250208_J5D7H4JQFZD2POKVSAP6EGREXA/</link><guid isPermaLink="true">https://www.liberation.fr/culture/livres/james-mcbride-lorphelin-de-chicken-hill-20250208_J5D7H4JQFZD2POKVSAP6EGREXA/</guid><dc:creator><![CDATA[Claire Devarrieux]]></dc:creator><description><![CDATA[Dans «l’Epicerie du paradis sur terre», juifs et noirs cohabitent, avec une profusion d’histoires et de sympathie pour les deux côtés. ]]></description><pubDate>Sat, 08 Feb 2025 13:05:00 +0000</pubDate><media:content url="https://liberation-liberation-prod.cdn.arcpublishing.com/resizer/m6Eo5ChHqpBfYvB7BUFk-BBOGgA=/cloudfront-eu-central-1.images.arcpublishing.com/liberation/24LHQKSWLFCTRA4E2RIE6RZGWU.jpg" type="image/jpeg" height="3518" width="3518"><media:description type="plain"><![CDATA[James McBride, en France, en 2017.]]></media:description></media:content></item><item><title><![CDATA[«La Pampa», «Emilia Pérez» : pourquoi les héros LGBT doivent-ils toujours mourir à l’écran ?]]></title><link>https://www.liberation.fr/idees-et-debats/tribunes/la-pampa-emilia-perez-pourquoi-les-heros-lgbt-doivent-ils-toujours-mourir-a-lecran-20250208_HUDDBLNWQVDBZK7OIRALLRFT54/</link><guid isPermaLink="true">https://www.liberation.fr/idees-et-debats/tribunes/la-pampa-emilia-perez-pourquoi-les-heros-lgbt-doivent-ils-toujours-mourir-a-lecran-20250208_HUDDBLNWQVDBZK7OIRALLRFT54/</guid><dc:creator><![CDATA[Antoine Barraud]]></dc:creator><description><![CDATA[Le cinéaste Antoine Barraud a vu le premier film d’Antoine Chevrollier, couvert d’éloge depuis sa sortie, et s’interroge : pourquoi la mort est-elle le seul horizon cinématographique des personnages gays et trans ? Il faut arrêter d’associer ces êtres au tragique obligatoire.]]></description><pubDate>Sat, 08 Feb 2025 08:02:00 +0000</pubDate><media:content url="https://liberation-liberation-prod.cdn.arcpublishing.com/resizer/Ndjk31BD0AjfGGJMHnSsqQgjo3o=/cloudfront-eu-central-1.images.arcpublishing.com/liberation/JXXOBZMXBRBMFNSX7U7ODHYXIA.jpg" type="image/jpeg" height="1097" width="2618"><media:description type="plain"><![CDATA[«La Pampa» (2024), d’Antoine Chevrollier avec Amaury Faucher (Jojo ) et Sayyid El Alami (Willy).]]></media:description></media:content></item><item><title><![CDATA[Catherine Corsini, réalisatrice, a lu «Nom» de Constance Debré]]></title><link>https://www.liberation.fr/culture/livres/catherine-corsini-realisatrice-a-lu-nom-de-constance-debre-20230128_FX2JI3HIF5ED7BIS3S4G4THAQQ/</link><guid isPermaLink="true">https://www.liberation.fr/culture/livres/catherine-corsini-realisatrice-a-lu-nom-de-constance-debre-20230128_FX2JI3HIF5ED7BIS3S4G4THAQQ/</guid><dc:creator><![CDATA[Catherine Corsini, réalisatrice]]></dc:creator><description><![CDATA[Chaque semaine, une lectrice ou un lecteur chronique un coup de cœur littéraire. Aujourd’hui un roman dans lequel «Nom» c’est non aux conventions et aux vies mortifères.]]></description><pubDate>Sat, 28 Jan 2023 10:07:00 +0000</pubDate><media:content url="https://liberation-liberation-prod.cdn.arcpublishing.com/resizer/33ESKu8eb6_8azl7XYc61YSoncc=/cloudfront-eu-central-1.images.arcpublishing.com/liberation/PHHRU2BXGRGSLFZLXQDAT3W4FQ.jpg" type="image/jpeg" height="4134" width="3101"><media:description type="plain"><![CDATA[Constance Debré.]]></media:description><media:credit role="author" scheme="urn:ebu">Magali Delporte. Guardian. Eyevine. Bureau 233</media:credit></media:content></item></channel></rss>