<?xml version="1.0" encoding="UTF-8"?><rss xmlns:atom="http://www.w3.org/2005/Atom" xmlns:content="http://purl.org/rss/1.0/modules/content/" xmlns:dc="http://purl.org/dc/elements/1.1/" xmlns:sy="http://purl.org/rss/1.0/modules/syndication/" version="2.0" xmlns:media="http://search.yahoo.com/mrss/"><channel><title><![CDATA[Libération]]></title><link>https://www.liberation.fr</link><atom:link href="https://www.liberation.fr/arc/outboundfeeds/rss-all/category/idees-et-debats/" rel="self" type="application/rss+xml"/><description><![CDATA[Libération News Feed]]></description><lastBuildDate>Mon, 10 Feb 2025 12:39:11 +0000</lastBuildDate><language>fr</language><ttl>1</ttl><sy:updatePeriod>hourly</sy:updatePeriod><sy:updateFrequency>1</sy:updateFrequency><image><url>https://liberation-liberation-prod.cdn.arcpublishing.com/resizer/NDhvymtydpZl4sImd-sUL72q8YM=/arc-photo-liberation/eu-central-1-prod/public/3QH5F2WEITAV2N22T6S3ECTWJ4.png</url><title>Libération</title><link>https://www.liberation.fr</link></image><item><title><![CDATA[Sciences sociales : la France doit accueillir les chercheurs victimes de la chasse aux sorcières de Donald Trump]]></title><link>https://www.liberation.fr/idees-et-debats/tribunes/sciences-sociales-la-france-doit-accueillir-les-chercheurs-victimes-de-la-chasse-aux-sorcieres-de-donald-trump-20250210_OSMF5GQVHZEXXBSG6NZH6R34G4/</link><guid isPermaLink="true">https://www.liberation.fr/idees-et-debats/tribunes/sciences-sociales-la-france-doit-accueillir-les-chercheurs-victimes-de-la-chasse-aux-sorcieres-de-donald-trump-20250210_OSMF5GQVHZEXXBSG6NZH6R34G4/</guid><dc:creator><![CDATA[Romain Huret]]></dc:creator><description><![CDATA[Alors que l’administration Trump a annoncé couper les financements de tout projet de recherche contenant les termes de «femmes», «inclusion», «traumatisme», «inégalité», «statut» ou «lgbt», la France doit lancer un programme d’accueil des universitaires américains concernés, demande l’historien des Etats-Unis et président de l’Ecole des hautes études en sciences sociales.]]></description><pubDate>Mon, 10 Feb 2025 10:46:00 +0000</pubDate><media:content url="https://liberation-liberation-prod.cdn.arcpublishing.com/resizer/ic5sHLV9d0H-cFLIeC9P9q4iINU=/cloudfront-eu-central-1.images.arcpublishing.com/liberation/KPJRECRBE5EFBAUTEXTL4DZOWA.jpg" type="image/jpeg" height="3730" width="4821"><media:description type="plain"><![CDATA[Ici, en 2014, à la Paillasse, premier laboratoire moderne de biologie ouvert à tous et gratuit, à Paris.]]></media:description><media:credit role="author" scheme="urn:ebu">Christophe MAOUT</media:credit></media:content></item><item><title><![CDATA[Sommet de Paris : la chasse à l’IA]]></title><link>https://www.liberation.fr/idees-et-debats/editorial/sommet-de-paris-la-chasse-a-lia-20250209_KSSNBLJBRVC6PGRJHC5IGSTEGU/</link><guid isPermaLink="true">https://www.liberation.fr/idees-et-debats/editorial/sommet-de-paris-la-chasse-a-lia-20250209_KSSNBLJBRVC6PGRJHC5IGSTEGU/</guid><dc:creator><![CDATA[Dov Alfon]]></dc:creator><description><![CDATA[Dans un secteur en pleine croissance et sans garde-fous, la France espère tirer son épingle du jeu face aux concurrents chinois et américains.]]></description><pubDate>Sun, 09 Feb 2025 19:40:24 +0000</pubDate><media:content url="https://liberation-liberation-prod.cdn.arcpublishing.com/resizer/Y3KU1ubCOeq10MW1gHytchC7c2U=/cloudfront-eu-central-1.images.arcpublishing.com/liberation/DNBTDFWCONELDBAF7OFDMFY4C4.jpg" type="image/jpeg" height="4409" width="3780"><media:credit role="author" scheme="urn:ebu">coco</media:credit></media:content></item><item><title><![CDATA[Députés socialistes, censurons le gouvernement Bayrou ce lundi sur le PLFSS ! par Eric Coquerel]]></title><link>https://www.liberation.fr/idees-et-debats/tribunes/deputes-socialistes-censurons-le-gouvernement-bayrou-ce-lundi-sur-le-plfss-par-eric-coquerel-20250210_2WM7YFC7SFF23A7GTZJIVY7V6A/</link><guid isPermaLink="true">https://www.liberation.fr/idees-et-debats/tribunes/deputes-socialistes-censurons-le-gouvernement-bayrou-ce-lundi-sur-le-plfss-par-eric-coquerel-20250210_2WM7YFC7SFF23A7GTZJIVY7V6A/</guid><dc:creator><![CDATA[Eric Coquerel]]></dc:creator><description><![CDATA[Pour le président LFI de la commission des finances de l’Assemblée, le projet de loi de finances sur la Sécurité sociale est, pour les socialistes qui ont refusé de censurer le gouvernement Bayrou sur le budget, la dernière chance de le faire tomber. Car une fois les deux lois de finances adoptées, il pactisera avec l’extrême droite.]]></description><pubDate>Sun, 09 Feb 2025 16:34:00 +0000</pubDate><media:content url="https://liberation-liberation-prod.cdn.arcpublishing.com/resizer/sJ86B9b2H-0I1Okd-IYvT3EkGfQ=/cloudfront-eu-central-1.images.arcpublishing.com/liberation/RHCJCVDZERECTGVBW52GEKFWDM.jpg" type="image/jpeg" height="4128" width="6192"><media:description type="plain"><![CDATA[Le Premier ministre, François Bayrou, à l'Assemblée le 5 février 2025.]]></media:description><media:credit role="author" scheme="urn:ebu">Julien De Rosa </media:credit></media:content></item><item><title><![CDATA[Débattre sur «l’identité», une vaine lubie française]]></title><link>https://www.liberation.fr/politique/debattre-sur-lidentite-une-vaine-lubie-francaise-20250209_GVBYYF4L2NGTJNEMGAIHIQJ46A/</link><guid isPermaLink="true">https://www.liberation.fr/politique/debattre-sur-lidentite-une-vaine-lubie-francaise-20250209_GVBYYF4L2NGTJNEMGAIHIQJ46A/</guid><dc:creator><![CDATA[Thomas Legrand]]></dc:creator><description><![CDATA[Plutôt que de débattre de la société qu’elle veut, de l’Europe qu’il faut construire, du monde qui l’entoure, la France va se regarder le nombril pour savoir qui elle est et qui elle ne veut pas accueillir.]]></description><pubDate>Sun, 09 Feb 2025 15:53:03 +0000</pubDate><media:content url="https://liberation-liberation-prod.cdn.arcpublishing.com/resizer/I5UGjmFjr0bnFkHlCmg8ZpBR1qI=/cloudfront-eu-central-1.images.arcpublishing.com/liberation/KQXAQLA2AZBWTL3BCJNGMYSAMI.jpg" type="image/jpeg" height="3970" width="5955"><media:description type="plain"><![CDATA[Vouloir s’interroger non plus sur l’identité de la France, mais l’identité française, comme le font toutes les extrêmes droites successives, antirépublicaines, collaborationnistes ou aujourd’hui populistes, ne peut aboutir qu’à se poser des questions ethniques, religieuses, raciales, communautaristes.]]></media:description><media:credit role="author" scheme="urn:ebu">Denis Allard</media:credit></media:content></item><item><title><![CDATA[Handicap : la France ne fait que reculer]]></title><link>https://www.liberation.fr/idees-et-debats/tribunes/handicap-la-france-ne-fait-que-reculer-20250208_E3N37U3I35BVJF5FS3ICL4GFWI/</link><guid isPermaLink="true">https://www.liberation.fr/idees-et-debats/tribunes/handicap-la-france-ne-fait-que-reculer-20250208_E3N37U3I35BVJF5FS3ICL4GFWI/</guid><dc:creator><![CDATA[Pierre-Yves Baudot]]></dc:creator><description><![CDATA[La loi sur le handicap aura 20 ans d’existence le 11 février. Alors que certains politiques voudront nous faire croire que la France avance sur la question du handicap, le sociologue Pierre-Yves Baudot s’inscrit en faux.]]></description><pubDate>Sat, 08 Feb 2025 15:52:00 +0000</pubDate><media:content url="https://liberation-liberation-prod.cdn.arcpublishing.com/resizer/AK38PjeFE-a1ToUk0bdpYMqUQoE=/cloudfront-eu-central-1.images.arcpublishing.com/liberation/FNKQQQFYLFCL7M2EXHW4KEPNYU.jpg" type="image/jpeg" height="4160" width="6240"><media:description type="plain"><![CDATA[Une élève de 5e de l'EREA Toulouse Lautrec, à Vaucresson.]]></media:description><media:credit role="author" scheme="urn:ebu">Cha Gonzalez</media:credit></media:content></item><item><title><![CDATA[La France a besoin d’une Assemblée constituante avant la prochaine présidentielle]]></title><link>https://www.liberation.fr/idees-et-debats/tribunes/la-france-a-besoin-dune-assemblee-constituante-avant-la-prochaine-presidentielle-20250208_AK4RIT4D6FBFDFHQPK2FX5KCJI/</link><guid isPermaLink="true">https://www.liberation.fr/idees-et-debats/tribunes/la-france-a-besoin-dune-assemblee-constituante-avant-la-prochaine-presidentielle-20250208_AK4RIT4D6FBFDFHQPK2FX5KCJI/</guid><dc:creator><![CDATA[Marine Tondelier, Cyrielle Châtelain, Guillaume Gontard]]></dc:creator><description><![CDATA[Le régime présidentialiste de la Ve République ne peut mener qu’à un exercice solitaire du pouvoir. Emmanuel Macron doit consulter les Français sur la mise en place d’une assemblée constituante, chargée de proposer une nouvelle Constitution, estiment les Ecologistes Marine Tondelier, Cyrielle Chatelain et Guillaume Gontard.]]></description><pubDate>Sat, 08 Feb 2025 15:31:55 +0000</pubDate><media:content url="https://liberation-liberation-prod.cdn.arcpublishing.com/resizer/O19og_PVhCnxdRHVbOuRzVvdMHs=/cloudfront-eu-central-1.images.arcpublishing.com/liberation/HOBFPRKSVVFYZE2NQ2JEMEJPFI.jpg" type="image/jpeg" height="3091" width="4000"><media:description type="plain"><![CDATA[A Paris, le 23 mars 2023 après une manifestation contre la réforme des retraites.]]></media:description><media:credit role="author" scheme="urn:ebu">Boby</media:credit></media:content></item><item><title><![CDATA[Fumigène «riviera» et mise au pas, par Daniel Schneidermann]]></title><link>https://www.liberation.fr/idees-et-debats/opinions/fumigene-riviera-et-mise-au-pas-par-daniel-schneidermann-20250208_DZHY74QHGBGUXEKPAKONNLQORM/</link><guid isPermaLink="true">https://www.liberation.fr/idees-et-debats/opinions/fumigene-riviera-et-mise-au-pas-par-daniel-schneidermann-20250208_DZHY74QHGBGUXEKPAKONNLQORM/</guid><dc:creator><![CDATA[Daniel Schneidermann]]></dc:creator><description><![CDATA[Le nouveau pouvoir américain n’a pas besoin de planifier les sujets de terreur pour anesthésier et sidérer les oppositions : il lui suffit de lâcher la bride à toutes ses composantes, simultanément, dans toutes les directions, pour saturer le champ médiatique.]]></description><pubDate>Sat, 08 Feb 2025 13:16:00 +0000</pubDate><media:content url="https://liberation-liberation-prod.cdn.arcpublishing.com/resizer/I3oiWrS1Fn0NWJAEbTEosENoOKA=/cloudfront-eu-central-1.images.arcpublishing.com/liberation/L3JQJPWIZNH4RPYY2R37N46FAA.jpg" type="image/jpeg" height="3667" width="5500"><media:description type="plain"><![CDATA[Devant le bâtiment de l'USaid, à Washington, D.C., le 3 février 2025.]]></media:description><media:credit role="author" scheme="urn:ebu">Kent Nishimura</media:credit></media:content></item><item><title><![CDATA[«La Pampa», «Emilia Pérez» : pourquoi les héros LGBT doivent-ils toujours mourir à l’écran ?]]></title><link>https://www.liberation.fr/idees-et-debats/tribunes/la-pampa-emilia-perez-pourquoi-les-heros-lgbt-doivent-ils-toujours-mourir-a-lecran-20250208_HUDDBLNWQVDBZK7OIRALLRFT54/</link><guid isPermaLink="true">https://www.liberation.fr/idees-et-debats/tribunes/la-pampa-emilia-perez-pourquoi-les-heros-lgbt-doivent-ils-toujours-mourir-a-lecran-20250208_HUDDBLNWQVDBZK7OIRALLRFT54/</guid><dc:creator><![CDATA[Antoine Barraud]]></dc:creator><description><![CDATA[Le cinéaste Antoine Barraud a vu le premier film d’Antoine Chevrollier, couvert d’éloge depuis sa sortie, et s’interroge : pourquoi la mort est-elle le seul horizon cinématographique des personnages gays et trans ? Il faut arrêter d’associer ces êtres au tragique obligatoire.]]></description><pubDate>Sat, 08 Feb 2025 08:02:00 +0000</pubDate><media:content url="https://liberation-liberation-prod.cdn.arcpublishing.com/resizer/Ndjk31BD0AjfGGJMHnSsqQgjo3o=/cloudfront-eu-central-1.images.arcpublishing.com/liberation/JXXOBZMXBRBMFNSX7U7ODHYXIA.jpg" type="image/jpeg" height="1097" width="2618"><media:description type="plain"><![CDATA[«La Pampa» (2024), d’Antoine Chevrollier avec Amaury Faucher (Jojo ) et Sayyid El Alami (Willy).]]></media:description></media:content></item><item><title><![CDATA[Polémique autour de l’humoriste Merwane Benlazar : un cas avéré de délit de faciès raciste]]></title><link>https://www.liberation.fr/idees-et-debats/polemique-autour-de-lhumoriste-merwane-benlazar-un-cas-avere-de-delit-de-facies-raciste-20250207_OYFO3EDYKRHPPMSVVTLPZKFJII/</link><guid isPermaLink="true">https://www.liberation.fr/idees-et-debats/polemique-autour-de-lhumoriste-merwane-benlazar-un-cas-avere-de-delit-de-facies-raciste-20250207_OYFO3EDYKRHPPMSVVTLPZKFJII/</guid><dc:creator><![CDATA[Guillaume Orignac]]></dc:creator><description><![CDATA[Les accusations d’islamisme à l’encontre du stand-uppeur, après un sketch à l’émission «C à vous» sur France 5, montrent que le droit au second degré n’est aujourd’hui pas permis à un arabe musulman, dénonce Guillaume Orignac, réalisateur.]]></description><pubDate>Fri, 07 Feb 2025 16:14:31 +0000</pubDate><media:content url="https://liberation-liberation-prod.cdn.arcpublishing.com/resizer/X6Oq_MuGOGVZt_oqBuXXQXsK48w=/cloudfront-eu-central-1.images.arcpublishing.com/liberation/I3G4XBCXGNFNJDNU7HJ5RS6RXM.jpg" type="image/jpeg" height="522" width="929"><media:description type="plain"><![CDATA[Extrait du passage de l'humoriste Merwane Benlazar dans l'émission «C à vous».]]></media:description></media:content></item><item><title><![CDATA[En politique, les délires pour les réalités]]></title><link>https://www.liberation.fr/politique/en-politique-les-delires-pour-les-realites-20250207_A3P5R3GE7BBJPK763DBG77QZIY/</link><guid isPermaLink="true">https://www.liberation.fr/politique/en-politique-les-delires-pour-les-realites-20250207_A3P5R3GE7BBJPK763DBG77QZIY/</guid><dc:creator><![CDATA[Thomas Legrand]]></dc:creator><description><![CDATA[Dans son livre «La vérité est une question politique», la philosophe Gloria Origgi fait du concept de vrai le principal champ de bataille politique de notre temps.]]></description><pubDate>Fri, 07 Feb 2025 11:36:37 +0000</pubDate><media:content url="https://liberation-liberation-prod.cdn.arcpublishing.com/resizer/W_7W3Lxb94LsT1s7r_Bu-TgGlwA=/cloudfront-eu-central-1.images.arcpublishing.com/liberation/63G2AQWIMZBIJBWGOM6L3HST3U.jpg" type="image/jpeg" height="3669" width="5504"><media:description type="plain"><![CDATA[Lors d'un rassemblement à Schnecksville, en Pennsylvanie, le 13 avril 2024.]]></media:description><media:credit role="author" scheme="urn:ebu">Andrew Harnik</media:credit></media:content></item><item><title><![CDATA[France-Algérie : au nom des enfants, ayons l’audace de la vérité]]></title><link>https://www.liberation.fr/idees-et-debats/france-algerie-au-nom-des-enfants-ayons-laudace-de-la-verite-20250205_KHDMSJXFMJHWLI72WK2OKRNEVQ/</link><guid isPermaLink="true">https://www.liberation.fr/idees-et-debats/france-algerie-au-nom-des-enfants-ayons-laudace-de-la-verite-20250205_KHDMSJXFMJHWLI72WK2OKRNEVQ/</guid><dc:creator><![CDATA[Yazid Sabeg, Jean Pierre Mignard]]></dc:creator><description><![CDATA[Plutôt que de s’enfermer dans des querelles mémorielles, la France doit admettre sa responsabilité pleine et entière de son passé colonialiste et sceller enfin une alliance constructive entre les deux pays, prônent l’ex-commissaire à l’égalité et à la diversité, Yazid Sabeg, et l’avocat Jean-Pierre Mignard.]]></description><pubDate>Wed, 05 Feb 2025 16:54:43 +0000</pubDate><media:content url="https://liberation-liberation-prod.cdn.arcpublishing.com/resizer/NHhaUit7-vRoN5XqS-QNj3p1nLo=/cloudfront-eu-central-1.images.arcpublishing.com/liberation/DF2M3DP7ZFAWLFTCKGTGUKXLQU.jpg" type="image/jpeg" height="4096" width="4096"><media:description type="plain"><![CDATA[Célébrations de l'indépendance de l'Algérie dans le quartier de la Goutte d'or à Paris, le 5 juillet 1962.]]></media:description><media:credit role="author" scheme="urn:ebu">-</media:credit></media:content></item></channel></rss>