<?xml version="1.0" encoding="UTF-8"?><rss xmlns:atom="http://www.w3.org/2005/Atom" xmlns:content="http://purl.org/rss/1.0/modules/content/" xmlns:dc="http://purl.org/dc/elements/1.1/" xmlns:sy="http://purl.org/rss/1.0/modules/syndication/" version="2.0" xmlns:media="http://search.yahoo.com/mrss/"><channel><title><![CDATA[Libération]]></title><link>https://www.liberation.fr</link><atom:link href="https://www.liberation.fr/arc/outboundfeeds/rss-all/category/societe/" rel="self" type="application/rss+xml"/><description><![CDATA[Libération News Feed]]></description><lastBuildDate>Mon, 10 Feb 2025 12:37:24 +0000</lastBuildDate><language>fr</language><ttl>1</ttl><sy:updatePeriod>hourly</sy:updatePeriod><sy:updateFrequency>1</sy:updateFrequency><image><url>https://liberation-liberation-prod.cdn.arcpublishing.com/resizer/NDhvymtydpZl4sImd-sUL72q8YM=/arc-photo-liberation/eu-central-1-prod/public/3QH5F2WEITAV2N22T6S3ECTWJ4.png</url><title>Libération</title><link>https://www.liberation.fr</link></image><item><title><![CDATA[Le maire RN de Fréjus, David Rachline, convoqué par la justice pour «prise illégale d’intérêts»]]></title><link>https://www.liberation.fr/politique/le-maire-rn-de-frejus-david-rachline-convoque-par-la-justice-pour-prise-illegale-dinterets-20250210_MTG32GGBZBCNZKHU4HJ5VTSMNE/</link><guid isPermaLink="true">https://www.liberation.fr/politique/le-maire-rn-de-frejus-david-rachline-convoque-par-la-justice-pour-prise-illegale-dinterets-20250210_MTG32GGBZBCNZKHU4HJ5VTSMNE/</guid><dc:creator><![CDATA[Tristan Berteloot]]></dc:creator><description><![CDATA[L’élu lepéniste est poursuivi pour les conditions dans lesquelles il a été rémunéré à la tête de deux sociétés d’économie mixte de sa ville.]]></description><pubDate>Mon, 10 Feb 2025 10:58:32 +0000</pubDate><media:content url="https://liberation-liberation-prod.cdn.arcpublishing.com/resizer/d5fJG3Dr55z5a2zvFEkEytUEiGk=/cloudfront-eu-central-1.images.arcpublishing.com/liberation/DQ5GOMCL2BB4ZGH2XHNC3NQ524.jpg" type="image/jpeg" height="5464" width="8192"><media:description type="plain"><![CDATA[David Rachline, à Paris en novembre 2022.]]></media:description><media:credit role="author" scheme="urn:ebu">Denis Allard</media:credit></media:content></item><item><title><![CDATA[Reporters sans frontières appelle les médias à collaborer pour une IA éthique]]></title><link>https://www.liberation.fr/societe/reporters-sans-frontieres-appelle-les-medias-a-collaborer-pour-une-ia-ethique-20250210_GG2XDEVYN5DD7IFO74OOHQ35UM/</link><guid isPermaLink="true">https://www.liberation.fr/societe/reporters-sans-frontieres-appelle-les-medias-a-collaborer-pour-une-ia-ethique-20250210_GG2XDEVYN5DD7IFO74OOHQ35UM/</guid><dc:creator><![CDATA[ LIBERATION,  AFP]]></dc:creator><description><![CDATA[En marge du sommet de Paris sur l’intelligence artificielle, RSF a appelé ce lundi 10 février à une plus grande implication des rédactions pour un «usage responsable» de cette technologie.]]></description><pubDate>Mon, 10 Feb 2025 10:21:16 +0000</pubDate><media:content url="https://liberation-liberation-prod.cdn.arcpublishing.com/resizer/cSgiU1X34i7NganP1dOFIoG2OVM=/cloudfront-eu-central-1.images.arcpublishing.com/liberation/4A7KCJ7CYRB6DPOVOR47VMM46I.jpg" type="image/jpeg" height="2109" width="3163"><media:description type="plain"><![CDATA[Depuis novembre 2023, plus d'une centaine de titres de presse utilisent Spinoza, un outil d'intelligence artificielle créé par RSF.]]></media:description><media:credit role="author" scheme="urn:ebu">Henrike Stahl</media:credit></media:content></item><item><title><![CDATA[Gérald Darmanin veut accélérer les procédures d’expulsion en supprimant une commission de magistrats]]></title><link>https://www.liberation.fr/politique/gerald-darmanin-veut-accelerer-les-procedures-dexpulsion-en-supprimant-une-commission-de-magistrats-20250210_SG5ECHPKHVHL7DDB3GFLIHVWFA/</link><guid isPermaLink="true">https://www.liberation.fr/politique/gerald-darmanin-veut-accelerer-les-procedures-dexpulsion-en-supprimant-une-commission-de-magistrats-20250210_SG5ECHPKHVHL7DDB3GFLIHVWFA/</guid><dc:creator><![CDATA[ LIBERATION,  AFP]]></dc:creator><description><![CDATA[Dans une interview accordée à BFMTV le dimanche 9 février, le ministre de la Justice a suggéré de supprimer la commission chargée d’étudier les demandes d’expulsion émises par le gouvernement, et ce afin d’en faciliter la mise en œuvre.]]></description><pubDate>Mon, 10 Feb 2025 08:59:36 +0000</pubDate><media:content url="https://liberation-liberation-prod.cdn.arcpublishing.com/resizer/wFXoznipFcnMGRnaHB8WDeS8-uY=/cloudfront-eu-central-1.images.arcpublishing.com/liberation/E452V2KD5ZHLDLSEYR7XM5MM7I.jpg" type="image/jpeg" height="2564" width="3846"><media:description type="plain"><![CDATA[Le ministre français de la Justice, Gérald Darmanin, à Agen, le 23 janvier 2025.]]></media:description><media:credit role="author" scheme="urn:ebu">Philippe Lopez</media:credit></media:content></item><item><title><![CDATA[Deux corps retrouvés sur une plage du Pas-de-Calais, 230 migrants secourus dimanche]]></title><link>https://www.liberation.fr/societe/immigration/deux-corps-retrouves-sur-une-plage-du-pas-de-calais-230-migrants-secourus-dimanche-20250210_55LQ4ZPV7FHW5NJFABM6UIR2K4/</link><guid isPermaLink="true">https://www.liberation.fr/societe/immigration/deux-corps-retrouves-sur-une-plage-du-pas-de-calais-230-migrants-secourus-dimanche-20250210_55LQ4ZPV7FHW5NJFABM6UIR2K4/</guid><dc:creator><![CDATA[ LIBERATION,  AFP]]></dc:creator><description><![CDATA[Les deux corps ont été retrouvés dimanche 9 février à 300 mètres l’un de l’autre à Berck. Ils pourraient être ceux de «migrants ayant tenté d’embarquer à bord d’un taxi-boat», selon la préfecture du Pas-de-Calais.]]></description><pubDate>Mon, 10 Feb 2025 07:31:41 +0000</pubDate><media:content url="https://liberation-liberation-prod.cdn.arcpublishing.com/resizer/Io1A7KJgP7t22_DUNR1FscKVbpY=/cloudfront-eu-central-1.images.arcpublishing.com/liberation/4Z4OZRBYIRDNVKLZKYEHI2VUGU.jpg" type="image/jpeg" height="5504" width="8256"><media:description type="plain"><![CDATA[Les deux corps ont été retrouvés sur une plage de Berck, dans le Pas-de-Calais.]]></media:description><media:credit role="author" scheme="urn:ebu">Stéphane Bouilland</media:credit></media:content></item><item><title><![CDATA[Cinq ans après l’attentat de la basilique de Nice, le procès d’un accusé «amnésique»]]></title><link>https://www.liberation.fr/societe/police-justice/cinq-ans-apres-lattentat-de-la-basilique-de-nice-le-proces-dun-accuse-amnesique-20250210_XOQQ2OILNRAUFNC6Y2H5OHGLLQ/</link><guid isPermaLink="true">https://www.liberation.fr/societe/police-justice/cinq-ans-apres-lattentat-de-la-basilique-de-nice-le-proces-dun-accuse-amnesique-20250210_XOQQ2OILNRAUFNC6Y2H5OHGLLQ/</guid><dc:creator><![CDATA[Chloé Pilorget-Rezzouk]]></dc:creator><description><![CDATA[A partir de ce lundi 10 février et pour trois semaines, Brahim Aouissaoui comparaît devant la cour d’assises spéciale de Paris. Le Tunisien est accusé d’avoir tué au couteau le sacristain et deux fidèles dans la basilique de Nice, le 29 octobre 2020.]]></description><pubDate>Mon, 10 Feb 2025 06:06:00 +0000</pubDate><media:content url="https://liberation-liberation-prod.cdn.arcpublishing.com/resizer/DPi8zSDD-OVfwerVKBGA9EHksyU=/cloudfront-eu-central-1.images.arcpublishing.com/liberation/CISH7UB4OFHBDHPZUG4OYXRF5Y.jpg" type="image/jpeg" height="4561" width="6838"><media:description type="plain"><![CDATA[Devant la basilique de Nice après l'attentat, le 29 octobre 2020.]]></media:description><media:credit role="author" scheme="urn:ebu">Arié Botbol</media:credit></media:content></item><item><title><![CDATA[Seine-et-Marne : un blessé grave dans l’attaque d’une équipe de football en plein match]]></title><link>https://www.liberation.fr/societe/police-justice/seine-et-marne-un-blesse-grave-dans-lattaque-dune-equipe-de-football-en-plein-match-20250209_TCSBFFSSPZEJ3LK35LFBZL6EFE/</link><guid isPermaLink="true">https://www.liberation.fr/societe/police-justice/seine-et-marne-un-blesse-grave-dans-lattaque-dune-equipe-de-football-en-plein-match-20250209_TCSBFFSSPZEJ3LK35LFBZL6EFE/</guid><dc:creator><![CDATA[ LIBERATION,  AFP]]></dc:creator><description><![CDATA[Alors que le match opposant Dammarie-les-Lys aux moins de 20 ans de Meaux se déroulait dans le calme ce dimanche 9 février, un groupe de jeunes armés est entré dans le stade pour s’en prendre aux joueurs visiteurs.]]></description><pubDate>Sun, 09 Feb 2025 19:00:10 +0000</pubDate><media:content url="https://liberation-liberation-prod.cdn.arcpublishing.com/resizer/_2GYtkGgXsKbJlaNkoL4XiTIxk4=/cloudfront-eu-central-1.images.arcpublishing.com/liberation/6Y5LH3CJQVGB3KXT5AAYTDNTJI.jpg" type="image/jpeg" height="2580" width="3870"><media:description type="plain"><![CDATA[Photo d'illustration d'une voiture de Police banalisée à Paris le 23 Septembre 2024.]]></media:description><media:credit role="author" scheme="urn:ebu">Eric Beracassat</media:credit></media:content></item><item><title><![CDATA[Merwane Benlazar répond à la polémique par un sketch : «Je savais que j’allais être viré un jour, par une Arabe, c’est chiant, mais je savais»]]></title><link>https://www.liberation.fr/economie/medias/merwane-benlazar-repond-a-la-polemique-par-un-sketch-je-savais-que-jallais-etre-vire-un-jour-par-une-arabe-cest-chiant-mais-je-savais-20250209_2ZDTCE7EAJGXDIP4CI2ZQTZ3JI/</link><guid isPermaLink="true">https://www.liberation.fr/economie/medias/merwane-benlazar-repond-a-la-polemique-par-un-sketch-je-savais-que-jallais-etre-vire-un-jour-par-une-arabe-cest-chiant-mais-je-savais-20250209_2ZDTCE7EAJGXDIP4CI2ZQTZ3JI/</guid><dc:creator><![CDATA[ LIBERATION]]></dc:creator><description><![CDATA[L’humoriste a répondu par le biais d’un sketch publié samedi 8 février au tollé provoqué une semaine plus tôt par sa tenue lors de sa chronique sur le plateau de «C à vous».]]></description><pubDate>Sun, 09 Feb 2025 12:32:12 +0000</pubDate><media:content url="https://liberation-liberation-prod.cdn.arcpublishing.com/resizer/EOCUCNKsEw_I0a84w1PhtWNvsaI=/cloudfront-eu-central-1.images.arcpublishing.com/liberation/TYCPZ73E5VFTNIRM4Q5SFALORA.jpg" type="image/jpeg" height="3808" width="5713"><media:description type="plain"><![CDATA[L'humoriste Merwane Benlazar au Palais des Festivals et des Congrès de Cannes, le 30 juin 2023.]]></media:description><media:credit role="author" scheme="urn:ebu">Syspeo</media:credit></media:content></item><item><title><![CDATA[Jack Lang porte plainte après avoir été pris à partie et «poussé à terre» lors d’un rassemblement contre la pédocriminalité]]></title><link>https://www.liberation.fr/societe/police-justice/jack-lang-porte-plainte-apres-avoir-ete-pris-a-partie-et-pousse-a-terre-lors-dun-rassemblement-contre-la-pedocriminalite-20250209_FL5Z63BYZNFKFIHF2ESZKD34DQ/</link><guid isPermaLink="true">https://www.liberation.fr/societe/police-justice/jack-lang-porte-plainte-apres-avoir-ete-pris-a-partie-et-pousse-a-terre-lors-dun-rassemblement-contre-la-pedocriminalite-20250209_FL5Z63BYZNFKFIHF2ESZKD34DQ/</guid><dc:creator><![CDATA[ LIBERATION,  AFP]]></dc:creator><description><![CDATA[Le président de l’Institut du monde arabe de 85 ans, brièvement hospitalisé samedi 8 février au soir à Paris, raconte avoir été entouré par plusieurs personnes qui ont crié «pédophile», «violeur d’enfants» à la sortie du métro.]]></description><pubDate>Sun, 09 Feb 2025 11:31:42 +0000</pubDate><media:content url="https://liberation-liberation-prod.cdn.arcpublishing.com/resizer/vwUq06TwZaY-azmflwid09zTnNk=/cloudfront-eu-central-1.images.arcpublishing.com/liberation/N2LYTYVWFRD2FKNRTOIBHMNYTY.jpg" type="image/jpeg" height="4296" width="6444"><media:description type="plain"><![CDATA[Jack Lang, le 7 mai 2022 à l'Elysée.]]></media:description><media:credit role="author" scheme="urn:ebu">Ludovic Marin</media:credit></media:content></item><item><title><![CDATA[Dans les Hauts-de-Seine, l’influenceuse, son fils menacé et les 25 000 euros extorqués]]></title><link>https://www.liberation.fr/societe/dans-les-hauts-de-seine-linfluenceuse-cuisine-son-fils-menace-et-les-25-000-euros-extorques-20250209_OUPKQKOAHFGQDEGYFRI2K2ZBWI/</link><guid isPermaLink="true">https://www.liberation.fr/societe/dans-les-hauts-de-seine-linfluenceuse-cuisine-son-fils-menace-et-les-25-000-euros-extorques-20250209_OUPKQKOAHFGQDEGYFRI2K2ZBWI/</guid><dc:creator><![CDATA[Sabrina Champenois]]></dc:creator><description><![CDATA[Une autoentrepreneuse qui produit des vidéos de recettes a découvert en janvier que son fils adolescent lui avait dérobé plusieurs milliers d’euros, victime d’extorsion de fonds via un groupe Snapchat.]]></description><pubDate>Sun, 09 Feb 2025 11:02:03 +0000</pubDate><media:content url="https://liberation-liberation-prod.cdn.arcpublishing.com/resizer/aqsy_WBSLM59l5aPs5bqpf0vWKk=/cloudfront-eu-central-1.images.arcpublishing.com/liberation/6X7HRT5J4ZATBCHV5GI3BBTW7M.jpg" type="image/jpeg" height="2953" width="2953"><media:credit role="author" scheme="urn:ebu">Jules Magistry</media:credit></media:content></item><item><title><![CDATA[«Sans elle, ça serait trop dur de vivre seule ici» : dans un Ehpad à Libourne, les résidents accompagnés par leurs animaux]]></title><link>https://www.liberation.fr/societe/sans-elle-ca-serait-trop-dur-de-vivre-seule-ici-dans-un-ehpad-a-libourne-les-residents-accompagnes-par-leurs-animaux-20250209_KMTQPRJUPFGRZNOXW7D2BZ3WNU/</link><guid isPermaLink="true">https://www.liberation.fr/societe/sans-elle-ca-serait-trop-dur-de-vivre-seule-ici-dans-un-ehpad-a-libourne-les-residents-accompagnes-par-leurs-animaux-20250209_KMTQPRJUPFGRZNOXW7D2BZ3WNU/</guid><dc:creator><![CDATA[Eva Fonteneau]]></dc:creator><description><![CDATA[L’établissement La Belle-Isle héberge depuis décembre les chiens et chats des résidents. Une possibilité d’accueil inscrite dans la loi «bien vieillir» de 2024, qui a des effets bénéfiques sur le moral des personnes âgées.]]></description><pubDate>Sun, 09 Feb 2025 10:38:52 +0000</pubDate><media:content url="https://liberation-liberation-prod.cdn.arcpublishing.com/resizer/JHN3QGnA7Pll0qrvL6AeN_i7MAE=/cloudfront-eu-central-1.images.arcpublishing.com/liberation/EPHXAXKKEJATREN5KSCCBOQFLY.jpg" type="image/jpeg" height="1600" width="2000"><media:description type="plain"><![CDATA[Marie-Claude a pu ramener sa chatte Kalanak, 16 ans, à l'Ehpad de La Belle-Isle où elle vit à Libourne.]]></media:description><media:credit role="author" scheme="urn:ebu">Brian Reynaud</media:credit></media:content></item><item><title><![CDATA[Nice : une fillette de 3 ans meurt dans l’incendie d’un appartement]]></title><link>https://www.liberation.fr/societe/nice-une-fillette-de-3-ans-meurt-dans-lincendie-dun-appartement-20250209_VH7VNL465BDYPNRRX2MZN3U3E4/</link><guid isPermaLink="true">https://www.liberation.fr/societe/nice-une-fillette-de-3-ans-meurt-dans-lincendie-dun-appartement-20250209_VH7VNL465BDYPNRRX2MZN3U3E4/</guid><dc:creator><![CDATA[ LIBERATION,  AFP]]></dc:creator><description><![CDATA[Une enfant de trois ans a été prise au piège par les flammes dans un immeuble de Nice, dans la nuit de samedi à dimanche 9 février. Malgré leur intervention, les pompiers n’ont pas pu la secourir. Cinq autres personnes ont été blessées.]]></description><pubDate>Sun, 09 Feb 2025 09:19:16 +0000</pubDate><media:content url="https://liberation-liberation-prod.cdn.arcpublishing.com/resizer/T2l9tS3F9iRZgk2DpO6uroo9UHc=/cloudfront-eu-central-1.images.arcpublishing.com/liberation/6MABVWTYORH55F37XSACNXAZJI.jpg" type="image/jpeg" height="4000" width="6000"><media:credit role="author" scheme="urn:ebu">Laure Boyer</media:credit></media:content></item><item><title><![CDATA[Après la pose de son bracelet électronique, Nicolas Sarkozy annonce «renoncer à toute expression médiatique»]]></title><link>https://www.liberation.fr/societe/police-justice/apres-la-pose-de-son-bracelet-electronique-nicolas-sarkozy-annonce-renoncer-a-toute-expression-mediatique-20250208_TJ3N4L66DNAHFK3NMDEYTWAPMQ/</link><guid isPermaLink="true">https://www.liberation.fr/societe/police-justice/apres-la-pose-de-son-bracelet-electronique-nicolas-sarkozy-annonce-renoncer-a-toute-expression-mediatique-20250208_TJ3N4L66DNAHFK3NMDEYTWAPMQ/</guid><dc:creator><![CDATA[ LIBERATION,  AFP]]></dc:creator><description><![CDATA[L’ancien leader de la droite et premier ancien chef de l’Etat à se faire poser le dispositif judiciaire, annonce ce samedi 8 février «mettre entre parenthèses» ses activités publiques d’ex-président.]]></description><pubDate>Sat, 08 Feb 2025 19:23:56 +0000</pubDate><media:content url="https://liberation-liberation-prod.cdn.arcpublishing.com/resizer/uMWROhHoRtIJhXyJGE-6iKXrq7A=/cloudfront-eu-central-1.images.arcpublishing.com/liberation/TAUAT7QYUFDXHADXVCESMA6JVY.jpg" type="image/jpeg" height="5464" width="8192"><media:description type="plain"><![CDATA[Nicolas Sarkozy au tribunal correctionnel de Paris, le 6 janvier 2025.]]></media:description><media:credit role="author" scheme="urn:ebu">Denis Allard</media:credit></media:content></item><item><title><![CDATA[Sur l’identité nationale, Bayrou balaie : «Il n’y aura pas de conflit sur ces sujets à l’intérieur du gouvernement»]]></title><link>https://www.liberation.fr/societe/immigration/sur-lidentite-nationale-bayrou-balaie-il-ny-aura-pas-de-conflit-sur-ces-sujets-a-linterieur-du-gouvernement-20250208_QTYXZK7GNRD2JCUNK7PWEKJLCY/</link><guid isPermaLink="true">https://www.liberation.fr/societe/immigration/sur-lidentite-nationale-bayrou-balaie-il-ny-aura-pas-de-conflit-sur-ces-sujets-a-linterieur-du-gouvernement-20250208_QTYXZK7GNRD2JCUNK7PWEKJLCY/</guid><dc:creator><![CDATA[ LIBERATION,  AFP]]></dc:creator><description><![CDATA[Critiqué au sein même de la majorité pour sa volonté d’organiser un large débat sur l’immigration, le Premier ministre assure ce samedi 8 février au «Parisien» que les discussions doivent aller au-delà de la question du droit du sol.]]></description><pubDate>Sat, 08 Feb 2025 19:07:26 +0000</pubDate><media:content url="https://liberation-liberation-prod.cdn.arcpublishing.com/resizer/AtTTGmWRSqRs3yfKj_SC_TU0xXo=/cloudfront-eu-central-1.images.arcpublishing.com/liberation/D2JOV7PIDVFEREQE7WXNPPVCDU.jpg" type="image/jpeg" height="1730" width="2403"><media:description type="plain"><![CDATA[François Bayrou à l'Assemblée nationale, le 5 février 2025 à Paris.]]></media:description><media:credit role="author" scheme="urn:ebu">Gonzalo Fuentes</media:credit></media:content></item><item><title><![CDATA[Pédopornographie : un religieux catholique traditionaliste de Riaumont jugé en mars]]></title><link>https://www.liberation.fr/societe/police-justice/pedopornographie-un-religieux-catholique-traditionaliste-de-riaumont-juge-en-mars-20250208_ZXW7C5ZLT5HP5GRT5MBYCYQMBQ/</link><guid isPermaLink="true">https://www.liberation.fr/societe/police-justice/pedopornographie-un-religieux-catholique-traditionaliste-de-riaumont-juge-en-mars-20250208_ZXW7C5ZLT5HP5GRT5MBYCYQMBQ/</guid><dc:creator><![CDATA[ LIBERATION,  AFP]]></dc:creator><description><![CDATA[L’ancien prieur de Riaumont, âgé de 60 ans, sera jugé pour des «faits de consultation habituelle en ligne, d’acquisition ou détention d’images pédopornographiques» à Liévin entre 2012 et 2017.]]></description><pubDate>Sat, 08 Feb 2025 17:12:30 +0000</pubDate><media:content url="https://liberation-liberation-prod.cdn.arcpublishing.com/resizer/PkYJsHzFrqw65tWDiUeGiB8ptaU=/cloudfront-eu-central-1.images.arcpublishing.com/liberation/TXLCCQ3SUZAIVJOVU5NCVNMVFE.jpg" type="image/jpeg" height="2835" width="4252"><media:description type="plain"><![CDATA[L'internat de Riaumont, à Liévin, le 13 juin 2018.]]></media:description><media:credit role="author" scheme="urn:ebu">Aimée Thirion</media:credit></media:content></item><item><title><![CDATA[Madagascar, Tunisie, Bulgarie… Pour les uniformes de ses armées, la France fait l’impasse sur le «made in France»]]></title><link>https://www.liberation.fr/societe/madagascar-tunisie-bulgarie-pour-les-uniformes-de-ses-armees-la-france-fait-limpasse-sur-le-made-in-france-20250208_JRHDJI36IZCPTJNHO4WTA4QHLA/</link><guid isPermaLink="true">https://www.liberation.fr/societe/madagascar-tunisie-bulgarie-pour-les-uniformes-de-ses-armees-la-france-fait-limpasse-sur-le-made-in-france-20250208_JRHDJI36IZCPTJNHO4WTA4QHLA/</guid><dc:creator><![CDATA[ LIBERATION]]></dc:creator><description><![CDATA[L’entreprise française Marck & Balsan, qui produit ses uniformes dans l’Hexagone, ferme une usine à Calais après la perte d’un marché public au profit d’un concurrent tricolore qui fabrique notamment à Madagascar. Entre économies sur les coûts et enjeux de sécurité, la confection française semble être devenue une exception pour l’habillement des militaires.]]></description><pubDate>Sat, 08 Feb 2025 15:32:00 +0000</pubDate><media:content url="https://liberation-liberation-prod.cdn.arcpublishing.com/resizer/-3O5DOHDfWyaC9hTHqv850NJHQA=/cloudfront-eu-central-1.images.arcpublishing.com/liberation/ZMF6UINRMREEZB343D7AOWK5B4.jpg" type="image/jpeg" height="779" width="1386"><media:description type="plain"><![CDATA[Le nouveau treillis de l’armée de terre, le modèle F3 «bariolage multi-environnement»‚ est loin de cocher toutes les cases du «made in France».]]></media:description><media:credit role="author" scheme="urn:ebu">Antoine Siffroi</media:credit></media:content></item><item><title><![CDATA[Aya Nakamura visée par des injures racistes avant les JO de Paris 2024 : 13 personnes liées à l’extrême droite jugées en juin]]></title><link>https://www.liberation.fr/societe/police-justice/aya-nakamura-visee-par-des-injures-racistes-avant-les-jo-de-paris-2024-13-personnes-liees-a-lextreme-droite-jugees-en-juin-20250208_JS2IGMD6LREFFHNRG35NRTOZHY/</link><guid isPermaLink="true">https://www.liberation.fr/societe/police-justice/aya-nakamura-visee-par-des-injures-racistes-avant-les-jo-de-paris-2024-13-personnes-liees-a-lextreme-droite-jugees-en-juin-20250208_JS2IGMD6LREFFHNRG35NRTOZHY/</guid><dc:creator><![CDATA[ LIBERATION,  AFP]]></dc:creator><description><![CDATA[La chanteuse avait porté plainte après la vague de cyberharcèlement raciste suscitée par l’annonce de son éventuelle participation à la cérémonie d’ouverture des Jeux olympiques de Paris 2024.]]></description><pubDate>Sat, 08 Feb 2025 15:07:55 +0000</pubDate><media:content url="https://liberation-liberation-prod.cdn.arcpublishing.com/resizer/y4GyEoWlJ7zmzUdivdrQAndI9Jw=/cloudfront-eu-central-1.images.arcpublishing.com/liberation/QBRBWZ4BXZFHPOMPLL7A6CTZWQ.jpg" type="image/jpeg" height="4358" width="5396"><media:description type="plain"><![CDATA[La chanteuse Aya Nakamura lors de la Fashion Week à Paris, le 28 février 2024.]]></media:description><media:credit role="author" scheme="urn:ebu">Pierre Mouton</media:credit></media:content></item><item><title><![CDATA[Dijon : échanges de tirs sur une aire d’autoroute, un homme tué et un policier blessé]]></title><link>https://www.liberation.fr/societe/police-justice/dijon-echanges-de-tirs-sur-une-aire-dautoroute-un-homme-tue-et-un-policier-blesse-20250208_VZFV2RBDIZAS7H4L4UO4H3BIOA/</link><guid isPermaLink="true">https://www.liberation.fr/societe/police-justice/dijon-echanges-de-tirs-sur-une-aire-dautoroute-un-homme-tue-et-un-policier-blesse-20250208_VZFV2RBDIZAS7H4L4UO4H3BIOA/</guid><dc:creator><![CDATA[ LIBERATION,  AFP]]></dc:creator><description><![CDATA[Vers une heure du matin ce samedi 8 février, des hommes suivis en filature par des membres du Raid les ont visés sur une aire de repos de l’A31, en Côte-d’Or, avant de s’enfuir. Trois hommes ont été interpellés, deux nouvelles enquêtes ont été ouvertes.]]></description><pubDate>Sat, 08 Feb 2025 12:40:28 +0000</pubDate><media:content url="https://liberation-liberation-prod.cdn.arcpublishing.com/resizer/m2loyGUyymSw7YfvGqmbljEucN4=/cloudfront-eu-central-1.images.arcpublishing.com/liberation/JGVBSSRPGNCU7JWKC4ETPDIJL4.jpg" type="image/jpeg" height="3744" width="5616"><media:credit role="author" scheme="urn:ebu">Gwengoat</media:credit></media:content></item><item><title><![CDATA[«On a tendance à faire comme si leur sexualité n’existait pas» : dans le Médoc, des ateliers pour sensibiliser les travailleurs en situation de handicap]]></title><link>https://www.liberation.fr/societe/on-a-tendance-a-faire-comme-si-leur-sexualite-nexistait-pas-dans-le-medoc-des-ateliers-pour-sensibiliser-les-travailleurs-en-situation-de-handicap-20250208_ZCTCRMIO3JEHJHANTDNLH3TC2M/</link><guid isPermaLink="true">https://www.liberation.fr/societe/on-a-tendance-a-faire-comme-si-leur-sexualite-nexistait-pas-dans-le-medoc-des-ateliers-pour-sensibiliser-les-travailleurs-en-situation-de-handicap-20250208_ZCTCRMIO3JEHJHANTDNLH3TC2M/</guid><dc:creator><![CDATA[Eva Fonteneau]]></dc:creator><description><![CDATA[Le «Bus en +», un dispositif pour faciliter l’accès aux soins qui se déplace en Gironde, organise des séances d’échange autour de la santé sexuelle auprès des personnes présentant une déficience intellectuelle ou un handicap psychique.]]></description><pubDate>Sat, 08 Feb 2025 11:36:00 +0000</pubDate><media:content url="https://liberation-liberation-prod.cdn.arcpublishing.com/resizer/H0KDVibq0tpvdZNSgMVMNyAm2I4=/cloudfront-eu-central-1.images.arcpublishing.com/liberation/ALT3RHQ7CBDINBNCXXKRR3WT3U.jpg" type="image/jpeg" height="1600" width="2400"><media:description type="plain"><![CDATA[Le «Bus en +» à Cissac-Médoc, le 4 février 2025.]]></media:description><media:credit role="author" scheme="urn:ebu">Céline Levain</media:credit></media:content></item><item><title><![CDATA[Cancers des enfants : les 15 millions d’euros pour la recherche ôtés du budget 2025 vont être réinjectés]]></title><link>https://www.liberation.fr/societe/sante/15-millions-deuros-pour-la-recherche-sur-les-cancers-pediatriques-ont-disparu-du-budget-2025-20250208_ABAEGI5PP5AQBKJCXCNR2ZHX2U/</link><guid isPermaLink="true">https://www.liberation.fr/societe/sante/15-millions-deuros-pour-la-recherche-sur-les-cancers-pediatriques-ont-disparu-du-budget-2025-20250208_ABAEGI5PP5AQBKJCXCNR2ZHX2U/</guid><dc:creator><![CDATA[Apolline Le Romanser,  AFP]]></dc:creator><description><![CDATA[Un amendement adopté par le Parlement cet automne et à nouveau par le Sénat en janvier ne figure plus dans le budget final du gouvernement. Après le tollé samedi 8 février, le gouvernement s’est engagé à rétablir la somme.]]></description><pubDate>Mon, 10 Feb 2025 09:11:10 +0000</pubDate><media:content url="https://liberation-liberation-prod.cdn.arcpublishing.com/resizer/Q47chVh5_zeLQAFTj5T8iVa6bIo=/cloudfront-eu-central-1.images.arcpublishing.com/liberation/EO7WC626AJFQPBDX2G6XP7O5CE.jpg" type="image/jpeg" height="3333" width="5000"><media:description type="plain"><![CDATA[En France, environ 2 260 nouveaux cas de cancers en moyenne ont été détectés chez des enfants (jusqu’à 17 ans) entre 2014 et 2020.]]></media:description><media:credit role="author" scheme="urn:ebu">Jc Milhet</media:credit></media:content></item><item><title><![CDATA[Meurtre de Louise, collégienne de 11 ans, en Essonne : une «fouille minutieuse» a eu lieu dans le bois où l’on a retrouvé son corps]]></title><link>https://www.liberation.fr/societe/police-justice/une-enfant-de-11-ans-a-ete-retrouvee-morte-dans-un-bois-en-essonne-une-enquete-ouverte-pour-meurtre-20250208_6KUWAR2WQ5E5JEHLDP3Y55VEIY/</link><guid isPermaLink="true">https://www.liberation.fr/societe/police-justice/une-enfant-de-11-ans-a-ete-retrouvee-morte-dans-un-bois-en-essonne-une-enquete-ouverte-pour-meurtre-20250208_6KUWAR2WQ5E5JEHLDP3Y55VEIY/</guid><dc:creator><![CDATA[ LIBERATION,  AFP]]></dc:creator><description><![CDATA[Le procureur d’Evry a annoncé ce dimanche 9 février qu’«un important dispositif de police» avait été déployé dans le Bois des templiers après la découverte samedi du corps poignardée de la petite fille qui avait disparu la veille.]]></description><pubDate>Sun, 09 Feb 2025 17:42:32 +0000</pubDate><media:content url="https://liberation-liberation-prod.cdn.arcpublishing.com/resizer/QLZ5vN6duQHjqXYPm3-58klh2Vw=/cloudfront-eu-central-1.images.arcpublishing.com/liberation/BJKMLR7JXRD63CVVIJKNZ7NZ4Y.jpg" type="image/jpeg" height="4128" width="6192"><media:description type="plain"><![CDATA[A Longjumeau, au sud de Paris, le 8 février, après la découverte du corps d'une enfant de 11 ans dans la nuit.]]></media:description><media:credit role="author" scheme="urn:ebu">Julien de Rosa</media:credit></media:content></item><item><title><![CDATA[«Dirty Diana» : du podcast avec Demi Moore aux livres, itinéraire d’un phénomène du «mommy porn»]]></title><link>https://www.liberation.fr/lifestyle/intimites/dirty-diana-du-podcast-avec-demi-moore-aux-livres-itineraire-dun-phenomene-du-mommy-porn-20250208_XYAI446KDBAEDHHNIGECGKH5BM/</link><guid isPermaLink="true">https://www.liberation.fr/lifestyle/intimites/dirty-diana-du-podcast-avec-demi-moore-aux-livres-itineraire-dun-phenomene-du-mommy-porn-20250208_XYAI446KDBAEDHHNIGECGKH5BM/</guid><dc:creator><![CDATA[Agnès Giard]]></dc:creator><description><![CDATA[«Pour échapper à son mariage moribond, Diana gère en secret un site érotique où les femmes révèlent leurs fantasmes sexuels intimes.» Tel est le pitch de «Dirty Diana», un podcast au succès viral, auquel Demi Moore prête sa voix. Il a été adapté en romans, dont le tome 2 vient de paraître en France.]]></description><pubDate>Sat, 08 Feb 2025 09:16:00 +0000</pubDate><media:content url="https://liberation-liberation-prod.cdn.arcpublishing.com/resizer/oYVkE-oKP_hU-uOo2JhDjz1HvWE=/cloudfront-eu-central-1.images.arcpublishing.com/liberation/4KI75IILUVDUND6GHDXJ7DOLPU.jpg" type="image/jpeg" height="2857" width="4285"><media:description type="plain"><![CDATA[L'actrice américaine Demi Moore arrive à la cérémonie de clôture de la 77e édition du festival de Cannes à Cannes, le 25 mai.]]></media:description><media:credit role="author" scheme="urn:ebu">Sameer Al-Doumy</media:credit></media:content></item><item><title><![CDATA[«La Pampa», «Emilia Pérez» : pourquoi les héros LGBT doivent-ils toujours mourir à l’écran ?]]></title><link>https://www.liberation.fr/idees-et-debats/tribunes/la-pampa-emilia-perez-pourquoi-les-heros-lgbt-doivent-ils-toujours-mourir-a-lecran-20250208_HUDDBLNWQVDBZK7OIRALLRFT54/</link><guid isPermaLink="true">https://www.liberation.fr/idees-et-debats/tribunes/la-pampa-emilia-perez-pourquoi-les-heros-lgbt-doivent-ils-toujours-mourir-a-lecran-20250208_HUDDBLNWQVDBZK7OIRALLRFT54/</guid><dc:creator><![CDATA[Antoine Barraud]]></dc:creator><description><![CDATA[Le cinéaste Antoine Barraud a vu le premier film d’Antoine Chevrollier, couvert d’éloge depuis sa sortie, et s’interroge : pourquoi la mort est-elle le seul horizon cinématographique des personnages gays et trans ? Il faut arrêter d’associer ces êtres au tragique obligatoire.]]></description><pubDate>Sat, 08 Feb 2025 08:02:00 +0000</pubDate><media:content url="https://liberation-liberation-prod.cdn.arcpublishing.com/resizer/Ndjk31BD0AjfGGJMHnSsqQgjo3o=/cloudfront-eu-central-1.images.arcpublishing.com/liberation/JXXOBZMXBRBMFNSX7U7ODHYXIA.jpg" type="image/jpeg" height="1097" width="2618"><media:description type="plain"><![CDATA[«La Pampa» (2024), d’Antoine Chevrollier avec Amaury Faucher (Jojo ) et Sayyid El Alami (Willy).]]></media:description></media:content></item><item><title><![CDATA[Quand la grisaille et le manque de soleil influent sur la santé physique et mentale]]></title><link>https://www.liberation.fr/societe/sante/quand-la-grisaille-et-le-manque-de-soleil-influent-sur-la-sante-physique-et-mentale-20250207_EXXWQEPJH5HQDJSWDZRVECKPRA/</link><guid isPermaLink="true">https://www.liberation.fr/societe/sante/quand-la-grisaille-et-le-manque-de-soleil-influent-sur-la-sante-physique-et-mentale-20250207_EXXWQEPJH5HQDJSWDZRVECKPRA/</guid><dc:creator><![CDATA[ LIBERATION]]></dc:creator><description><![CDATA[Avec l’arrivée d’une «goutte froide» dans le nord de la France, ce vendredi 7 février, l’absence de lumière se fait vivement ressentir. Manque d’entrain, morosité et répercussions sur le sommeil, «Libération» fait le point.]]></description><pubDate>Fri, 07 Feb 2025 14:29:21 +0000</pubDate><media:content url="https://liberation-liberation-prod.cdn.arcpublishing.com/resizer/Uqd3rTqFlu99gDBVkYO_RAXHCdA=/cloudfront-eu-central-1.images.arcpublishing.com/liberation/V7NIFAVCHNG5LFI6TRSESTJLNE.jpg" type="image/jpeg" height="3047" width="4571"><media:description type="plain"><![CDATA[En 2024, la France métropolitaine a connu l’ensoleillement le plus faible depuis trente ans.]]></media:description><media:credit role="author" scheme="urn:ebu">Ludovic Marin</media:credit></media:content></item><item><title><![CDATA[Surveillance : à Nice, chez les accros de la cam]]></title><link>https://www.liberation.fr/france/2020/07/31/surveillance-a-nice-chez-les-accros-de-la-cam_1795781/</link><guid isPermaLink="true">https://www.liberation.fr/france/2020/07/31/surveillance-a-nice-chez-les-accros-de-la-cam_1795781/</guid><dc:creator><![CDATA[Mathilde Frénois]]></dc:creator><description><![CDATA[Depuis 2010, le centre de supervision urbain créé par Estrosi scrute les rues jour et nuit, avec des méthodes aux frontières de la légalité. Ce laboratoire sécuritaire a été plébiscité samedi dernier par Jean Castex.]]></description><pubDate>Fri, 31 Jul 2020 16:56:04 +0000</pubDate><media:content url="https://liberation-liberation-prod.cdn.arcpublishing.com/resizer/bRSpNTGE1IMZKENS_noAAq9Sb-w=/cloudfront-eu-central-1.images.arcpublishing.com/liberation/EGJDEAWZI4TGVOS4UFJV63F654.jpg" type="image/jpeg" height="1333" width="2000"><media:description type="plain"><![CDATA[Le 6 février au centre de supervision urbain. En 2019, 1 630 vidéos ont fait l’objet d’une réquisition judiciaire.]]></media:description><media:credit role="author" scheme="urn:ebu"></media:credit></media:content></item></channel></rss>