<?xml version="1.0" encoding="UTF-8"?><rss xmlns:atom="http://www.w3.org/2005/Atom" xmlns:content="http://purl.org/rss/1.0/modules/content/" xmlns:dc="http://purl.org/dc/elements/1.1/" xmlns:sy="http://purl.org/rss/1.0/modules/syndication/" version="2.0" xmlns:media="http://search.yahoo.com/mrss/"><channel><title><![CDATA[Libération]]></title><link>https://www.liberation.fr</link><atom:link href="https://www.liberation.fr/arc/outboundfeeds/rss-all/category/sports/" rel="self" type="application/rss+xml"/><description><![CDATA[Libération News Feed]]></description><lastBuildDate>Mon, 10 Feb 2025 12:38:21 +0000</lastBuildDate><language>fr</language><ttl>1</ttl><sy:updatePeriod>hourly</sy:updatePeriod><sy:updateFrequency>1</sy:updateFrequency><image><url>https://liberation-liberation-prod.cdn.arcpublishing.com/resizer/NDhvymtydpZl4sImd-sUL72q8YM=/arc-photo-liberation/eu-central-1-prod/public/3QH5F2WEITAV2N22T6S3ECTWJ4.png</url><title>Libération</title><link>https://www.liberation.fr</link></image><item><title><![CDATA[Super Bowl : Donald Trump, Taylor Swift, Kendrick Lamar, drapeaux palestinien et soudanais brandis… les moments forts d’une soirée hors normes]]></title><link>https://www.liberation.fr/sports/superbowl-donald-trump-taylor-swift-kendrick-lamar-drapeaux-palestinien-et-soudanais-brandis-les-moments-forts-dune-soiree-hors-normes-20250210_FM7T2KBSLVEXPNHGWVGS3NZHIY/</link><guid isPermaLink="true">https://www.liberation.fr/sports/superbowl-donald-trump-taylor-swift-kendrick-lamar-drapeaux-palestinien-et-soudanais-brandis-les-moments-forts-dune-soiree-hors-normes-20250210_FM7T2KBSLVEXPNHGWVGS3NZHIY/</guid><dc:creator><![CDATA[ LIBERATION,  AFP]]></dc:creator><description><![CDATA[L’annuelle cérémonie du football américain a vu se réunir dimanche 9 février au sein du même stade des ennemis jurés - Taylor Swift et Donald Trump -, le sacre des Eagles de Philadelphie et un grain de sable dans le show de Kendrick Lamar.]]></description><pubDate>Mon, 10 Feb 2025 08:08:58 +0000</pubDate><media:content url="https://liberation-liberation-prod.cdn.arcpublishing.com/resizer/kjECZApGmG30gn1dNiz4ZqqpJ0k=/cloudfront-eu-central-1.images.arcpublishing.com/liberation/NM6GFVYDMBDBLAWG4XMK7YNWHQ.jpg" type="image/jpeg" height="3517" width="5276"><media:description type="plain"><![CDATA[Le quarterback des Philadelphia Eagles Jalen Hurts après la victoire sur les Kansas City Chiefs, 40-22, à La Nouvelle-Orléans dimanche 9 février 2025.]]></media:description><media:credit role="author" scheme="urn:ebu">Chandan Khanna </media:credit></media:content></item><item><title><![CDATA[Marie Barsacq, sang mêlée]]></title><link>https://www.liberation.fr/portraits/marie-barsacq-sang-melee-20250209_IO5XIOK4ENDTDGT6MMJE4N3LE4/</link><guid isPermaLink="true">https://www.liberation.fr/portraits/marie-barsacq-sang-melee-20250209_IO5XIOK4ENDTDGT6MMJE4N3LE4/</guid><dc:creator><![CDATA[Sylvain Chazot]]></dc:creator><description><![CDATA[La ministre des Sports, de la Jeunesse et de la Vie associative , originaire du Sud-Ouest et fan de rugby, s’est épanouie au sein du comité d’organisation des JO de Paris 2024.]]></description><pubDate>Sun, 09 Feb 2025 16:08:51 +0000</pubDate><media:content url="https://liberation-liberation-prod.cdn.arcpublishing.com/resizer/hgCSZl9PUcAwIGSfVWR-xG0OxM8=/cloudfront-eu-central-1.images.arcpublishing.com/liberation/H34LMWP5UFAZPFJT2ZWB5MUKU4.jpg" type="image/jpeg" height="3543" width="2657"><media:description type="plain"><![CDATA[Marie Barsacq, ministre des Sports, de la Jeunesse et de la Vie associative, à Paris le 30 janvier 2025.]]></media:description><media:credit role="author" scheme="urn:ebu">Rémy Artiges</media:credit></media:content></item><item><title><![CDATA[Etats-Unis : quand Super Bowl rime avec guacamole]]></title><link>https://www.liberation.fr/lifestyle/consommation/etats-unis-quand-super-bowl-rime-avec-guacamole-20250209_UBOJT7EHXBBXXCUFEHMFQKAT6I/</link><guid isPermaLink="true">https://www.liberation.fr/lifestyle/consommation/etats-unis-quand-super-bowl-rime-avec-guacamole-20250209_UBOJT7EHXBBXXCUFEHMFQKAT6I/</guid><dc:creator><![CDATA[François-Xavier Gomez]]></dc:creator><description><![CDATA[L’événement sportif, qui réunira dimanche plus de 100 millions d’Américains devant leur télé, s’accompagne d’une consommation record de purée d’avocats importés du Mexique. Mais les menaces tarifaires de Trump et l’infiltration des cartels de la drogue pourraient entraver le commerce de «l’or vert».]]></description><pubDate>Sun, 09 Feb 2025 12:35:00 +0000</pubDate><media:content url="https://liberation-liberation-prod.cdn.arcpublishing.com/resizer/kttQNlRDQxUAYbfaZ3PxxVIewo8=/cloudfront-eu-central-1.images.arcpublishing.com/liberation/DCDQT4V2WZAHBBWDFMVHNEHSDY.jpg" type="image/jpeg" height="3733" width="5600"><media:description type="plain"><![CDATA[Le guacamole, un incontournable des soirées du Super Bowl.]]></media:description><media:credit role="author" scheme="urn:ebu">fotek</media:credit></media:content></item><item><title><![CDATA[Super Bowl : Donald Trump et la NFL, deux mondes qui ne peuvent pas se sacker]]></title><link>https://www.liberation.fr/sports/super-bowl-donald-trump-et-la-nfl-deux-mondes-qui-ne-peuvent-pas-se-sacker-20250209_HAM7MOSQIBASXJSTY4ENUQXVW4/</link><guid isPermaLink="true">https://www.liberation.fr/sports/super-bowl-donald-trump-et-la-nfl-deux-mondes-qui-ne-peuvent-pas-se-sacker-20250209_HAM7MOSQIBASXJSTY4ENUQXVW4/</guid><dc:creator><![CDATA[Romain Métairie]]></dc:creator><description><![CDATA[En prévoyant d’assister dimanche 9 février pour la première fois à l’événement sportif le plus populaire aux Etats-Unis, le Président ramène la politique sur le terrain de la puissante ligue de football américain, avec qui il entretient une relation houleuse depuis plus de quarante ans.]]></description><pubDate>Sun, 09 Feb 2025 07:05:00 +0000</pubDate><media:content url="https://liberation-liberation-prod.cdn.arcpublishing.com/resizer/IYFzrzrUfACneagd21k_F1QgCxo=/cloudfront-eu-central-1.images.arcpublishing.com/liberation/L2XEBR5ZXFF2BJXCR5MVNV7SKM.jpg" type="image/jpeg" height="3668" width="5500"><media:description type="plain"><![CDATA[Le stade du Caesars Superdome, à La Nouvelle-Orléans, où se tiendra la finale du Super Bowl dimanche.]]></media:description><media:credit role="author" scheme="urn:ebu">Mike Segar</media:credit></media:content></item><item><title><![CDATA[Tournoi des six nations : la France tombe d’un point, mais de haut, en Angleterre]]></title><link>https://www.liberation.fr/sports/rugby/tournoi-des-six-nations-la-france-privee-de-victoire-par-langleterre-en-toute-fin-du-match-20250208_XHHIWY5ZQBCN7CJQTWYQN7SAOQ/</link><guid isPermaLink="true">https://www.liberation.fr/sports/rugby/tournoi-des-six-nations-la-france-privee-de-victoire-par-langleterre-en-toute-fin-du-match-20250208_XHHIWY5ZQBCN7CJQTWYQN7SAOQ/</guid><dc:creator><![CDATA[Gilles Renault]]></dc:creator><description><![CDATA[Sur un score rageant de 26 à 25, les Bleus ont perdu le Crunch de ce samedi 8 février à Twickenham lors de la deuxième semaine de la compétition. Les Tricolores n’ont pas fini de ressasser un scénario qui, avec plus d’adresse et d’application, aurait dû leur sourire.]]></description><pubDate>Sat, 08 Feb 2025 18:40:57 +0000</pubDate><media:content url="https://liberation-liberation-prod.cdn.arcpublishing.com/resizer/ywVJBHxz5IzaxyzOZlISg9nVOUI=/cloudfront-eu-central-1.images.arcpublishing.com/liberation/H4HSMACF3RDQVL5AUPKGVR3DHA.jpg" type="image/jpeg" height="3134" width="5000"><media:description type="plain"><![CDATA[Les Bleus se sont inclinés 26-25 ce samedi 8 février à Twickenham.]]></media:description><media:credit role="author" scheme="urn:ebu">Glyn Kirk</media:credit></media:content></item><item><title><![CDATA[Violette Dorange, la bleue]]></title><link>https://www.liberation.fr/portraits/violette-dorange-la-bleue-20241018_PLNTW5NJZFEVNNRQIN6HMI7POU/</link><guid isPermaLink="true">https://www.liberation.fr/portraits/violette-dorange-la-bleue-20241018_PLNTW5NJZFEVNNRQIN6HMI7POU/</guid><dc:creator><![CDATA[Didier Ravon, photo Julie Hascoët]]></dc:creator><description><![CDATA[La navigatrice de 23 ans est la benjamine du Vendée Globe qu’elle dispute sur l’ancien bateau de Jean Le Cam, le doyen de l’épreuve.]]></description><pubDate>Sun, 09 Feb 2025 11:49:36 +0000</pubDate><media:content url="https://liberation-liberation-prod.cdn.arcpublishing.com/resizer/nFcuNLaiX3ZS0e0YPpreJ19c9fI=/cloudfront-eu-central-1.images.arcpublishing.com/liberation/YDIVDCM25FDD3DAI6ROEYZLF5Y.jpg" type="image/jpeg" height="4567" width="3426"><media:description type="plain"><![CDATA[Violette Dorange à Lorient en octobre 2024.]]></media:description><media:credit role="author" scheme="urn:ebu">Julie Hascoët</media:credit></media:content></item></channel></rss>