<?xml version="1.0" encoding="UTF-8"?><rss xmlns:atom="http://www.w3.org/2005/Atom" xmlns:content="http://purl.org/rss/1.0/modules/content/" xmlns:dc="http://purl.org/dc/elements/1.1/" xmlns:sy="http://purl.org/rss/1.0/modules/syndication/" version="2.0" xmlns:media="http://search.yahoo.com/mrss/"><channel><title><![CDATA[Libération]]></title><link>https://www.liberation.fr</link><atom:link href="https://www.liberation.fr/arc/outboundfeeds/rss-all/category/lifestyle/" rel="self" type="application/rss+xml"/><description><![CDATA[Libération News Feed]]></description><lastBuildDate>Mon, 10 Feb 2025 12:38:21 +0000</lastBuildDate><language>fr</language><ttl>1</ttl><sy:updatePeriod>hourly</sy:updatePeriod><sy:updateFrequency>1</sy:updateFrequency><image><url>https://liberation-liberation-prod.cdn.arcpublishing.com/resizer/NDhvymtydpZl4sImd-sUL72q8YM=/arc-photo-liberation/eu-central-1-prod/public/3QH5F2WEITAV2N22T6S3ECTWJ4.png</url><title>Libération</title><link>https://www.liberation.fr</link></image><item><title><![CDATA[Mon premier amour : «Je découvre pour la première fois une relation où les deux personnes veulent vraiment construire quelque chose»]]></title><link>https://www.liberation.fr/lifestyle/intimites/mon-premier-amour-je-decouvre-pour-la-premiere-fois-une-relation-ou-les-deux-personnes-veulent-vraiment-construire-quelque-chose-20250210_DMCP3X2E3VDO3F2NNJOFOGGOT4/</link><guid isPermaLink="true">https://www.liberation.fr/lifestyle/intimites/mon-premier-amour-je-decouvre-pour-la-premiere-fois-une-relation-ou-les-deux-personnes-veulent-vraiment-construire-quelque-chose-20250210_DMCP3X2E3VDO3F2NNJOFOGGOT4/</guid><dc:creator><![CDATA[Juliette Garnier]]></dc:creator><description><![CDATA[Pour célébrer l’amour comme il se doit, revenons au jour où nous l’avons découvert dans les bras d’une personne qui nous aimait en retour. Pour «Libé», ils ou elles se livrent sur cette histoire, aussi singulière qu’universelle. Dans notre premier épisode, Luce, 24 ans, nous raconte son idylle avec un bel espagnol rencontré en Erasmus. ]]></description><pubDate>Mon, 10 Feb 2025 06:59:26 +0000</pubDate><media:content url="https://liberation-liberation-prod.cdn.arcpublishing.com/resizer/0DrooO5y4ryxTv5g05CjwUrZbV8=/cloudfront-eu-central-1.images.arcpublishing.com/liberation/TBU7PQJKGVEVLIFDI5J6RU6EHY.jpg" type="image/jpeg" height="338" width="507"><media:credit role="author" scheme="urn:ebu">Photomontage Libération</media:credit></media:content></item><item><title><![CDATA[Etats-Unis : quand Super Bowl rime avec guacamole]]></title><link>https://www.liberation.fr/lifestyle/consommation/etats-unis-quand-super-bowl-rime-avec-guacamole-20250209_UBOJT7EHXBBXXCUFEHMFQKAT6I/</link><guid isPermaLink="true">https://www.liberation.fr/lifestyle/consommation/etats-unis-quand-super-bowl-rime-avec-guacamole-20250209_UBOJT7EHXBBXXCUFEHMFQKAT6I/</guid><dc:creator><![CDATA[François-Xavier Gomez]]></dc:creator><description><![CDATA[L’événement sportif, qui réunira dimanche plus de 100 millions d’Américains devant leur télé, s’accompagne d’une consommation record de purée d’avocats importés du Mexique. Mais les menaces tarifaires de Trump et l’infiltration des cartels de la drogue pourraient entraver le commerce de «l’or vert».]]></description><pubDate>Sun, 09 Feb 2025 12:35:00 +0000</pubDate><media:content url="https://liberation-liberation-prod.cdn.arcpublishing.com/resizer/kttQNlRDQxUAYbfaZ3PxxVIewo8=/cloudfront-eu-central-1.images.arcpublishing.com/liberation/DCDQT4V2WZAHBBWDFMVHNEHSDY.jpg" type="image/jpeg" height="3733" width="5600"><media:description type="plain"><![CDATA[Le guacamole, un incontournable des soirées du Super Bowl.]]></media:description><media:credit role="author" scheme="urn:ebu">fotek</media:credit></media:content></item><item><title><![CDATA[Decathlon : la fausse promesse du sport «accessible pour tous» et responsable]]></title><link>https://www.liberation.fr/economie/conso/decathlon-la-fausse-promesse-du-sport-accessible-pour-tous-et-responsable-20250208_ERVROYMGCJAZZGTQFBL4QMY2VI/</link><guid isPermaLink="true">https://www.liberation.fr/economie/conso/decathlon-la-fausse-promesse-du-sport-accessible-pour-tous-et-responsable-20250208_ERVROYMGCJAZZGTQFBL4QMY2VI/</guid><dc:creator><![CDATA[Emma Donada]]></dc:creator><description><![CDATA[Petits prix, innovation et engagement… La recette du succès de l’enseigne d’équipement et de vêtement sportif repose sur des pratiques dignes des grandes enseignes low-cost, selon une enquête réalisée par plusieurs médias.]]></description><pubDate>Sat, 08 Feb 2025 09:44:00 +0000</pubDate><media:content url="https://liberation-liberation-prod.cdn.arcpublishing.com/resizer/0poe_9vAi3y_T5Uij-0zSoQ9aEE=/cloudfront-eu-central-1.images.arcpublishing.com/liberation/2F5YFB5GCJDWVCSPAD32QE4C4Y.jpg" type="image/jpeg" height="3602" width="5403"><media:description type="plain"><![CDATA[L'enquête de «Disclose» et «Cash Investigation» montre que, dans sa recherche du prix le moins cher, Decathlon a tiré profit du pire côté de la mondialisation via une partie de ses sous-traitants les plus importants.]]></media:description><media:credit role="author" scheme="urn:ebu">Stéphane Mouchmouche </media:credit></media:content></item><item><title><![CDATA[«Dirty Diana» : du podcast avec Demi Moore aux livres, itinéraire d’un phénomène du «mommy porn»]]></title><link>https://www.liberation.fr/lifestyle/intimites/dirty-diana-du-podcast-avec-demi-moore-aux-livres-itineraire-dun-phenomene-du-mommy-porn-20250208_XYAI446KDBAEDHHNIGECGKH5BM/</link><guid isPermaLink="true">https://www.liberation.fr/lifestyle/intimites/dirty-diana-du-podcast-avec-demi-moore-aux-livres-itineraire-dun-phenomene-du-mommy-porn-20250208_XYAI446KDBAEDHHNIGECGKH5BM/</guid><dc:creator><![CDATA[Agnès Giard]]></dc:creator><description><![CDATA[«Pour échapper à son mariage moribond, Diana gère en secret un site érotique où les femmes révèlent leurs fantasmes sexuels intimes.» Tel est le pitch de «Dirty Diana», un podcast au succès viral, auquel Demi Moore prête sa voix. Il a été adapté en romans, dont le tome 2 vient de paraître en France.]]></description><pubDate>Sat, 08 Feb 2025 09:16:00 +0000</pubDate><media:content url="https://liberation-liberation-prod.cdn.arcpublishing.com/resizer/oYVkE-oKP_hU-uOo2JhDjz1HvWE=/cloudfront-eu-central-1.images.arcpublishing.com/liberation/4KI75IILUVDUND6GHDXJ7DOLPU.jpg" type="image/jpeg" height="2857" width="4285"><media:description type="plain"><![CDATA[L'actrice américaine Demi Moore arrive à la cérémonie de clôture de la 77e édition du festival de Cannes à Cannes, le 25 mai.]]></media:description><media:credit role="author" scheme="urn:ebu">Sameer Al-Doumy</media:credit></media:content></item><item><title><![CDATA[Karl Fournier et Olivier Marty, de Studio KO : «Notre architecture est terrienne à une époque où on ne fait que du hors-sol»]]></title><link>https://www.liberation.fr/lifestyle/design/karl-fournier-et-olivier-marty-de-studio-ko-notre-architecture-est-terrienne-a-une-epoque-ou-on-ne-fait-que-du-hors-sol-20250208_JHKSOAHPIRDVJFBC3NJQH27F54/</link><guid isPermaLink="true">https://www.liberation.fr/lifestyle/design/karl-fournier-et-olivier-marty-de-studio-ko-notre-architecture-est-terrienne-a-une-epoque-ou-on-ne-fait-que-du-hors-sol-20250208_JHKSOAHPIRDVJFBC3NJQH27F54/</guid><dc:creator><![CDATA[Florian Bardou]]></dc:creator><description><![CDATA[Le couple d’architectes et designers du Studio KO, que les fortunés s’arrachent, dresse le bilan de vingt-cinq ans de réalisations de la Corse à Paris, de Marrakech au Portugal, en utilisant des matériaux bruts respectueux de traditions locales.]]></description><pubDate>Sat, 08 Feb 2025 09:08:00 +0000</pubDate><media:content url="https://liberation-liberation-prod.cdn.arcpublishing.com/resizer/r4GTpS0pNB21fXu6qNgNdJdSK50=/cloudfront-eu-central-1.images.arcpublishing.com/liberation/QCF4W3HQ65DGVCT2UXPL2IBMLA.jpg" type="image/jpeg" height="4248" width="3276"><media:description type="plain"><![CDATA[La villa D, designée par le Studio KO.]]></media:description><media:credit role="author" scheme="urn:ebu">Dan Glasser</media:credit></media:content></item><item><title><![CDATA[«Vins sans alcool», un business juteux au goût bancal]]></title><link>https://www.liberation.fr/lifestyle/gastronomie/vins-sans-alcool-un-business-juteux-au-gout-bancal-20250201_ACBMFKG32NA3NMMEUWLDYACOPQ/</link><guid isPermaLink="true">https://www.liberation.fr/lifestyle/gastronomie/vins-sans-alcool-un-business-juteux-au-gout-bancal-20250201_ACBMFKG32NA3NMMEUWLDYACOPQ/</guid><dc:creator><![CDATA[Marie-Eve Lacasse, photo Lo Martin Wilder]]></dc:creator><description><![CDATA[Les bouteilles de vin désalcoolisé occupent désormais une grande part du marché des boissons dites «no/low». Pourtant, ce produit fortement transformé est souvent fade, peu écologique et cher.]]></description><pubDate>Sat, 01 Feb 2025 07:00:00 +0000</pubDate><media:content url="https://liberation-liberation-prod.cdn.arcpublishing.com/resizer/U0V-G5L3aOigtQJ-I5tb90jk6Os=/cloudfront-eu-central-1.images.arcpublishing.com/liberation/WYN34I7PV5BSVASKNCL4TMIQ2E.jpg" type="image/jpeg" height="3508" width="2480"><media:description type="plain"><![CDATA[Sur les 33 caves sans alcool réparties sur le territoire, 27 ont ouvert en 2024.]]></media:description><media:credit role="author" scheme="urn:ebu">Lo Martin Wilder</media:credit></media:content></item></channel></rss>