<?xml version="1.0" encoding="UTF-8"?><rss xmlns:atom="http://www.w3.org/2005/Atom" xmlns:content="http://purl.org/rss/1.0/modules/content/" xmlns:dc="http://purl.org/dc/elements/1.1/" xmlns:sy="http://purl.org/rss/1.0/modules/syndication/" version="2.0" xmlns:media="http://search.yahoo.com/mrss/"><channel><title><![CDATA[Libération]]></title><link>https://www.liberation.fr</link><atom:link href="https://www.liberation.fr/arc/outboundfeeds/rss-all/category/portraits/" rel="self" type="application/rss+xml"/><description><![CDATA[Libération News Feed]]></description><lastBuildDate>Mon, 10 Feb 2025 12:41:00 +0000</lastBuildDate><language>fr</language><ttl>1</ttl><sy:updatePeriod>hourly</sy:updatePeriod><sy:updateFrequency>1</sy:updateFrequency><image><url>https://liberation-liberation-prod.cdn.arcpublishing.com/resizer/NDhvymtydpZl4sImd-sUL72q8YM=/arc-photo-liberation/eu-central-1-prod/public/3QH5F2WEITAV2N22T6S3ECTWJ4.png</url><title>Libération</title><link>https://www.liberation.fr</link></image><item><title><![CDATA[Marie Barsacq, sang mêlée]]></title><link>https://www.liberation.fr/portraits/marie-barsacq-sang-melee-20250209_IO5XIOK4ENDTDGT6MMJE4N3LE4/</link><guid isPermaLink="true">https://www.liberation.fr/portraits/marie-barsacq-sang-melee-20250209_IO5XIOK4ENDTDGT6MMJE4N3LE4/</guid><dc:creator><![CDATA[Sylvain Chazot]]></dc:creator><description><![CDATA[La ministre des Sports, de la Jeunesse et de la Vie associative , originaire du Sud-Ouest et fan de rugby, s’est épanouie au sein du comité d’organisation des JO de Paris 2024.]]></description><pubDate>Sun, 09 Feb 2025 16:08:51 +0000</pubDate><media:content url="https://liberation-liberation-prod.cdn.arcpublishing.com/resizer/hgCSZl9PUcAwIGSfVWR-xG0OxM8=/cloudfront-eu-central-1.images.arcpublishing.com/liberation/H34LMWP5UFAZPFJT2ZWB5MUKU4.jpg" type="image/jpeg" height="3543" width="2657"><media:description type="plain"><![CDATA[Marie Barsacq, ministre des Sports, de la Jeunesse et de la Vie associative, à Paris le 30 janvier 2025.]]></media:description><media:credit role="author" scheme="urn:ebu">Rémy Artiges</media:credit></media:content></item><item><title><![CDATA[Philippe Vilain, les années Ernaux]]></title><link>https://www.liberation.fr/portraits/philippe-vilain-les-annees-ernaux-20250209_LRSL4FSL4VG3JLXDFKEX66Z76A/</link><guid isPermaLink="true">https://www.liberation.fr/portraits/philippe-vilain-les-annees-ernaux-20250209_LRSL4FSL4VG3JLXDFKEX66Z76A/</guid><dc:creator><![CDATA[Marie-Dominique Lelièvre]]></dc:creator><description><![CDATA[L’écrivain se réapproprie le récit de sa relation avec la Prix Nobel de littérature, quand il était étudiant et elle déjà célèbre.]]></description><pubDate>Sun, 09 Feb 2025 14:11:00 +0000</pubDate><media:content url="https://liberation-liberation-prod.cdn.arcpublishing.com/resizer/zxIG-rTK_uDwDl7nTRCedoruWTQ=/cloudfront-eu-central-1.images.arcpublishing.com/liberation/5EDOIUW5IFH7BNIKPUVV3OQPUI.jpg" type="image/jpeg" height="7072" width="5304"><media:description type="plain"><![CDATA[L'écrivain Philippe Vilain, à Paris, le 22 janvier 2025.]]></media:description><media:credit role="author" scheme="urn:ebu">Irina Shkoda</media:credit></media:content></item><item><title><![CDATA[Violette Dorange, la bleue]]></title><link>https://www.liberation.fr/portraits/violette-dorange-la-bleue-20241018_PLNTW5NJZFEVNNRQIN6HMI7POU/</link><guid isPermaLink="true">https://www.liberation.fr/portraits/violette-dorange-la-bleue-20241018_PLNTW5NJZFEVNNRQIN6HMI7POU/</guid><dc:creator><![CDATA[Didier Ravon, photo Julie Hascoët]]></dc:creator><description><![CDATA[La navigatrice de 23 ans est la benjamine du Vendée Globe qu’elle dispute sur l’ancien bateau de Jean Le Cam, le doyen de l’épreuve.]]></description><pubDate>Sun, 09 Feb 2025 11:49:36 +0000</pubDate><media:content url="https://liberation-liberation-prod.cdn.arcpublishing.com/resizer/nFcuNLaiX3ZS0e0YPpreJ19c9fI=/cloudfront-eu-central-1.images.arcpublishing.com/liberation/YDIVDCM25FDD3DAI6ROEYZLF5Y.jpg" type="image/jpeg" height="4567" width="3426"><media:description type="plain"><![CDATA[Violette Dorange à Lorient en octobre 2024.]]></media:description><media:credit role="author" scheme="urn:ebu">Julie Hascoët</media:credit></media:content></item></channel></rss>