<?xml version="1.0" encoding="UTF-8"?><rss xmlns:atom="http://www.w3.org/2005/Atom" xmlns:content="http://purl.org/rss/1.0/modules/content/" xmlns:dc="http://purl.org/dc/elements/1.1/" xmlns:sy="http://purl.org/rss/1.0/modules/syndication/" version="2.0" xmlns:media="http://search.yahoo.com/mrss/"><channel><title><![CDATA[Libération]]></title><link>https://www.liberation.fr</link><atom:link href="https://www.liberation.fr/arc/outboundfeeds/rss-all/category/environnement/" rel="self" type="application/rss+xml"/><description><![CDATA[Libération News Feed]]></description><lastBuildDate>Mon, 10 Feb 2025 12:37:24 +0000</lastBuildDate><language>fr</language><ttl>1</ttl><sy:updatePeriod>hourly</sy:updatePeriod><sy:updateFrequency>1</sy:updateFrequency><image><url>https://liberation-liberation-prod.cdn.arcpublishing.com/resizer/NDhvymtydpZl4sImd-sUL72q8YM=/arc-photo-liberation/eu-central-1-prod/public/3QH5F2WEITAV2N22T6S3ECTWJ4.png</url><title>Libération</title><link>https://www.liberation.fr</link></image><item><title><![CDATA[L’IA durable, entre vœu pieux et opportunité de marché]]></title><link>https://www.liberation.fr/economie/economie-numerique/lia-durable-entre-voeu-pieux-et-opportunite-de-marche-20250210_RRW3GZT5KFDSRCH4MIAYXKFKYE/</link><guid isPermaLink="true">https://www.liberation.fr/economie/economie-numerique/lia-durable-entre-voeu-pieux-et-opportunite-de-marche-20250210_RRW3GZT5KFDSRCH4MIAYXKFKYE/</guid><dc:creator><![CDATA[Olivier Monod]]></dc:creator><description><![CDATA[Avec l’avènement de l’intelligence artificielle, se pose la question de l’impact environnemental des centres de données, mais aussi les conséquences sur la consommation et la répartition électrique globale. Le ministère français de la Transition écologique, lui, y voit l’occasion d’être compétitif.]]></description><pubDate>Mon, 10 Feb 2025 05:48:00 +0000</pubDate><media:content url="https://liberation-liberation-prod.cdn.arcpublishing.com/resizer/TMETyZQJCxcE1NdlI2RNwIs72dU=/cloudfront-eu-central-1.images.arcpublishing.com/liberation/WY55KSFRWRE4PED7G2BAGJMNMI.jpg" type="image/jpeg" height="3333" width="5000"><media:description type="plain"><![CDATA[Vue extérieure du centre de données de Google à Eemshaven, aux Pays-Bas en juin 2021.]]></media:description><media:credit role="author" scheme="urn:ebu">Robin Utrecht</media:credit></media:content></item><item><title><![CDATA[Les Suisses rejettent massivement une initiative de responsabilité environnementale]]></title><link>https://www.liberation.fr/international/europe/les-suisses-rejettent-massivement-une-initiative-de-responsabilite-environnementale-20250209_33YGBJTDMNCC5N36APBKWCSIJI/</link><guid isPermaLink="true">https://www.liberation.fr/international/europe/les-suisses-rejettent-massivement-une-initiative-de-responsabilite-environnementale-20250209_33YGBJTDMNCC5N36APBKWCSIJI/</guid><dc:creator><![CDATA[ LIBERATION,  AFP]]></dc:creator><description><![CDATA[Un référendum porté par les Jeunes Ecologistes suisses visant à inscrire dans la Constitution le respect des limites naturelles de la planète a été massivement rejeté ce dimanche 9 février. Près de 70 % des votants s’y sont opposés estimant que le projet demandait trop de changements dans la vie des gens.]]></description><pubDate>Sun, 09 Feb 2025 18:02:59 +0000</pubDate><media:content url="https://liberation-liberation-prod.cdn.arcpublishing.com/resizer/qEJa4iMNpnj9fLZgd2yuRh2oWEc=/cloudfront-eu-central-1.images.arcpublishing.com/liberation/6GOG7RTG7BCCJMGOVJ7J3JER2I.jpg" type="image/jpeg" height="3333" width="5000"><media:description type="plain"><![CDATA[A Lausanne, en Suisse, le 11 octobre 2024.]]></media:description><media:credit role="author" scheme="urn:ebu">Fabrice Coffrini</media:credit></media:content></item><item><title><![CDATA[Au large de Tenerife, des scientifiques filment pour la première fois une baudroie des abysses remontant à la surface]]></title><link>https://www.liberation.fr/environnement/animaux/au-large-de-tenerife-des-scientifiques-filment-pour-la-premiere-fois-une-baudroie-des-abysses-remontant-a-la-surface-20250209_MFUBZ6BQ6FC35O2YVFYFEOOF7I/</link><guid isPermaLink="true">https://www.liberation.fr/environnement/animaux/au-large-de-tenerife-des-scientifiques-filment-pour-la-premiere-fois-une-baudroie-des-abysses-remontant-a-la-surface-20250209_MFUBZ6BQ6FC35O2YVFYFEOOF7I/</guid><dc:creator><![CDATA[ LIBERATION]]></dc:creator><description><![CDATA[Le 26 janvier, plusieurs scientifiques d’une ONG espagnole sont tombés sur un poisson qui ne quitte d’ordinaire jamais les abysses au large de Tenerife. Le spécimen, mort peu après, «se trouvait là à cause d’un prédateur, d’une maladie ou d’un courant ascendant», estiment les scientifiques.]]></description><pubDate>Sun, 09 Feb 2025 16:22:21 +0000</pubDate><media:content url="https://liberation-liberation-prod.cdn.arcpublishing.com/resizer/q7eNwNNlQSwWcsEcavUES2IMxeM=/cloudfront-eu-central-1.images.arcpublishing.com/liberation/D6RQFLTFENACZOF2HVFXDQAGLM.jpg" type="image/jpeg" height="320" width="528"><media:description type="plain"><![CDATA[Sur les images capturées le 26 janvier à 2 kilomètres au large de Tenerife, en Espagne, on peut voir une baudroie abyssale, également appelée «diable noir des abysses», nager vers la surface.]]></media:description><media:credit role="author" scheme="urn:ebu"></media:credit></media:content></item><item><title><![CDATA[A travers l’océan, l’envoûtant et mystérieux spectacle de la ponte des coraux, synchronisée sur des milliers de kilomètres]]></title><link>https://www.liberation.fr/environnement/biodiversite/a-travers-locean-lenvoutant-et-mysterieux-spectacle-de-la-ponte-des-coraux-synchronisee-sur-des-milliers-de-kilometres-20250208_YUUXG6K63JAUTC7TLY26J57OUU/</link><guid isPermaLink="true">https://www.liberation.fr/environnement/biodiversite/a-travers-locean-lenvoutant-et-mysterieux-spectacle-de-la-ponte-des-coraux-synchronisee-sur-des-milliers-de-kilometres-20250208_YUUXG6K63JAUTC7TLY26J57OUU/</guid><dc:creator><![CDATA[Julie Renson Miquel]]></dc:creator><description><![CDATA[De la Polynésie française à la Tanzanie, la reproduction du corail «Porites rus», calée sur le cycle lunaire, a été observée en janvier pour la première fois le même jour, sur plus de 18 000 km. Ces nouvelles données, recueillies dans le cadre d’un projet de sciences participatives, montrent que cette espèce de corail synchronise sa ponte sur plusieurs océans.]]></description><pubDate>Sat, 08 Feb 2025 17:26:49 +0000</pubDate><media:content url="https://liberation-liberation-prod.cdn.arcpublishing.com/resizer/JU5zQgwThQU6XISjPLheRK3sVx4=/cloudfront-eu-central-1.images.arcpublishing.com/liberation/V47QIWFMU5CYLF4QYIRUMTIBNU.jpg" type="image/jpeg" height="1022" width="1575"><media:description type="plain"><![CDATA[Lors de la ponte, les coraux libèrent leurs ovules et spermatozoïdes dans l'eau, formant un nuage opaque, comme ici à Tahiti.]]></media:description><media:credit role="author" scheme="urn:ebu">Karla Bussone</media:credit></media:content></item><item><title><![CDATA[Quand la grisaille et le manque de soleil influent sur la santé physique et mentale]]></title><link>https://www.liberation.fr/societe/sante/quand-la-grisaille-et-le-manque-de-soleil-influent-sur-la-sante-physique-et-mentale-20250207_EXXWQEPJH5HQDJSWDZRVECKPRA/</link><guid isPermaLink="true">https://www.liberation.fr/societe/sante/quand-la-grisaille-et-le-manque-de-soleil-influent-sur-la-sante-physique-et-mentale-20250207_EXXWQEPJH5HQDJSWDZRVECKPRA/</guid><dc:creator><![CDATA[ LIBERATION]]></dc:creator><description><![CDATA[Avec l’arrivée d’une «goutte froide» dans le nord de la France, ce vendredi 7 février, l’absence de lumière se fait vivement ressentir. Manque d’entrain, morosité et répercussions sur le sommeil, «Libération» fait le point.]]></description><pubDate>Fri, 07 Feb 2025 14:29:21 +0000</pubDate><media:content url="https://liberation-liberation-prod.cdn.arcpublishing.com/resizer/Uqd3rTqFlu99gDBVkYO_RAXHCdA=/cloudfront-eu-central-1.images.arcpublishing.com/liberation/V7NIFAVCHNG5LFI6TRSESTJLNE.jpg" type="image/jpeg" height="3047" width="4571"><media:description type="plain"><![CDATA[En 2024, la France métropolitaine a connu l’ensoleillement le plus faible depuis trente ans.]]></media:description><media:credit role="author" scheme="urn:ebu">Ludovic Marin</media:credit></media:content></item><item><title><![CDATA[Elections agricoles : la FNSEA vire en tête, la Coordination gagne du terrain]]></title><link>https://www.liberation.fr/environnement/agriculture/elections-agricoles-les-gens-ont-besoin-de-nouvelles-tetes-20250206_RYFBR2M4TBCHJBBRBU5IQOU36U/</link><guid isPermaLink="true">https://www.liberation.fr/environnement/agriculture/elections-agricoles-les-gens-ont-besoin-de-nouvelles-tetes-20250206_RYFBR2M4TBCHJBBRBU5IQOU36U/</guid><dc:creator><![CDATA[Olivier Monod, Pauline Moullot]]></dc:creator><description><![CDATA[Le syndicat majoritaire a perdu plusieurs départements lors des élections professionnelles agricoles, d’après les premiers résultats publiés ce jeudi 6 février. Sur le fil, la Coordination rurale a créé la surprise dans le Cher, et la Confédération paysanne en Ardèche.]]></description><pubDate>Thu, 06 Feb 2025 21:38:06 +0000</pubDate><media:content url="https://liberation-liberation-prod.cdn.arcpublishing.com/resizer/8xJAKEcZamkRvB9jH8S-UQq3ahs=/cloudfront-eu-central-1.images.arcpublishing.com/liberation/QRYLSPUKJFGUZCDHL47PSFOA5A.jpg" type="image/jpeg" height="5334" width="8000"><media:description type="plain"><![CDATA[Le président de la FNSEA, Arnaud Rousseau (au centre), dans une exploitation fruitière de Feugarolles ( Lot-et-Garonne) le 9 janvier.]]></media:description><media:credit role="author" scheme="urn:ebu">Philippe Lope</media:credit></media:content></item></channel></rss>