<?xml version="1.0" encoding="UTF-8"?><rss xmlns:atom="http://www.w3.org/2005/Atom" xmlns:content="http://purl.org/rss/1.0/modules/content/" xmlns:dc="http://purl.org/dc/elements/1.1/" xmlns:sy="http://purl.org/rss/1.0/modules/syndication/" version="2.0" xmlns:media="http://search.yahoo.com/mrss/"><channel><title><![CDATA[Libération]]></title><link>https://www.liberation.fr</link><atom:link href="https://www.liberation.fr/arc/outboundfeeds/rss-all/category/checknews/" rel="self" type="application/rss+xml"/><description><![CDATA[Libération News Feed]]></description><lastBuildDate>Mon, 10 Feb 2025 12:40:59 +0000</lastBuildDate><language>fr</language><ttl>1</ttl><sy:updatePeriod>hourly</sy:updatePeriod><sy:updateFrequency>1</sy:updateFrequency><image><url>https://liberation-liberation-prod.cdn.arcpublishing.com/resizer/NDhvymtydpZl4sImd-sUL72q8YM=/arc-photo-liberation/eu-central-1-prod/public/3QH5F2WEITAV2N22T6S3ECTWJ4.png</url><title>Libération</title><link>https://www.liberation.fr</link></image><item><title><![CDATA[Photos hallucinatoires et rédacteurs virtuels : «News of Marseille», le site touristique à la sauce IA]]></title><link>https://www.liberation.fr/checknews/photos-hallucinatoires-et-redacteurs-virtuels-news-of-marseille-le-site-touristique-a-la-sauce-ia-20250209_OIIXPPWQUVCPBCUQPPD4JL7RBY/</link><guid isPermaLink="true">https://www.liberation.fr/checknews/photos-hallucinatoires-et-redacteurs-virtuels-news-of-marseille-le-site-touristique-a-la-sauce-ia-20250209_OIIXPPWQUVCPBCUQPPD4JL7RBY/</guid><dc:creator><![CDATA[Jacques Pezet]]></dc:creator><description><![CDATA[Malgré ses images de paysages inventés et ses journalistes fictifs, cette plateforme a réussi à se hisser parmi les sites d’actualité mis en avant par Google.]]></description><pubDate>Sun, 09 Feb 2025 07:30:00 +0000</pubDate><media:content url="https://liberation-liberation-prod.cdn.arcpublishing.com/resizer/07GCWHjh07EpTj62gOqmIu5cJZk=/cloudfront-eu-central-1.images.arcpublishing.com/liberation/4VZFJXT7A5H3FMPWJDIDRB4UVQ.jpg" type="image/jpeg" height="4480" width="6720"><media:description type="plain"><![CDATA[Les articles de News of Marseille sont optimisés pour plaire aux algorithmes de Google. Ce qui ne les empêche pas d’écrire parfois n’importe quoi.]]></media:description><media:credit role="author" scheme="urn:ebu">Henrike Stahl</media:credit></media:content></item><item><title><![CDATA[Remplacées par ChatGPT, les «petites mains» africaines du web voient fondre leurs revenus]]></title><link>https://www.liberation.fr/checknews/remplacees-par-chatgpt-les-petites-mains-africaines-du-web-voient-fondre-leurs-revenus-20250209_QAYYKAD3JRATBHK56XYHDNHHFE/</link><guid isPermaLink="true">https://www.liberation.fr/checknews/remplacees-par-chatgpt-les-petites-mains-africaines-du-web-voient-fondre-leurs-revenus-20250209_QAYYKAD3JRATBHK56XYHDNHHFE/</guid><dc:creator><![CDATA[Jacques Pezet, Florian Gouthière]]></dc:creator><description><![CDATA[L’apparition de l’intelligence artificielle a fortement bousculé le secteur des rédacteurs francophones, entre clients envolés et perte de sens de leur métier.]]></description><pubDate>Sun, 09 Feb 2025 07:30:00 +0000</pubDate><media:content url="https://liberation-liberation-prod.cdn.arcpublishing.com/resizer/4LtAqzcVlsopJO1MyZKIVas1egA=/cloudfront-eu-central-1.images.arcpublishing.com/liberation/JH3IOBGKZBBMZC2FHKXDLKM53E.jpg" type="image/jpeg" height="2016" width="3024"><media:description type="plain"><![CDATA[«Avant Chat GPT je gagnais à peu près 2 500 euros par mois», témoigne une rédactrice. «Aujourd’hui, c’est la moitié.»]]></media:description><media:credit role="author" scheme="urn:ebu">Henrike Stahl</media:credit></media:content></item><item><title><![CDATA[L’acétamipride, pesticide de la famille des néonicotinoïdes, possède-t-il un «faible taux de toxicité», comme l’affirme le sénateur Laurent Duplomb ?]]></title><link>https://www.liberation.fr/checknews/lacetamipride-pesticide-de-la-famille-des-neonicotinoides-possede-t-il-un-faible-taux-de-toxicite-comme-laffirme-le-senateur-laurent-duplomb-20250208_BWJAXVTQEBC2JLER5SHG6DQXO4/</link><guid isPermaLink="true">https://www.liberation.fr/checknews/lacetamipride-pesticide-de-la-famille-des-neonicotinoides-possede-t-il-un-faible-taux-de-toxicite-comme-laffirme-le-senateur-laurent-duplomb-20250208_BWJAXVTQEBC2JLER5SHG6DQXO4/</guid><dc:creator><![CDATA[Coppélia Piccolo]]></dc:creator><description><![CDATA[L’élu LR de Haute-Loire, coauteur du texte visant à réintroduire temporairement l’acétamipride en France, affirme que plusieurs études ne le classent pas comme «produit toxique». Sa toxicité a pourtant été plusieurs fois avérée.]]></description><pubDate>Sat, 08 Feb 2025 14:40:18 +0000</pubDate><media:content url="https://liberation-liberation-prod.cdn.arcpublishing.com/resizer/KZEP5ZdB3Pb1xASCyv20bss-avQ=/cloudfront-eu-central-1.images.arcpublishing.com/liberation/BAPVG5A5L5FPRCHZRNSUODHV5M.jpg" type="image/jpeg" height="4000" width="6000"><media:description type="plain"><![CDATA[Un champ de betterave en Seine-et-Marne atteint par le virus de la jaunisse, en octobre 2020.]]></media:description><media:credit role="author" scheme="urn:ebu">Vincent Loison</media:credit></media:content></item><item><title><![CDATA[«J’ai écrit 20 lignes et ChatGPT m’a fait les 40 autres» : comment l’IA modifie les pratiques des journalistes]]></title><link>https://www.liberation.fr/checknews/jai-ecrit-20-lignes-et-chatgpt-ma-fait-les-40-autres-comment-lia-modifie-les-pratiques-des-journalistes-20250208_KRQVNECQGRCVNLGZO2JUXCC45I/</link><guid isPermaLink="true">https://www.liberation.fr/checknews/jai-ecrit-20-lignes-et-chatgpt-ma-fait-les-40-autres-comment-lia-modifie-les-pratiques-des-journalistes-20250208_KRQVNECQGRCVNLGZO2JUXCC45I/</guid><dc:creator><![CDATA[Coppélia Piccolo, Florian Gouthière]]></dc:creator><description><![CDATA[Des journalistes de presse généraliste, notamment les plus jeunes, confient à «CheckNews» se servir au quotidien des outils d’IA pour rédiger leurs articles, le plus souvent à l’insu de leur direction. Même si certains médias revendiquent l’utilisation du robot rédacteur pour certains contenus.]]></description><pubDate>Sat, 08 Feb 2025 07:05:00 +0000</pubDate><media:content url="https://liberation-liberation-prod.cdn.arcpublishing.com/resizer/A178pyR41oR4QviRoTBute5Ws1E=/cloudfront-eu-central-1.images.arcpublishing.com/liberation/IOM2GX25GNBQPLVEWQB442F32U.jpg" type="image/jpeg" height="2987" width="4480"><media:description type="plain"><![CDATA[Si l’utilisation de l’IA générative par de nombreux sites peu scrupuleux inquiète les médias, le robot s’est aussi immiscé dans les salles de rédaction des médias régionaux comme nationaux.]]></media:description><media:credit role="author" scheme="urn:ebu">Henrike Stahl</media:credit></media:content></item></channel></rss>