<?xml version="1.0" encoding="UTF-8"?><rss xmlns:atom="http://www.w3.org/2005/Atom" xmlns:content="http://purl.org/rss/1.0/modules/content/" xmlns:dc="http://purl.org/dc/elements/1.1/" xmlns:sy="http://purl.org/rss/1.0/modules/syndication/" version="2.0" xmlns:media="http://search.yahoo.com/mrss/"><channel><title><![CDATA[Libération]]></title><link>https://www.liberation.fr</link><atom:link href="https://www.liberation.fr/arc/outboundfeeds/rss-all/collection/accueil-une/" rel="self" type="application/rss+xml"/><description><![CDATA[Libération News Feed]]></description><lastBuildDate>Mon, 10 Feb 2025 12:40:45 +0000</lastBuildDate><language>fr</language><ttl>1</ttl><sy:updatePeriod>hourly</sy:updatePeriod><sy:updateFrequency>1</sy:updateFrequency><item><title><![CDATA[«C’est une histoire d’espoir brisé» : au Sénégal, comment le groupe minier français Eramet croque la Grande Côte]]></title><link>https://www.liberation.fr/international/afrique/cest-une-histoire-despoir-brise-au-senegal-comment-le-groupe-minier-francais-eramet-croque-la-grande-cote-20250210_WV4LIDWMKNE6RAPEULAHKLXA5E/</link><guid isPermaLink="true">https://www.liberation.fr/international/afrique/cest-une-histoire-despoir-brise-au-senegal-comment-le-groupe-minier-francais-eramet-croque-la-grande-cote-20250210_WV4LIDWMKNE6RAPEULAHKLXA5E/</guid><dc:creator><![CDATA[Agnès Faivre]]></dc:creator><description><![CDATA[Pour l’extraction de son précieux sable minéralisé, la multinationale déplace depuis 2014 des villages entiers et avale des terres agricoles, laissant derrière elle des communautés amères et inquiètes.]]></description><pubDate>Mon, 10 Feb 2025 10:00:00 +0000</pubDate><media:content url="https://liberation-liberation-prod.cdn.arcpublishing.com/resizer/GmmobZMEFne-E3v0LvaxIMz2NNs=/cloudfront-eu-central-1.images.arcpublishing.com/liberation/XLBN77P6IBA2PNFVQYCP6NZSXY.jpg" type="image/jpeg" height="2667" width="4000"><media:description type="plain"><![CDATA[Vue aérienne de la mine mobile d'Eramet et de son usine flottante, dans le désert de Lompoul (Sénégal) le 21 décembre 2024.]]></media:description><media:credit role="author" scheme="urn:ebu">Nicolas Réméné</media:credit></media:content></item><item><title><![CDATA[Sommet sur l’IA : avec les 109 milliards d’investissements voulus par Macron, la France se pose en tech pensante]]></title><link>https://www.liberation.fr/economie/economie-numerique/sommet-pour-laction-sur-lintelligence-artificielle-la-france-se-pose-en-tech-pensante-20250209_BXFH3TG6BZDYDLTJJXW4WE774A/</link><guid isPermaLink="true">https://www.liberation.fr/economie/economie-numerique/sommet-pour-laction-sur-lintelligence-artificielle-la-france-se-pose-en-tech-pensante-20250209_BXFH3TG6BZDYDLTJJXW4WE774A/</guid><dc:creator><![CDATA[Amaelle Guiton, Elise Viniacourt]]></dc:creator><description><![CDATA[Chefs d’Etats et de gouvernement, institutions, entrepreneurs et société civile se réunissent ce lundi 10 et mardi 11 février dans le cadre du grand raout parisien. L’objectif : dessiner les contours d’une voie capable de peser face aux mastodontes américains et chinois. ]]></description><pubDate>Sun, 09 Feb 2025 20:39:27 +0000</pubDate><media:content url="https://liberation-liberation-prod.cdn.arcpublishing.com/resizer/IBWCysWjSBbBcx0rHGoiop3lljc=/cloudfront-eu-central-1.images.arcpublishing.com/liberation/IB37RO4WHBHWRFYG26EXGYFEUY.jpg" type="image/jpeg" height="4094" width="5458"><media:description type="plain"><![CDATA[Photomontage réalisé à partir d’images de la photographe Henrike Stahl et de la banque d’images Unsplash.]]></media:description><media:credit role="author" scheme="urn:ebu">Henrike Stahl</media:credit></media:content></item><item><title><![CDATA[L’IA durable, entre vœu pieux et opportunité de marché]]></title><link>https://www.liberation.fr/economie/economie-numerique/lia-durable-entre-voeu-pieux-et-opportunite-de-marche-20250210_RRW3GZT5KFDSRCH4MIAYXKFKYE/</link><guid isPermaLink="true">https://www.liberation.fr/economie/economie-numerique/lia-durable-entre-voeu-pieux-et-opportunite-de-marche-20250210_RRW3GZT5KFDSRCH4MIAYXKFKYE/</guid><dc:creator><![CDATA[Olivier Monod]]></dc:creator><description><![CDATA[Avec l’avènement de l’intelligence artificielle, se pose la question de l’impact environnemental des centres de données, mais aussi les conséquences sur la consommation et la répartition électrique globale. Le ministère français de la Transition écologique, lui, y voit l’occasion d’être compétitif.]]></description><pubDate>Mon, 10 Feb 2025 05:48:00 +0000</pubDate><media:content url="https://liberation-liberation-prod.cdn.arcpublishing.com/resizer/TMETyZQJCxcE1NdlI2RNwIs72dU=/cloudfront-eu-central-1.images.arcpublishing.com/liberation/WY55KSFRWRE4PED7G2BAGJMNMI.jpg" type="image/jpeg" height="3333" width="5000"><media:description type="plain"><![CDATA[Vue extérieure du centre de données de Google à Eemshaven, aux Pays-Bas en juin 2021.]]></media:description><media:credit role="author" scheme="urn:ebu">Robin Utrecht</media:credit></media:content></item><item><title><![CDATA[Gérald Darmanin veut accélérer les procédures d’expulsion en supprimant une commission de magistrats]]></title><link>https://www.liberation.fr/politique/gerald-darmanin-veut-accelerer-les-procedures-dexpulsion-en-supprimant-une-commission-de-magistrats-20250210_SG5ECHPKHVHL7DDB3GFLIHVWFA/</link><guid isPermaLink="true">https://www.liberation.fr/politique/gerald-darmanin-veut-accelerer-les-procedures-dexpulsion-en-supprimant-une-commission-de-magistrats-20250210_SG5ECHPKHVHL7DDB3GFLIHVWFA/</guid><dc:creator><![CDATA[ LIBERATION,  AFP]]></dc:creator><description><![CDATA[Dans une interview accordée à BFMTV le dimanche 9 février, le ministre de la Justice a suggéré de supprimer la commission chargée d’étudier les demandes d’expulsion émises par le gouvernement, et ce afin d’en faciliter la mise en œuvre.]]></description><pubDate>Mon, 10 Feb 2025 08:59:36 +0000</pubDate><media:content url="https://liberation-liberation-prod.cdn.arcpublishing.com/resizer/wFXoznipFcnMGRnaHB8WDeS8-uY=/cloudfront-eu-central-1.images.arcpublishing.com/liberation/E452V2KD5ZHLDLSEYR7XM5MM7I.jpg" type="image/jpeg" height="2564" width="3846"><media:description type="plain"><![CDATA[Le ministre français de la Justice, Gérald Darmanin, à Agen, le 23 janvier 2025.]]></media:description><media:credit role="author" scheme="urn:ebu">Philippe Lopez</media:credit></media:content></item><item><title><![CDATA[Le maire RN de Fréjus, David Rachline, convoqué par la justice pour «prise illégale d’intérêts»]]></title><link>https://www.liberation.fr/politique/le-maire-rn-de-frejus-david-rachline-convoque-par-la-justice-pour-prise-illegale-dinterets-20250210_MTG32GGBZBCNZKHU4HJ5VTSMNE/</link><guid isPermaLink="true">https://www.liberation.fr/politique/le-maire-rn-de-frejus-david-rachline-convoque-par-la-justice-pour-prise-illegale-dinterets-20250210_MTG32GGBZBCNZKHU4HJ5VTSMNE/</guid><dc:creator><![CDATA[Tristan Berteloot]]></dc:creator><description><![CDATA[L’élu lepéniste est poursuivi pour les conditions dans lesquelles il a été rémunéré à la tête de deux sociétés d’économie mixte de sa ville.]]></description><pubDate>Mon, 10 Feb 2025 10:58:32 +0000</pubDate><media:content url="https://liberation-liberation-prod.cdn.arcpublishing.com/resizer/d5fJG3Dr55z5a2zvFEkEytUEiGk=/cloudfront-eu-central-1.images.arcpublishing.com/liberation/DQ5GOMCL2BB4ZGH2XHNC3NQ524.jpg" type="image/jpeg" height="5464" width="8192"><media:description type="plain"><![CDATA[David Rachline, à Paris en novembre 2022.]]></media:description><media:credit role="author" scheme="urn:ebu">Denis Allard</media:credit></media:content></item><item><title><![CDATA[Super Bowl : Donald Trump, Taylor Swift, Kendrick Lamar, drapeaux palestinien et soudanais brandis… les moments forts d’une soirée hors normes]]></title><link>https://www.liberation.fr/sports/superbowl-donald-trump-taylor-swift-kendrick-lamar-drapeaux-palestinien-et-soudanais-brandis-les-moments-forts-dune-soiree-hors-normes-20250210_FM7T2KBSLVEXPNHGWVGS3NZHIY/</link><guid isPermaLink="true">https://www.liberation.fr/sports/superbowl-donald-trump-taylor-swift-kendrick-lamar-drapeaux-palestinien-et-soudanais-brandis-les-moments-forts-dune-soiree-hors-normes-20250210_FM7T2KBSLVEXPNHGWVGS3NZHIY/</guid><dc:creator><![CDATA[ LIBERATION,  AFP]]></dc:creator><description><![CDATA[L’annuelle cérémonie du football américain a vu se réunir dimanche 9 février au sein du même stade des ennemis jurés - Taylor Swift et Donald Trump -, le sacre des Eagles de Philadelphie et un grain de sable dans le show de Kendrick Lamar.]]></description><pubDate>Mon, 10 Feb 2025 08:08:58 +0000</pubDate><media:content url="https://liberation-liberation-prod.cdn.arcpublishing.com/resizer/kjECZApGmG30gn1dNiz4ZqqpJ0k=/cloudfront-eu-central-1.images.arcpublishing.com/liberation/NM6GFVYDMBDBLAWG4XMK7YNWHQ.jpg" type="image/jpeg" height="3517" width="5276"><media:description type="plain"><![CDATA[Le quarterback des Philadelphia Eagles Jalen Hurts après la victoire sur les Kansas City Chiefs, 40-22, à La Nouvelle-Orléans dimanche 9 février 2025.]]></media:description><media:credit role="author" scheme="urn:ebu">Chandan Khanna </media:credit></media:content></item><item><title><![CDATA[Législatives au Kosovo : nouveau succès pour Albin Kurti, tribun de l’autodétermination]]></title><link>https://www.liberation.fr/international/europe/legislatives-au-kosovo-nouveau-triomphe-pour-albin-kurti-tribun-de-lautodetermination-20250210_VVLOD5MVKZHIFANJE7QRMH5R2E/</link><guid isPermaLink="true">https://www.liberation.fr/international/europe/legislatives-au-kosovo-nouveau-triomphe-pour-albin-kurti-tribun-de-lautodetermination-20250210_VVLOD5MVKZHIFANJE7QRMH5R2E/</guid><dc:creator><![CDATA[Louis Seiller]]></dc:creator><description><![CDATA[Arrivé en tête avec 41% des suffrages, le Premier ministre de gauche est en bonne position pour poursuivre sa politique de fermeté face à une Serbie qui ne reconnaît toujours pas l’indépendance de son pays.]]></description><pubDate>Mon, 10 Feb 2025 08:40:11 +0000</pubDate><media:content url="https://liberation-liberation-prod.cdn.arcpublishing.com/resizer/or7WngM7W1kqEr_jtnxTAnEMq8I=/cloudfront-eu-central-1.images.arcpublishing.com/liberation/HMQFQ4CZ4FHH7BAFP3Q5DWTLJ4.jpg" type="image/jpeg" height="3130" width="4695"><media:description type="plain"><![CDATA[Albin Kurti, le 7 février à Pristina.]]></media:description><media:credit role="author" scheme="urn:ebu">Valdrin Xhemaj</media:credit></media:content></item><item><title><![CDATA[Députés socialistes, censurons le gouvernement Bayrou ce lundi sur le PLFSS ! par Eric Coquerel]]></title><link>https://www.liberation.fr/idees-et-debats/tribunes/deputes-socialistes-censurons-le-gouvernement-bayrou-ce-lundi-sur-le-plfss-par-eric-coquerel-20250210_2WM7YFC7SFF23A7GTZJIVY7V6A/</link><guid isPermaLink="true">https://www.liberation.fr/idees-et-debats/tribunes/deputes-socialistes-censurons-le-gouvernement-bayrou-ce-lundi-sur-le-plfss-par-eric-coquerel-20250210_2WM7YFC7SFF23A7GTZJIVY7V6A/</guid><dc:creator><![CDATA[Eric Coquerel]]></dc:creator><description><![CDATA[Pour le président LFI de la commission des finances de l’Assemblée, le projet de loi de finances sur la Sécurité sociale est, pour les socialistes qui ont refusé de censurer le gouvernement Bayrou sur le budget, la dernière chance de le faire tomber. Car une fois les deux lois de finances adoptées, il pactisera avec l’extrême droite.]]></description><pubDate>Sun, 09 Feb 2025 16:34:00 +0000</pubDate><media:content url="https://liberation-liberation-prod.cdn.arcpublishing.com/resizer/sJ86B9b2H-0I1Okd-IYvT3EkGfQ=/cloudfront-eu-central-1.images.arcpublishing.com/liberation/RHCJCVDZERECTGVBW52GEKFWDM.jpg" type="image/jpeg" height="4128" width="6192"><media:description type="plain"><![CDATA[Le Premier ministre, François Bayrou, à l'Assemblée le 5 février 2025.]]></media:description><media:credit role="author" scheme="urn:ebu">Julien De Rosa </media:credit></media:content></item><item><title><![CDATA[Le top 5 des expos à voir en ce moment : Sandra Knecht, Roméo Mivekannin, James Welling…]]></title><link>https://www.liberation.fr/culture/arts/le-top-5-des-expos-a-voir-en-ce-moment-sandra-knecht-romeo-mivekannin-james-welling-20250210_XS6FMR5SGNEPNEYHXJMBSZJTCY/</link><guid isPermaLink="true">https://www.liberation.fr/culture/arts/le-top-5-des-expos-a-voir-en-ce-moment-sandra-knecht-romeo-mivekannin-james-welling-20250210_XS6FMR5SGNEPNEYHXJMBSZJTCY/</guid><dc:creator><![CDATA[SERVICE CULTURE]]></dc:creator><description><![CDATA[Peinture, art contemporain, photographie… «Libé» vous guide dans les expositions à voir, à Paris, Bâle, Lens ou Marseille. Avec aussi : une exposition sur le cirque et un cabinet de curiosité.]]></description><pubDate>Mon, 10 Feb 2025 05:33:00 +0000</pubDate><media:content url="https://liberation-liberation-prod.cdn.arcpublishing.com/resizer/bNTNjhWfNfmfz-NIHHldxOL3WLM=/cloudfront-eu-central-1.images.arcpublishing.com/liberation/VN5KHUIBDFHU3FRFYT7OPE6MNE.png" type="image/png" height="2000" width="3000"><media:description type="plain"><![CDATA[«La Barque de Dante d’après Delacroix» de Roméo Mivekannin et «Tschinn», autoportrait de Sandra Knecht.]]></media:description></media:content></item><item><title><![CDATA[Sur le droit du sol, le RN revendique une nouvelle «victoire idéologique» grâce au gouvernement]]></title><link>https://www.liberation.fr/politique/sur-le-droit-du-sol-le-rn-revendique-une-nouvelle-victoire-ideologique-grace-au-gouvernement-20250210_7YTI7EMD6NBPLLPRKEMQ2ZZO6A/</link><guid isPermaLink="true">https://www.liberation.fr/politique/sur-le-droit-du-sol-le-rn-revendique-une-nouvelle-victoire-ideologique-grace-au-gouvernement-20250210_7YTI7EMD6NBPLLPRKEMQ2ZZO6A/</guid><dc:creator><![CDATA[Chez Pol]]></dc:creator><description><![CDATA[Indiscrétions piquantes, maladresses vaches ou douces confessions : chaque jour, retrouvez les brèves qui auscultent le monde politique.]]></description><pubDate>Mon, 10 Feb 2025 11:04:11 +0000</pubDate><media:content url="https://liberation-liberation-prod.cdn.arcpublishing.com/resizer/ckLFBWo_nmhxcDLsq7yyHwn9t1Q=/cloudfront-eu-central-1.images.arcpublishing.com/liberation/7B7IMWPFNJD3NO3JODEBKGCLYQ.JPG" type="image/jpeg" height="3120" width="4702"><media:description type="plain"><![CDATA[Marine Le Pen à l'Assemblée nationale, à Paris le 5 février 2025.]]></media:description><media:credit role="author" scheme="urn:ebu">Albert Facelly</media:credit></media:content></item><item><title><![CDATA[En Equateur, le président sortant finalement talonné par sa rivale de gauche]]></title><link>https://www.liberation.fr/international/amerique/en-equateur-le-conservateur-daniel-noboa-en-route-pour-la-reelection-20250208_6QLPVOG5G5EWVFEDDMF7DB637M/</link><guid isPermaLink="true">https://www.liberation.fr/international/amerique/en-equateur-le-conservateur-daniel-noboa-en-route-pour-la-reelection-20250208_6QLPVOG5G5EWVFEDDMF7DB637M/</guid><dc:creator><![CDATA[François-Xavier Gomez]]></dc:creator><description><![CDATA[A l’issue du premier tour de la présidentielle dans ce pays miné par le narcotrafic, le dirigeant conservateur devance d’une très courte tête sa rivale de gauche Luisa Gonzalez, au score élevé inattendu. Un deuxième tour pourrait se dérouler le 13 avril. ]]></description><pubDate>Mon, 10 Feb 2025 11:41:22 +0000</pubDate><media:content url="https://liberation-liberation-prod.cdn.arcpublishing.com/resizer/XX0XEe1OciEzLEORsYXsHDzsl_o=/cloudfront-eu-central-1.images.arcpublishing.com/liberation/LKK5XPNJVZEHJOUBO2ZSLIGGV4.jpg" type="image/jpeg" height="3333" width="5000"><media:description type="plain"><![CDATA[Daniel Noboa en meeting à Quito, le 6 février 2025.]]></media:description><media:credit role="author" scheme="urn:ebu">Karen Toro</media:credit></media:content></item><item><title><![CDATA[Législatives en Allemagne : offensif lors du débat télévisé, Scholz ne parvient pas à faire dévisser Merz]]></title><link>https://www.liberation.fr/international/europe/allemagne-offensif-en-debat-scholz-nest-pas-parvenu-pas-a-faire-devisser-merz-20250210_H7EKI3VVCZCXTDJKL55T6DCGQM/</link><guid isPermaLink="true">https://www.liberation.fr/international/europe/allemagne-offensif-en-debat-scholz-nest-pas-parvenu-pas-a-faire-devisser-merz-20250210_H7EKI3VVCZCXTDJKL55T6DCGQM/</guid><dc:creator><![CDATA[Christophe Bourdoiseau]]></dc:creator><description><![CDATA[Le chancelier allemand, candidat à sa réélection, a tout tenté pour déstabiliser son concurrent et favori des sondages dimanche 9 février lors de leur premier débat télévisé. Il l’a notamment attaqué sur sa compromission avec l’extrême droite.]]></description><pubDate>Mon, 10 Feb 2025 07:12:01 +0000</pubDate><media:content url="https://liberation-liberation-prod.cdn.arcpublishing.com/resizer/8tE1wHS0UR6r-0J14MLXLfJh620=/cloudfront-eu-central-1.images.arcpublishing.com/liberation/3NGFT67BKFCOPPWWQNJWNL4PHU.jpg" type="image/jpeg" height="1957" width="2936"><media:description type="plain"><![CDATA[Olaf Scholz (à gauche) et Friedrich Merz (à droite), avant le débat télévisé à Berlin, dimanche 9 février 2025.]]></media:description><media:credit role="author" scheme="urn:ebu">Michael Kappeler</media:credit></media:content></item><item><title><![CDATA[ChatGPT à «l’Est républicain» : Eric Barbier, un délégué syndical à l’offensive contre l’IA dans les médias]]></title><link>https://www.liberation.fr/economie/medias/chatgpt-a-lest-republicain-eric-barbier-un-delegue-syndical-a-loffensive-20250210_HZJOWL7QRBBKZAKV2BWL34RVTQ/</link><guid isPermaLink="true">https://www.liberation.fr/economie/medias/chatgpt-a-lest-republicain-eric-barbier-un-delegue-syndical-a-loffensive-20250210_HZJOWL7QRBBKZAKV2BWL34RVTQ/</guid><dc:creator><![CDATA[Adrien Franque]]></dc:creator><description><![CDATA[Témoin d’une expérimentation de l’intelligence artificielle générative au sein de sa rédaction, le journaliste est devenu l’une des principales voix critiques de son utilisation dans les médias. Au point d’être à l’initiative d’un contre-sommet de l’IA lundi 10 février à Paris.]]></description><pubDate>Mon, 10 Feb 2025 05:20:00 +0000</pubDate><media:content url="https://liberation-liberation-prod.cdn.arcpublishing.com/resizer/1c4U2RWa8tL9YYkrAXKomTsMP34=/cloudfront-eu-central-1.images.arcpublishing.com/liberation/FCAW27A6L5BUTB2W7O6I5B6UTI.jpg" type="image/jpeg" height="3648" width="5472"><media:description type="plain"><![CDATA[Eric Barbier, délégué syndical SNJ et journaliste à «l'Est républicain», le 31 janvier à Paris.]]></media:description><media:credit role="author" scheme="urn:ebu">Cha Gonzalez</media:credit></media:content></item><item><title><![CDATA[Le «bon sens» de Darmanin ne résiste pas à l’examen du Conseil constitutionnel]]></title><link>https://www.liberation.fr/politique/le-bon-sens-de-darmanin-ne-resiste-pas-a-lexamen-du-conseil-constitutionnel-20250210_6KNBVKYTVNCW7FLDQ2TK32QI7I/</link><guid isPermaLink="true">https://www.liberation.fr/politique/le-bon-sens-de-darmanin-ne-resiste-pas-a-lexamen-du-conseil-constitutionnel-20250210_6KNBVKYTVNCW7FLDQ2TK32QI7I/</guid><dc:creator><![CDATA[Chez Pol]]></dc:creator><description><![CDATA[Le ministre de la Justice est très favorable à une mesure selon lui «de bon sens»… mais contraire à la DDHC et à la Constitution, comme l’ont déjà rappelé les Sages.]]></description><pubDate>Mon, 10 Feb 2025 10:10:49 +0000</pubDate><media:content url="https://liberation-liberation-prod.cdn.arcpublishing.com/resizer/CKtcE6VTPLhZ8DKsJP-DpN09s_w=/cloudfront-eu-central-1.images.arcpublishing.com/liberation/262X2WRSDVF35HE4UKVM7EQFZM.jpg" type="image/jpeg" height="3392" width="5088"><media:description type="plain"><![CDATA[Gérald Darmanin à Paris, en décembre 2024.]]></media:description><media:credit role="author" scheme="urn:ebu">Albert Facelly</media:credit></media:content></item><item><title><![CDATA[Marie Barsacq, sang mêlée]]></title><link>https://www.liberation.fr/portraits/marie-barsacq-sang-melee-20250209_IO5XIOK4ENDTDGT6MMJE4N3LE4/</link><guid isPermaLink="true">https://www.liberation.fr/portraits/marie-barsacq-sang-melee-20250209_IO5XIOK4ENDTDGT6MMJE4N3LE4/</guid><dc:creator><![CDATA[Sylvain Chazot]]></dc:creator><description><![CDATA[La ministre des Sports, de la Jeunesse et de la Vie associative , originaire du Sud-Ouest et fan de rugby, s’est épanouie au sein du comité d’organisation des JO de Paris 2024.]]></description><pubDate>Sun, 09 Feb 2025 16:08:51 +0000</pubDate><media:content url="https://liberation-liberation-prod.cdn.arcpublishing.com/resizer/hgCSZl9PUcAwIGSfVWR-xG0OxM8=/cloudfront-eu-central-1.images.arcpublishing.com/liberation/H34LMWP5UFAZPFJT2ZWB5MUKU4.jpg" type="image/jpeg" height="3543" width="2657"><media:description type="plain"><![CDATA[Marie Barsacq, ministre des Sports, de la Jeunesse et de la Vie associative, à Paris le 30 janvier 2025.]]></media:description><media:credit role="author" scheme="urn:ebu">Rémy Artiges</media:credit></media:content></item><item><title><![CDATA[Débattre sur «l’identité», une vaine lubie française]]></title><link>https://www.liberation.fr/politique/debattre-sur-lidentite-une-vaine-lubie-francaise-20250209_GVBYYF4L2NGTJNEMGAIHIQJ46A/</link><guid isPermaLink="true">https://www.liberation.fr/politique/debattre-sur-lidentite-une-vaine-lubie-francaise-20250209_GVBYYF4L2NGTJNEMGAIHIQJ46A/</guid><dc:creator><![CDATA[Thomas Legrand]]></dc:creator><description><![CDATA[Plutôt que de débattre de la société qu’elle veut, de l’Europe qu’il faut construire, du monde qui l’entoure, la France va se regarder le nombril pour savoir qui elle est et qui elle ne veut pas accueillir.]]></description><pubDate>Sun, 09 Feb 2025 15:53:03 +0000</pubDate><media:content url="https://liberation-liberation-prod.cdn.arcpublishing.com/resizer/I5UGjmFjr0bnFkHlCmg8ZpBR1qI=/cloudfront-eu-central-1.images.arcpublishing.com/liberation/KQXAQLA2AZBWTL3BCJNGMYSAMI.jpg" type="image/jpeg" height="3970" width="5955"><media:description type="plain"><![CDATA[Vouloir s’interroger non plus sur l’identité de la France, mais l’identité française, comme le font toutes les extrêmes droites successives, antirépublicaines, collaborationnistes ou aujourd’hui populistes, ne peut aboutir qu’à se poser des questions ethniques, religieuses, raciales, communautaristes.]]></media:description><media:credit role="author" scheme="urn:ebu">Denis Allard</media:credit></media:content></item><item><title><![CDATA[Deux livres de poésie pour enfants pour les changer de la récitation]]></title><link>https://www.liberation.fr/culture/livres/deux-livres-de-poesie-pour-enfants-pour-les-changer-de-la-recitation-20250210_6GWVXWTIOZAKJJSMMY2N6LASZ4/</link><guid isPermaLink="true">https://www.liberation.fr/culture/livres/deux-livres-de-poesie-pour-enfants-pour-les-changer-de-la-recitation-20250210_6GWVXWTIOZAKJJSMMY2N6LASZ4/</guid><dc:creator><![CDATA[Florian Bardou]]></dc:creator><description><![CDATA[Les recueils «Poèmes joue ! Joue !» et «Bonjour poésies» démontrent que les meilleurs des auteurs contemporains savent aussi s’adresser aux plus jeunes.]]></description><pubDate>Mon, 10 Feb 2025 09:22:00 +0000</pubDate><media:content url="https://liberation-liberation-prod.cdn.arcpublishing.com/resizer/6ep5HpwrW99ibkWGftafwk1_mu4=/cloudfront-eu-central-1.images.arcpublishing.com/liberation/PCSCNO5UFJGLRBGIMM5NJNRYOI.jpg" type="image/jpeg" height="749" width="548"><media:description type="plain"><![CDATA[Hélène Dorion.]]></media:description><media:credit role="author" scheme="urn:ebu">Photomontage Libération</media:credit></media:content></item><item><title><![CDATA[Au large de Tenerife, des scientifiques filment pour la première fois une baudroie des abysses remontant à la surface]]></title><link>https://www.liberation.fr/environnement/animaux/au-large-de-tenerife-des-scientifiques-filment-pour-la-premiere-fois-une-baudroie-des-abysses-remontant-a-la-surface-20250209_MFUBZ6BQ6FC35O2YVFYFEOOF7I/</link><guid isPermaLink="true">https://www.liberation.fr/environnement/animaux/au-large-de-tenerife-des-scientifiques-filment-pour-la-premiere-fois-une-baudroie-des-abysses-remontant-a-la-surface-20250209_MFUBZ6BQ6FC35O2YVFYFEOOF7I/</guid><dc:creator><![CDATA[ LIBERATION]]></dc:creator><description><![CDATA[Le 26 janvier, plusieurs scientifiques d’une ONG espagnole sont tombés sur un poisson qui ne quitte d’ordinaire jamais les abysses au large de Tenerife. Le spécimen, mort peu après, «se trouvait là à cause d’un prédateur, d’une maladie ou d’un courant ascendant», estiment les scientifiques.]]></description><pubDate>Sun, 09 Feb 2025 16:22:21 +0000</pubDate><media:content url="https://liberation-liberation-prod.cdn.arcpublishing.com/resizer/q7eNwNNlQSwWcsEcavUES2IMxeM=/cloudfront-eu-central-1.images.arcpublishing.com/liberation/D6RQFLTFENACZOF2HVFXDQAGLM.jpg" type="image/jpeg" height="320" width="528"><media:description type="plain"><![CDATA[Sur les images capturées le 26 janvier à 2 kilomètres au large de Tenerife, en Espagne, on peut voir une baudroie abyssale, également appelée «diable noir des abysses», nager vers la surface.]]></media:description><media:credit role="author" scheme="urn:ebu"></media:credit></media:content></item><item><title><![CDATA[Mon premier amour : «Je découvre pour la première fois une relation où les deux personnes veulent vraiment construire quelque chose»]]></title><link>https://www.liberation.fr/lifestyle/intimites/mon-premier-amour-je-decouvre-pour-la-premiere-fois-une-relation-ou-les-deux-personnes-veulent-vraiment-construire-quelque-chose-20250210_DMCP3X2E3VDO3F2NNJOFOGGOT4/</link><guid isPermaLink="true">https://www.liberation.fr/lifestyle/intimites/mon-premier-amour-je-decouvre-pour-la-premiere-fois-une-relation-ou-les-deux-personnes-veulent-vraiment-construire-quelque-chose-20250210_DMCP3X2E3VDO3F2NNJOFOGGOT4/</guid><dc:creator><![CDATA[Juliette Garnier]]></dc:creator><description><![CDATA[Pour célébrer l’amour comme il se doit, revenons au jour où nous l’avons découvert dans les bras d’une personne qui nous aimait en retour. Pour «Libé», ils ou elles se livrent sur cette histoire, aussi singulière qu’universelle. Dans notre premier épisode, Luce, 24 ans, nous raconte son idylle avec un bel espagnol rencontré en Erasmus. ]]></description><pubDate>Mon, 10 Feb 2025 06:59:26 +0000</pubDate><media:content url="https://liberation-liberation-prod.cdn.arcpublishing.com/resizer/0DrooO5y4ryxTv5g05CjwUrZbV8=/cloudfront-eu-central-1.images.arcpublishing.com/liberation/TBU7PQJKGVEVLIFDI5J6RU6EHY.jpg" type="image/jpeg" height="338" width="507"><media:credit role="author" scheme="urn:ebu">Photomontage Libération</media:credit></media:content></item><item><title><![CDATA[Bonnie Prince Billy : «Un jour, on connecte avec une chanson et c’est comme si on trouvait de l’or au fond d’une rivière»]]></title><link>https://www.liberation.fr/culture/musique/bonnie-prince-billy-un-jour-on-connecte-avec-une-chanson-et-cest-comme-si-on-trouvait-de-lor-au-fond-dune-riviere-20250209_IHBDRLEMEFFT5DRQ4JRCR6EIIQ/</link><guid isPermaLink="true">https://www.liberation.fr/culture/musique/bonnie-prince-billy-un-jour-on-connecte-avec-une-chanson-et-cest-comme-si-on-trouvait-de-lor-au-fond-dune-riviere-20250209_IHBDRLEMEFFT5DRQ4JRCR6EIIQ/</guid><dc:creator><![CDATA[Olivier Lamm]]></dc:creator><description><![CDATA[Rencontre avec le songwriter américain Will Oldham, de retour avec «The Purple Bird», formidable album enregistré à Nashville et fruit de collaborations rares à la production, l’écriture et la composition.]]></description><pubDate>Sun, 09 Feb 2025 14:37:00 +0000</pubDate><media:content url="https://liberation-liberation-prod.cdn.arcpublishing.com/resizer/ukSDkTosjuycdUc3sR5XO51KuvQ=/cloudfront-eu-central-1.images.arcpublishing.com/liberation/QEM6PTDQO5BGFMNRMIB2AJ4ZVU.jpg" type="image/jpeg" height="5000" width="4000"><media:description type="plain"><![CDATA[Will Oldham à Paris, le 4 décembre 2024.]]></media:description><media:credit role="author" scheme="urn:ebu">Edouard Caupeil</media:credit></media:content></item></channel></rss>