<?xml version="1.0" encoding="UTF-8"?><rss xmlns:atom="http://www.w3.org/2005/Atom" xmlns:content="http://purl.org/rss/1.0/modules/content/" xmlns:dc="http://purl.org/dc/elements/1.1/" xmlns:sy="http://purl.org/rss/1.0/modules/syndication/" version="2.0" xmlns:media="http://search.yahoo.com/mrss/"><channel><title><![CDATA[Libération]]></title><link>https://www.liberation.fr</link><atom:link href="https://www.liberation.fr/arc/outboundfeeds/rss-all/category/sciences/" rel="self" type="application/rss+xml"/><description><![CDATA[Libération News Feed]]></description><lastBuildDate>Mon, 10 Feb 2025 12:41:00 +0000</lastBuildDate><language>fr</language><ttl>1</ttl><sy:updatePeriod>hourly</sy:updatePeriod><sy:updateFrequency>1</sy:updateFrequency><image><url>https://liberation-liberation-prod.cdn.arcpublishing.com/resizer/NDhvymtydpZl4sImd-sUL72q8YM=/arc-photo-liberation/eu-central-1-prod/public/3QH5F2WEITAV2N22T6S3ECTWJ4.png</url><title>Libération</title><link>https://www.liberation.fr</link></image><item><title><![CDATA[«On n’est pas chez les Trump, ici» : avant le sommet sur l’IA à Paris, la culture défend l’innovation mais aussi ses droits]]></title><link>https://www.liberation.fr/culture/sommet-sur-lia-la-culture-defend-linnovation-mais-aussi-ses-droits-20250209_FZOWJOFZUBBP3FYBAEH7Y3CMSU/</link><guid isPermaLink="true">https://www.liberation.fr/culture/sommet-sur-lia-la-culture-defend-linnovation-mais-aussi-ses-droits-20250209_FZOWJOFZUBBP3FYBAEH7Y3CMSU/</guid><dc:creator><![CDATA[Ève Beauvallet]]></dc:creator><description><![CDATA[Pour la première fois intégré à un Sommet international sur l’IA, le secteur culturel débattait ce week-end des grands défis à venir.]]></description><pubDate>Sun, 09 Feb 2025 15:06:10 +0000</pubDate><media:content url="https://liberation-liberation-prod.cdn.arcpublishing.com/resizer/MUPgPKxwCq_-ssRNZ_vR6AnXV1I=/cloudfront-eu-central-1.images.arcpublishing.com/liberation/DOQVZD6NO5CG7FIZRZNNZ5QH4I.jpg" type="image/jpeg" height="4480" width="6720"><media:description type="plain"><![CDATA[«Le respect de la propriété intellectuelle, ce n’est pas une option», a tranché Rachida Dati au Sommet ce week-end.]]></media:description><media:credit role="author" scheme="urn:ebu">Henrike Stahl</media:credit></media:content></item><item><title><![CDATA[Sommet IA : le fonds canadien Brookfield va investir 20 milliards d’euros dans des data centers en France d’ici à 2030]]></title><link>https://www.liberation.fr/sciences/technologie-innovation/sommet-ia-le-fonds-canadien-brookfield-va-investir-20-milliards-deuros-dans-des-data-centers-en-france-dici-a-2030-20250209_YO5K4XVQ25HDDCUKAQC2RMUQMI/</link><guid isPermaLink="true">https://www.liberation.fr/sciences/technologie-innovation/sommet-ia-le-fonds-canadien-brookfield-va-investir-20-milliards-deuros-dans-des-data-centers-en-france-dici-a-2030-20250209_YO5K4XVQ25HDDCUKAQC2RMUQMI/</guid><dc:creator><![CDATA[ LIBERATION,  AFP]]></dc:creator><description><![CDATA[Les annonces d’investissements en France se multiplient à la veille de l’ouverture du Sommet pour l’action sur l’intelligence artificielle ce lundi 10 février à Paris.]]></description><pubDate>Sun, 09 Feb 2025 07:26:35 +0000</pubDate><media:content url="https://liberation-liberation-prod.cdn.arcpublishing.com/resizer/SEoWbL6p9M3Euvz8Wiwa8KBcfEw=/cloudfront-eu-central-1.images.arcpublishing.com/liberation/BL6OSHWIOBDQ3PJ2TOI44Z5QSA.jpg" type="image/jpeg" height="3759" width="5559"><media:description type="plain"><![CDATA[Le data center Scaleway DC5, à Saint-Ouen-l'Aumône (Val-d'Oise), en juillet 2021.]]></media:description><media:credit role="author" scheme="urn:ebu">Alain Jocard</media:credit></media:content></item><item><title><![CDATA[A travers l’océan, l’envoûtant et mystérieux spectacle de la ponte des coraux, synchronisée sur des milliers de kilomètres]]></title><link>https://www.liberation.fr/environnement/biodiversite/a-travers-locean-lenvoutant-et-mysterieux-spectacle-de-la-ponte-des-coraux-synchronisee-sur-des-milliers-de-kilometres-20250208_YUUXG6K63JAUTC7TLY26J57OUU/</link><guid isPermaLink="true">https://www.liberation.fr/environnement/biodiversite/a-travers-locean-lenvoutant-et-mysterieux-spectacle-de-la-ponte-des-coraux-synchronisee-sur-des-milliers-de-kilometres-20250208_YUUXG6K63JAUTC7TLY26J57OUU/</guid><dc:creator><![CDATA[Julie Renson Miquel]]></dc:creator><description><![CDATA[De la Polynésie française à la Tanzanie, la reproduction du corail «Porites rus», calée sur le cycle lunaire, a été observée en janvier pour la première fois le même jour, sur plus de 18 000 km. Ces nouvelles données, recueillies dans le cadre d’un projet de sciences participatives, montrent que cette espèce de corail synchronise sa ponte sur plusieurs océans.]]></description><pubDate>Sat, 08 Feb 2025 17:26:49 +0000</pubDate><media:content url="https://liberation-liberation-prod.cdn.arcpublishing.com/resizer/JU5zQgwThQU6XISjPLheRK3sVx4=/cloudfront-eu-central-1.images.arcpublishing.com/liberation/V47QIWFMU5CYLF4QYIRUMTIBNU.jpg" type="image/jpeg" height="1022" width="1575"><media:description type="plain"><![CDATA[Lors de la ponte, les coraux libèrent leurs ovules et spermatozoïdes dans l'eau, formant un nuage opaque, comme ici à Tahiti.]]></media:description><media:credit role="author" scheme="urn:ebu">Karla Bussone</media:credit></media:content></item><item><title><![CDATA[France-Algérie : au nom des enfants, ayons l’audace de la vérité]]></title><link>https://www.liberation.fr/idees-et-debats/france-algerie-au-nom-des-enfants-ayons-laudace-de-la-verite-20250205_KHDMSJXFMJHWLI72WK2OKRNEVQ/</link><guid isPermaLink="true">https://www.liberation.fr/idees-et-debats/france-algerie-au-nom-des-enfants-ayons-laudace-de-la-verite-20250205_KHDMSJXFMJHWLI72WK2OKRNEVQ/</guid><dc:creator><![CDATA[Yazid Sabeg, Jean Pierre Mignard]]></dc:creator><description><![CDATA[Plutôt que de s’enfermer dans des querelles mémorielles, la France doit admettre sa responsabilité pleine et entière de son passé colonialiste et sceller enfin une alliance constructive entre les deux pays, prônent l’ex-commissaire à l’égalité et à la diversité, Yazid Sabeg, et l’avocat Jean-Pierre Mignard.]]></description><pubDate>Wed, 05 Feb 2025 16:54:43 +0000</pubDate><media:content url="https://liberation-liberation-prod.cdn.arcpublishing.com/resizer/NHhaUit7-vRoN5XqS-QNj3p1nLo=/cloudfront-eu-central-1.images.arcpublishing.com/liberation/DF2M3DP7ZFAWLFTCKGTGUKXLQU.jpg" type="image/jpeg" height="4096" width="4096"><media:description type="plain"><![CDATA[Célébrations de l'indépendance de l'Algérie dans le quartier de la Goutte d'or à Paris, le 5 juillet 1962.]]></media:description><media:credit role="author" scheme="urn:ebu">-</media:credit></media:content></item></channel></rss>