<?xml version="1.0" encoding="UTF-8"?><rss xmlns:atom="http://www.w3.org/2005/Atom" xmlns:content="http://purl.org/rss/1.0/modules/content/" xmlns:dc="http://purl.org/dc/elements/1.1/" xmlns:sy="http://purl.org/rss/1.0/modules/syndication/" version="2.0" xmlns:media="http://search.yahoo.com/mrss/"><channel><title><![CDATA[Libération]]></title><link>https://www.liberation.fr</link><atom:link href="https://www.liberation.fr/arc/outboundfeeds/rss-all/category/economie/" rel="self" type="application/rss+xml"/><description><![CDATA[Libération News Feed]]></description><lastBuildDate>Mon, 10 Feb 2025 12:39:15 +0000</lastBuildDate><language>fr</language><ttl>1</ttl><sy:updatePeriod>hourly</sy:updatePeriod><sy:updateFrequency>1</sy:updateFrequency><image><url>https://liberation-liberation-prod.cdn.arcpublishing.com/resizer/NDhvymtydpZl4sImd-sUL72q8YM=/arc-photo-liberation/eu-central-1-prod/public/3QH5F2WEITAV2N22T6S3ECTWJ4.png</url><title>Libération</title><link>https://www.liberation.fr</link></image><item><title><![CDATA[L’IA durable, entre vœu pieux et opportunité de marché]]></title><link>https://www.liberation.fr/economie/economie-numerique/lia-durable-entre-voeu-pieux-et-opportunite-de-marche-20250210_RRW3GZT5KFDSRCH4MIAYXKFKYE/</link><guid isPermaLink="true">https://www.liberation.fr/economie/economie-numerique/lia-durable-entre-voeu-pieux-et-opportunite-de-marche-20250210_RRW3GZT5KFDSRCH4MIAYXKFKYE/</guid><dc:creator><![CDATA[Olivier Monod]]></dc:creator><description><![CDATA[Avec l’avènement de l’intelligence artificielle, se pose la question de l’impact environnemental des centres de données, mais aussi les conséquences sur la consommation et la répartition électrique globale. Le ministère français de la Transition écologique, lui, y voit l’occasion d’être compétitif.]]></description><pubDate>Mon, 10 Feb 2025 05:48:00 +0000</pubDate><media:content url="https://liberation-liberation-prod.cdn.arcpublishing.com/resizer/TMETyZQJCxcE1NdlI2RNwIs72dU=/cloudfront-eu-central-1.images.arcpublishing.com/liberation/WY55KSFRWRE4PED7G2BAGJMNMI.jpg" type="image/jpeg" height="3333" width="5000"><media:description type="plain"><![CDATA[Vue extérieure du centre de données de Google à Eemshaven, aux Pays-Bas en juin 2021.]]></media:description><media:credit role="author" scheme="urn:ebu">Robin Utrecht</media:credit></media:content></item><item><title><![CDATA[ChatGPT à «l’Est républicain» : Eric Barbier, un délégué syndical à l’offensive contre l’IA dans les médias]]></title><link>https://www.liberation.fr/economie/medias/chatgpt-a-lest-republicain-eric-barbier-un-delegue-syndical-a-loffensive-20250210_HZJOWL7QRBBKZAKV2BWL34RVTQ/</link><guid isPermaLink="true">https://www.liberation.fr/economie/medias/chatgpt-a-lest-republicain-eric-barbier-un-delegue-syndical-a-loffensive-20250210_HZJOWL7QRBBKZAKV2BWL34RVTQ/</guid><dc:creator><![CDATA[Adrien Franque]]></dc:creator><description><![CDATA[Témoin d’une expérimentation de l’intelligence artificielle générative au sein de sa rédaction, le journaliste est devenu l’une des principales voix critiques de son utilisation dans les médias. Au point d’être à l’initiative d’un contre-sommet de l’IA lundi 10 février à Paris.]]></description><pubDate>Mon, 10 Feb 2025 05:20:00 +0000</pubDate><media:content url="https://liberation-liberation-prod.cdn.arcpublishing.com/resizer/1c4U2RWa8tL9YYkrAXKomTsMP34=/cloudfront-eu-central-1.images.arcpublishing.com/liberation/FCAW27A6L5BUTB2W7O6I5B6UTI.jpg" type="image/jpeg" height="3648" width="5472"><media:description type="plain"><![CDATA[Eric Barbier, délégué syndical SNJ et journaliste à «l'Est républicain», le 31 janvier à Paris.]]></media:description><media:credit role="author" scheme="urn:ebu">Cha Gonzalez</media:credit></media:content></item><item><title><![CDATA[Sommet sur l’IA : avec les 109 milliards d’investissements voulus par Macron, la France se pose en tech pensante]]></title><link>https://www.liberation.fr/economie/economie-numerique/sommet-pour-laction-sur-lintelligence-artificielle-la-france-se-pose-en-tech-pensante-20250209_BXFH3TG6BZDYDLTJJXW4WE774A/</link><guid isPermaLink="true">https://www.liberation.fr/economie/economie-numerique/sommet-pour-laction-sur-lintelligence-artificielle-la-france-se-pose-en-tech-pensante-20250209_BXFH3TG6BZDYDLTJJXW4WE774A/</guid><dc:creator><![CDATA[Amaelle Guiton, Elise Viniacourt]]></dc:creator><description><![CDATA[Chefs d’Etats et de gouvernement, institutions, entrepreneurs et société civile se réunissent ce lundi 10 et mardi 11 février dans le cadre du grand raout parisien. L’objectif : dessiner les contours d’une voie capable de peser face aux mastodontes américains et chinois. ]]></description><pubDate>Sun, 09 Feb 2025 20:39:27 +0000</pubDate><media:content url="https://liberation-liberation-prod.cdn.arcpublishing.com/resizer/IBWCysWjSBbBcx0rHGoiop3lljc=/cloudfront-eu-central-1.images.arcpublishing.com/liberation/IB37RO4WHBHWRFYG26EXGYFEUY.jpg" type="image/jpeg" height="4094" width="5458"><media:description type="plain"><![CDATA[Photomontage réalisé à partir d’images de la photographe Henrike Stahl et de la banque d’images Unsplash.]]></media:description><media:credit role="author" scheme="urn:ebu">Henrike Stahl</media:credit></media:content></item><item><title><![CDATA[Sommet de Paris : la chasse à l’IA]]></title><link>https://www.liberation.fr/idees-et-debats/editorial/sommet-de-paris-la-chasse-a-lia-20250209_KSSNBLJBRVC6PGRJHC5IGSTEGU/</link><guid isPermaLink="true">https://www.liberation.fr/idees-et-debats/editorial/sommet-de-paris-la-chasse-a-lia-20250209_KSSNBLJBRVC6PGRJHC5IGSTEGU/</guid><dc:creator><![CDATA[Dov Alfon]]></dc:creator><description><![CDATA[Dans un secteur en pleine croissance et sans garde-fous, la France espère tirer son épingle du jeu face aux concurrents chinois et américains.]]></description><pubDate>Sun, 09 Feb 2025 19:40:24 +0000</pubDate><media:content url="https://liberation-liberation-prod.cdn.arcpublishing.com/resizer/Y3KU1ubCOeq10MW1gHytchC7c2U=/cloudfront-eu-central-1.images.arcpublishing.com/liberation/DNBTDFWCONELDBAF7OFDMFY4C4.jpg" type="image/jpeg" height="4409" width="3780"><media:credit role="author" scheme="urn:ebu">coco</media:credit></media:content></item><item><title><![CDATA[«Chatbot», «prompt», «slop»… l’ABC de l’IA]]></title><link>https://www.liberation.fr/economie/economie-numerique/chatbot-prompt-slop-labc-de-lia-20250209_5ROEY5LHW5CZHHQE5CLXPZYLSY/</link><guid isPermaLink="true">https://www.liberation.fr/economie/economie-numerique/chatbot-prompt-slop-labc-de-lia-20250209_5ROEY5LHW5CZHHQE5CLXPZYLSY/</guid><dc:creator><![CDATA[Arthur Cerf, Christian Losson]]></dc:creator><description><![CDATA[Avant le sommet qui s’ouvre à Paris ce lundi 10 février, tout ce que vous avez toujours voulu savoir sur l’intelligence artificielle sans oser le demander.]]></description><pubDate>Sun, 09 Feb 2025 16:40:51 +0000</pubDate><media:content url="https://liberation-liberation-prod.cdn.arcpublishing.com/resizer/UL81JauDdZk8d29v6dWbNZb2ra8=/cloudfront-eu-central-1.images.arcpublishing.com/liberation/DTBMBMDCIJHIDNSZ7UKBMLNNNE.jpg" type="image/jpeg" height="3335" width="5000"><media:description type="plain"><![CDATA[Au salon Vivatech 2024, le 22 mai à Paris.]]></media:description><media:credit role="author" scheme="urn:ebu">Denis Allard</media:credit></media:content></item><item><title><![CDATA[Le patron de la CPME, Amir Reza-Tofighi, veut s’inspirer d’Elon Musk pour réduire les dépenses publiques en France]]></title><link>https://www.liberation.fr/economie/le-patron-de-la-cpme-amir-reza-tofighi-veut-sinspirer-delon-musk-pour-reduire-les-depenses-publiques-en-france-20250209_PZMB3QGCANDJDKHZ56QKUSLSRQ/</link><guid isPermaLink="true">https://www.liberation.fr/economie/le-patron-de-la-cpme-amir-reza-tofighi-veut-sinspirer-delon-musk-pour-reduire-les-depenses-publiques-en-france-20250209_PZMB3QGCANDJDKHZ56QKUSLSRQ/</guid><dc:creator><![CDATA[ LIBERATION,  AFP]]></dc:creator><description><![CDATA[Tout juste élu à la tête de l’organisation patronale, Amir Reza-Tofighi estime que Donald Trump a eu raison de nommer un entrepreneur à la tête d’une commission politique. Il aimerait que la France fasse de même pour un organe chargé de «réduire drastiquement les dépenses publiques».]]></description><pubDate>Sun, 09 Feb 2025 15:13:05 +0000</pubDate><media:content url="https://liberation-liberation-prod.cdn.arcpublishing.com/resizer/7A1zieW_Ai_07JE0Rio8L4JOZ6I=/cloudfront-eu-central-1.images.arcpublishing.com/liberation/UHACT7JBBFBRPNYBPFIJI2DKFQ.jpg" type="image/jpeg" height="3333" width="5000"><media:description type="plain"><![CDATA[Amir Reza-Tofighi, le 29 janvier 2025 à Paris.]]></media:description><media:credit role="author" scheme="urn:ebu">Amaury Cornu</media:credit></media:content></item><item><title><![CDATA[Merwane Benlazar répond à la polémique par un sketch : «Je savais que j’allais être viré un jour, par une Arabe, c’est chiant, mais je savais»]]></title><link>https://www.liberation.fr/economie/medias/merwane-benlazar-repond-a-la-polemique-par-un-sketch-je-savais-que-jallais-etre-vire-un-jour-par-une-arabe-cest-chiant-mais-je-savais-20250209_2ZDTCE7EAJGXDIP4CI2ZQTZ3JI/</link><guid isPermaLink="true">https://www.liberation.fr/economie/medias/merwane-benlazar-repond-a-la-polemique-par-un-sketch-je-savais-que-jallais-etre-vire-un-jour-par-une-arabe-cest-chiant-mais-je-savais-20250209_2ZDTCE7EAJGXDIP4CI2ZQTZ3JI/</guid><dc:creator><![CDATA[ LIBERATION]]></dc:creator><description><![CDATA[L’humoriste a répondu par le biais d’un sketch publié samedi 8 février au tollé provoqué une semaine plus tôt par sa tenue lors de sa chronique sur le plateau de «C à vous».]]></description><pubDate>Sun, 09 Feb 2025 12:32:12 +0000</pubDate><media:content url="https://liberation-liberation-prod.cdn.arcpublishing.com/resizer/EOCUCNKsEw_I0a84w1PhtWNvsaI=/cloudfront-eu-central-1.images.arcpublishing.com/liberation/TYCPZ73E5VFTNIRM4Q5SFALORA.jpg" type="image/jpeg" height="3808" width="5713"><media:description type="plain"><![CDATA[L'humoriste Merwane Benlazar au Palais des Festivals et des Congrès de Cannes, le 30 juin 2023.]]></media:description><media:credit role="author" scheme="urn:ebu">Syspeo</media:credit></media:content></item><item><title><![CDATA[Remplacées par ChatGPT, les «petites mains» africaines du web voient fondre leurs revenus]]></title><link>https://www.liberation.fr/checknews/remplacees-par-chatgpt-les-petites-mains-africaines-du-web-voient-fondre-leurs-revenus-20250209_QAYYKAD3JRATBHK56XYHDNHHFE/</link><guid isPermaLink="true">https://www.liberation.fr/checknews/remplacees-par-chatgpt-les-petites-mains-africaines-du-web-voient-fondre-leurs-revenus-20250209_QAYYKAD3JRATBHK56XYHDNHHFE/</guid><dc:creator><![CDATA[Jacques Pezet, Florian Gouthière]]></dc:creator><description><![CDATA[L’apparition de l’intelligence artificielle a fortement bousculé le secteur des rédacteurs francophones, entre clients envolés et perte de sens de leur métier.]]></description><pubDate>Sun, 09 Feb 2025 07:30:00 +0000</pubDate><media:content url="https://liberation-liberation-prod.cdn.arcpublishing.com/resizer/4LtAqzcVlsopJO1MyZKIVas1egA=/cloudfront-eu-central-1.images.arcpublishing.com/liberation/JH3IOBGKZBBMZC2FHKXDLKM53E.jpg" type="image/jpeg" height="2016" width="3024"><media:description type="plain"><![CDATA[«Avant Chat GPT je gagnais à peu près 2 500 euros par mois», témoigne une rédactrice. «Aujourd’hui, c’est la moitié.»]]></media:description><media:credit role="author" scheme="urn:ebu">Henrike Stahl</media:credit></media:content></item><item><title><![CDATA[Madagascar, Tunisie, Bulgarie… Pour les uniformes de ses armées, la France fait l’impasse sur le «made in France»]]></title><link>https://www.liberation.fr/societe/madagascar-tunisie-bulgarie-pour-les-uniformes-de-ses-armees-la-france-fait-limpasse-sur-le-made-in-france-20250208_JRHDJI36IZCPTJNHO4WTA4QHLA/</link><guid isPermaLink="true">https://www.liberation.fr/societe/madagascar-tunisie-bulgarie-pour-les-uniformes-de-ses-armees-la-france-fait-limpasse-sur-le-made-in-france-20250208_JRHDJI36IZCPTJNHO4WTA4QHLA/</guid><dc:creator><![CDATA[ LIBERATION]]></dc:creator><description><![CDATA[L’entreprise française Marck & Balsan, qui produit ses uniformes dans l’Hexagone, ferme une usine à Calais après la perte d’un marché public au profit d’un concurrent tricolore qui fabrique notamment à Madagascar. Entre économies sur les coûts et enjeux de sécurité, la confection française semble être devenue une exception pour l’habillement des militaires.]]></description><pubDate>Sat, 08 Feb 2025 15:32:00 +0000</pubDate><media:content url="https://liberation-liberation-prod.cdn.arcpublishing.com/resizer/-3O5DOHDfWyaC9hTHqv850NJHQA=/cloudfront-eu-central-1.images.arcpublishing.com/liberation/ZMF6UINRMREEZB343D7AOWK5B4.jpg" type="image/jpeg" height="779" width="1386"><media:description type="plain"><![CDATA[Le nouveau treillis de l’armée de terre, le modèle F3 «bariolage multi-environnement»‚ est loin de cocher toutes les cases du «made in France».]]></media:description><media:credit role="author" scheme="urn:ebu">Antoine Siffroi</media:credit></media:content></item><item><title><![CDATA[Decathlon : la fausse promesse du sport «accessible pour tous» et responsable]]></title><link>https://www.liberation.fr/economie/conso/decathlon-la-fausse-promesse-du-sport-accessible-pour-tous-et-responsable-20250208_ERVROYMGCJAZZGTQFBL4QMY2VI/</link><guid isPermaLink="true">https://www.liberation.fr/economie/conso/decathlon-la-fausse-promesse-du-sport-accessible-pour-tous-et-responsable-20250208_ERVROYMGCJAZZGTQFBL4QMY2VI/</guid><dc:creator><![CDATA[Emma Donada]]></dc:creator><description><![CDATA[Petits prix, innovation et engagement… La recette du succès de l’enseigne d’équipement et de vêtement sportif repose sur des pratiques dignes des grandes enseignes low-cost, selon une enquête réalisée par plusieurs médias.]]></description><pubDate>Sat, 08 Feb 2025 09:44:00 +0000</pubDate><media:content url="https://liberation-liberation-prod.cdn.arcpublishing.com/resizer/0poe_9vAi3y_T5Uij-0zSoQ9aEE=/cloudfront-eu-central-1.images.arcpublishing.com/liberation/2F5YFB5GCJDWVCSPAD32QE4C4Y.jpg" type="image/jpeg" height="3602" width="5403"><media:description type="plain"><![CDATA[L'enquête de «Disclose» et «Cash Investigation» montre que, dans sa recherche du prix le moins cher, Decathlon a tiré profit du pire côté de la mondialisation via une partie de ses sous-traitants les plus importants.]]></media:description><media:credit role="author" scheme="urn:ebu">Stéphane Mouchmouche </media:credit></media:content></item><item><title><![CDATA[«J’ai écrit 20 lignes et ChatGPT m’a fait les 40 autres» : comment l’IA modifie les pratiques des journalistes]]></title><link>https://www.liberation.fr/checknews/jai-ecrit-20-lignes-et-chatgpt-ma-fait-les-40-autres-comment-lia-modifie-les-pratiques-des-journalistes-20250208_KRQVNECQGRCVNLGZO2JUXCC45I/</link><guid isPermaLink="true">https://www.liberation.fr/checknews/jai-ecrit-20-lignes-et-chatgpt-ma-fait-les-40-autres-comment-lia-modifie-les-pratiques-des-journalistes-20250208_KRQVNECQGRCVNLGZO2JUXCC45I/</guid><dc:creator><![CDATA[Coppélia Piccolo, Florian Gouthière]]></dc:creator><description><![CDATA[Des journalistes de presse généraliste, notamment les plus jeunes, confient à «CheckNews» se servir au quotidien des outils d’IA pour rédiger leurs articles, le plus souvent à l’insu de leur direction. Même si certains médias revendiquent l’utilisation du robot rédacteur pour certains contenus.]]></description><pubDate>Sat, 08 Feb 2025 07:05:00 +0000</pubDate><media:content url="https://liberation-liberation-prod.cdn.arcpublishing.com/resizer/A178pyR41oR4QviRoTBute5Ws1E=/cloudfront-eu-central-1.images.arcpublishing.com/liberation/IOM2GX25GNBQPLVEWQB442F32U.jpg" type="image/jpeg" height="2987" width="4480"><media:description type="plain"><![CDATA[Si l’utilisation de l’IA générative par de nombreux sites peu scrupuleux inquiète les médias, le robot s’est aussi immiscé dans les salles de rédaction des médias régionaux comme nationaux.]]></media:description><media:credit role="author" scheme="urn:ebu">Henrike Stahl</media:credit></media:content></item><item><title><![CDATA[Confronté à une baisse de ses ventes, Tesla n’est plus seul en son royaume électrique]]></title><link>https://www.liberation.fr/economie/transports/confronte-a-une-baisse-de-ses-ventes-tesla-nest-plus-seul-en-son-royaume-electrique-20250207_NFKYGQFINBAWFEE5S6A6WAOLOI/</link><guid isPermaLink="true">https://www.liberation.fr/economie/transports/confronte-a-une-baisse-de-ses-ventes-tesla-nest-plus-seul-en-son-royaume-electrique-20250207_NFKYGQFINBAWFEE5S6A6WAOLOI/</guid><dc:creator><![CDATA[Damien Dole]]></dc:creator><description><![CDATA[Les véhicules de l’entreprise d’Elon Musk, qui apparaissaient longtemps comme incontournables sur le marché de l’électrique, cèdent du terrain face à la concurrence européenne et chinoise.]]></description><pubDate>Fri, 07 Feb 2025 19:31:24 +0000</pubDate><media:content url="https://liberation-liberation-prod.cdn.arcpublishing.com/resizer/U2lic6DTTXXlM_FgAoWUb7H_lgg=/cloudfront-eu-central-1.images.arcpublishing.com/liberation/MJX5IMNCCBFB5P2KRT32AGA27U.jpg" type="image/jpeg" height="3648" width="5472"><media:description type="plain"><![CDATA[Le stand du chinois BYD, à Bruxelles, le 11 janvier.]]></media:description><media:credit role="author" scheme="urn:ebu">Zhao Dingzhe</media:credit></media:content></item><item><title><![CDATA[Sommet de l’IA à Paris : chez les étudiants, «on ne peut pas dire que la French Tech fasse rêver»]]></title><link>https://www.liberation.fr/economie/economie-numerique/sommet-de-lia-a-paris-chez-les-etudiants-on-ne-peut-pas-dire-que-la-french-tech-fasse-rever-20250206_BGVMDYEKJFCUDMWWLVHD3KLO2M/</link><guid isPermaLink="true">https://www.liberation.fr/economie/economie-numerique/sommet-de-lia-a-paris-chez-les-etudiants-on-ne-peut-pas-dire-que-la-french-tech-fasse-rever-20250206_BGVMDYEKJFCUDMWWLVHD3KLO2M/</guid><dc:creator><![CDATA[Elise Viniacourt]]></dc:creator><description><![CDATA[Sur le campus de Polytechnique, deux Journées scientifiques se déroulent à partir de ce jeudi 6 février, en amont du grand Sommet de l’IA, les 10 et 11 février, au Grand Palais, à Paris. Rencontre avec les étudiants présents sur place, entre fascination et répulsion.]]></description><pubDate>Thu, 06 Feb 2025 18:52:20 +0000</pubDate><media:content url="https://liberation-liberation-prod.cdn.arcpublishing.com/resizer/ZK8_877kKYrYE8UIXzLsS_jRlP8=/cloudfront-eu-central-1.images.arcpublishing.com/liberation/GMN7BXDDGBHFZBBQI6HOBTAEA4.jpg" type="image/jpeg" height="4755" width="7133"><media:description type="plain"><![CDATA[Au sommet sur l'IA, à Saclay, le 6 février 2025.]]></media:description><media:credit role="author" scheme="urn:ebu">Joel Saget</media:credit></media:content></item><item><title><![CDATA[Hanouna, «Une ambition intime», Mimi Marchand : les campagnes de Karine Le Marchand  ]]></title><link>https://www.liberation.fr/economie/medias/hanouna-ambition-intime-mimi-marchand-les-campagnes-de-karine-le-marchand-20250206_OYL6L57XQFFXZJQ47BMVK6GSU4/</link><guid isPermaLink="true">https://www.liberation.fr/economie/medias/hanouna-ambition-intime-mimi-marchand-les-campagnes-de-karine-le-marchand-20250206_OYL6L57XQFFXZJQ47BMVK6GSU4/</guid><dc:creator><![CDATA[Charlotte Chaffanjon]]></dc:creator><description><![CDATA[En apprenant que le présentateur de «TPMP» pouvait rejoindre M6, l’animatrice préférée des Français a menacé de démissionner. Bien plus politique qu’on ne l’imagine, elle défend ses choix.]]></description><pubDate>Thu, 06 Feb 2025 12:47:19 +0000</pubDate><media:content url="https://liberation-liberation-prod.cdn.arcpublishing.com/resizer/BtympsRbtRVo7cu734Dyw2pBDEE=/cloudfront-eu-central-1.images.arcpublishing.com/liberation/XCPWDNPI5ZG75NWLPD727ZPKNM.jpg" type="image/jpeg" height="4016" width="6016"><media:description type="plain"><![CDATA[Karine Le Marchand à Paris, le 29 janvier 2024 lors du mouvement de colère des agriculteurs.]]></media:description><media:credit role="author" scheme="urn:ebu">Florian Poitout</media:credit></media:content></item><item><title><![CDATA[RSA : dans le Nord, des acteurs sociaux dénoncent une politique qui risque «d’enfoncer les gens»]]></title><link>https://www.liberation.fr/economie/social/rsa-dans-le-nord-des-acteurs-sociaux-denoncent-une-politique-qui-risque-denfoncer-les-gens-20250206_YV3RJXR7TJEORBQDMA4775HTQY/</link><guid isPermaLink="true">https://www.liberation.fr/economie/social/rsa-dans-le-nord-des-acteurs-sociaux-denoncent-une-politique-qui-risque-denfoncer-les-gens-20250206_YV3RJXR7TJEORBQDMA4775HTQY/</guid><dc:creator><![CDATA[Stéphanie Maurice]]></dc:creator><description><![CDATA[Porté par l’obsession du retour à l’emploi, également au cœur de l’expérimentation sur le territoire du RSA rénové, le département a durci fin octobre les sanctions contre ses allocataires absents à un rendez-vous. Au risque de créer du non-recours.]]></description><pubDate>Thu, 06 Feb 2025 10:42:00 +0000</pubDate><media:content url="https://liberation-liberation-prod.cdn.arcpublishing.com/resizer/M-lQYjhsHTITUvIF2fkIq0oJ7mU=/cloudfront-eu-central-1.images.arcpublishing.com/liberation/RP5644K3M5AYJAA6GHAED6NKJE.jpg" type="image/jpeg" height="4024" width="6048"><media:description type="plain"><![CDATA[Dans le Nord, toute absence à une convocation peut se traduire par une baisse de 80 % du RSA pour une personne seule, de 50 % pour une famille.]]></media:description><media:credit role="author" scheme="urn:ebu">Romain Etienne</media:credit></media:content></item></channel></rss>