<?xml version="1.0" encoding="UTF-8"?><rss version="2.0"
	xmlns:content="http://purl.org/rss/1.0/modules/content/"
	xmlns:wfw="http://wellformedweb.org/CommentAPI/"
	xmlns:dc="http://purl.org/dc/elements/1.1/"
	xmlns:atom="http://www.w3.org/2005/Atom"
	xmlns:sy="http://purl.org/rss/1.0/modules/syndication/"
	xmlns:slash="http://purl.org/rss/1.0/modules/slash/"
	>

<channel>
	<title>Élucid</title>
	<atom:link href="https://elucid.media/feed" rel="self" type="application/rss+xml" />
	<link>https://elucid.media</link>
	<description>Demain se comprend aujourd&#039;hui</description>
	<lastBuildDate>Mon, 10 Feb 2025 18:38:43 +0000</lastBuildDate>
	<language>fr-FR</language>
	<sy:updatePeriod>
	hourly	</sy:updatePeriod>
	<sy:updateFrequency>
	1	</sy:updateFrequency>
	
	<item>
		<title>Le salaire des PDG 2024</title>
		<link>https://elucid.media/analyse-graphique/salaire-pdg-grands-patrons-france/les-tres-grands-patrons-des-super-actionnaires-qui-se-gavent-de-plus-en-plus</link>
					<comments>https://elucid.media/analyse-graphique/salaire-pdg-grands-patrons-france/les-tres-grands-patrons-des-super-actionnaires-qui-se-gavent-de-plus-en-plus#comments</comments>
		
		<dc:creator><![CDATA[Olivier Berruyer]]></dc:creator>
		<pubDate>Wed, 12 Feb 2025 05:35:38 +0000</pubDate>
				<category><![CDATA[Salaire des dirigeants]]></category>
		<category><![CDATA[Société]]></category>
		<category><![CDATA[Inégalités, Pauvreté]]></category>
		<category><![CDATA[Inégalités - Pauvreté]]></category>
		<category><![CDATA[Inégalités de revenus]]></category>
		<guid isPermaLink="false">https://elucid.media/?post_type=elucid_custom_posts&#038;p=76723</guid>

					<description><![CDATA[La rémunération des dirigeants des grandes entreprises illustre parfaitement les dérives manifestes du néolibéralisme
<p><a href="https://elucid.media/analyse-graphique/salaire-pdg-grands-patrons-france/les-tres-grands-patrons-des-super-actionnaires-qui-se-gavent-de-plus-en-plus" rel="nofollow">Source</a></p>]]></description>
		
					<wfw:commentRss>https://elucid.media/analyse-graphique/salaire-pdg-grands-patrons-france/les-tres-grands-patrons-des-super-actionnaires-qui-se-gavent-de-plus-en-plus/feed</wfw:commentRss>
			<slash:comments>1</slash:comments>
		
		
		
<media:content xmlns:media="http://search.yahoo.com/mrss/" medium="image" type="image/jpeg" url="https://elucid.media/wp-content/uploads/2025/02/salaires-pdg-grands-patrons-indecents-super-actionnaires-gavent-elucid-400x225.jpg" width="400" height="225" />
<enclosure url="https://elucid.media/wp-content/uploads/2025/02/salaires-pdg-grands-patrons-indecents-super-actionnaires-gavent-elucid-400x225.jpg" length="19376" type="image/jpeg" />
	</item>
		<item>
		<title>Gaza, Canada, Groenland... : l’impérialisme totalement décomplexé de Donald Trump</title>
		<link>https://elucid.media/politique/gaza-canada-groenland-l-imperialisme-totalement-decomplexe-de-donald-trump</link>
					<comments>https://elucid.media/politique/gaza-canada-groenland-l-imperialisme-totalement-decomplexe-de-donald-trump#comments</comments>
		
		<dc:creator><![CDATA[Paul Fernandez-Mateo]]></dc:creator>
		<pubDate>Tue, 11 Feb 2025 05:35:06 +0000</pubDate>
				<category><![CDATA[Relations Internationales]]></category>
		<category><![CDATA[Politique]]></category>
		<category><![CDATA[International]]></category>
		<category><![CDATA[Économie]]></category>
		<category><![CDATA[Commerce International]]></category>
		<guid isPermaLink="false">https://elucid.media/?post_type=elucid_custom_posts&#038;p=77401</guid>

					<description><![CDATA[La géopolitique de Trump révèle le caractère rapace d'une hégémonie américaine qui fait la guerre au droit international
<p><a href="https://elucid.media/politique/gaza-canada-groenland-l-imperialisme-totalement-decomplexe-de-donald-trump" rel="nofollow">Source</a></p>]]></description>
		
					<wfw:commentRss>https://elucid.media/politique/gaza-canada-groenland-l-imperialisme-totalement-decomplexe-de-donald-trump/feed</wfw:commentRss>
			<slash:comments>1</slash:comments>
		
		
		
<media:content xmlns:media="http://search.yahoo.com/mrss/" medium="image" type="image/jpeg" url="https://elucid.media/wp-content/uploads/2025/02/groenland-gaza-canada-imperialisme-decomplexe-donald-trump-elucid-e1739189860247-400x225.jpg" width="400" height="225" />
<enclosure url="https://elucid.media/wp-content/uploads/2025/02/groenland-gaza-canada-imperialisme-decomplexe-donald-trump-elucid-e1739189860247-400x225.jpg" length="20841" type="image/jpeg" />
	</item>
		<item>
		<title>Éviction du PDG Carlos Tavares : l&#039;échec d&#039;un « psychopathe de la performance »</title>
		<link>https://elucid.media/economie/eviction-du-pdg-carlos-tavares-l-echec-d-un-psychopathe-de-la-performance</link>
					<comments>https://elucid.media/economie/eviction-du-pdg-carlos-tavares-l-echec-d-un-psychopathe-de-la-performance#comments</comments>
		
		<dc:creator><![CDATA[Marine Rabreau]]></dc:creator>
		<pubDate>Mon, 10 Feb 2025 06:10:46 +0000</pubDate>
				<category><![CDATA[Économie]]></category>
		<category><![CDATA[Industrie]]></category>
		<category><![CDATA[Industrie, Services]]></category>
		<category><![CDATA[Industrie - Services]]></category>
		<category><![CDATA[Démocratie]]></category>
		<category><![CDATA[Dérives autoritaires]]></category>
		<category><![CDATA[Ploutocratie]]></category>
		<guid isPermaLink="false">https://elucid.media/?post_type=elucid_custom_posts&#038;p=77231</guid>

					<description><![CDATA[L'impitoyable psychopathe de la performance Carlos Tavares a été destitué de ses fonctions, la fin d'un règne de terreur
<p><a href="https://elucid.media/economie/eviction-du-pdg-carlos-tavares-l-echec-d-un-psychopathe-de-la-performance" rel="nofollow">Source</a></p>]]></description>
		
					<wfw:commentRss>https://elucid.media/economie/eviction-du-pdg-carlos-tavares-l-echec-d-un-psychopathe-de-la-performance/feed</wfw:commentRss>
			<slash:comments>6</slash:comments>
		
		
		
<media:content xmlns:media="http://search.yahoo.com/mrss/" medium="image" type="image/jpeg" url="https://elucid.media/wp-content/uploads/2025/02/carlos-tavares-ejection-directeur-general-stellantis-regne-terreur-e1738847745788-400x225.jpg" width="400" height="225" />
<enclosure url="https://elucid.media/wp-content/uploads/2025/02/carlos-tavares-ejection-directeur-general-stellantis-regne-terreur-e1738847745788-400x225.jpg" length="23975" type="image/jpeg" />
	</item>
		<item>
		<title>La mort du politique : qui pour résister à l’hégémonie américaine ?</title>
		<link>https://elucid.media/politique/la-mort-du-politique-qui-pour-resister-a-l-hegemonie-americaine</link>
					<comments>https://elucid.media/politique/la-mort-du-politique-qui-pour-resister-a-l-hegemonie-americaine#comments</comments>
		
		<dc:creator><![CDATA[Marion Messina]]></dc:creator>
		<pubDate>Mon, 10 Feb 2025 05:35:24 +0000</pubDate>
				<category><![CDATA[Gouvernement]]></category>
		<category><![CDATA[Politique]]></category>
		<category><![CDATA[Démocratie]]></category>
		<category><![CDATA[Souveraineté]]></category>
		<guid isPermaLink="false">https://elucid.media/?post_type=elucid_custom_posts&#038;p=74569</guid>

					<description><![CDATA[Le souvenir d’hommes politiques tribuns et tenant tête à Washington contraste avec les figures médiocres actuelles
<p><a href="https://elucid.media/politique/la-mort-du-politique-qui-pour-resister-a-l-hegemonie-americaine" rel="nofollow">Source</a></p>]]></description>
		
					<wfw:commentRss>https://elucid.media/politique/la-mort-du-politique-qui-pour-resister-a-l-hegemonie-americaine/feed</wfw:commentRss>
			<slash:comments>3</slash:comments>
		
		
		
<media:content xmlns:media="http://search.yahoo.com/mrss/" medium="image" type="image/jpeg" url="https://elucid.media/wp-content/uploads/2025/01/politique-mort-qui-resister-hegemonie-americaine-elucid-e1735658694973-400x225.jpg" width="400" height="225" />
<enclosure url="https://elucid.media/wp-content/uploads/2025/01/politique-mort-qui-resister-hegemonie-americaine-elucid-e1735658694973-400x225.jpg" length="19857" type="image/jpeg" />
	</item>
		<item>
		<title>« L&#039;Union européenne est une machine à produire du néolibéralisme » - Leïla Chaibi</title>
		<link>https://elucid.media/politique/l-union-europeenne-est-une-machine-a-produire-du-neoliberalisme-leila-chaibi</link>
					<comments>https://elucid.media/politique/l-union-europeenne-est-une-machine-a-produire-du-neoliberalisme-leila-chaibi#comments</comments>
		
		<dc:creator><![CDATA[Laurent Ottavi]]></dc:creator>
		<pubDate>Sun, 09 Feb 2025 05:35:02 +0000</pubDate>
				<category><![CDATA[Politique]]></category>
		<category><![CDATA[Union Européenne]]></category>
		<category><![CDATA[Parlement Européen]]></category>
		<category><![CDATA[Démocratie]]></category>
		<category><![CDATA[Dérives autoritaires]]></category>
		<category><![CDATA[Lobbying]]></category>
		<guid isPermaLink="false">https://elucid.media/?post_type=elucid_custom_posts&#038;p=76147</guid>

					<description><![CDATA[Retour sur cinq ans de combat pour obtenir la directive sur les travailleurs des plateformes dans une UE néolibérale
<p><a href="https://elucid.media/politique/l-union-europeenne-est-une-machine-a-produire-du-neoliberalisme-leila-chaibi" rel="nofollow">Source</a></p>]]></description>
		
					<wfw:commentRss>https://elucid.media/politique/l-union-europeenne-est-une-machine-a-produire-du-neoliberalisme-leila-chaibi/feed</wfw:commentRss>
			<slash:comments>4</slash:comments>
		
		
		
<media:content xmlns:media="http://search.yahoo.com/mrss/" medium="image" type="image/jpeg" url="https://elucid.media/wp-content/uploads/2025/01/union-europeenne-travailleurs-plateformes-machine-produire-neoliberalisme-leila-chaibi-elucid-400x225.jpg" width="400" height="225" />
<enclosure url="https://elucid.media/wp-content/uploads/2025/01/union-europeenne-travailleurs-plateformes-machine-produire-neoliberalisme-leila-chaibi-elucid-400x225.jpg" length="30933" type="image/jpeg" />
	</item>
		<item>
		<title>Marchés européens de l&#039;énergie : « dé-libéralisation » ou libre-échange à marche forcée ?</title>
		<link>https://elucid.media/politique/aurelien-bernier-marches-europeens-de-l-energie-de-liberalisation-ou-libre-echange-a-marche-forcee</link>
					<comments>https://elucid.media/politique/aurelien-bernier-marches-europeens-de-l-energie-de-liberalisation-ou-libre-echange-a-marche-forcee#comments</comments>
		
		<dc:creator><![CDATA[Aurélien Bernier]]></dc:creator>
		<pubDate>Sat, 08 Feb 2025 06:10:23 +0000</pubDate>
				<category><![CDATA[Politique]]></category>
		<category><![CDATA[Union Européenne]]></category>
		<category><![CDATA[Commission Européenne]]></category>
		<category><![CDATA[environnement]]></category>
		<category><![CDATA[Énergie]]></category>
		<category><![CDATA[Mix énergétique]]></category>
		<guid isPermaLink="false">https://elucid.media/?post_type=elucid_custom_posts&#038;p=77141</guid>

					<description><![CDATA[Bruxelles ne changera pas si facilement d’orientation en matière d’énergie. Le néolibéralisme a encore la peau dure
<p><a href="https://elucid.media/politique/aurelien-bernier-marches-europeens-de-l-energie-de-liberalisation-ou-libre-echange-a-marche-forcee" rel="nofollow">Source</a></p>]]></description>
		
					<wfw:commentRss>https://elucid.media/politique/aurelien-bernier-marches-europeens-de-l-energie-de-liberalisation-ou-libre-echange-a-marche-forcee/feed</wfw:commentRss>
			<slash:comments>7</slash:comments>
		
		
		<category>free</category>
<media:content xmlns:media="http://search.yahoo.com/mrss/" medium="image" type="image/jpeg" url="https://elucid.media/wp-content/uploads/2025/02/marches-europeens-energie-deliberalisation-libre-echange-marche-forcee-aurelien-bernier-elucid-400x225.jpg" width="400" height="225" />
<enclosure url="https://elucid.media/wp-content/uploads/2025/02/marches-europeens-energie-deliberalisation-libre-echange-marche-forcee-aurelien-bernier-elucid-400x225.jpg" length="23070" type="image/jpeg" />
	</item>
		<item>
		<title>Face au désert aride du commentaire médiatique, la réalité se dissout</title>
		<link>https://elucid.media/democratie/face-au-desert-aride-du-commentaire-mediatique-la-realite-se-dissout</link>
					<comments>https://elucid.media/democratie/face-au-desert-aride-du-commentaire-mediatique-la-realite-se-dissout#comments</comments>
		
		<dc:creator><![CDATA[Mikaël Faujour]]></dc:creator>
		<pubDate>Sat, 08 Feb 2025 05:35:25 +0000</pubDate>
				<category><![CDATA[Médias sous influence]]></category>
		<category><![CDATA[Démocratie]]></category>
		<category><![CDATA[Propagande]]></category>
		<category><![CDATA[Société]]></category>
		<category><![CDATA[Culture - Loisirs]]></category>
		<category><![CDATA[Médias - Journalisme]]></category>
		<guid isPermaLink="false">https://elucid.media/?post_type=elucid_custom_posts&#038;p=75605</guid>

					<description><![CDATA[Effacer la question sociale, railler la vie des idées, rendre indigne la politique, voilà la fonction des éditorialistes
<p><a href="https://elucid.media/democratie/face-au-desert-aride-du-commentaire-mediatique-la-realite-se-dissout" rel="nofollow">Source</a></p>]]></description>
		
					<wfw:commentRss>https://elucid.media/democratie/face-au-desert-aride-du-commentaire-mediatique-la-realite-se-dissout/feed</wfw:commentRss>
			<slash:comments>3</slash:comments>
		
		
		
<media:content xmlns:media="http://search.yahoo.com/mrss/" medium="image" type="image/jpeg" url="https://elucid.media/wp-content/uploads/2025/01/commentaire-mediatique-journalisme-editorialistes-cnews-pascal-praud-e1736775807384-400x225.jpg" width="400" height="225" />
<enclosure url="https://elucid.media/wp-content/uploads/2025/01/commentaire-mediatique-journalisme-editorialistes-cnews-pascal-praud-e1736775807384-400x225.jpg" length="18697" type="image/jpeg" />
	</item>
		<item>
		<title>« Il faut s&#039;adapter » - Barbara Stiegler</title>
		<link>https://elucid.media/podcast-resume-livre/il-faut-s-adapter-barbara-stiegler</link>
					<comments>https://elucid.media/podcast-resume-livre/il-faut-s-adapter-barbara-stiegler#comments</comments>
		
		<dc:creator><![CDATA[Louise Bosq]]></dc:creator>
		<pubDate>Fri, 07 Feb 2025 05:35:13 +0000</pubDate>
				<category><![CDATA[Souveraineté Politique]]></category>
		<category><![CDATA[Démocratie]]></category>
		<category><![CDATA[Souveraineté]]></category>
		<guid isPermaLink="false">https://elucid.media/?post_type=elucid_custom_posts&#038;p=74443</guid>

					<description><![CDATA[D'où vient ce sentiment diffus de retard sur l'évolution ? Pour Barbara Stiegler, le néolibéralisme est en cause
<p><a href="https://elucid.media/podcast-resume-livre/il-faut-s-adapter-barbara-stiegler" rel="nofollow">Source</a></p>]]></description>
		
					<wfw:commentRss>https://elucid.media/podcast-resume-livre/il-faut-s-adapter-barbara-stiegler/feed</wfw:commentRss>
			<slash:comments>3</slash:comments>
		
		
		
<media:content xmlns:media="http://search.yahoo.com/mrss/" medium="image" type="image/jpeg" url="https://elucid.media/wp-content/uploads/2025/01/stiegler-barbara-il-faut-s-adapter-400x225.jpg" width="400" height="225" />
<enclosure url="https://elucid.media/wp-content/uploads/2025/01/stiegler-barbara-il-faut-s-adapter-400x225.jpg" length="12791" type="image/jpeg" />
	</item>
		<item>
		<title>Le chômage en France 4ème trimestre 2024</title>
		<link>https://elucid.media/analyse-graphique/chomage-france/explosion-du-chomage-macron-n-a-plus-les-moyens-de-masquer-son-echec-economique</link>
					<comments>https://elucid.media/analyse-graphique/chomage-france/explosion-du-chomage-macron-n-a-plus-les-moyens-de-masquer-son-echec-economique#comments</comments>
		
		<dc:creator><![CDATA[Olivier Berruyer]]></dc:creator>
		<pubDate>Thu, 06 Feb 2025 05:35:44 +0000</pubDate>
				<category><![CDATA[Économie]]></category>
		<category><![CDATA[Chômage]]></category>
		<category><![CDATA[Travail, Chômage]]></category>
		<category><![CDATA[Travail - Chômage]]></category>
		<category><![CDATA[Politique]]></category>
		<category><![CDATA[Gouvernement]]></category>
		<guid isPermaLink="false">https://elucid.media/?post_type=elucid_custom_posts&#038;p=77227</guid>

					<description><![CDATA[La politique de l'offre macroniste a définitivement échoué : le chômage a explosé au cours du dernier trimestre
<p><a href="https://elucid.media/analyse-graphique/chomage-france/explosion-du-chomage-macron-n-a-plus-les-moyens-de-masquer-son-echec-economique" rel="nofollow">Source</a></p>]]></description>
		
					<wfw:commentRss>https://elucid.media/analyse-graphique/chomage-france/explosion-du-chomage-macron-n-a-plus-les-moyens-de-masquer-son-echec-economique/feed</wfw:commentRss>
			<slash:comments>3</slash:comments>
		
		
		<category>free</category>
<media:content xmlns:media="http://search.yahoo.com/mrss/" medium="image" type="image/jpeg" url="https://elucid.media/wp-content/uploads/2025/02/explosion-chomage-france-macron-plus-moyens-masquer-echec-economique-elucid-400x225.jpg" width="400" height="225" />
<enclosure url="https://elucid.media/wp-content/uploads/2025/02/explosion-chomage-france-macron-plus-moyens-masquer-echec-economique-elucid-400x225.jpg" length="18455" type="image/jpeg" />
	</item>
		<item>
		<title>La France : enfer socialiste ou paradis libéral ? - François Boulo</title>
		<link>https://elucid.media/economie/la-france-enfer-socialiste-ou-paradis-liberal-francois-boulo</link>
					<comments>https://elucid.media/economie/la-france-enfer-socialiste-ou-paradis-liberal-francois-boulo#comments</comments>
		
		<dc:creator><![CDATA[François Boulo]]></dc:creator>
		<pubDate>Wed, 05 Feb 2025 05:35:40 +0000</pubDate>
				<category><![CDATA[Économie]]></category>
		<category><![CDATA[Dépenses publiques]]></category>
		<category><![CDATA[Finances Publiques]]></category>
		<category><![CDATA[Fiscalité]]></category>
		<category><![CDATA[Politique]]></category>
		<category><![CDATA[Gouvernement]]></category>
		<guid isPermaLink="false">https://elucid.media/?post_type=elucid_custom_posts&#038;p=76911</guid>

					<description><![CDATA[La France est-elle « l’un des pays les plus taxés au monde » ou celui des cadeaux fiscaux au profit des plus riches ?
<p><a href="https://elucid.media/economie/la-france-enfer-socialiste-ou-paradis-liberal-francois-boulo" rel="nofollow">Source</a></p>]]></description>
		
					<wfw:commentRss>https://elucid.media/economie/la-france-enfer-socialiste-ou-paradis-liberal-francois-boulo/feed</wfw:commentRss>
			<slash:comments>13</slash:comments>
		
		
		<category>free</category>
<media:content xmlns:media="http://search.yahoo.com/mrss/" medium="image" type="image/jpeg" url="https://elucid.media/wp-content/uploads/2025/02/france-enfer-socialiste-paradis-liberal-francois-boulo-elucid-400x225.jpg" width="400" height="225" />
<enclosure url="https://elucid.media/wp-content/uploads/2025/02/france-enfer-socialiste-paradis-liberal-francois-boulo-elucid-400x225.jpg" length="22452" type="image/jpeg" />
	</item>
		<item>
		<title>« Les possédants et les libéraux autoritaires ont mis Hitler au pouvoir » Johann Chapoutot</title>
		<link>https://elucid.media/democratie/les-possedants-et-les-liberaux-autoritaires-ont-mis-hitler-au-pouvoir-johann-chapoutot</link>
					<comments>https://elucid.media/democratie/les-possedants-et-les-liberaux-autoritaires-ont-mis-hitler-au-pouvoir-johann-chapoutot#comments</comments>
		
		<dc:creator><![CDATA[Flore Bosq]]></dc:creator>
		<pubDate>Tue, 04 Feb 2025 05:35:09 +0000</pubDate>
				<category><![CDATA[Dérives autoritaires]]></category>
		<category><![CDATA[Démocratie]]></category>
		<category><![CDATA[Politique]]></category>
		<category><![CDATA[Gouvernement]]></category>
		<guid isPermaLink="false">https://elucid.media/?post_type=elucid_custom_posts&#038;p=76967</guid>

					<description><![CDATA[L'historien déconstruit toute la mythologie de l'épopée nazie et analyse ce qui rattache le nazisme à notre modernité
<p><a href="https://elucid.media/democratie/les-possedants-et-les-liberaux-autoritaires-ont-mis-hitler-au-pouvoir-johann-chapoutot" rel="nofollow">Source</a></p>]]></description>
		
					<wfw:commentRss>https://elucid.media/democratie/les-possedants-et-les-liberaux-autoritaires-ont-mis-hitler-au-pouvoir-johann-chapoutot/feed</wfw:commentRss>
			<slash:comments>3</slash:comments>
		
		
		<category>free</category>
<media:content xmlns:media="http://search.yahoo.com/mrss/" medium="image" type="image/jpeg" url="https://elucid.media/wp-content/uploads/2025/02/johann-chapoutot-histoire-nazisme-liberaux-autoritaires-hitler-pouvoir-400x225.jpg" width="400" height="225" />
<enclosure url="https://elucid.media/wp-content/uploads/2025/02/johann-chapoutot-histoire-nazisme-liberaux-autoritaires-hitler-pouvoir-400x225.jpg" length="26747" type="image/jpeg" />
	</item>
		<item>
		<title>Journalistes sous influence : le financement suspect par les États-Unis de l’OCCRP</title>
		<link>https://elucid.media/democratie/journalistes-sous-influence-le-financement-suspect-par-les-etats-unis-de-l-occrp</link>
					<comments>https://elucid.media/democratie/journalistes-sous-influence-le-financement-suspect-par-les-etats-unis-de-l-occrp#comments</comments>
		
		<dc:creator><![CDATA[Marco Cesario]]></dc:creator>
		<pubDate>Mon, 03 Feb 2025 05:35:27 +0000</pubDate>
				<category><![CDATA[Médias sous influence]]></category>
		<category><![CDATA[Démocratie]]></category>
		<category><![CDATA[Propagande]]></category>
		<category><![CDATA[Dérives autoritaires]]></category>
		<category><![CDATA[Corruption]]></category>
		<guid isPermaLink="false">https://elucid.media/?post_type=elucid_custom_posts&#038;p=75609</guid>

					<description><![CDATA[Révélations sur les liens étroits entre le gouvernement américain et le plus grand réseau international de journalisme
<p><a href="https://elucid.media/democratie/journalistes-sous-influence-le-financement-suspect-par-les-etats-unis-de-l-occrp" rel="nofollow">Source</a></p>]]></description>
		
					<wfw:commentRss>https://elucid.media/democratie/journalistes-sous-influence-le-financement-suspect-par-les-etats-unis-de-l-occrp/feed</wfw:commentRss>
			<slash:comments>1</slash:comments>
		
		
		
<media:content xmlns:media="http://search.yahoo.com/mrss/" medium="image" type="image/jpeg" url="https://elucid.media/wp-content/uploads/2025/01/journalistes-corrompus-financement-suspect-gouvernement-americain-occrp-e1736852287235-400x225.jpg" width="400" height="225" />
<enclosure url="https://elucid.media/wp-content/uploads/2025/01/journalistes-corrompus-financement-suspect-gouvernement-americain-occrp-e1736852287235-400x225.jpg" length="15418" type="image/jpeg" />
	</item>
		<item>
		<title>« L’écologie du spectacle est aveugle à la critique du capitalisme » - Clément Sénéchal</title>
		<link>https://elucid.media/environnement/l-ecologie-du-spectacle-est-aveugle-a-la-critique-du-capitalisme-clement-senechal</link>
					<comments>https://elucid.media/environnement/l-ecologie-du-spectacle-est-aveugle-a-la-critique-du-capitalisme-clement-senechal#comments</comments>
		
		<dc:creator><![CDATA[Laurent Ottavi]]></dc:creator>
		<pubDate>Sun, 02 Feb 2025 05:35:29 +0000</pubDate>
				<category><![CDATA[Environnement]]></category>
		<category><![CDATA[Transition écologique]]></category>
		<category><![CDATA[environnement]]></category>
		<category><![CDATA[Écosystèmes]]></category>
		<guid isPermaLink="false">https://elucid.media/?post_type=elucid_custom_posts&#038;p=75613</guid>

					<description><![CDATA[L'écologie du spectacle a rendu la problématique environnementale soluble dans l’extension du système capitaliste
<p><a href="https://elucid.media/environnement/l-ecologie-du-spectacle-est-aveugle-a-la-critique-du-capitalisme-clement-senechal" rel="nofollow">Source</a></p>]]></description>
		
					<wfw:commentRss>https://elucid.media/environnement/l-ecologie-du-spectacle-est-aveugle-a-la-critique-du-capitalisme-clement-senechal/feed</wfw:commentRss>
			<slash:comments>5</slash:comments>
		
		
		
<media:content xmlns:media="http://search.yahoo.com/mrss/" medium="image" type="image/jpeg" url="https://elucid.media/wp-content/uploads/2025/01/ecologie-spectacle-aveugle-critique-capitalisme-clement-senechal-elucid-2-400x225.jpg" width="400" height="225" />
<enclosure url="https://elucid.media/wp-content/uploads/2025/01/ecologie-spectacle-aveugle-critique-capitalisme-clement-senechal-elucid-2-400x225.jpg" length="25666" type="image/jpeg" />
	</item>
		<item>
		<title>« Vous êtes responsable de votre bonheur ! » : une pensée au service du néolibéralisme</title>
		<link>https://elucid.media/societe/vous-etes-responsable-de-votre-bonheur-une-pensee-au-service-du-neoliberalisme</link>
					<comments>https://elucid.media/societe/vous-etes-responsable-de-votre-bonheur-une-pensee-au-service-du-neoliberalisme#comments</comments>
		
		<dc:creator><![CDATA[Carla Costantini]]></dc:creator>
		<pubDate>Sat, 01 Feb 2025 09:32:18 +0000</pubDate>
				<category><![CDATA[Sociologie]]></category>
		<category><![CDATA[Société]]></category>
		<guid isPermaLink="false">https://elucid.media/?post_type=elucid_custom_posts&#038;p=76443</guid>

					<description><![CDATA[La pensée positive n'est pas inoffensive, c'est une idéologie conçue pour nous façonner au service du néolibéralisme
<p><a href="https://elucid.media/societe/vous-etes-responsable-de-votre-bonheur-une-pensee-au-service-du-neoliberalisme" rel="nofollow">Source</a></p>]]></description>
		
					<wfw:commentRss>https://elucid.media/societe/vous-etes-responsable-de-votre-bonheur-une-pensee-au-service-du-neoliberalisme/feed</wfw:commentRss>
			<slash:comments>7</slash:comments>
		
		
		<category>free</category>
<media:content xmlns:media="http://search.yahoo.com/mrss/" medium="image" type="image/jpeg" url="https://elucid.media/wp-content/uploads/2025/02/vignette-neyrand-manipulation-esprit-400x225.jpg" width="400" height="225" />
<enclosure url="https://elucid.media/wp-content/uploads/2025/02/vignette-neyrand-manipulation-esprit-400x225.jpg" length="27000" type="image/jpeg" />
	</item>
		<item>
		<title>« Le narcissisme de Macron est fondamentalement pervers » - Marc Joly</title>
		<link>https://elucid.media/democratie/le-narcissisme-de-macron-est-fondamentalement-pervers-marc-joly</link>
					<comments>https://elucid.media/democratie/le-narcissisme-de-macron-est-fondamentalement-pervers-marc-joly#comments</comments>
		
		<dc:creator><![CDATA[Laurent Ottavi]]></dc:creator>
		<pubDate>Sat, 01 Feb 2025 02:00:03 +0000</pubDate>
				<category><![CDATA[Dérives autoritaires]]></category>
		<category><![CDATA[Démocratie]]></category>
		<category><![CDATA[Politique]]></category>
		<category><![CDATA[Gouvernement]]></category>
		<category><![CDATA[Institutions]]></category>
		<guid isPermaLink="false">https://elucid.media/?post_type=elucid_custom_posts&#038;p=75615</guid>

					<description><![CDATA[La perversion est au cœur de l’organisation psychique et du rapport à l’autre de Macron, nourris par le présidentialisme
<p><a href="https://elucid.media/democratie/le-narcissisme-de-macron-est-fondamentalement-pervers-marc-joly" rel="nofollow">Source</a></p>]]></description>
		
					<wfw:commentRss>https://elucid.media/democratie/le-narcissisme-de-macron-est-fondamentalement-pervers-marc-joly/feed</wfw:commentRss>
			<slash:comments>13</slash:comments>
		
		
		<category>free</category>
<media:content xmlns:media="http://search.yahoo.com/mrss/" medium="image" type="image/jpeg" url="https://elucid.media/wp-content/uploads/2025/01/pensee-perverse-narcissisme-emmanuel-macron-pervers-marc-joly-elucid-400x225.jpg" width="400" height="225" />
<enclosure url="https://elucid.media/wp-content/uploads/2025/01/pensee-perverse-narcissisme-emmanuel-macron-pervers-marc-joly-elucid-400x225.jpg" length="21835" type="image/jpeg" />
	</item>
		<item>
		<title>Le jeu dangereux de la France avec l’Algérie : l’escalade continue</title>
		<link>https://elucid.media/politique/le-jeu-dangereux-de-la-france-avec-l-algerie-l-escalade-continue</link>
					<comments>https://elucid.media/politique/le-jeu-dangereux-de-la-france-avec-l-algerie-l-escalade-continue#comments</comments>
		
		<dc:creator><![CDATA[Paul Fernandez-Mateo]]></dc:creator>
		<pubDate>Fri, 31 Jan 2025 06:10:38 +0000</pubDate>
				<category><![CDATA[Relations Internationales]]></category>
		<category><![CDATA[Politique]]></category>
		<category><![CDATA[International]]></category>
		<guid isPermaLink="false">https://elucid.media/?post_type=elucid_custom_posts&#038;p=76537</guid>

					<description><![CDATA[La crise franco-algérienne a pour source l’alignement de Macron sur la position américaine à propos du Sahara occidental
<p><a href="https://elucid.media/politique/le-jeu-dangereux-de-la-france-avec-l-algerie-l-escalade-continue" rel="nofollow">Source</a></p>]]></description>
		
					<wfw:commentRss>https://elucid.media/politique/le-jeu-dangereux-de-la-france-avec-l-algerie-l-escalade-continue/feed</wfw:commentRss>
			<slash:comments>16</slash:comments>
		
		
		
<media:content xmlns:media="http://search.yahoo.com/mrss/" medium="image" type="image/jpeg" url="https://elucid.media/wp-content/uploads/2025/01/jeu-dangereux-france-algerie-escalade-continue-elucid-e1738255149328-400x225.jpg" width="400" height="225" />
<enclosure url="https://elucid.media/wp-content/uploads/2025/01/jeu-dangereux-france-algerie-escalade-continue-elucid-e1738255149328-400x225.jpg" length="15246" type="image/jpeg" />
	</item>
		<item>
		<title>L&#039;illusion du bloc bourgeois - Bruno Amable, Stefano Palombarini</title>
		<link>https://elucid.media/podcast-resume-livre/l-illusion-du-bloc-bourgeois-bruno-amable-stefano-palombarini</link>
					<comments>https://elucid.media/podcast-resume-livre/l-illusion-du-bloc-bourgeois-bruno-amable-stefano-palombarini#comments</comments>
		
		<dc:creator><![CDATA[Flore Bosq]]></dc:creator>
		<pubDate>Fri, 31 Jan 2025 05:35:08 +0000</pubDate>
				<category><![CDATA[Vie des Partis]]></category>
		<category><![CDATA[Politique]]></category>
		<category><![CDATA[Partis]]></category>
		<guid isPermaLink="false">https://elucid.media/?post_type=elucid_custom_posts&#038;p=74447</guid>

					<description><![CDATA[À l'origine de la crise politique française, se trouve l'éclatement des partis traditionnels au profit du bloc bourgeois
<p><a href="https://elucid.media/podcast-resume-livre/l-illusion-du-bloc-bourgeois-bruno-amable-stefano-palombarini" rel="nofollow">Source</a></p>]]></description>
		
					<wfw:commentRss>https://elucid.media/podcast-resume-livre/l-illusion-du-bloc-bourgeois-bruno-amable-stefano-palombarini/feed</wfw:commentRss>
			<slash:comments>1</slash:comments>
		
		
		
<media:content xmlns:media="http://search.yahoo.com/mrss/" medium="image" type="image/jpeg" url="https://elucid.media/wp-content/uploads/2025/01/amable-bruno-palombarini-stefano-illusion-bloc-bourgeois-400x225.jpg" width="400" height="225" />
<enclosure url="https://elucid.media/wp-content/uploads/2025/01/amable-bruno-palombarini-stefano-illusion-bloc-bourgeois-400x225.jpg" length="12006" type="image/jpeg" />
	</item>
		<item>
		<title>La dette publique des États-Unis 2024</title>
		<link>https://elucid.media/analyse-graphique/dette-publique-etats-unis/l-economie-americaine-est-menacee-par-un-deficit-public-hors-de-controle</link>
					<comments>https://elucid.media/analyse-graphique/dette-publique-etats-unis/l-economie-americaine-est-menacee-par-un-deficit-public-hors-de-controle#comments</comments>
		
		<dc:creator><![CDATA[Olivier Berruyer]]></dc:creator>
		<pubDate>Thu, 30 Jan 2025 05:35:00 +0000</pubDate>
				<category><![CDATA[Économie]]></category>
		<category><![CDATA[Budget, Dette publique]]></category>
		<category><![CDATA[Finances Publiques]]></category>
		<category><![CDATA[Budget - Dette publique]]></category>
		<guid isPermaLink="false">https://elucid.media/?post_type=elucid_custom_posts&#038;p=76535</guid>

					<description><![CDATA[Le néolibéralisme, la polarisation politique et l'hubris des États-Unis ont détruit toute gestion saine des finances
<p><a href="https://elucid.media/analyse-graphique/dette-publique-etats-unis/l-economie-americaine-est-menacee-par-un-deficit-public-hors-de-controle" rel="nofollow">Source</a></p>]]></description>
		
					<wfw:commentRss>https://elucid.media/analyse-graphique/dette-publique-etats-unis/l-economie-americaine-est-menacee-par-un-deficit-public-hors-de-controle/feed</wfw:commentRss>
			<slash:comments>6</slash:comments>
		
		
		
<media:content xmlns:media="http://search.yahoo.com/mrss/" medium="image" type="image/jpeg" url="https://elucid.media/wp-content/uploads/2025/01/economie-americaine-menacee-deficit-public-hors-controle-2025-400x225.jpg" width="400" height="225" />
<enclosure url="https://elucid.media/wp-content/uploads/2025/01/economie-americaine-menacee-deficit-public-hors-controle-2025-400x225.jpg" length="18461" type="image/jpeg" />
	</item>
		<item>
		<title>La sacralité n’est pas religieuse, elle est « anthropolitique »</title>
		<link>https://elucid.media/societe/la-sacralite-n-est-pas-religieuse-elle-est-anthropolitique</link>
					<comments>https://elucid.media/societe/la-sacralite-n-est-pas-religieuse-elle-est-anthropolitique#comments</comments>
		
		<dc:creator><![CDATA[Marc Weinstein]]></dc:creator>
		<pubDate>Wed, 29 Jan 2025 05:35:23 +0000</pubDate>
				<category><![CDATA[Sociologie]]></category>
		<category><![CDATA[Société]]></category>
		<category><![CDATA[Religion]]></category>
		<guid isPermaLink="false">https://elucid.media/?post_type=elucid_custom_posts&#038;p=74567</guid>

					<description><![CDATA[Le refoulement de la sacralité anthropolitique via la religion techno-économique est pourvoyeur de fanatismes
<p><a href="https://elucid.media/societe/la-sacralite-n-est-pas-religieuse-elle-est-anthropolitique" rel="nofollow">Source</a></p>]]></description>
		
					<wfw:commentRss>https://elucid.media/societe/la-sacralite-n-est-pas-religieuse-elle-est-anthropolitique/feed</wfw:commentRss>
			<slash:comments>7</slash:comments>
		
		
		
<media:content xmlns:media="http://search.yahoo.com/mrss/" medium="image" type="image/jpeg" url="https://elucid.media/wp-content/uploads/2025/01/declaration-des-droits-de-lhomme-et-du-citoyen-b9a477-e1735918450883-400x225.jpg" width="400" height="225" />
<enclosure url="https://elucid.media/wp-content/uploads/2025/01/declaration-des-droits-de-lhomme-et-du-citoyen-b9a477-e1735918450883-400x225.jpg" length="26237" type="image/jpeg" />
	</item>
		<item>
		<title>« Le bilan du président Jimmy Carter est sanglant et lamentable » - Chris Hedges</title>
		<link>https://elucid.media/democratie/le-bilan-du-president-jimmy-carter-est-sanglant-et-lamentable-chris-hedges</link>
					<comments>https://elucid.media/democratie/le-bilan-du-president-jimmy-carter-est-sanglant-et-lamentable-chris-hedges#comments</comments>
		
		<dc:creator><![CDATA[Chris Hedges]]></dc:creator>
		<pubDate>Tue, 28 Jan 2025 05:35:26 +0000</pubDate>
				<category><![CDATA[Dérives autoritaires]]></category>
		<category><![CDATA[Droits de l'homme]]></category>
		<category><![CDATA[Démocratie]]></category>
		<category><![CDATA[Politique]]></category>
		<category><![CDATA[International]]></category>
		<category><![CDATA[Relations Internationales]]></category>
		<guid isPermaLink="false">https://elucid.media/?post_type=elucid_custom_posts&#038;p=76087</guid>

					<description><![CDATA[Des guerres désastreuses par procuration, une trahison envers les Palestiniens et une soumission aux grandes entreprises
<p><a href="https://elucid.media/democratie/le-bilan-du-president-jimmy-carter-est-sanglant-et-lamentable-chris-hedges" rel="nofollow">Source</a></p>]]></description>
		
					<wfw:commentRss>https://elucid.media/democratie/le-bilan-du-president-jimmy-carter-est-sanglant-et-lamentable-chris-hedges/feed</wfw:commentRss>
			<slash:comments>4</slash:comments>
		
		
		<category>free</category>
<media:content xmlns:media="http://search.yahoo.com/mrss/" medium="image" type="image/jpeg" url="https://elucid.media/wp-content/uploads/2025/01/bilan-president-jimmy-carter-sanglant-lamentable-chris-hedges-elucid-400x225.jpg" width="400" height="225" />
<enclosure url="https://elucid.media/wp-content/uploads/2025/01/bilan-president-jimmy-carter-sanglant-lamentable-chris-hedges-elucid-400x225.jpg" length="22109" type="image/jpeg" />
	</item>
	</channel>
</rss>

<!--
Performance optimized by W3 Total Cache. Learn more: https://www.boldgrid.com/w3-total-cache/

Object Caching 302/305 objects using memcached
Page Caching using disk 
Minified using disk

Served from: elucid.media @ 2025-02-12 09:45:19 by W3 Total Cache
-->