<?xml version="1.0" encoding="utf-8"?>
<rss version="2.0" xmlns:atom="http://www.w3.org/2005/Atom">
    <channel>
        <title>Home Côte dAzur - actualités</title>
        <link>https://www.bfmtv.com/cote-d-azur/</link>
        <description>Suivez l'actualité de BFM Côte d'Azur, le direct TV, le trafic en temps réel, la météo, les faits divers et vos émissions préférées avec BFM Côte d'Azur.</description>
        <lastBuildDate>Wed, 12 Feb 2025 08:48:34 GMT</lastBuildDate>
        <docs>http://blogs.law.harvard.edu/tech/rss</docs>
        <generator>BFMTV</generator>
        <language>fr</language>
        <image>
            <title>Home Côte dAzur - actualités</title>
            <url>https://www.bfmtv.com/assets/v11/images/BFMTV_default_16x9.8715a163008e9f3fc3799c8e2c6ebafa.jpg</url>
            <link>https://www.bfmtv.com/cote-d-azur/</link>
        </image>
        <copyright>Copyright BFMTV</copyright>
        <category>Home Côte dAzur - actualités</category>
        <atom:link href="https://www.bfmtv.com/cote-d-azur/" rel="self" type="application/rss+xml"/>
        <item>
            <title><![CDATA[Carnaval de Nice: corsi, batailles de fleurs, circulation… Tout ce qu'il faut savoir sur l'édition 2025]]></title>
            <link>https://www.bfmtv.com/cote-d-azur/carnaval-de-nice-corsi-batailles-de-fleurs-circulation-tout-ce-qu-il-faut-savoir-sur-l-edition-2025_AN-202502120031.html</link>
            <guid>https://www.bfmtv.com/cote-d-azur/carnaval-de-nice-corsi-batailles-de-fleurs-circulation-tout-ce-qu-il-faut-savoir-sur-l-edition-2025_AN-202502120031.html</guid>
            <pubDate>Wed, 12 Feb 2025 08:04:00 GMT</pubDate>
            <description><![CDATA[Le carnaval de Nice revient dès ce 12 février pour deux semaines et demie de festivités, sous le thème du "Roi des océans". BFMTV.com vous résume tout ce qu'il faut savoir avant le lancement de l'événement.<br /><br /><img src="https://images.bfmtv.com/xAZbexwq0AQimQrmatwt37wc9bI=/0x105:2048x1257/800x0/images/Des-danseurs-lors-de-l-edition-2024-du-carnaval-de-Nice-1808963.jpg" />]]></description>
            <enclosure url="https://images.bfmtv.com/xAZbexwq0AQimQrmatwt37wc9bI=/0x105:2048x1257/800x0/images/Des-danseurs-lors-de-l-edition-2024-du-carnaval-de-Nice-1808963.jpg" length="0" type="image/jpg"/>
        </item>
        <item>
            <title><![CDATA[JO d'hiver, carnaval de Nice et tensions pré-municipales au menu du Café pol']]></title>
            <link>https://www.bfmtv.com/cote-d-azur/replay-emissions/bonjour-cote-d-azur/jo-d-hiver-carnaval-de-nice-et-tensions-pre-municipales-au-menu-du-cafe-pol_VN-202502120260.html</link>
            <guid>https://www.bfmtv.com/cote-d-azur/replay-emissions/bonjour-cote-d-azur/jo-d-hiver-carnaval-de-nice-et-tensions-pre-municipales-au-menu-du-cafe-pol_VN-202502120260.html</guid>
            <pubDate>Wed, 12 Feb 2025 07:30:23 GMT</pubDate>
            <description><![CDATA[La présidence des Jeux d'hiver 2030, la sécurité du carnaval de Nice, le tacle de Ciotti à Estrosi et le duel Juhel-Masson: le menu du Café pol' de ce mercredi.<br /><br /><img src="https://images.bfmtv.com/6vumBe5UmzRWdAu-_TKmVeJvvNY=/0x0:1280x720/800x0/images/JO-d-hiver-carnaval-de-Nice-et-tensions-pre-municipales-au-menu-du-Cafe-pol-2031856.jpg" />]]></description>
            <enclosure url="https://images.bfmtv.com/6vumBe5UmzRWdAu-_TKmVeJvvNY=/0x0:1280x720/800x0/images/JO-d-hiver-carnaval-de-Nice-et-tensions-pre-municipales-au-menu-du-Cafe-pol-2031856.jpg" length="0" type="image/jpg"/>
        </item>
        <item>
            <title><![CDATA[Nice: Transcan s'implante sous la place Massena]]></title>
            <link>https://www.bfmtv.com/cote-d-azur/replay-emissions/bonjour-cote-d-azur/nice-transcan-s-implante-sous-la-place-massena_VN-202502120184.html</link>
            <guid>https://www.bfmtv.com/cote-d-azur/replay-emissions/bonjour-cote-d-azur/nice-transcan-s-implante-sous-la-place-massena_VN-202502120184.html</guid>
            <pubDate>Wed, 12 Feb 2025 06:36:12 GMT</pubDate>
            <description><![CDATA[Franck Cannata, fondateur et gérant de Transcan, était l'invité de BFM Nice Côte d'Azur.<br /><br /><img src="https://images.bfmtv.com/8437rfw7C2x29q8Ut5vgN7MgjCY=/0x0:1280x720/800x0/images/Nice-Transcan-s-implante-sous-la-place-Massena-2031800.jpg" />]]></description>
            <enclosure url="https://images.bfmtv.com/8437rfw7C2x29q8Ut5vgN7MgjCY=/0x0:1280x720/800x0/images/Nice-Transcan-s-implante-sous-la-place-Massena-2031800.jpg" length="0" type="image/jpg"/>
        </item>
        <item>
            <title><![CDATA[Mandelieu-la-Napoule: coup d'envoi de la fête du mimosa]]></title>
            <link>https://www.bfmtv.com/cote-d-azur/replay-emissions/bonjour-cote-d-azur/mandelieu-la-napoule-coup-d-envoi-de-la-fete-du-mimosa_VN-202502120175.html</link>
            <guid>https://www.bfmtv.com/cote-d-azur/replay-emissions/bonjour-cote-d-azur/mandelieu-la-napoule-coup-d-envoi-de-la-fete-du-mimosa_VN-202502120175.html</guid>
            <pubDate>Wed, 12 Feb 2025 06:29:56 GMT</pubDate>
            <description><![CDATA[La fête du mimosa démarre ce mercredi à Mandelieu-la-Napoule. Retour sur l'histoire de cette fleur. <br /><br /><img src="https://images.bfmtv.com/arHAqmlaajq8b4R0G_updeGqwWs=/0x0:1280x720/800x0/images/Mandelieu-la-Napoule-coup-d-envoi-de-la-fete-du-mimosa-2031794.jpg" />]]></description>
            <enclosure url="https://images.bfmtv.com/arHAqmlaajq8b4R0G_updeGqwWs=/0x0:1280x720/800x0/images/Mandelieu-la-Napoule-coup-d-envoi-de-la-fete-du-mimosa-2031794.jpg" length="0" type="image/jpg"/>
        </item>
        <item>
            <title><![CDATA[Immigration dans les Alpes-Maritimes: le préfet plaide pour un nouveau centre de rétention]]></title>
            <link>https://www.bfmtv.com/cote-d-azur/replay-emissions/bonjour-cote-d-azur/immigration-dans-les-alpes-maritimes-le-prefet-plaide-pour-un-nouveau-centre-de-retention_VN-202502120165.html</link>
            <guid>https://www.bfmtv.com/cote-d-azur/replay-emissions/bonjour-cote-d-azur/immigration-dans-les-alpes-maritimes-le-prefet-plaide-pour-un-nouveau-centre-de-retention_VN-202502120165.html</guid>
            <pubDate>Wed, 12 Feb 2025 06:26:12 GMT</pubDate>
            <description><![CDATA[Le préfet du département s'est félicité du bilan de l'année 2024 et présenté ses objectifs pour 2025. <br /><br /><img src="https://images.bfmtv.com/LkNM2scKcxmxGfK_E9ehXptJbFw=/0x0:1280x720/800x0/images/Immigration-dans-les-Alpes-Maritimes-le-prefet-plaide-pour-un-nouveau-centre-de-retention-2031784.jpg" />]]></description>
            <enclosure url="https://images.bfmtv.com/LkNM2scKcxmxGfK_E9ehXptJbFw=/0x0:1280x720/800x0/images/Immigration-dans-les-Alpes-Maritimes-le-prefet-plaide-pour-un-nouveau-centre-de-retention-2031784.jpg" length="0" type="image/jpg"/>
        </item>
        <item>
            <title><![CDATA[Procès de l'attentat de la basilique de Nice: l'accusé sort du silence]]></title>
            <link>https://www.bfmtv.com/cote-d-azur/replay-emissions/bonjour-cote-d-azur/proces-de-l-attentat-de-la-basilique-de-nice-l-accuse-sort-du-silence_VN-202502120158.html</link>
            <guid>https://www.bfmtv.com/cote-d-azur/replay-emissions/bonjour-cote-d-azur/proces-de-l-attentat-de-la-basilique-de-nice-l-accuse-sort-du-silence_VN-202502120158.html</guid>
            <pubDate>Wed, 12 Feb 2025 06:20:33 GMT</pubDate>
            <description><![CDATA[Au second jour du procès de l'attentat à la basilique de Nice ce mardi 11 février, Brahim Aouissaoui, accusé du meurtre de trois personnes à coups de couteau a affirmé devant la cour d'assises spéciale de Paris que "le musulman a le droit de tuer celui qui le tue".<br /><br /><img src="https://images.bfmtv.com/qhUxmsCyEEI5OjGqBX_E7GXt0Xk=/0x0:1280x720/800x0/images/Proces-de-l-attentat-de-la-basilique-de-Nice-l-accuse-sort-du-silence-2031778.jpg" />]]></description>
            <enclosure url="https://images.bfmtv.com/qhUxmsCyEEI5OjGqBX_E7GXt0Xk=/0x0:1280x720/800x0/images/Proces-de-l-attentat-de-la-basilique-de-Nice-l-accuse-sort-du-silence-2031778.jpg" length="0" type="image/jpg"/>
        </item>
        <item>
            <title><![CDATA[Nice: le carnaval s'invite dans les quartiers]]></title>
            <link>https://www.bfmtv.com/cote-d-azur/replay-emissions/bonjour-cote-d-azur/nice-le-carnaval-s-invite-dans-les-quartiers_VN-202502120154.html</link>
            <guid>https://www.bfmtv.com/cote-d-azur/replay-emissions/bonjour-cote-d-azur/nice-le-carnaval-s-invite-dans-les-quartiers_VN-202502120154.html</guid>
            <pubDate>Wed, 12 Feb 2025 06:17:41 GMT</pubDate>
            <description><![CDATA[Le coup d'envoi du carnaval sera donné ce mercredi à Nice. Des carnavals de quartiers sont aussi organisés cette semaine.<br /><br /><img src="https://images.bfmtv.com/_hJZeMDCgm4IsyeQAngQD9VaFbg=/0x0:1280x720/800x0/images/Nice-le-carnaval-s-invite-dans-les-quartiers-2031775.jpg" />]]></description>
            <enclosure url="https://images.bfmtv.com/_hJZeMDCgm4IsyeQAngQD9VaFbg=/0x0:1280x720/800x0/images/Nice-le-carnaval-s-invite-dans-les-quartiers-2031775.jpg" length="0" type="image/jpg"/>
        </item>
        <item>
            <title><![CDATA[Ligue des champions: Monaco retrouve Benfica]]></title>
            <link>https://www.bfmtv.com/cote-d-azur/replay-emissions/bonjour-cote-d-azur/ligue-des-champions-monaco-retrouve-benfica_VN-202502120132.html</link>
            <guid>https://www.bfmtv.com/cote-d-azur/replay-emissions/bonjour-cote-d-azur/ligue-des-champions-monaco-retrouve-benfica_VN-202502120132.html</guid>
            <pubDate>Wed, 12 Feb 2025 06:05:43 GMT</pubDate>
            <description><![CDATA[Monaco affrontera Benfica ce mercredi à domicile pour tenter de se qualifier en 8e de finale.<br /><br /><img src="https://images.bfmtv.com/AiaGYCdMCkP8ZVHvB6mT339ZFVI=/0x0:1280x720/800x0/images/Ligue-des-champions-Monaco-retrouve-Benfica-2031761.jpg" />]]></description>
            <enclosure url="https://images.bfmtv.com/AiaGYCdMCkP8ZVHvB6mT339ZFVI=/0x0:1280x720/800x0/images/Ligue-des-champions-Monaco-retrouve-Benfica-2031761.jpg" length="0" type="image/jpg"/>
        </item>
        <item>
            <title><![CDATA[Incendie à Las Planas: les riverains s'interrogent sur le temps d'intervention des pompiers]]></title>
            <link>https://www.bfmtv.com/cote-d-azur/replay-emissions/bonjour-cote-d-azur/incendie-a-las-planas-les-riverains-s-interrogent-sur-le-temps-d-intervention-des-pompiers_VN-202502120112.html</link>
            <guid>https://www.bfmtv.com/cote-d-azur/replay-emissions/bonjour-cote-d-azur/incendie-a-las-planas-les-riverains-s-interrogent-sur-le-temps-d-intervention-des-pompiers_VN-202502120112.html</guid>
            <pubDate>Wed, 12 Feb 2025 05:54:13 GMT</pubDate>
            <description><![CDATA[Pour certains riverains, le délai d'arrivée des pompiers sur le lieu de l'incendie meurtrier à Las Planas a été très long. Selon les pompiers, ce temps est dans la moyenne départementale. <br /><br /><img src="https://images.bfmtv.com/hrFxbKUQC8hoect2pj2UBOqjzSU=/0x0:1280x720/800x0/images/Incendie-a-Las-Planas-les-riverains-s-interrogent-sur-le-temps-d-intervention-des-pompiers-2031750.jpg" />]]></description>
            <enclosure url="https://images.bfmtv.com/hrFxbKUQC8hoect2pj2UBOqjzSU=/0x0:1280x720/800x0/images/Incendie-a-Las-Planas-les-riverains-s-interrogent-sur-le-temps-d-intervention-des-pompiers-2031750.jpg" length="0" type="image/jpg"/>
        </item>
        <item>
            <title><![CDATA[Alpes-Maritimes: un homme soupçonné de tentative de meurtre dans le tramway de Nice a été arrêté]]></title>
            <link>https://www.bfmtv.com/cote-d-azur/alpes-maritimes-un-homme-soupconne-de-tentative-de-meurtre-dans-le-tramway-de-nice-a-ete-arrete_AN-202502110904.html</link>
            <guid>https://www.bfmtv.com/cote-d-azur/alpes-maritimes-un-homme-soupconne-de-tentative-de-meurtre-dans-le-tramway-de-nice-a-ete-arrete_AN-202502110904.html</guid>
            <pubDate>Tue, 11 Feb 2025 21:47:08 GMT</pubDate>
            <description><![CDATA[Une personne soupçonnée d'avoir porté plusieurs coups de couteau à un homme dans le tramway de Nice le week-end dernier a été arrêté ce mardi 11 février.<br /><br /><img src="https://images.bfmtv.com/xxvxGeQLRNQM3kkmeionTTzqbQ0=/4x3:2324x1308/800x0/images/-71998.jpg" />]]></description>
            <enclosure url="https://images.bfmtv.com/xxvxGeQLRNQM3kkmeionTTzqbQ0=/4x3:2324x1308/800x0/images/-71998.jpg" length="0" type="image/jpg"/>
        </item>
        <item>
            <title><![CDATA[Ligue Magnus: les Spartiates de Marseille s'imposent 2-3 chez les Aigles de Nice]]></title>
            <link>https://www.bfmtv.com/cote-d-azur/sport/ligue-magnus-les-spartiates-de-marseille-s-imposent-2-3-chez-les-aigles-de-nice_VN-202502110896.html</link>
            <guid>https://www.bfmtv.com/cote-d-azur/sport/ligue-magnus-les-spartiates-de-marseille-s-imposent-2-3-chez-les-aigles-de-nice_VN-202502110896.html</guid>
            <pubDate>Tue, 11 Feb 2025 21:26:23 GMT</pubDate>
            <description><![CDATA[Les Aigles de Nice ont perdu 2-3 contre les Spartiates de Marseille ce mardi 11 février lors de la 41e journée de Ligue Magnus.<br /><br /><img src="https://images.bfmtv.com/DugBZ1QGrMndNcmmHNvMuLqRgFU=/0x0:1280x720/800x0/images/Ligue-Magnus-les-Spartiates-de-Marseille-s-imposent-2-3-chez-les-Aigles-de-Nice-2031639.jpg" />]]></description>
            <enclosure url="https://images.bfmtv.com/DugBZ1QGrMndNcmmHNvMuLqRgFU=/0x0:1280x720/800x0/images/Ligue-Magnus-les-Spartiates-de-Marseille-s-imposent-2-3-chez-les-Aigles-de-Nice-2031639.jpg" length="0" type="image/jpg"/>
        </item>
        <item>
            <title><![CDATA[Procès de l'attentat de la basilique de Nice: l'accusé estime qu'il est "légitime" de "tuer ceux qui tuent les musulmans"]]></title>
            <link>https://www.bfmtv.com/cote-d-azur/proces-de-l-attentat-de-la-basilique-de-nice-l-accuse-estime-qu-il-est-legitime-de-tuer-ceux-qui-tuent-les-musulmans_AD-202502110876.html</link>
            <guid>https://www.bfmtv.com/cote-d-azur/proces-de-l-attentat-de-la-basilique-de-nice-l-accuse-estime-qu-il-est-legitime-de-tuer-ceux-qui-tuent-les-musulmans_AD-202502110876.html</guid>
            <pubDate>Tue, 11 Feb 2025 20:49:55 GMT</pubDate>
            <description><![CDATA[Au second jour du procès de l'attentat à la basilique de Nice ce mardi 11 février, Brahim Aouissaoui, accusé du meurtre de trois personnes à coups de couteau a affirmé devant la cour d'assises spéciale de Paris que "le musulman a le droit de tuer celui qui le tue".<br /><br /><img src="https://images.bfmtv.com/PdfLpu4KPSW36mBFt0m4DQNEHyE=/0x40:768x472/800x0/images/Des-policiers-devant-la-basilique-de-Nice-apres-une-attaque-au-couteau-le-29-octobre-2020-2030767.jpg" />]]></description>
            <enclosure url="https://images.bfmtv.com/PdfLpu4KPSW36mBFt0m4DQNEHyE=/0x40:768x472/800x0/images/Des-policiers-devant-la-basilique-de-Nice-apres-une-attaque-au-couteau-le-29-octobre-2020-2030767.jpg" length="0" type="image/jpg"/>
        </item>
        <item>
            <title><![CDATA[Carnaval de Nice]]></title>
            <link>https://www.bfmtv.com/cote-d-azur/carnaval-de-nice_DN-202402020489.html</link>
            <guid>https://www.bfmtv.com/cote-d-azur/carnaval-de-nice_DN-202402020489.html</guid>
            <pubDate>Tue, 11 Feb 2025 19:56:42 GMT</pubDate>
            <description><![CDATA[Événement historique, datant du Moyen Âge, le Carnaval de Nice se tient du 17 février au 3 mars 2024. Deux semaines de festivités avec ses célèbres corsi carnavalesques et ses traditionnelles "batailles de fleurs". Des milliers de participants sont attendus.<br /><br /><img src="https://images.bfmtv.com/FiITCUX-iyzqgC2xvKO22EK15Co=/0x105:2048x1257/800x0/images/La-reine-du-carnaval-de-Nice-2024-1808778.jpg" />]]></description>
            <enclosure url="https://images.bfmtv.com/FiITCUX-iyzqgC2xvKO22EK15Co=/0x105:2048x1257/800x0/images/La-reine-du-carnaval-de-Nice-2024-1808778.jpg" length="0" type="image/jpg"/>
        </item>
        <item>
            <title><![CDATA[JT du Sud du mardi 11 février]]></title>
            <link>https://www.bfmtv.com/cote-d-azur/replay-emissions/jt-du-sud/jt-du-sud-du-mardi-11-fevrier_VN-202502110820.html</link>
            <guid>https://www.bfmtv.com/cote-d-azur/replay-emissions/jt-du-sud/jt-du-sud-du-mardi-11-fevrier_VN-202502110820.html</guid>
            <pubDate>Tue, 11 Feb 2025 19:06:32 GMT</pubDate>
            <description><![CDATA[Retrouvez votre JT du Sud du mardi 11 février 2025 sur BFM Côte d'Azur.<br /><br /><img src="https://images.bfmtv.com/G-Mymx_UaQEcxJgjSbnvxBL_Wts=/0x0:1280x720/800x0/images/JT-du-Sud-du-mardi-11-fevrier-2031589.jpg" />]]></description>
            <enclosure url="https://images.bfmtv.com/G-Mymx_UaQEcxJgjSbnvxBL_Wts=/0x0:1280x720/800x0/images/JT-du-Sud-du-mardi-11-fevrier-2031589.jpg" length="0" type="image/jpg"/>
        </item>
        <item>
            <title><![CDATA[Revivez la rencontre de la 41e journée de Ligue Magnus entre les Aigles de Nice et les Spartiates de Marseille ]]></title>
            <link>https://www.bfmtv.com/cote-d-azur/sport/hockey-sur-glace-les-aigles-de-nice-affrontent-les-spartiates-de-marseille_VL-202502110814.html</link>
            <guid>https://www.bfmtv.com/cote-d-azur/sport/hockey-sur-glace-les-aigles-de-nice-affrontent-les-spartiates-de-marseille_VL-202502110814.html</guid>
            <pubDate>Tue, 11 Feb 2025 18:56:25 GMT</pubDate>
            <description><![CDATA[Les Aigles de Nice recevaient les Spartiates de Marseille à la patinoire Jean Bouin pour cette 41ᵉ journée de la Synerglace Ligue Magnus. Ils se sont inclinés 2-3.


Vous avez pu suivre en direct le match sur BFM Nice Côte d'Azur.<br /><br /><img src="https://images.bfmtv.com/exkqE_X2X0OHDzLspc1V9-iAWQ4=/0x0:1280x720/800x0/images/Revivez-la-rencontre-de-la-41e-journee-de-Ligue-Magnus-entre-les-Aigles-de-Nice-et-les-Spartiates-de-Marseille-2031669.jpg" />]]></description>
            <enclosure url="https://images.bfmtv.com/exkqE_X2X0OHDzLspc1V9-iAWQ4=/0x0:1280x720/800x0/images/Revivez-la-rencontre-de-la-41e-journee-de-Ligue-Magnus-entre-les-Aigles-de-Nice-et-les-Spartiates-de-Marseille-2031669.jpg" length="0" type="image/jpg"/>
        </item>
        <item>
            <title><![CDATA[Azur Business du mardi 11 février - 2024 : quel bilan pour l'innovation dans le 06 ? ]]></title>
            <link>https://www.bfmtv.com/cote-d-azur/replay-emissions/azur-business/azur-business-du-mardi-11-fevrier-2024-quel-bilan-pour-l-innovation-dans-le-06_VN-202502110737.html</link>
            <guid>https://www.bfmtv.com/cote-d-azur/replay-emissions/azur-business/azur-business-du-mardi-11-fevrier-2024-quel-bilan-pour-l-innovation-dans-le-06_VN-202502110737.html</guid>
            <pubDate>Tue, 11 Feb 2025 17:15:34 GMT</pubDate>
            <description><![CDATA[Retrouvez votre rendez-vous Azur Business du mardi 11 février avec le sujet du jour : 2024, quel bilan pour l'innovation dans le 06 ? <br /><br /><img src="https://images.bfmtv.com/7amRdz3uERzaoPOO6y36EbiTroQ=/0x0:1280x720/800x0/images/Azur-Business-du-mardi-11-fevrier-2024-quel-bilan-pour-l-innovation-dans-le-06-2031514.jpg" />]]></description>
            <enclosure url="https://images.bfmtv.com/7amRdz3uERzaoPOO6y36EbiTroQ=/0x0:1280x720/800x0/images/Azur-Business-du-mardi-11-fevrier-2024-quel-bilan-pour-l-innovation-dans-le-06-2031514.jpg" length="0" type="image/jpg"/>
        </item>
        <item>
            <title><![CDATA[Immigration dans les Alpes-Maritimes: des associations déplorent des expulsions "à tour de bras"]]></title>
            <link>https://www.bfmtv.com/cote-d-azur/replay-emissions/bonsoir-cote-d-azur/immigration-dans-les-alpes-maritimes-des-associations-deplorent-des-expulsions-a-tour-de-bras_VN-202502110714.html</link>
            <guid>https://www.bfmtv.com/cote-d-azur/replay-emissions/bonsoir-cote-d-azur/immigration-dans-les-alpes-maritimes-des-associations-deplorent-des-expulsions-a-tour-de-bras_VN-202502110714.html</guid>
            <pubDate>Tue, 11 Feb 2025 16:58:15 GMT</pubDate>
            <description><![CDATA[Président de l'association Tous Citoyens et membre du rassemblement Viva!, David Nakache estime que le préfet Hugues Moutouh cherche à "expulser à tour de bras". Il souhaite une politique migratoire sans "excès ni posture systèmatique". <br /><br /><img src="https://images.bfmtv.com/eFlrJG5yP6-KIV_2TBWDWg1W6W8=/0x0:1280x720/800x0/images/Immigration-dans-les-Alpes-Maritimes-des-associations-deplorent-des-expulsions-a-tour-de-bras-2031497.jpg" />]]></description>
            <enclosure url="https://images.bfmtv.com/eFlrJG5yP6-KIV_2TBWDWg1W6W8=/0x0:1280x720/800x0/images/Immigration-dans-les-Alpes-Maritimes-des-associations-deplorent-des-expulsions-a-tour-de-bras-2031497.jpg" length="0" type="image/jpg"/>
        </item>
        <item>
            <title><![CDATA[Marineland: une demande de transfert des orques vers un parc espagnol déposée "dans les prochains jours"]]></title>
            <link>https://www.bfmtv.com/cote-d-azur/marineland-une-demande-de-transfert-des-orques-vers-un-parc-espagnol-deposee-dans-les-prochains-jours_AN-202502110711.html</link>
            <guid>https://www.bfmtv.com/cote-d-azur/marineland-une-demande-de-transfert-des-orques-vers-un-parc-espagnol-deposee-dans-les-prochains-jours_AN-202502110711.html</guid>
            <pubDate>Tue, 11 Feb 2025 16:55:43 GMT</pubDate>
            <description><![CDATA[Le parc de Marineland d’Antibes a fermé définitivement ses portes le dimanche 5 janvier dernier. La question des deux dernières orques du site interrogeait les associations. Finalement, une demande de transfert vers un nouveau parc situé aux Canaries a été choisie.<br /><br /><img src="https://images.bfmtv.com/fTI4oj7YMVHhH-ksZOLfOJkTy5c=/4x3:1252x705/800x0/images/-133278.jpg" />]]></description>
            <enclosure url="https://images.bfmtv.com/fTI4oj7YMVHhH-ksZOLfOJkTy5c=/4x3:1252x705/800x0/images/-133278.jpg" length="0" type="image/jpg"/>
        </item>
        <item>
            <title><![CDATA[Alpes-Maritimes: Tous Citoyens déplore la "politique du chiffre" du préfet concernant l'immigration]]></title>
            <link>https://www.bfmtv.com/cote-d-azur/replay-emissions/bonsoir-cote-d-azur/alpes-maritimes-tous-citoyens-deplore-la-politique-du-chiffre-du-prefet-concernant-l-immigration_VN-202502110708.html</link>
            <guid>https://www.bfmtv.com/cote-d-azur/replay-emissions/bonsoir-cote-d-azur/alpes-maritimes-tous-citoyens-deplore-la-politique-du-chiffre-du-prefet-concernant-l-immigration_VN-202502110708.html</guid>
            <pubDate>Tue, 11 Feb 2025 16:53:36 GMT</pubDate>
            <description><![CDATA[Invité de Bonsoir la Côte d'Azur, David Nakache déplore la "politique du chiffre" du préfet Hugues Moutouh, qui a fait le bilan de l'immigration dans le département ce mardi 11 février 2024. Il estime que la préfecture "instruit à charge" les dossiers de régularisation pour atteindre des chiffres d'expulsions conséquents.<br /><br /><img src="https://images.bfmtv.com/UP0tIk3t8a87pfxIf3qZ70sQ2ew=/0x0:1280x720/800x0/images/Alpes-Maritimes-Tous-Citoyens-deplore-la-politique-du-chiffre-du-prefet-concernant-l-immigration-2031493.jpg" />]]></description>
            <enclosure url="https://images.bfmtv.com/UP0tIk3t8a87pfxIf3qZ70sQ2ew=/0x0:1280x720/800x0/images/Alpes-Maritimes-Tous-Citoyens-deplore-la-politique-du-chiffre-du-prefet-concernant-l-immigration-2031493.jpg" length="0" type="image/jpg"/>
        </item>
        <item>
            <title><![CDATA[Nice: un carnaval activiste et écologique pour l'édition 2025]]></title>
            <link>https://www.bfmtv.com/cote-d-azur/replay-emissions/bonsoir-cote-d-azur/nice-un-carnaval-activiste-et-ecologique-pour-l-edition-2025_VN-202502110699.html</link>
            <guid>https://www.bfmtv.com/cote-d-azur/replay-emissions/bonsoir-cote-d-azur/nice-un-carnaval-activiste-et-ecologique-pour-l-edition-2025_VN-202502110699.html</guid>
            <pubDate>Tue, 11 Feb 2025 16:45:19 GMT</pubDate>
            <description><![CDATA[Hommage à Paul Watson, dénonciation de la pollution... Plusieurs chars engagés défileront au carnaval de Nice, qui débute ce mercredi 12 février.<br /><br /><img src="https://images.bfmtv.com/eZYZ-s6xcIqPA7zxUJD85ZNg-dI=/0x0:1280x720/800x0/images/Nice-un-carnaval-activiste-et-ecologique-pour-l-edition-2025-2031486.jpg" />]]></description>
            <enclosure url="https://images.bfmtv.com/eZYZ-s6xcIqPA7zxUJD85ZNg-dI=/0x0:1280x720/800x0/images/Nice-un-carnaval-activiste-et-ecologique-pour-l-edition-2025-2031486.jpg" length="0" type="image/jpg"/>
        </item>
        <item>
            <title><![CDATA[Nice: une start-up récomensée au CES pour ses data centers]]></title>
            <link>https://www.bfmtv.com/cote-d-azur/replay-emissions/bonsoir-cote-d-azur/nice-une-start-up-recomensee-au-ces-pour-ses-data-centers_VN-202502110695.html</link>
            <guid>https://www.bfmtv.com/cote-d-azur/replay-emissions/bonsoir-cote-d-azur/nice-une-start-up-recomensee-au-ces-pour-ses-data-centers_VN-202502110695.html</guid>
            <pubDate>Tue, 11 Feb 2025 16:41:10 GMT</pubDate>
            <description><![CDATA[Une start-up niçoise spécialisée dans les data centers a été récompensée au CES de Las Vegas. Data Green permet de réaliser des data centers plus petits et donc plus écologiques.<br /><br /><img src="https://images.bfmtv.com/a90EZXVneepZlVSBmT2jyc2jSMo=/0x0:1280x720/800x0/images/Nice-une-start-up-recomensee-au-CES-pour-ses-data-centers-2031484.jpg" />]]></description>
            <enclosure url="https://images.bfmtv.com/a90EZXVneepZlVSBmT2jyc2jSMo=/0x0:1280x720/800x0/images/Nice-une-start-up-recomensee-au-CES-pour-ses-data-centers-2031484.jpg" length="0" type="image/jpg"/>
        </item>
        <item>
            <title><![CDATA[Cannes: la cryptomonnaie débarque dans les commerces]]></title>
            <link>https://www.bfmtv.com/cote-d-azur/replay-emissions/bonsoir-cote-d-azur/cannes-la-cryptomonnaie-debarque-dans-les-commerces_VN-202502110684.html</link>
            <guid>https://www.bfmtv.com/cote-d-azur/replay-emissions/bonsoir-cote-d-azur/cannes-la-cryptomonnaie-debarque-dans-les-commerces_VN-202502110684.html</guid>
            <pubDate>Tue, 11 Feb 2025 16:33:56 GMT</pubDate>
            <description><![CDATA[Les commerçants cannois s'ouvrent aux paiements en cryptomonnaie, sous l'impulsion du maire David Lisnard. Un "Digital Camp" consacré à la formation des professionnels à ce type de paiement était organisé ce mardi 11 février.<br /><br /><img src="https://images.bfmtv.com/IOnplMIPnlr7RZVgUtHcZc7LWcw=/0x0:1280x720/800x0/images/Cannes-la-cryptomonnaie-debarque-dans-les-commerces-2031477.jpg" />]]></description>
            <enclosure url="https://images.bfmtv.com/IOnplMIPnlr7RZVgUtHcZc7LWcw=/0x0:1280x720/800x0/images/Cannes-la-cryptomonnaie-debarque-dans-les-commerces-2031477.jpg" length="0" type="image/jpg"/>
        </item>
        <item>
            <title><![CDATA[Breil-sur-Roya: la commune enfin assurée, mais au prix fort]]></title>
            <link>https://www.bfmtv.com/cote-d-azur/replay-emissions/bonsoir-cote-d-azur/breil-sur-roya-la-commune-enfin-assuree-mais-au-prix-fort_VN-202502110675.html</link>
            <guid>https://www.bfmtv.com/cote-d-azur/replay-emissions/bonsoir-cote-d-azur/breil-sur-roya-la-commune-enfin-assuree-mais-au-prix-fort_VN-202502110675.html</guid>
            <pubDate>Tue, 11 Feb 2025 16:26:27 GMT</pubDate>
            <description><![CDATA[Les bâtiments communaux de Breil-sur-Roya sont enfin assurés, au prix d'un contrat court et très coûteux. La cotisation passe notamment de 15.000 à 100.000 euros et la franchise a fortement augmenté.<br /><br /><img src="https://images.bfmtv.com/F3evgeIXcO6loS0qDSWwyPCKudI=/0x0:1280x720/800x0/images/Breil-sur-Roya-la-commune-enfin-assuree-mais-au-prix-fort-2031469.jpg" />]]></description>
            <enclosure url="https://images.bfmtv.com/F3evgeIXcO6loS0qDSWwyPCKudI=/0x0:1280x720/800x0/images/Breil-sur-Roya-la-commune-enfin-assuree-mais-au-prix-fort-2031469.jpg" length="0" type="image/jpg"/>
        </item>
        <item>
            <title><![CDATA[Immigration: le préfet Hugues Moutouh fait le bilan de l'année 2024 dans les Alpes-Maritimes]]></title>
            <link>https://www.bfmtv.com/cote-d-azur/replay-emissions/bonsoir-cote-d-azur/immigration-le-prefet-hugues-moutouh-fait-le-bilan-de-l-annee-2024-dans-les-alpes-maritimes_VN-202502110663.html</link>
            <guid>https://www.bfmtv.com/cote-d-azur/replay-emissions/bonsoir-cote-d-azur/immigration-le-prefet-hugues-moutouh-fait-le-bilan-de-l-annee-2024-dans-les-alpes-maritimes_VN-202502110663.html</guid>
            <pubDate>Tue, 11 Feb 2025 16:18:00 GMT</pubDate>
            <description><![CDATA[Le préfet Hugues Moutouh a fait le bilan des chiffres de l'immigration dans les Alpes-Maritimes ce mardi 11 février. Les expulsions des personnes en situation irrégulière sont notamment en forte hausse.<br /><br /><img src="https://images.bfmtv.com/89NPNBd-aeIvIHFtgR8Q1gttBDI=/0x0:1280x720/800x0/images/Immigration-le-prefet-Hugues-Moutouh-fait-le-bilan-de-l-annee-2024-dans-les-Alpes-Maritimes-2031459.jpg" />]]></description>
            <enclosure url="https://images.bfmtv.com/89NPNBd-aeIvIHFtgR8Q1gttBDI=/0x0:1280x720/800x0/images/Immigration-le-prefet-Hugues-Moutouh-fait-le-bilan-de-l-annee-2024-dans-les-Alpes-Maritimes-2031459.jpg" length="0" type="image/jpg"/>
        </item>
        <item>
            <title><![CDATA[Centre international de Valbonne: pas de changement pour l'enseignement]]></title>
            <link>https://www.bfmtv.com/cote-d-azur/replay-emissions/le-12-17/centre-international-de-valbonne-pas-de-changement-pour-l-enseignement_VN-202502110431.html</link>
            <guid>https://www.bfmtv.com/cote-d-azur/replay-emissions/le-12-17/centre-international-de-valbonne-pas-de-changement-pour-l-enseignement_VN-202502110431.html</guid>
            <pubDate>Tue, 11 Feb 2025 11:22:58 GMT</pubDate>
            <description><![CDATA[Un accord a finalement été trouvé pour la section anglophone du centre international de Valbonne.<br /><br /><img src="https://images.bfmtv.com/T8MNu4o_q8fQ8l6SNLg0_1FNiKQ=/0x0:1280x720/800x0/images/Centre-international-de-Valbonne-pas-de-changement-pour-l-enseignement-2031288.jpg" />]]></description>
            <enclosure url="https://images.bfmtv.com/T8MNu4o_q8fQ8l6SNLg0_1FNiKQ=/0x0:1280x720/800x0/images/Centre-international-de-Valbonne-pas-de-changement-pour-l-enseignement-2031288.jpg" length="0" type="image/jpg"/>
        </item>
        <item>
            <title><![CDATA[Gérard Holtz à la tête des JO de 2030? "Il serait absolument idéal" ]]></title>
            <link>https://www.bfmtv.com/cote-d-azur/replay-emissions/bonjour-cote-d-azur/gerard-holtz-a-la-tete-des-jo-de-2030-il-serait-absolument-ideal_VN-202502110386.html</link>
            <guid>https://www.bfmtv.com/cote-d-azur/replay-emissions/bonjour-cote-d-azur/gerard-holtz-a-la-tete-des-jo-de-2030-il-serait-absolument-ideal_VN-202502110386.html</guid>
            <pubDate>Tue, 11 Feb 2025 10:24:54 GMT</pubDate>
            <description><![CDATA[Invitée de BFM Nice Côte d'Azur, Muriel Mayette-Holtz, directrice du TNN, réagit à la candidature de son mari, le journaliste Gérard Holtz, à la tête des JO d'hiver de 2030.<br /><br /><img src="https://images.bfmtv.com/FPEdkAgCA1fGFmmRBJCMUS_H57Q=/0x0:1280x720/800x0/images/Gerard-Holtz-a-la-tete-des-JO-de-2030-Il-serait-absolument-ideal-2031267.jpg" />]]></description>
            <enclosure url="https://images.bfmtv.com/FPEdkAgCA1fGFmmRBJCMUS_H57Q=/0x0:1280x720/800x0/images/Gerard-Holtz-a-la-tete-des-JO-de-2030-Il-serait-absolument-ideal-2031267.jpg" length="0" type="image/jpg"/>
        </item>
        <item>
            <title><![CDATA[Breil-sur-Roya: le maire a finalement trouvé un assureur pour la commune à un tarif "extrêmement défavorable"]]></title>
            <link>https://www.bfmtv.com/cote-d-azur/breil-sur-roya-le-maire-a-finalement-trouve-un-assureur-pour-la-commune-a-un-tarif-extremement-defavorable_AV-202502110346.html</link>
            <guid>https://www.bfmtv.com/cote-d-azur/breil-sur-roya-le-maire-a-finalement-trouve-un-assureur-pour-la-commune-a-un-tarif-extremement-defavorable_AV-202502110346.html</guid>
            <pubDate>Tue, 11 Feb 2025 09:39:13 GMT</pubDate>
            <description><![CDATA[Depuis le 31 décembre, la commune n'avait plus d'assureur pour ses bâtiments communaux. L'État a finalement obligé cinq assureurs à se regrouper pour les couvrir.<br /><br /><img src="https://images.bfmtv.com/qcCKUCl2i70ELOXzvQFynYJDUqo=/0x0:1920x1080/800x0/images/La-ville-de-Breil-sur-Roya-photo-d-archives-1737581.jpg" />]]></description>
            <enclosure url="https://images.bfmtv.com/qcCKUCl2i70ELOXzvQFynYJDUqo=/0x0:1920x1080/800x0/images/La-ville-de-Breil-sur-Roya-photo-d-archives-1737581.jpg" length="0" type="image/jpg"/>
        </item>
        <item>
            <title><![CDATA[Nice: une salle de théâtre au palais des expositions d'ici "5 ans"]]></title>
            <link>https://www.bfmtv.com/cote-d-azur/replay-emissions/bonjour-cote-d-azur/nice-une-salle-de-theatre-au-palais-des-expositions-d-ici-5-ans_VN-202502110287.html</link>
            <guid>https://www.bfmtv.com/cote-d-azur/replay-emissions/bonjour-cote-d-azur/nice-une-salle-de-theatre-au-palais-des-expositions-d-ici-5-ans_VN-202502110287.html</guid>
            <pubDate>Tue, 11 Feb 2025 08:15:18 GMT</pubDate>
            <description><![CDATA[Muriel Mayette-Holtz, directrice du Théâtre national de Nice, était l'invitée de BFM Nice Côte d'Azur. <br /><br /><img src="https://images.bfmtv.com/pq1fRVZFUNyRdRIh1od9Nw1rheM=/0x0:1280x720/800x0/images/Nice-une-salle-de-theatre-au-palais-des-expositions-d-ici-5-ans-2031198.jpg" />]]></description>
            <enclosure url="https://images.bfmtv.com/pq1fRVZFUNyRdRIh1od9Nw1rheM=/0x0:1280x720/800x0/images/Nice-une-salle-de-theatre-au-palais-des-expositions-d-ici-5-ans-2031198.jpg" length="0" type="image/jpg"/>
        </item>
        <item>
            <title><![CDATA[Nice: le festival de magie de retour au TNN]]></title>
            <link>https://www.bfmtv.com/cote-d-azur/replay-emissions/bonjour-cote-d-azur/nice-le-festival-de-magie-de-retour-au-tnn_VN-202502110281.html</link>
            <guid>https://www.bfmtv.com/cote-d-azur/replay-emissions/bonjour-cote-d-azur/nice-le-festival-de-magie-de-retour-au-tnn_VN-202502110281.html</guid>
            <pubDate>Tue, 11 Feb 2025 08:10:17 GMT</pubDate>
            <description><![CDATA[Muriel Mayette-Holtz, directrice du Théâtre national de Nice, était l'invitée de BFM Nice Côte d'Azur. <br /><br /><img src="https://images.bfmtv.com/JjDFdcSYXm_Z_u3jDMviwQvaqX0=/0x0:1280x720/800x0/images/Nice-le-festival-de-magie-de-retour-au-TNN-2031192.jpg" />]]></description>
            <enclosure url="https://images.bfmtv.com/JjDFdcSYXm_Z_u3jDMviwQvaqX0=/0x0:1280x720/800x0/images/Nice-le-festival-de-magie-de-retour-au-TNN-2031192.jpg" length="0" type="image/jpg"/>
        </item>
        <item>
            <title><![CDATA[Tempête Alex dans les Alpes-Maritimes: les ponts d'accès à Tende reconstruits et inaugurés]]></title>
            <link>https://www.bfmtv.com/cote-d-azur/replay-emissions/bonsoir-cote-d-azur/tempete-alex-dans-les-alpes-maritimes-les-ponts-d-acces-a-tende-reconstruits-et-inaugures_VN-202502110143.html</link>
            <guid>https://www.bfmtv.com/cote-d-azur/replay-emissions/bonsoir-cote-d-azur/tempete-alex-dans-les-alpes-maritimes-les-ponts-d-acces-a-tende-reconstruits-et-inaugures_VN-202502110143.html</guid>
            <pubDate>Tue, 11 Feb 2025 06:13:54 GMT</pubDate>
            <description><![CDATA[Ce lundi 10 février, les ponts du Bourg-Neuf et celui des 14 Arches à Tende ont été inaugurés. Ils ont été reconstruits après le passage dévastateur de la tempête Alex.<br /><br /><img src="https://images.bfmtv.com/tTOIOG3dcpLAPUzKKiP8ROC0LnY=/0x0:1280x720/800x0/images/Tempete-Alex-dans-les-Alpes-Maritimes-les-ponts-d-acces-a-Tende-reconstruits-et-inaugures-2031094.jpg" />]]></description>
            <enclosure url="https://images.bfmtv.com/tTOIOG3dcpLAPUzKKiP8ROC0LnY=/0x0:1280x720/800x0/images/Tempete-Alex-dans-les-Alpes-Maritimes-les-ponts-d-acces-a-Tende-reconstruits-et-inaugures-2031094.jpg" length="0" type="image/jpg"/>
        </item>
    </channel>
</rss>