<?xml version="1.0" encoding="utf-8"?>
<rss version="2.0" xmlns:atom="http://www.w3.org/2005/Atom">
    <channel>
        <title>Home Assurance Banque - actualités</title>
        <link>https://www.bfmtv.com/economie/entreprises/assurance-banque/</link>
        <description>Retrouvez toute l'actualité économique des entreprises du secteur bancaire et prévoyance en direct : investissement, crédit, prêt...  - BFM Business</description>
        <lastBuildDate>Wed, 12 Feb 2025 08:48:33 GMT</lastBuildDate>
        <docs>http://blogs.law.harvard.edu/tech/rss</docs>
        <generator>BFMTV</generator>
        <language>fr</language>
        <image>
            <title>Home Assurance Banque - actualités</title>
            <url>https://www.bfmtv.com/assets/v11/images/BFM_BUSINESS_default_16x9.1fe02e665ff091273c91059447a69de8.jpg</url>
            <link>https://www.bfmtv.com/economie/entreprises/assurance-banque/</link>
        </image>
        <copyright>Copyright BFMTV</copyright>
        <category>Home Assurance Banque - actualités</category>
        <atom:link href="https://www.bfmtv.com/economie/entreprises/assurance-banque/" rel="self" type="application/rss+xml"/>
        <item>
            <title><![CDATA[La mise en commun des distributeurs de billets de trois grandes banques s'accélère]]></title>
            <link>https://www.bfmtv.com/economie/entreprises/assurance-banque/la-mise-en-commun-des-distributeurs-de-billets-de-trois-grandes-banques-s-accelere_AD-202502110283.html</link>
            <guid>https://www.bfmtv.com/economie/entreprises/assurance-banque/la-mise-en-commun-des-distributeurs-de-billets-de-trois-grandes-banques-s-accelere_AD-202502110283.html</guid>
            <pubDate>Tue, 11 Feb 2025 08:11:30 GMT</pubDate>
            <description><![CDATA[La société commune aux trois groupes bancaires prévoit de passer d'environ 200 sites Cash Services opérationnels aujourd'hui à 300 à la fin du mois de février, plus de 1.000 fin juin et près de 3.000 sites fin 2025. <br /><br /><img src="https://images.bfmtv.com/X1uol0qNvtKVpaPPxeyOZt9YPPo=/7x52:1079x655/800x0/images/-322141.jpg" />]]></description>
            <enclosure url="https://images.bfmtv.com/X1uol0qNvtKVpaPPxeyOZt9YPPo=/7x52:1079x655/800x0/images/-322141.jpg" length="0" type="image/jpg"/>
        </item>
        <item>
            <title><![CDATA[Crues en Bretagne: un coût de 130 à 160 millions d'euros pour le régime des catastrophes naturelles]]></title>
            <link>https://www.bfmtv.com/economie/entreprises/assurance-banque/crues-en-bretagne-un-cout-de-130-a-160-millions-d-euros-pour-le-regime-des-catastrophes-naturelles_AD-202502060329.html</link>
            <guid>https://www.bfmtv.com/economie/entreprises/assurance-banque/crues-en-bretagne-un-cout-de-130-a-160-millions-d-euros-pour-le-regime-des-catastrophes-naturelles_AD-202502060329.html</guid>
            <pubDate>Thu, 06 Feb 2025 09:09:09 GMT</pubDate>
            <description><![CDATA[La Caisse centrale de réassurance estime que le coût des événements pris en charge dans le cadre du régime des catastrophes naturelles couvre "entre 6.000 et 8.000 sinistres habitations et professionnels assurés".<br /><br /><img src="https://images.bfmtv.com/t9Rn9SkOQ7rmQas4ysT0krGQgMs=/0x91:1024x667/800x0/images/Cette-photo-aerienne-montre-des-maisons-en-zone-inondee-apres-le-debordement-de-la-Vilaine-a-Guipry-Messac-le-27-janvier-2025-suite-a-de-fortes-pluies-2022215.jpg" />]]></description>
            <enclosure url="https://images.bfmtv.com/t9Rn9SkOQ7rmQas4ysT0krGQgMs=/0x91:1024x667/800x0/images/Cette-photo-aerienne-montre-des-maisons-en-zone-inondee-apres-le-debordement-de-la-Vilaine-a-Guipry-Messac-le-27-janvier-2025-suite-a-de-fortes-pluies-2022215.jpg" length="0" type="image/jpg"/>
        </item>
        <item>
            <title><![CDATA[Comment payer moins cher son assurance auto?]]></title>
            <link>https://www.bfmtv.com/economie/entreprises/assurance-banque/comment-payer-moins-cher-son-assurance-auto_VN-202502050163.html</link>
            <guid>https://www.bfmtv.com/economie/entreprises/assurance-banque/comment-payer-moins-cher-son-assurance-auto_VN-202502050163.html</guid>
            <pubDate>Wed, 05 Feb 2025 06:19:25 GMT</pubDate>
            <description><![CDATA[Les prix des assurances auto explosent avec une hausse de 6%. Sofiane Aklouf vous donne toutes ses astuces pour réduire les coûts, vous permettant d'économiser jusqu'à 396 euros à l'année.<br /><br /><img src="https://images.bfmtv.com/j_YvtVCQftYX594T_G3LwsAg8_E=/0x0:1280x720/800x0/images/Comment-payer-moins-cher-son-assurance-auto-2027515.jpg" />]]></description>
            <enclosure url="https://images.bfmtv.com/j_YvtVCQftYX594T_G3LwsAg8_E=/0x0:1280x720/800x0/images/Comment-payer-moins-cher-son-assurance-auto-2027515.jpg" length="0" type="image/jpg"/>
        </item>
        <item>
            <title><![CDATA[Les Français ont laissé moins d'argent sur les comptes courants en 2024]]></title>
            <link>https://www.bfmtv.com/economie/entreprises/assurance-banque/les-francais-ont-laisse-moins-d-argent-sur-les-comptes-courants-en-2024_AD-202502040514.html</link>
            <guid>https://www.bfmtv.com/economie/entreprises/assurance-banque/les-francais-ont-laisse-moins-d-argent-sur-les-comptes-courants-en-2024_AD-202502040514.html</guid>
            <pubDate>Tue, 04 Feb 2025 13:12:07 GMT</pubDate>
            <description><![CDATA[Selon la Banque de France, les dépôts à vue des Français ont diminué de 19 milliards d'euros en 2024, atteignant 549 milliards à la fin de l'année. Cette baisse se fait au profit des produits d'épargne rémunérateurs comme le livret A. <br /><br /><img src="https://images.bfmtv.com/sOnmkLBZgNRDJwvy6iPHsonXVFA=/0x93:2048x1245/800x0/images/LEP-1716340.jpg" />]]></description>
            <enclosure url="https://images.bfmtv.com/sOnmkLBZgNRDJwvy6iPHsonXVFA=/0x93:2048x1245/800x0/images/LEP-1716340.jpg" length="0" type="image/jpg"/>
        </item>
        <item>
            <title><![CDATA[La banque italienne UniCredit rachète une part d'"environ 4%" dans Generali]]></title>
            <link>https://www.bfmtv.com/economie/entreprises/assurance-banque/la-banque-italienne-uni-credit-rachete-une-part-d-environ-4-dans-generali_AD-202502020276.html</link>
            <guid>https://www.bfmtv.com/economie/entreprises/assurance-banque/la-banque-italienne-uni-credit-rachete-une-part-d-environ-4-dans-generali_AD-202502020276.html</guid>
            <pubDate>Sun, 02 Feb 2025 13:53:51 GMT</pubDate>
            <description><![CDATA[Selon Il Sole 24 Ore, la transaction est "avant tout imputable à des motifs financiers", dans la mesure où "le titre Generali vient de franchir la barre des 30 euros, atteignant son plus haut niveau depuis 2007", après la présentation de son plan stratégique.<br /><br /><img src="https://images.bfmtv.com/xcUw6ph6unw9DsrBwdYuimDM8kk=/4x67:1252x769/800x0/images/-458775.jpg" />]]></description>
            <enclosure url="https://images.bfmtv.com/xcUw6ph6unw9DsrBwdYuimDM8kk=/4x67:1252x769/800x0/images/-458775.jpg" length="0" type="image/jpg"/>
        </item>
        <item>
            <title><![CDATA[Du jamais vu depuis plus de 10 ans: l'assurance vie en pleine forme en 2024]]></title>
            <link>https://www.bfmtv.com/economie/entreprises/assurance-banque/du-jamais-vu-depuis-plus-de-10-ans-l-assurance-vie-en-pleine-forme-en-2024_AD-202501310608.html</link>
            <guid>https://www.bfmtv.com/economie/entreprises/assurance-banque/du-jamais-vu-depuis-plus-de-10-ans-l-assurance-vie-en-pleine-forme-en-2024_AD-202501310608.html</guid>
            <pubDate>Fri, 31 Jan 2025 13:06:28 GMT</pubDate>
            <description><![CDATA[Après une année 2023 difficile, l'assurance vie retrouve une grande forme en 2024. Un retour en grâce porté par des rendements plus attractifs, les épargnants français ayant déposé 29,4 milliards d'euros de plus qu'ils n'en ont retiré, soit 22 fois plus qu'en 2023.<br /><br /><img src="https://images.bfmtv.com/zKgpe66wBLtaMHq-FvLLS5IwQRs=/0x106:2048x1258/800x0/images/SCPI-et-assurance-vie-1742010.jpg" />]]></description>
            <enclosure url="https://images.bfmtv.com/zKgpe66wBLtaMHq-FvLLS5IwQRs=/0x106:2048x1258/800x0/images/SCPI-et-assurance-vie-1742010.jpg" length="0" type="image/jpg"/>
        </item>
        <item>
            <title><![CDATA[Comment les néobanques transforment les comptes courants en investissements rentables]]></title>
            <link>https://www.bfmtv.com/economie/entreprises/assurance-banque/comment-les-neobanques-transforment-les-comptes-courants-en-investissements-rentables_AN-202501310189.html</link>
            <guid>https://www.bfmtv.com/economie/entreprises/assurance-banque/comment-les-neobanques-transforment-les-comptes-courants-en-investissements-rentables_AN-202501310189.html</guid>
            <pubDate>Fri, 31 Jan 2025 06:12:48 GMT</pubDate>
            <description><![CDATA[Les néobanques, comme N26, Revolut ou Trade Republic, ont trouvé une solution pour faire travailler l’argent qui dort sur les comptes courants, avec des taux allant de 2% à 4%. Mais ces rendements, bien qu’alléchants, cachent quelques subtilités à connaître avant de franchir le pas.<br /><br /><img src="https://images.bfmtv.com/65qQAICjauNEr9yxt0aQogqMIB0=/0x0:1600x900/800x0/images/Protection-des-investissements-Revolut-1900310.jpg" />]]></description>
            <enclosure url="https://images.bfmtv.com/65qQAICjauNEr9yxt0aQogqMIB0=/0x0:1600x900/800x0/images/Protection-des-investissements-Revolut-1900310.jpg" length="0" type="image/jpg"/>
        </item>
        <item>
            <title><![CDATA[Etats-Unis: la Fed laisse ses taux inchangés]]></title>
            <link>https://www.bfmtv.com/economie/entreprises/assurance-banque/etats-unis-la-fed-laisse-ses-taux-inchanges_AD-202501290906.html</link>
            <guid>https://www.bfmtv.com/economie/entreprises/assurance-banque/etats-unis-la-fed-laisse-ses-taux-inchanges_AD-202501290906.html</guid>
            <pubDate>Wed, 29 Jan 2025 19:06:24 GMT</pubDate>
            <description><![CDATA[Sans surprise, la Réserve fédérale américaine a décidé de laisser ses taux inchangés dans un contexte porteur pour l'économie américaine. <br /><br /><img src="https://images.bfmtv.com/CFo70vYoNVHsRGx5Fp5bg74CX28=/0x50:2048x1202/800x0/images/Fed-Washington-1828941.jpg" />]]></description>
            <enclosure url="https://images.bfmtv.com/CFo70vYoNVHsRGx5Fp5bg74CX28=/0x50:2048x1202/800x0/images/Fed-Washington-1828941.jpg" length="0" type="image/jpg"/>
        </item>
        <item>
            <title><![CDATA[1.900 milliards d'euros d'encours: Natixis et Generali s'unissent pour créer un champion européen de la gestion d'actifs]]></title>
            <link>https://www.bfmtv.com/economie/entreprises/assurance-banque/1-900-milliards-d-euros-d-encours-natixis-et-generali-s-unissent-pour-creer-un-champion-europeen-de-la-gestion-d-actifs_AD-202501210364.html</link>
            <guid>https://www.bfmtv.com/economie/entreprises/assurance-banque/1-900-milliards-d-euros-d-encours-natixis-et-generali-s-unissent-pour-creer-un-champion-europeen-de-la-gestion-d-actifs_AD-202501210364.html</guid>
            <pubDate>Tue, 21 Jan 2025 09:47:02 GMT</pubDate>
            <description><![CDATA[BPCE et Generali Investments Holding ont annoncé un accord pour créer une entité commune, appelée à devenir "un leader européen" de la gestion d'actifs.<br /><br /><img src="https://images.bfmtv.com/i7Q3HlwDRFraBeBwwamohxg8YPc=/0x0:1920x1080/800x0/images/BPCE-Generali-2014931.jpg" />]]></description>
            <enclosure url="https://images.bfmtv.com/i7Q3HlwDRFraBeBwwamohxg8YPc=/0x0:1920x1080/800x0/images/BPCE-Generali-2014931.jpg" length="0" type="image/jpg"/>
        </item>
        <item>
            <title><![CDATA[Gestion d'actifs: l'assureur Generali donne son feu vert au rapprochement avec Natixis]]></title>
            <link>https://www.bfmtv.com/economie/entreprises/assurance-banque/gestion-d-actifs-l-assureur-generali-donne-son-feu-vert-au-rapprochement-avec-natixis_AD-202501210069.html</link>
            <guid>https://www.bfmtv.com/economie/entreprises/assurance-banque/gestion-d-actifs-l-assureur-generali-donne-son-feu-vert-au-rapprochement-avec-natixis_AD-202501210069.html</guid>
            <pubDate>Tue, 21 Jan 2025 05:35:17 GMT</pubDate>
            <description><![CDATA[Leur union devrait donner naissance à un nouveau champion de la gestion d'actifs avec près de 2.000 milliards d'euros d'encours qui occuperait la deuxième place en Europe derrière Amundi, filiale du groupe Crédit Agricole.<br /><br /><img src="https://images.bfmtv.com/XLdBTeQF3BC-ETm2v-rfAYxLhTo=/0x40:768x472/800x0/images/Le-siege-de-la-banque-Natixis-a-Paris-le-28-aout-2018-1001879.jpg" />]]></description>
            <enclosure url="https://images.bfmtv.com/XLdBTeQF3BC-ETm2v-rfAYxLhTo=/0x40:768x472/800x0/images/Le-siege-de-la-banque-Natixis-a-Paris-le-28-aout-2018-1001879.jpg" length="0" type="image/jpg"/>
        </item>
        <item>
            <title><![CDATA[BPCE et Generali vont annoncer la semaine prochaine leur mariage dans la gestion d'actifs]]></title>
            <link>https://www.bfmtv.com/economie/entreprises/assurance-banque/bpce-et-generali-vont-annoncer-la-semaine-prochaine-leur-mariage-dans-la-gestion-d-actifs_AN-202501160800.html</link>
            <guid>https://www.bfmtv.com/economie/entreprises/assurance-banque/bpce-et-generali-vont-annoncer-la-semaine-prochaine-leur-mariage-dans-la-gestion-d-actifs_AN-202501160800.html</guid>
            <pubDate>Thu, 16 Jan 2025 17:55:33 GMT</pubDate>
            <description><![CDATA[Les deux groupes s'apprêtent à fusionner une partie de leurs activités. La gouvernance de la nouvelle entité sera équitablement répartie entre les directions de la banque française et de l'assureur italien.<br /><br /><img src="https://images.bfmtv.com/i7Q3HlwDRFraBeBwwamohxg8YPc=/0x0:1920x1080/800x0/images/BPCE-Generali-2014931.jpg" />]]></description>
            <enclosure url="https://images.bfmtv.com/i7Q3HlwDRFraBeBwwamohxg8YPc=/0x0:1920x1080/800x0/images/BPCE-Generali-2014931.jpg" length="0" type="image/jpg"/>
        </item>
        <item>
            <title><![CDATA[140 milliards de dollars: le coût des catastrophes naturelles exceptionnellement élevé l'an dernier]]></title>
            <link>https://www.bfmtv.com/economie/entreprises/assurance-banque/140-milliards-de-dollars-le-cout-des-catastrophes-naturelles-exceptionnellement-eleve-l-an-dernier_AD-202501090300.html</link>
            <guid>https://www.bfmtv.com/economie/entreprises/assurance-banque/140-milliards-de-dollars-le-cout-des-catastrophes-naturelles-exceptionnellement-eleve-l-an-dernier_AD-202501090300.html</guid>
            <pubDate>Thu, 09 Jan 2025 08:16:23 GMT</pubDate>
            <description><![CDATA[La facture des pertes économiques s'est quant à elle établie à 320 milliards de dollars, contre 268 milliards en 2023, selon une étude publiée jeudi par Munich Re. <br /><br /><img src="https://images.bfmtv.com/g_kOo1DgbdVcoF3s_1lZJ6nTS_c=/0x0:1024x576/800x0/images/Inondations-en-Espagne-deux-semaines-plus-tard-les-operations-de-nettoyage-se-poursuivent-1975273.jpg" />]]></description>
            <enclosure url="https://images.bfmtv.com/g_kOo1DgbdVcoF3s_1lZJ6nTS_c=/0x0:1024x576/800x0/images/Inondations-en-Espagne-deux-semaines-plus-tard-les-operations-de-nettoyage-se-poursuivent-1975273.jpg" length="0" type="image/jpg"/>
        </item>
        <item>
            <title><![CDATA[Etats-Unis: de grandes banques quittent un programme onusien de neutralité carbone]]></title>
            <link>https://www.bfmtv.com/economie/entreprises/assurance-banque/etats-unis-de-grandes-banques-quittent-un-programme-onusien-de-neutralite-carbone_AD-202501070060.html</link>
            <guid>https://www.bfmtv.com/economie/entreprises/assurance-banque/etats-unis-de-grandes-banques-quittent-un-programme-onusien-de-neutralite-carbone_AD-202501070060.html</guid>
            <pubDate>Tue, 07 Jan 2025 05:23:53 GMT</pubDate>
            <description><![CDATA[La Net-Zero Banking Alliance a été lancée afin d'inciter les banques à porter en priorité leurs efforts sur les secteurs les plus émetteurs de gaz à effet de serre et à jouer un rôle clé dans la transition vers une économie neutre en carbone.<br /><br /><img src="https://images.bfmtv.com/xNie3oMzWlZCjHDa-R4f3TqoESo=/3x3:1251x705/800x0/images/-465360.jpg" />]]></description>
            <enclosure url="https://images.bfmtv.com/xNie3oMzWlZCjHDa-R4f3TqoESo=/3x3:1251x705/800x0/images/-465360.jpg" length="0" type="image/jpg"/>
        </item>
        <item>
            <title><![CDATA[Carton plein pour l'assurance vie en novembre]]></title>
            <link>https://www.bfmtv.com/economie/entreprises/assurance-banque/carton-plein-pour-l-assurance-vie-en-novembre_AD-202501060499.html</link>
            <guid>https://www.bfmtv.com/economie/entreprises/assurance-banque/carton-plein-pour-l-assurance-vie-en-novembre_AD-202501060499.html</guid>
            <pubDate>Mon, 06 Jan 2025 12:19:36 GMT</pubDate>
            <description><![CDATA[L'assurance vie amorce une fin d'année en trombe: les épargnants ont déposé au mois de novembre 4 milliards d'euros de plus qu'ils n'en ont retiré, du jamais vu depuis juillet 2010. <br /><br /><img src="https://images.bfmtv.com/jujWK76p4RDuRieJmUjE5-1EvrQ=/0x53:1024x629/800x0/images/Accessibilite-rendement-fiscalite-Tout-comprendre-aux-atouts-de-l-assurance-vie-luxembourgeoise-1454509.jpg" />]]></description>
            <enclosure url="https://images.bfmtv.com/jujWK76p4RDuRieJmUjE5-1EvrQ=/0x53:1024x629/800x0/images/Accessibilite-rendement-fiscalite-Tout-comprendre-aux-atouts-de-l-assurance-vie-luxembourgeoise-1454509.jpg" length="0" type="image/jpg"/>
        </item>
        <item>
            <title><![CDATA[L'une après l'autre, les banques américaines quittent l'alliance mondiale pour le climat]]></title>
            <link>https://www.bfmtv.com/economie/entreprises/assurance-banque/l-une-apres-l-autre-les-banques-americaines-quittent-l-alliance-mondiale-pour-le-climat_AV-202501030289.html</link>
            <guid>https://www.bfmtv.com/economie/entreprises/assurance-banque/l-une-apres-l-autre-les-banques-americaines-quittent-l-alliance-mondiale-pour-le-climat_AV-202501030289.html</guid>
            <pubDate>Fri, 03 Jan 2025 10:21:10 GMT</pubDate>
            <description><![CDATA[Bank of America, Goldman Sachs, Citigroup, et désormais Morgan Stanley: les départs des groupes bancaires américains se succèdent au sein de la Net-Zero Banking Alliance (NZBA).<br /><br /><img src="https://images.bfmtv.com/6ZXnczdjpHxgm0wV7r4cIGaCu8Q=/0x106:2048x1258/800x0/images/Morgan-Stanley-2006609.jpg" />]]></description>
            <enclosure url="https://images.bfmtv.com/6ZXnczdjpHxgm0wV7r4cIGaCu8Q=/0x106:2048x1258/800x0/images/Morgan-Stanley-2006609.jpg" length="0" type="image/jpg"/>
        </item>
        <item>
            <title><![CDATA[Pourquoi les virements instantanés seront désormais gratuits dans toutes les banques]]></title>
            <link>https://www.bfmtv.com/economie/entreprises/assurance-banque/pourquoi-les-virements-instantanes-seront-desormais-gratuits-dans-toutes-les-banques_AV-202501010317.html</link>
            <guid>https://www.bfmtv.com/economie/entreprises/assurance-banque/pourquoi-les-virements-instantanes-seront-desormais-gratuits-dans-toutes-les-banques_AV-202501010317.html</guid>
            <pubDate>Wed, 01 Jan 2025 16:17:53 GMT</pubDate>
            <description><![CDATA[De nouvelles règles européennes imposent, dans les faits, la gratuité des virements instantanés, jusqu'alors payants dans la plupart des banques.<br /><br /><img src="https://images.bfmtv.com/DrTwNSt1d8FZInMyd4nG0lhiCtI=/0x0:1600x900/800x0/images/Les-banques-en-ligne-sont-de-plus-en-plus-presentes-1527189.jpg" />]]></description>
            <enclosure url="https://images.bfmtv.com/DrTwNSt1d8FZInMyd4nG0lhiCtI=/0x0:1600x900/800x0/images/Les-banques-en-ligne-sont-de-plus-en-plus-presentes-1527189.jpg" length="0" type="image/jpg"/>
        </item>
        <item>
            <title><![CDATA[La facture des 10 plus grandes catastrophes climatiques de 2024 s’élève à 229 milliards de dollars]]></title>
            <link>https://www.bfmtv.com/economie/entreprises/assurance-banque/la-facture-des-10-plus-grandes-catastrophes-climatiques-de-2024-s-eleve-a-229-milliards-de-dollars_AV-202412300400.html</link>
            <guid>https://www.bfmtv.com/economie/entreprises/assurance-banque/la-facture-des-10-plus-grandes-catastrophes-climatiques-de-2024-s-eleve-a-229-milliards-de-dollars_AV-202412300400.html</guid>
            <pubDate>Mon, 30 Dec 2024 15:46:07 GMT</pubDate>
            <description><![CDATA[C'est sur le continent américain que la facture aura été la plus élevée, selon le rapport annuel de l'ONG britannique Christian Aid.<br /><br /><img src="https://images.bfmtv.com/1bpExbuHUoyMS596MWQDptl6GaA=/0x86:2048x1238/800x0/images/Des-voitures-emportees-par-les-coulees-de-boue-pres-de-Valence-en-Espagne-le-30-octobre-2024-1966882.jpg" />]]></description>
            <enclosure url="https://images.bfmtv.com/1bpExbuHUoyMS596MWQDptl6GaA=/0x86:2048x1238/800x0/images/Des-voitures-emportees-par-les-coulees-de-boue-pres-de-Valence-en-Espagne-le-30-octobre-2024-1966882.jpg" length="0" type="image/jpg"/>
        </item>
        <item>
            <title><![CDATA[Livret A, LDDS, LEP: quel jour seront versés les intérêts des livrets réglementés?]]></title>
            <link>https://www.bfmtv.com/economie/entreprises/assurance-banque/livret-a-ldds-lep-quel-jour-seront-verses-les-interets-des-livrets-reglementes_AD-202412280096.html</link>
            <guid>https://www.bfmtv.com/economie/entreprises/assurance-banque/livret-a-ldds-lep-quel-jour-seront-verses-les-interets-des-livrets-reglementes_AD-202412280096.html</guid>
            <pubDate>Sat, 28 Dec 2024 08:28:43 GMT</pubDate>
            <description><![CDATA[Comme chaque année, les établissements bancaires versent aux épargnants les intérêts des livrets réglementés dans la nuit du 31 décembre au 1er janvier.<br /><br /><img src="https://images.bfmtv.com/jvmmRYVGz6U799BO3dr-YVqCwiE=/0x238:2048x1390/800x0/images/Livret-A-1673976.jpg" />]]></description>
            <enclosure url="https://images.bfmtv.com/jvmmRYVGz6U799BO3dr-YVqCwiE=/0x238:2048x1390/800x0/images/Livret-A-1673976.jpg" length="0" type="image/jpg"/>
        </item>
        <item>
            <title><![CDATA[Assassinat de Brian Thompson: Luigi Mangione plaide non coupable de meurtre "terroriste"]]></title>
            <link>https://www.bfmtv.com/economie/entreprises/assurance-banque/assassinat-de-brian-thompson-luigi-mangione-plaide-non-coupable-de-meurtre-terroriste_AD-202412230417.html</link>
            <guid>https://www.bfmtv.com/economie/entreprises/assurance-banque/assassinat-de-brian-thompson-luigi-mangione-plaide-non-coupable-de-meurtre-terroriste_AD-202412230417.html</guid>
            <pubDate>Mon, 23 Dec 2024 14:51:31 GMT</pubDate>
            <description><![CDATA[Le tueur présumé du directeur général d'UnitedHealthcare avait été transféré jeudi dernier à New York où il a comparu pour la première fois devant la justice fédérale.<br /><br /><img src="https://images.bfmtv.com/28Mv9Gi1uG_wDDc56de0OgB-atE=/0x20:1008x587/800x0/images/Le-meurtrier-presume-de-Brian-Thompson-Luigi-Mangione-apres-une-audience-d-extradition-le-10-decembre-2024-a-Hollidaysburg-Pennsylvanie-1994847.jpg" />]]></description>
            <enclosure url="https://images.bfmtv.com/28Mv9Gi1uG_wDDc56de0OgB-atE=/0x20:1008x587/800x0/images/Le-meurtrier-presume-de-Brian-Thompson-Luigi-Mangione-apres-une-audience-d-extradition-le-10-decembre-2024-a-Hollidaysburg-Pennsylvanie-1994847.jpg" length="0" type="image/jpg"/>
        </item>
        <item>
            <title><![CDATA[La Matmut en passe de racheter HSBC Assurances Vie en France pour 925 millions d'euros]]></title>
            <link>https://www.bfmtv.com/economie/entreprises/assurance-banque/la-matmut-en-passe-de-racheter-hsbc-assurances-vie-en-france-pour-925-millions-d-euros_AD-202412200869.html</link>
            <guid>https://www.bfmtv.com/economie/entreprises/assurance-banque/la-matmut-en-passe-de-racheter-hsbc-assurances-vie-en-france-pour-925-millions-d-euros_AD-202412200869.html</guid>
            <pubDate>Fri, 20 Dec 2024 20:04:48 GMT</pubDate>
            <description><![CDATA[Les deux groupes ont signé un protocole d'accord qui prévoit l'acquisition par la Matmut de HSBC Assurances Vie (France) "pour un montant en numéraire de 925 millions d'euros. <br /><br /><img src="https://images.bfmtv.com/SMKQTTXefRcDPM3nsJGz-aY50U0=/0x106:2048x1258/800x0/images/La-Matmut-2001440.jpg" />]]></description>
            <enclosure url="https://images.bfmtv.com/SMKQTTXefRcDPM3nsJGz-aY50U0=/0x106:2048x1258/800x0/images/La-Matmut-2001440.jpg" length="0" type="image/jpg"/>
        </item>
        <item>
            <title><![CDATA[Quatre ans après la tempête Alex, le maire de Breil-sur-Roya saisit la justice après avoir été abandonné par les assureurs]]></title>
            <link>https://www.bfmtv.com/economie/entreprises/assurance-banque/quatre-ans-apres-la-tempete-alex-le-maire-de-breil-sur-roya-saisit-la-justice-apres-avoir-ete-abandonne-par-les-assureurs_VN-202412200162.html</link>
            <guid>https://www.bfmtv.com/economie/entreprises/assurance-banque/quatre-ans-apres-la-tempete-alex-le-maire-de-breil-sur-roya-saisit-la-justice-apres-avoir-ete-abandonne-par-les-assureurs_VN-202412200162.html</guid>
            <pubDate>Fri, 20 Dec 2024 06:14:56 GMT</pubDate>
            <description><![CDATA[Sans assureur au 1er janvier 2025, la commune attend par ailleurs de recevoir l'entièreté des indemnités qui lui sont allouées en dédommagement des dégâts subis en 2020.<br /><br /><img src="https://images.bfmtv.com/P8pqIkjf1CRBIOL3PzU2Xbik_wc=/0x0:1280x720/800x0/images/Quatre-ans-apres-la-tempete-Alex-le-maire-de-Breil-sur-Roya-saisit-la-justice-apres-avoir-ete-abandonne-par-les-assureurs-2000911.jpg" />]]></description>
            <enclosure url="https://images.bfmtv.com/P8pqIkjf1CRBIOL3PzU2Xbik_wc=/0x0:1280x720/800x0/images/Quatre-ans-apres-la-tempete-Alex-le-maire-de-Breil-sur-Roya-saisit-la-justice-apres-avoir-ete-abandonne-par-les-assureurs-2000911.jpg" length="0" type="image/jpg"/>
        </item>
        <item>
            <title><![CDATA[Mayotte: les assureurs prendront en charge entre 650 et 800 millions d'euros de dégâts]]></title>
            <link>https://www.bfmtv.com/economie/entreprises/assurance-banque/mayotte-les-assureurs-prendront-en-charge-entre-650-et-800-millions-d-euros-de-degats_AD-202412190718.html</link>
            <guid>https://www.bfmtv.com/economie/entreprises/assurance-banque/mayotte-les-assureurs-prendront-en-charge-entre-650-et-800-millions-d-euros-de-degats_AD-202412190718.html</guid>
            <pubDate>Thu, 19 Dec 2024 16:56:21 GMT</pubDate>
            <description><![CDATA[La Caisse centrale de réassurance a estimé que le coût des dégâts pris en charge sera compris entre 650 et 800 millions d'euros alors que seuls 6% des particuliers à Mayotte sont assurés. <br /><br /><img src="https://images.bfmtv.com/3iXINyWIYARviSnE8A42bQidNUA=/0x106:2048x1258/800x0/images/MAYOTTE-CYCLONE-CHIDO-1999455.jpg" />]]></description>
            <enclosure url="https://images.bfmtv.com/3iXINyWIYARviSnE8A42bQidNUA=/0x106:2048x1258/800x0/images/MAYOTTE-CYCLONE-CHIDO-1999455.jpg" length="0" type="image/jpg"/>
        </item>
        <item>
            <title><![CDATA[Mayotte: France Assureurs va envoyer une mission de reconnaissance pour évaluer les dégâts]]></title>
            <link>https://www.bfmtv.com/economie/entreprises/assurance-banque/mayotte-france-assureurs-va-envoyer-une-mission-de-reconnaissance-pour-evaluer-les-degats_AD-202412180594.html</link>
            <guid>https://www.bfmtv.com/economie/entreprises/assurance-banque/mayotte-france-assureurs-va-envoyer-une-mission-de-reconnaissance-pour-evaluer-les-degats_AD-202412180594.html</guid>
            <pubDate>Wed, 18 Dec 2024 14:40:58 GMT</pubDate>
            <description><![CDATA[La fédération des assureurs a annoncé activer son dispositif "dédié à la gestion des événements de grande ampleur, qui prévoit  l'envoi sur place en urgence d'une mission de reconnaissance commune à tous les assureurs concernés".<br /><br /><img src="https://images.bfmtv.com/Ktt4uahq5Dtozb008SkZ8kwncvU=/0x106:2048x1258/800x0/images/Mayotte-1999850.jpg" />]]></description>
            <enclosure url="https://images.bfmtv.com/Ktt4uahq5Dtozb008SkZ8kwncvU=/0x106:2048x1258/800x0/images/Mayotte-1999850.jpg" length="0" type="image/jpg"/>
        </item>
        <item>
            <title><![CDATA[Crédit Agricole: Olivier Gavalda va succéder à Philippe Brassac au poste de directeur général]]></title>
            <link>https://www.bfmtv.com/economie/entreprises/assurance-banque/credit-agricole-olivier-gavalda-va-succeder-a-philippe-brassac-au-poste-de-directeur-general_AD-202412170812.html</link>
            <guid>https://www.bfmtv.com/economie/entreprises/assurance-banque/credit-agricole-olivier-gavalda-va-succeder-a-philippe-brassac-au-poste-de-directeur-general_AD-202412170812.html</guid>
            <pubDate>Tue, 17 Dec 2024 19:14:31 GMT</pubDate>
            <description><![CDATA[Après dix ans passés à la direction générale du groupe, Philippe Brassac cédera sa place à Olivier Gavalda lors de l'assemblée générale du 14 mai 2025.<br /><br /><img src="https://images.bfmtv.com/ljrxHgfV-Bdp5rUn1Nm2xoQeZnI=/2x1:1186x667/800x0/images/Credit-Agricole-SA-1788758.jpg" />]]></description>
            <enclosure url="https://images.bfmtv.com/ljrxHgfV-Bdp5rUn1Nm2xoQeZnI=/2x1:1186x667/800x0/images/Credit-Agricole-SA-1788758.jpg" length="0" type="image/jpg"/>
        </item>
        <item>
            <title><![CDATA[INFO BFM BUSINESS. BPCE avance à grand pas pour s'unir avec Generali]]></title>
            <link>https://www.bfmtv.com/economie/entreprises/assurance-banque/info-bfm-business-les-caisses-d-epargne-avancent-a-grand-pas-pour-s-unir-avec-generali_AN-202412120076.html</link>
            <guid>https://www.bfmtv.com/economie/entreprises/assurance-banque/info-bfm-business-les-caisses-d-epargne-avancent-a-grand-pas-pour-s-unir-avec-generali_AN-202412120076.html</guid>
            <pubDate>Thu, 12 Dec 2024 08:49:48 GMT</pubDate>
            <description><![CDATA[Les discussions entre le groupe BPCE et Generali se précisent pour créer un géant de la gestion d'actifs de 2.000 milliards d'euros. Les deux groupes se partageraient leur coentreprise et sa gouvernance.<br /><br /><img src="https://images.bfmtv.com/q2A93RCO2MpZdFbBUyNv2rRS5QU=/0x41:800x491/800x0/images/-40712.jpg" />]]></description>
            <enclosure url="https://images.bfmtv.com/q2A93RCO2MpZdFbBUyNv2rRS5QU=/0x41:800x491/800x0/images/-40712.jpg" length="0" type="image/jpg"/>
        </item>
        <item>
            <title><![CDATA[Meurtre de Brian Thompson: qui est Luigi Mangione arrêté pour l'assassinat du patron de UnitedHealthcare?]]></title>
            <link>https://www.bfmtv.com/economie/entreprises/assurance-banque/meurtre-de-brian-thompson-qui-est-luigi-mangione-arrete-pour-l-assassinat-du-patron-de-united-healthcare_AD-202412100436.html</link>
            <guid>https://www.bfmtv.com/economie/entreprises/assurance-banque/meurtre-de-brian-thompson-qui-est-luigi-mangione-arrete-pour-l-assassinat-du-patron-de-united-healthcare_AD-202412100436.html</guid>
            <pubDate>Tue, 10 Dec 2024 10:45:12 GMT</pubDate>
            <description><![CDATA[Luigi Mangione, 26 ans, est poursuivi pour le meurtre de Brian Thompson, patron d'un géant américain de l'assurance santé.<br /><br /><img src="https://images.bfmtv.com/ofJPq98yhUT5xEJsWAiha_Mfqzs=/14x186:1422x978/800x0/images/Luigi-Mangione-1994215.jpg" />]]></description>
            <enclosure url="https://images.bfmtv.com/ofJPq98yhUT5xEJsWAiha_Mfqzs=/14x186:1422x978/800x0/images/Luigi-Mangione-1994215.jpg" length="0" type="image/jpg"/>
        </item>
        <item>
            <title><![CDATA[La banque CCF va supprimer 1.400 postes pour mener un "projet de transformation profonde"]]></title>
            <link>https://www.bfmtv.com/economie/entreprises/assurance-banque/la-banque-ccf-va-supprimer-1-400-postes-pour-mener-un-projet-de-transformation-profonde_AD-202412040592.html</link>
            <guid>https://www.bfmtv.com/economie/entreprises/assurance-banque/la-banque-ccf-va-supprimer-1-400-postes-pour-mener-un-projet-de-transformation-profonde_AD-202412040592.html</guid>
            <pubDate>Wed, 04 Dec 2024 14:49:54 GMT</pubDate>
            <description><![CDATA[Ex-réseau de la banque de détail de HSBC en France, le CCF a dévoilé son plan stratégique pour 2025 et 2026. <br /><br /><img src="https://images.bfmtv.com/hj_5xU2oSnVOobCe87zK-pqCI8E=/3x15:371x222/800x0/images/Carte-Visa-du-CCF-1827743.jpg" />]]></description>
            <enclosure url="https://images.bfmtv.com/hj_5xU2oSnVOobCe87zK-pqCI8E=/3x15:371x222/800x0/images/Carte-Visa-du-CCF-1827743.jpg" length="0" type="image/jpg"/>
        </item>
        <item>
            <title><![CDATA[En Outre-mer, ces assureurs ne veulent plus prendre en charge les dégâts liés aux émeutes]]></title>
            <link>https://www.bfmtv.com/economie/entreprises/assurance-banque/en-outre-mer-ces-assureurs-ne-veulent-plus-prendre-en-charge-les-degats-lies-aux-emeutes_AD-202412040547.html</link>
            <guid>https://www.bfmtv.com/economie/entreprises/assurance-banque/en-outre-mer-ces-assureurs-ne-veulent-plus-prendre-en-charge-les-degats-lies-aux-emeutes_AD-202412040547.html</guid>
            <pubDate>Wed, 04 Dec 2024 13:51:59 GMT</pubDate>
            <description><![CDATA[Face aux violences urbaines à répétition, certaines compagnies d'assurance ont décidé de retirer de leurs contrats le risque d'émeutes. <br /><br /><img src="https://images.bfmtv.com/r2qf40IPZNOsC6P3_Z4yXeE0aQs=/0x106:2048x1258/800x0/images/Des-voitures-brulees-a-La-Tamoa-dans-la-commune-de-Paita-en-Nouvelle-Caledonie-1866118.jpg" />]]></description>
            <enclosure url="https://images.bfmtv.com/r2qf40IPZNOsC6P3_Z4yXeE0aQs=/0x106:2048x1258/800x0/images/Des-voitures-brulees-a-La-Tamoa-dans-la-commune-de-Paita-en-Nouvelle-Caledonie-1866118.jpg" length="0" type="image/jpg"/>
        </item>
        <item>
            <title><![CDATA[Pourquoi les chiffres sur votre carte bancaire sont appelés à disparaître]]></title>
            <link>https://www.bfmtv.com/economie/entreprises/assurance-banque/pourquoi-les-chiffres-sur-votre-carte-bancaire-sont-appeles-a-disparaitre_AN-202411240317.html</link>
            <guid>https://www.bfmtv.com/economie/entreprises/assurance-banque/pourquoi-les-chiffres-sur-votre-carte-bancaire-sont-appeles-a-disparaitre_AN-202411240317.html</guid>
            <pubDate>Sun, 24 Nov 2024 12:50:57 GMT</pubDate>
            <description><![CDATA[D'ici à quelques années, les 16 chiffres apparaissant sur la carte bancaire, la date d’expiration et la clef de sécurité pourraient disparaître des cartes de paiement, afin de faciliter le paiement en ligne, mais aussi de lutter contre la fraude. Des changements qui se mettent en place pas à pas. <br /><br /><img src="https://images.bfmtv.com/Hj3fuzOQwlaUtWHFvHsMhgm1y3s=/0x584:1360x1349/800x0/images/Carte-bancaire-1961482.jpg" />]]></description>
            <enclosure url="https://images.bfmtv.com/Hj3fuzOQwlaUtWHFvHsMhgm1y3s=/0x584:1360x1349/800x0/images/Carte-bancaire-1961482.jpg" length="0" type="image/jpg"/>
        </item>
        <item>
            <title><![CDATA["Je ne pensais pas que ça durerait si longtemps": BNP Paribas finalement condamné après une arnaque au faux conseiller bancaire]]></title>
            <link>https://www.bfmtv.com/economie/entreprises/assurance-banque/je-ne-pensais-pas-que-ca-durerait-si-longtemps-bnp-paribas-finalement-condamne-apres-une-arnaque-au-faux-conseiller-bancaire_AV-202411220433.html</link>
            <guid>https://www.bfmtv.com/economie/entreprises/assurance-banque/je-ne-pensais-pas-que-ca-durerait-si-longtemps-bnp-paribas-finalement-condamne-apres-une-arnaque-au-faux-conseiller-bancaire_AV-202411220433.html</guid>
            <pubDate>Fri, 22 Nov 2024 09:02:53 GMT</pubDate>
            <description><![CDATA[Pour la première fois, une banque est sanctionnée après qu'un de ses clients a été floué par un faux conseiller au téléphone à hauteur de 54.500 euros après cinq années de bataille juridique.<br /><br /><img src="https://images.bfmtv.com/akZ8wbl9nkGaXGaHRDuq5P7G_lc=/0x66:1280x786/800x0/images/Un-numero-vous-appelle-et-raccroche-Il-s-agit-probablement-du-wangiri-une-arnaque-telephonique-1954710.jpg" />]]></description>
            <enclosure url="https://images.bfmtv.com/akZ8wbl9nkGaXGaHRDuq5P7G_lc=/0x66:1280x786/800x0/images/Un-numero-vous-appelle-et-raccroche-Il-s-agit-probablement-du-wangiri-une-arnaque-telephonique-1954710.jpg" length="0" type="image/jpg"/>
        </item>
    </channel>
</rss>