<?xml version="1.0" encoding="utf-8"?>
<rss version="2.0" xmlns:atom="http://www.w3.org/2005/Atom">
    <channel>
        <title>Home Transports - actualités</title>
        <link>https://www.bfmtv.com/economie/entreprises/transports/</link>
        <description>Retrouvez toute l'actualité économique des entreprises du secteur des transports en direct : automobile, trains, taxis, avions, bateaux... - BFM Business</description>
        <lastBuildDate>Wed, 12 Feb 2025 08:48:33 GMT</lastBuildDate>
        <docs>http://blogs.law.harvard.edu/tech/rss</docs>
        <generator>BFMTV</generator>
        <language>fr</language>
        <image>
            <title>Home Transports - actualités</title>
            <url>https://www.bfmtv.com/assets/v11/images/BFM_BUSINESS_default_16x9.1fe02e665ff091273c91059447a69de8.jpg</url>
            <link>https://www.bfmtv.com/economie/entreprises/transports/</link>
        </image>
        <copyright>Copyright BFMTV</copyright>
        <category>Home Transports - actualités</category>
        <atom:link href="https://www.bfmtv.com/economie/entreprises/transports/" rel="self" type="application/rss+xml"/>
        <item>
            <title><![CDATA[TGV et Intercités: la SNCF ouvre sa billetterie pour la deuxième partie du printemps]]></title>
            <link>https://www.bfmtv.com/economie/entreprises/transports/tgv-et-intercites-la-sncf-ouvre-sa-billetterie-pour-la-deuxieme-partie-du-printemps_AV-202502120129.html</link>
            <guid>https://www.bfmtv.com/economie/entreprises/transports/tgv-et-intercites-la-sncf-ouvre-sa-billetterie-pour-la-deuxieme-partie-du-printemps_AV-202502120129.html</guid>
            <pubDate>Wed, 12 Feb 2025 06:03:09 GMT</pubDate>
            <description><![CDATA[Dès ce mercredi, les billets pour des trajets allant du 13 mai au 12 juin inclus, sont disponibles à la vente.<br /><br /><img src="https://images.bfmtv.com/e4EK05DH-2PagSbqxTm1gJC-cyw=/0x40:768x472/800x0/images/Un-TGV-Paris-Rennes-a-Coutalain-en-Eure-et-loire-le-10-septembre-2024-1973264.jpg" />]]></description>
            <enclosure url="https://images.bfmtv.com/e4EK05DH-2PagSbqxTm1gJC-cyw=/0x40:768x472/800x0/images/Un-TGV-Paris-Rennes-a-Coutalain-en-Eure-et-loire-le-10-septembre-2024-1973264.jpg" length="0" type="image/jpg"/>
        </item>
        <item>
            <title><![CDATA[SNCF: une panne informatique entraîne perturbations et retards pour les TER de plusieurs régions]]></title>
            <link>https://www.bfmtv.com/economie/entreprises/transports/sncf-une-panne-informatique-entraine-perturbations-et-retards-pour-les-ter-de-plusieurs-regions_AN-202502110313.html</link>
            <guid>https://www.bfmtv.com/economie/entreprises/transports/sncf-une-panne-informatique-entraine-perturbations-et-retards-pour-les-ter-de-plusieurs-regions_AN-202502110313.html</guid>
            <pubDate>Tue, 11 Feb 2025 08:54:18 GMT</pubDate>
            <description><![CDATA[Sont concernées les régions  Auvergne-Rhône-Alpes, Bourgogne-Franche-Comté, Hauts-de-France, Nouvelle Aquitaine et Occitanie.  <br /><br /><img src="https://images.bfmtv.com/EIxEelxmiQFEEFMHoJ5p-ucI5Sc=/0x105:2048x1257/800x0/images/Des-trains-TER-a-Rennes-le-9-decembre-2019-2020858.jpg" />]]></description>
            <enclosure url="https://images.bfmtv.com/EIxEelxmiQFEEFMHoJ5p-ucI5Sc=/0x105:2048x1257/800x0/images/Des-trains-TER-a-Rennes-le-9-decembre-2019-2020858.jpg" length="0" type="image/jpg"/>
        </item>
        <item>
            <title><![CDATA[Train à grande vitesse: la Renfe a attiré un million de voyageurs en France]]></title>
            <link>https://www.bfmtv.com/economie/entreprises/transports/train-a-grande-vitesse-la-renfe-a-attire-un-million-de-voyageurs-en-france_AV-202502110183.html</link>
            <guid>https://www.bfmtv.com/economie/entreprises/transports/train-a-grande-vitesse-la-renfe-a-attire-un-million-de-voyageurs-en-france_AV-202502110183.html</guid>
            <pubDate>Tue, 11 Feb 2025 06:42:28 GMT</pubDate>
            <description><![CDATA[L'opérateur espagnol s'est lancé sur le marché hexagonal à l'été 2023 avec deux lignes reliant Lyon et Marseille à Madrid et Barcelone. Une troisième liaison sera lancée cette année.<br /><br /><img src="https://images.bfmtv.com/MoTAQ2gFsoNduVSYnxH5fAO3KmA=/0x107:2048x1259/800x0/images/Renfe-1933199.jpg" />]]></description>
            <enclosure url="https://images.bfmtv.com/MoTAQ2gFsoNduVSYnxH5fAO3KmA=/0x107:2048x1259/800x0/images/Renfe-1933199.jpg" length="0" type="image/jpg"/>
        </item>
        <item>
            <title><![CDATA[Orly: un passager se jette d'un avion qui s'apprêtait à décoller]]></title>
            <link>https://www.bfmtv.com/economie/entreprises/transports/orly-un-passager-se-jette-d-un-avion-qui-s-appretait-a-decoller_AN-202502100460.html</link>
            <guid>https://www.bfmtv.com/economie/entreprises/transports/orly-un-passager-se-jette-d-un-avion-qui-s-appretait-a-decoller_AN-202502100460.html</guid>
            <pubDate>Mon, 10 Feb 2025 11:45:51 GMT</pubDate>
            <description><![CDATA[Pour des raisons encore mystérieuses, le passager s'en est pris à une hôtesse de l'air avant de se précipiter vers une issue de secours et de se jeter sur la piste. <br /><br /><img src="https://images.bfmtv.com/uqOCKn8HBfvNJf3uNJSI0afMi-c=/0x104:2000x1229/800x0/images/Le-nouvel-Airbus-A321XLR-d-Iberia-se-prepare-pour-son-vol-de-convoyage-vers-Madrid-1966883.jpg" />]]></description>
            <enclosure url="https://images.bfmtv.com/uqOCKn8HBfvNJf3uNJSI0afMi-c=/0x104:2000x1229/800x0/images/Le-nouvel-Airbus-A321XLR-d-Iberia-se-prepare-pour-son-vol-de-convoyage-vers-Madrid-1966883.jpg" length="0" type="image/jpg"/>
        </item>
        <item>
            <title><![CDATA[Transilien: la SNCF vise 800 recrutements cette année]]></title>
            <link>https://www.bfmtv.com/economie/entreprises/transports/transilien-la-sncf-vise-800-recrutements-cette-annee_AV-202502100324.html</link>
            <guid>https://www.bfmtv.com/economie/entreprises/transports/transilien-la-sncf-vise-800-recrutements-cette-annee_AV-202502100324.html</guid>
            <pubDate>Mon, 10 Feb 2025 09:29:01 GMT</pubDate>
            <description><![CDATA[La moitié de ces recrutements concerne des conducteurs et conductrices mais le transporteur cherche aussi des agents en gare et des techniciens de maintenance. Si la SNCF recrute assez facilement, elle peine parfois à retenir ses jeunes recrues.<br /><br /><img src="https://images.bfmtv.com/eTC2a4FPexvL-HL1a475kHUTNos=/4x3:1252x705/800x0/images/-459324.jpg" />]]></description>
            <enclosure url="https://images.bfmtv.com/eTC2a4FPexvL-HL1a475kHUTNos=/4x3:1252x705/800x0/images/-459324.jpg" length="0" type="image/jpg"/>
        </item>
        <item>
            <title><![CDATA[Il est désormais possible de convertir ses Miles Air France en bons d'achat TGV]]></title>
            <link>https://www.bfmtv.com/economie/entreprises/transports/air-france-il-est-desormais-possible-de-convertir-ses-miles-en-bons-d-achat-tgv_AV-202502100163.html</link>
            <guid>https://www.bfmtv.com/economie/entreprises/transports/air-france-il-est-desormais-possible-de-convertir-ses-miles-en-bons-d-achat-tgv_AV-202502100163.html</guid>
            <pubDate>Mon, 10 Feb 2025 09:20:48 GMT</pubDate>
            <description><![CDATA[Ces bons d’achats (entre 25 et 100 euros) dépendront du nombre de Miles détenus par le passager dans son programme de fidélité Flying Blue d’Air France. <br /><br /><img src="https://images.bfmtv.com/o-9dGXMGnrD527h_teumWQ8DK-g=/0x189:2016x1323/800x0/images/-465933.jpg" />]]></description>
            <enclosure url="https://images.bfmtv.com/o-9dGXMGnrD527h_teumWQ8DK-g=/0x189:2016x1323/800x0/images/-465933.jpg" length="0" type="image/jpg"/>
        </item>
        <item>
            <title><![CDATA["Je ne prends jamais le train": victime d'usurpation d'identité, elle doit près de 22.000 euros à la SNCF]]></title>
            <link>https://www.bfmtv.com/economie/entreprises/transports/je-ne-prends-jamais-le-train-victime-d-usurpation-d-identite-elle-doit-pres-de-22-000-euros-a-la-sncf_AV-202502100238.html</link>
            <guid>https://www.bfmtv.com/economie/entreprises/transports/je-ne-prends-jamais-le-train-victime-d-usurpation-d-identite-elle-doit-pres-de-22-000-euros-a-la-sncf_AV-202502100238.html</guid>
            <pubDate>Mon, 10 Feb 2025 07:36:33 GMT</pubDate>
            <description><![CDATA[Une jeune femme a reçu en deux ans des dizaines d'amendes majorées de la part de l'opérateur. <br /><br /><img src="https://images.bfmtv.com/eja9LZrp6tU2fca-c8NNnIHPRtc=/0x8:1120x638/800x0/images/-144237.jpg" />]]></description>
            <enclosure url="https://images.bfmtv.com/eja9LZrp6tU2fca-c8NNnIHPRtc=/0x8:1120x638/800x0/images/-144237.jpg" length="0" type="image/jpg"/>
        </item>
        <item>
            <title><![CDATA[Hausse de la taxe sur les billets d'avion: Air France alerte sur une baisse de résultat d'environ 100 millions d'euros]]></title>
            <link>https://www.bfmtv.com/economie/entreprises/transports/hausse-de-la-taxe-sur-les-billets-d-avion-air-france-alerte-sur-une-baisse-de-resultat-d-environ-100-millions-d-euros_AD-202502090190.html</link>
            <guid>https://www.bfmtv.com/economie/entreprises/transports/hausse-de-la-taxe-sur-les-billets-d-avion-air-france-alerte-sur-une-baisse-de-resultat-d-environ-100-millions-d-euros_AD-202502090190.html</guid>
            <pubDate>Sun, 09 Feb 2025 10:36:47 GMT</pubDate>
            <description><![CDATA[Dans La Tribune Dimanche, la directrice générale d'Air France, Anne Rigail, alerte sur les effets pervers de la mesure, inscrite au budget 2025.<br /><br /><img src="https://images.bfmtv.com/Eak3FhO21gUtKLN1Kr-Hvl07IiY=/55x0:1255x675/800x0/images/-335038.jpg" />]]></description>
            <enclosure url="https://images.bfmtv.com/Eak3FhO21gUtKLN1Kr-Hvl07IiY=/55x0:1255x675/800x0/images/-335038.jpg" length="0" type="image/jpg"/>
        </item>
        <item>
            <title><![CDATA[A89, A72... Entre neige et départs en vacances, ce samedi s'annonce "très difficile" sur les routes]]></title>
            <link>https://www.bfmtv.com/economie/entreprises/transports/a89-a72-entre-neige-et-depart-en-vacances-ce-samedi-s-annonce-tres-difficile-sur-les-routes_AN-202502080061.html</link>
            <guid>https://www.bfmtv.com/economie/entreprises/transports/a89-a72-entre-neige-et-depart-en-vacances-ce-samedi-s-annonce-tres-difficile-sur-les-routes_AN-202502080061.html</guid>
            <pubDate>Sat, 08 Feb 2025 05:45:23 GMT</pubDate>
            <description><![CDATA[Dans son bulletin de ce samedi 8 février, Bison Futé voit rouge sur tout le tiers Est du pays en ce qui concerne le trafic routier. La neige "lourde et collante" ne va pas faciliter le trafic sur plusieurs axes autoroutiers.<br /><br /><img src="https://images.bfmtv.com/JXEfm-4lNgdZX3xVO-eDdhj_RaE=/0x40:768x472/800x0/images/Un-bouchon-sur-la-RN90-entre-Albertville-et-Moutiers-dans-la-vallee-alpine-de-la-Tarentaise-le-30-decembre-2017-2025667.jpg" />]]></description>
            <enclosure url="https://images.bfmtv.com/JXEfm-4lNgdZX3xVO-eDdhj_RaE=/0x40:768x472/800x0/images/Un-bouchon-sur-la-RN90-entre-Albertville-et-Moutiers-dans-la-vallee-alpine-de-la-Tarentaise-le-30-decembre-2017-2025667.jpg" length="0" type="image/jpg"/>
        </item>
        <item>
            <title><![CDATA[La RATP généralise la semaine de quatre jours aux agents de stations]]></title>
            <link>https://www.bfmtv.com/economie/entreprises/transports/la-ratp-generalise-la-semaine-de-quatre-jours-aux-agents-de-stations_AD-202502070767.html</link>
            <guid>https://www.bfmtv.com/economie/entreprises/transports/la-ratp-generalise-la-semaine-de-quatre-jours-aux-agents-de-stations_AD-202502070767.html</guid>
            <pubDate>Fri, 07 Feb 2025 17:28:04 GMT</pubDate>
            <description><![CDATA[Après une expérimentation concluante, la RATP étend la semaine de quatre jours à toutes les lignes de métro et RER pour les agents de stations et gares, sans réduction du temps de travail.<br /><br /><img src="https://images.bfmtv.com/8M_oDgHwcKf5w_ulXTMhhUyOMsU=/0x40:768x472/800x0/images/Au-siege-de-la-RATP-a-Paris-le-28-aout-2018-1953170.jpg" />]]></description>
            <enclosure url="https://images.bfmtv.com/8M_oDgHwcKf5w_ulXTMhhUyOMsU=/0x40:768x472/800x0/images/Au-siege-de-la-RATP-a-Paris-le-28-aout-2018-1953170.jpg" length="0" type="image/jpg"/>
        </item>
        <item>
            <title><![CDATA[Éboulement en Savoie: la route vers les stations entièrement rouverte vendredi, "une très bonne nouvelle"]]></title>
            <link>https://www.bfmtv.com/economie/entreprises/transports/eboulement-en-savoie-la-route-vers-les-stations-entierement-rouverte-vendredi-une-tres-bonne-nouvelle_AD-202502060917.html</link>
            <guid>https://www.bfmtv.com/economie/entreprises/transports/eboulement-en-savoie-la-route-vers-les-stations-entierement-rouverte-vendredi-une-tres-bonne-nouvelle_AD-202502060917.html</guid>
            <pubDate>Thu, 06 Feb 2025 19:19:29 GMT</pubDate>
            <description><![CDATA[La RN90, qui mène aux stations de ski de la Tarentaise, va rouvrir ce vendredi, ce qui est "une très très bonne nouvelle", à l'approche du week-end mais surtout des vacances d'hiver, selon le président de la région Auvergne-Rhône-Alpes.<br /><br /><img src="https://images.bfmtv.com/Q_B77UsF5GbC8POFOEA1TiXvPwY=/104x123:1800x1077/800x0/images/Eboulement-en-Savoie-l-acces-aux-stations-possible-mais-difficile-pour-le-premier-weekend-de-vacances-2026221.jpg" />]]></description>
            <enclosure url="https://images.bfmtv.com/Q_B77UsF5GbC8POFOEA1TiXvPwY=/104x123:1800x1077/800x0/images/Eboulement-en-Savoie-l-acces-aux-stations-possible-mais-difficile-pour-le-premier-weekend-de-vacances-2026221.jpg" length="0" type="image/jpg"/>
        </item>
        <item>
            <title><![CDATA[SNCF: reprise progressive du trafic depuis la Gare de Lyon après un incident technique]]></title>
            <link>https://www.bfmtv.com/economie/entreprises/transports/sncf-trafic-partiellement-interrompu-en-gare-de-lyon-a-paris_AN-202502060496.html</link>
            <guid>https://www.bfmtv.com/economie/entreprises/transports/sncf-trafic-partiellement-interrompu-en-gare-de-lyon-a-paris_AN-202502060496.html</guid>
            <pubDate>Thu, 06 Feb 2025 12:06:18 GMT</pubDate>
            <description><![CDATA[La circulation est fortement perturbée ce jeudi en gare de Lyon. Le trafic reprend progressivement après la réparation d'un équipement au Sud de Paris.<br /><br /><img src="https://images.bfmtv.com/bBbQ_rh8fLFMmZzTOSOw3lnUU6M=/0x0:2048x1152/800x0/images/SNCF-les-voyageurs-en-excedent-de-bagages-pourront-payer-une-amende-des-le-15-septembre-1929549.jpg" />]]></description>
            <enclosure url="https://images.bfmtv.com/bBbQ_rh8fLFMmZzTOSOw3lnUU6M=/0x0:2048x1152/800x0/images/SNCF-les-voyageurs-en-excedent-de-bagages-pourront-payer-une-amende-des-le-15-septembre-1929549.jpg" length="0" type="image/jpg"/>
        </item>
        <item>
            <title><![CDATA[Billets d'avion: l'augmentation de la taxe "totalement" compensée pour l'Outre-mer et la Corse]]></title>
            <link>https://www.bfmtv.com/economie/entreprises/transports/billets-d-avion-l-augmentation-de-la-taxe-totalement-compensee-pour-l-outre-mer-et-la-corse_AD-202502060468.html</link>
            <guid>https://www.bfmtv.com/economie/entreprises/transports/billets-d-avion-l-augmentation-de-la-taxe-totalement-compensee-pour-l-outre-mer-et-la-corse_AD-202502060468.html</guid>
            <pubDate>Thu, 06 Feb 2025 11:44:01 GMT</pubDate>
            <description><![CDATA[Si le Budget 2025 ne comporte "pas de tarif particulier ou d'exonération (de la taxe) pour la Corse ou pour l'Outre-mer", il prévoit "un soutien budgétaire à la Corse et à l'Outre-mer pour la continuité territoriale".  <br /><br /><img src="https://images.bfmtv.com/oqQuJGFaKUuUp748qt9IrUoIbZo=/0x44:1280x764/800x0/images/Les-prix-des-billets-d-avion-vont-ils-augmenter-en-2025-1990322.jpg" />]]></description>
            <enclosure url="https://images.bfmtv.com/oqQuJGFaKUuUp748qt9IrUoIbZo=/0x44:1280x764/800x0/images/Les-prix-des-billets-d-avion-vont-ils-augmenter-en-2025-1990322.jpg" length="0" type="image/jpg"/>
        </item>
        <item>
            <title><![CDATA[Retard du TGV M: des pénalités "au maximum" pour Alstom]]></title>
            <link>https://www.bfmtv.com/economie/entreprises/transports/retard-du-tgv-m-des-penalites-au-maximum-pour-alstom_AV-202502060336.html</link>
            <guid>https://www.bfmtv.com/economie/entreprises/transports/retard-du-tgv-m-des-penalites-au-maximum-pour-alstom_AV-202502060336.html</guid>
            <pubDate>Thu, 06 Feb 2025 09:21:01 GMT</pubDate>
            <description><![CDATA[Le nouveau fleuron de la SNCF ne circulera pas avant les premiers mois de 2026. Une accumulation de retards qui est synonyme d'accumulation de pénalités pour l'industriel.<br /><br /><img src="https://images.bfmtv.com/1ZIdtzyKlz9Ug8vcEjSByVKP3_4=/0x106:2048x1258/800x0/images/TGV-M-1853521.jpg" />]]></description>
            <enclosure url="https://images.bfmtv.com/1ZIdtzyKlz9Ug8vcEjSByVKP3_4=/0x106:2048x1258/800x0/images/TGV-M-1853521.jpg" length="0" type="image/jpg"/>
        </item>
        <item>
            <title><![CDATA[SNCF: un passager reçoit une amende pour avoir téléphoné en haut-parleur dans une gare]]></title>
            <link>https://www.bfmtv.com/economie/entreprises/transports/sncf-un-passager-recoit-une-amende-pour-avoir-telephone-en-haut-parleur-dans-une-gare_AV-202502060264.html</link>
            <guid>https://www.bfmtv.com/economie/entreprises/transports/sncf-un-passager-recoit-une-amende-pour-avoir-telephone-en-haut-parleur-dans-une-gare_AV-202502060264.html</guid>
            <pubDate>Thu, 06 Feb 2025 07:58:58 GMT</pubDate>
            <description><![CDATA[L'amende de 150 euros a été majorée car elle n'a pas été réglée sur place. Le passager conteste la contravention et a engagé un avocat. <br /><br /><img src="https://images.bfmtv.com/yGDRUX0rSs7TIcd4P8ydu_Dsx3Y=/1x14:833x482/800x0/images/-298375.jpg" />]]></description>
            <enclosure url="https://images.bfmtv.com/yGDRUX0rSs7TIcd4P8ydu_Dsx3Y=/1x14:833x482/800x0/images/-298375.jpg" length="0" type="image/jpg"/>
        </item>
        <item>
            <title><![CDATA[Un avion percute sans gravité un autre appareil à l'aéroport de Seattle]]></title>
            <link>https://www.bfmtv.com/economie/entreprises/transports/un-avion-percute-sans-gravite-un-autre-appareil-a-l-aeroport-de-seattle_AN-202502051000.html</link>
            <guid>https://www.bfmtv.com/economie/entreprises/transports/un-avion-percute-sans-gravite-un-autre-appareil-a-l-aeroport-de-seattle_AN-202502051000.html</guid>
            <pubDate>Wed, 05 Feb 2025 22:59:42 GMT</pubDate>
            <description><![CDATA[L'aile d'un avion de la Japan Airlines a heurté la queue d'un avion de la Delta Airlines ce mercredi sur la piste de l'aéroport international de Seattle-Tacoma, dans le nord-ouest des États-Unis.<br /><br /><img src="https://images.bfmtv.com/V4doXVhq5DlqoKZtfVYRHpdNn8A=/0x0:1920x1080/800x0/images/Un-avion-de-la-Japan-Airlines-est-entre-en-collision-avec-un-autre-appareil-a-l-aeroport-de-Seattle-Tacoma-aux-Etats-Unis-ce-mercredi-5-fevrier-2028164.jpg" />]]></description>
            <enclosure url="https://images.bfmtv.com/V4doXVhq5DlqoKZtfVYRHpdNn8A=/0x0:1920x1080/800x0/images/Un-avion-de-la-Japan-Airlines-est-entre-en-collision-avec-un-autre-appareil-a-l-aeroport-de-Seattle-Tacoma-aux-Etats-Unis-ce-mercredi-5-fevrier-2028164.jpg" length="0" type="image/jpg"/>
        </item>
        <item>
            <title><![CDATA[Train à grande vitesse: où en est Le Train, qui veut concurrencer la SNCF dans l'Ouest?]]></title>
            <link>https://www.bfmtv.com/economie/entreprises/transports/train-a-grande-vitesse-ou-en-est-le-train-qui-veut-concurrencer-la-sncf-dans-l-ouest_AV-202502050683.html</link>
            <guid>https://www.bfmtv.com/economie/entreprises/transports/train-a-grande-vitesse-ou-en-est-le-train-qui-veut-concurrencer-la-sncf-dans-l-ouest_AV-202502050683.html</guid>
            <pubDate>Wed, 05 Feb 2025 16:18:23 GMT</pubDate>
            <description><![CDATA[Le nouvel opérateur qui souhaite lancer une liaison régionale à grande vitesse et à haute fréquence entre les métropoles du Grand Ouest mise sur un départ commercial en 2027. Pourtant, ses rames neuves fabriquées par Talgo ne sont toujours pas en production. <br /><br /><img src="https://images.bfmtv.com/NmfQASmacKRxoiRy5Gqa2cuwBEI=/7x111:2039x1254/800x0/images/A-quoi-pourrait-ressembler-les-futurs-TGV-de-la-compagnie-Le-Train-1667788.jpg" />]]></description>
            <enclosure url="https://images.bfmtv.com/NmfQASmacKRxoiRy5Gqa2cuwBEI=/7x111:2039x1254/800x0/images/A-quoi-pourrait-ressembler-les-futurs-TGV-de-la-compagnie-Le-Train-1667788.jpg" length="0" type="image/jpg"/>
        </item>
        <item>
            <title><![CDATA[SNCF: la ligne Intercités maudite Paris-Clermont sera la prochaine à être ouverte à la concurrence]]></title>
            <link>https://www.bfmtv.com/economie/entreprises/transports/sncf-la-ligne-intercites-maudite-paris-clermont-sera-la-prochaine-a-etre-ouverte-a-la-concurrence_AV-202502050637.html</link>
            <guid>https://www.bfmtv.com/economie/entreprises/transports/sncf-la-ligne-intercites-maudite-paris-clermont-sera-la-prochaine-a-etre-ouverte-a-la-concurrence_AV-202502050637.html</guid>
            <pubDate>Wed, 05 Feb 2025 15:28:14 GMT</pubDate>
            <description><![CDATA[Le processus qui concerne également la ligne Paris-Limoges-Toulouse est lancé par l'État. Le nouvel opérateur débutera ses opérations fin 2029.<br /><br /><img src="https://images.bfmtv.com/-_OgsUtw3_TmAJqFfrV_-Z1Ob8o=/1x745:993x1303/800x0/images/Le-nouveau-train-Oxygene-pour-les-lignes-Intercites-Paris-Clermont-et-Paris-Toulouse-1863513.jpg" />]]></description>
            <enclosure url="https://images.bfmtv.com/-_OgsUtw3_TmAJqFfrV_-Z1Ob8o=/1x745:993x1303/800x0/images/Le-nouveau-train-Oxygene-pour-les-lignes-Intercites-Paris-Clermont-et-Paris-Toulouse-1863513.jpg" length="0" type="image/jpg"/>
        </item>
        <item>
            <title><![CDATA[ Passe d'armes entre le patron de Renault et des députés ]]></title>
            <link>https://www.bfmtv.com/economie/entreprises/transports/passe-d-armes-entre-le-patron-de-renault-et-des-deputes_VN-202502050459.html</link>
            <guid>https://www.bfmtv.com/economie/entreprises/transports/passe-d-armes-entre-le-patron-de-renault-et-des-deputes_VN-202502050459.html</guid>
            <pubDate>Wed, 05 Feb 2025 11:35:17 GMT</pubDate>
            <description><![CDATA[Auditionné par la commission des Affaires économiques de l'Assemblée nationale, Luca de Meo a dû justifier son salaire au moment où le groupe se sépare de la Fonderie de Bretagne. L'occasion d'un échange musclé avec un député Nupes.

 Luca de Meo, directeur général de Renault<br /><br /><img src="https://images.bfmtv.com/XAi3jH4vCzWGgj-XjQN-wFg6iew=/0x0:1280x720/800x0/images/Passe-d-armes-entre-le-patron-de-Renault-et-des-deputes-2027743.jpg" />]]></description>
            <enclosure url="https://images.bfmtv.com/XAi3jH4vCzWGgj-XjQN-wFg6iew=/0x0:1280x720/800x0/images/Passe-d-armes-entre-le-patron-de-Renault-et-des-deputes-2027743.jpg" length="0" type="image/jpg"/>
        </item>
        <item>
            <title><![CDATA[Éboulement en Savoie: la SNCF renforce son offre de train vers les stations de ski]]></title>
            <link>https://www.bfmtv.com/economie/entreprises/transports/eboulement-en-savoie-la-sncf-renforce-son-offre-de-train-vers-les-stations-de-ski_AD-202502040620.html</link>
            <guid>https://www.bfmtv.com/economie/entreprises/transports/eboulement-en-savoie-la-sncf-renforce-son-offre-de-train-vers-les-stations-de-ski_AD-202502040620.html</guid>
            <pubDate>Tue, 04 Feb 2025 15:22:40 GMT</pubDate>
            <description><![CDATA[Des trains supplémentaires vont être mis en place entre Chambéry et Bourg-Saint-Maurice ainsi qu'entre Paris et Bourg-Saint-Maurice, alors qu'un éboulement a amputé la route principale menant aux stations de ski. <br /><br /><img src="https://images.bfmtv.com/QiLCr_b9kEVDwB8mNfoE7K1OSNM=/0x0:1920x1080/800x0/images/Des-voitures-a-l-arret-apres-un-eboulement-en-Savoie-2025586.jpg" />]]></description>
            <enclosure url="https://images.bfmtv.com/QiLCr_b9kEVDwB8mNfoE7K1OSNM=/0x0:1920x1080/800x0/images/Des-voitures-a-l-arret-apres-un-eboulement-en-Savoie-2025586.jpg" length="0" type="image/jpg"/>
        </item>
        <item>
            <title><![CDATA[Coupe-file, sièges premium… Easyjet lance un abonnement dédié aux entreprises]]></title>
            <link>https://www.bfmtv.com/economie/entreprises/transports/coupe-file-sieges-premium-easyjet-lance-abonnement-dedie-aux-entreprises_AV-202502040544.html</link>
            <guid>https://www.bfmtv.com/economie/entreprises/transports/coupe-file-sieges-premium-easyjet-lance-abonnement-dedie-aux-entreprises_AV-202502040544.html</guid>
            <pubDate>Tue, 04 Feb 2025 13:53:34 GMT</pubDate>
            <description><![CDATA[Le service baptisé "Easyjet Plus for Business" est facturé 298 euros par an et par salarié et offre un éventail d'avantages à l'embarquement et pendant le vol.<br /><br /><img src="https://images.bfmtv.com/ZLaFHqkneiq2A_xsXqIqufbNxL4=/205x221:1165x761/800x0/images/-466321.jpg" />]]></description>
            <enclosure url="https://images.bfmtv.com/ZLaFHqkneiq2A_xsXqIqufbNxL4=/205x221:1165x761/800x0/images/-466321.jpg" length="0" type="image/jpg"/>
        </item>
        <item>
            <title><![CDATA[Eboulement sur la route des stations de la Tarentaise: la SNCF appelée à renforcer son offre]]></title>
            <link>https://www.bfmtv.com/economie/entreprises/transports/eboulement-sur-la-route-des-stations-de-la-tarentaise-la-sncf-appelee-a-renforcer-son-offre_AV-202502030734.html</link>
            <guid>https://www.bfmtv.com/economie/entreprises/transports/eboulement-sur-la-route-des-stations-de-la-tarentaise-la-sncf-appelee-a-renforcer-son-offre_AV-202502030734.html</guid>
            <pubDate>Mon, 03 Feb 2025 17:45:30 GMT</pubDate>
            <description><![CDATA[Des travaux de sécurisation doivent être menés ce qui va rendre compliqué l'accès aux stations de ski comme Tignes, Les Arcs, La Plagne, Courchevel, Méribel... SNCF Voyageurs dit être au "maximum" mais annonce ajouter un aller-retour supplémentaire entre Paris et Bourg-Saint-Maurice pendant les quatre semaines des vacances scolaires.<br /><br /><img src="https://images.bfmtv.com/v0twrr-XH_NIMj3lJd0MKs_mrTk=/0x0:1920x1080/800x0/images/C-est-le-seul-moyen-apres-un-eboulement-en-Savoie-les-elus-locaux-reclament-la-construction-d-un-tunnel-2026148.jpg" />]]></description>
            <enclosure url="https://images.bfmtv.com/v0twrr-XH_NIMj3lJd0MKs_mrTk=/0x0:1920x1080/800x0/images/C-est-le-seul-moyen-apres-un-eboulement-en-Savoie-les-elus-locaux-reclament-la-construction-d-un-tunnel-2026148.jpg" length="0" type="image/jpg"/>
        </item>
        <item>
            <title><![CDATA[ Cette route recharge les véhicules électriques ]]></title>
            <link>https://www.bfmtv.com/economie/entreprises/transports/cette-route-recharge-les-vehicules-electriques_VN-202502030753.html</link>
            <guid>https://www.bfmtv.com/economie/entreprises/transports/cette-route-recharge-les-vehicules-electriques_VN-202502030753.html</guid>
            <pubDate>Mon, 03 Feb 2025 17:00:03 GMT</pubDate>
            <description><![CDATA[Dans l'Essonne, une portion de l'autoroute A10 est transformée pour intégrer une technologie permettant aux véhicules électriques de se recharger simplement en roulant dessus.

Une vidéo de Léa Araujo<br /><br /><img src="https://images.bfmtv.com/H8qyr_BNZdrW4rlASLrx_tVvt9Y=/0x0:1280x720/800x0/images/Cette-route-recharge-les-vehicules-electriques-2026500.jpg" />]]></description>
            <enclosure url="https://images.bfmtv.com/H8qyr_BNZdrW4rlASLrx_tVvt9Y=/0x0:1280x720/800x0/images/Cette-route-recharge-les-vehicules-electriques-2026500.jpg" length="0" type="image/jpg"/>
        </item>
        <item>
            <title><![CDATA[Augmentation de la taxe sur les billets d'avion: à quoi s'attendre?]]></title>
            <link>https://www.bfmtv.com/economie/entreprises/transports/augmentation-de-la-taxe-sur-les-billets-d-avion-a-quoi-s-attendre_AV-202502030563.html</link>
            <guid>https://www.bfmtv.com/economie/entreprises/transports/augmentation-de-la-taxe-sur-les-billets-d-avion-a-quoi-s-attendre_AV-202502030563.html</guid>
            <pubDate>Mon, 03 Feb 2025 13:20:28 GMT</pubDate>
            <description><![CDATA[Son principe a été acté lors de la Commission mixte paritaire, mais avec des niveaux moins élevés que le projet initial du Budget 2025.<br /><br /><img src="https://images.bfmtv.com/oqQuJGFaKUuUp748qt9IrUoIbZo=/0x44:1280x764/800x0/images/Les-prix-des-billets-d-avion-vont-ils-augmenter-en-2025-1990322.jpg" />]]></description>
            <enclosure url="https://images.bfmtv.com/oqQuJGFaKUuUp748qt9IrUoIbZo=/0x44:1280x764/800x0/images/Les-prix-des-billets-d-avion-vont-ils-augmenter-en-2025-1990322.jpg" length="0" type="image/jpg"/>
        </item>
        <item>
            <title><![CDATA[TGV M: un lancement début 2026 plutôt que fin 2025]]></title>
            <link>https://www.bfmtv.com/economie/entreprises/transports/tgv-m-un-lancement-debut-2026-plutot-que-fin-2025_AV-202502030393.html</link>
            <guid>https://www.bfmtv.com/economie/entreprises/transports/tgv-m-un-lancement-debut-2026-plutot-que-fin-2025_AV-202502030393.html</guid>
            <pubDate>Mon, 03 Feb 2025 10:32:52 GMT</pubDate>
            <description><![CDATA[Il ne s'agit pas d'un nouveau retard mais les premières circulations du nouveau fleuron de SNCF Voyageurs arriveront en toute fin de l'échéance communiquée par l'opérateur.<br /><br /><img src="https://images.bfmtv.com/Ixhw5oVeBua_zW_ysCUNsSXT71I=/0x0:1920x1080/800x0/images/TGV-M-1853395.jpg" />]]></description>
            <enclosure url="https://images.bfmtv.com/Ixhw5oVeBua_zW_ysCUNsSXT71I=/0x0:1920x1080/800x0/images/TGV-M-1853395.jpg" length="0" type="image/jpg"/>
        </item>
        <item>
            <title><![CDATA[TGV: comment inciter les concurrents de la SNCF à opérer sur les lignes non-rentables?]]></title>
            <link>https://www.bfmtv.com/economie/entreprises/transports/tgv-comment-inciter-les-concurrents-de-la-sncf-a-operer-sur-les-lignes-non-rentables_AV-202502030032.html</link>
            <guid>https://www.bfmtv.com/economie/entreprises/transports/tgv-comment-inciter-les-concurrents-de-la-sncf-a-operer-sur-les-lignes-non-rentables_AV-202502030032.html</guid>
            <pubDate>Mon, 03 Feb 2025 04:59:17 GMT</pubDate>
            <description><![CDATA[L’avenir des dessertes d’aménagement du territoire par les trains à grande vitesse est toujours à l'ordre du jour. Quels seraient les leviers pour parvenir à cet objectif poussé par le gouvernement? Comment se positionnent les concurrents de SNCF Voyageurs?<br /><br /><img src="https://images.bfmtv.com/eQbJ-XMlXg6ZMNi6Dzy_JvI1BYQ=/0x106:2048x1258/800x0/images/Un-TGV-dans-le-nord-de-la-France-illustration-2003505.jpg" />]]></description>
            <enclosure url="https://images.bfmtv.com/eQbJ-XMlXg6ZMNi6Dzy_JvI1BYQ=/0x106:2048x1258/800x0/images/Un-TGV-dans-le-nord-de-la-France-illustration-2003505.jpg" length="0" type="image/jpg"/>
        </item>
        <item>
            <title><![CDATA[Air France-KLM contre Lufthansa: bataille en perspective pour une prise de participation dans Air Europa]]></title>
            <link>https://www.bfmtv.com/economie/entreprises/transports/air-france-klm-contre-lufthansa-bataille-en-perspective-pour-une-prise-de-participation-dans-air-europa_AN-202501310740.html</link>
            <guid>https://www.bfmtv.com/economie/entreprises/transports/air-france-klm-contre-lufthansa-bataille-en-perspective-pour-une-prise-de-participation-dans-air-europa_AN-202501310740.html</guid>
            <pubDate>Fri, 31 Jan 2025 15:55:50 GMT</pubDate>
            <description><![CDATA[La compagnie espagnole est en quête de partenaires pour assurer son financement et notamment rembourser un prêt de 475 millions d’euros.<br /><br /><img src="https://images.bfmtv.com/EGx-cQ3JHc0opqDaq8copDHQOJ4=/4x2:980x551/800x0/images/-475719.jpg" />]]></description>
            <enclosure url="https://images.bfmtv.com/EGx-cQ3JHc0opqDaq8copDHQOJ4=/4x2:980x551/800x0/images/-475719.jpg" length="0" type="image/jpg"/>
        </item>
        <item>
            <title><![CDATA[Le contrôle aérien victime d'une panne, l’espace aérien belge fermé temporairement]]></title>
            <link>https://www.bfmtv.com/economie/entreprises/transports/le-controle-aerien-victime-d-une-panne-l-espace-aerien-belge-ferme_AN-202501300659.html</link>
            <guid>https://www.bfmtv.com/economie/entreprises/transports/le-controle-aerien-victime-d-une-panne-l-espace-aerien-belge-ferme_AN-202501300659.html</guid>
            <pubDate>Thu, 30 Jan 2025 15:26:53 GMT</pubDate>
            <description><![CDATA[C'est le contrôle aérien qui a été touché ce jeudi après-midi. Le trafic aérien a repris progressivement<br /><br /><img src="https://images.bfmtv.com/c0AhhImfhlnxeEisUbDfvpeEdTc=/1x30:449x282/800x0/images/-421363.jpg" />]]></description>
            <enclosure url="https://images.bfmtv.com/c0AhhImfhlnxeEisUbDfvpeEdTc=/1x30:449x282/800x0/images/-421363.jpg" length="0" type="image/jpg"/>
        </item>
        <item>
            <title><![CDATA[Transport aérien: nombre de passagers record en 2024]]></title>
            <link>https://www.bfmtv.com/economie/entreprises/transports/transport-aerien-nombre-de-passagers-record-en-2024_AD-202501300653.html</link>
            <guid>https://www.bfmtv.com/economie/entreprises/transports/transport-aerien-nombre-de-passagers-record-en-2024_AD-202501300653.html</guid>
            <pubDate>Thu, 30 Jan 2025 15:12:13 GMT</pubDate>
            <description><![CDATA[Ce sont surtout les voyages internationaux qui ont tiré la tendance l'année dernière (+13,6%), tandis que la fréquentation des vols intérieurs n'a progressé que de 5,7%. <br /><br /><img src="https://images.bfmtv.com/6Krs362km1_TuhwSVvBVJ_RMCgk=/14x222:2046x1365/800x0/images/Boeing-777-300ER-d-Air-France-1953631.jpg" />]]></description>
            <enclosure url="https://images.bfmtv.com/6Krs362km1_TuhwSVvBVJ_RMCgk=/14x222:2046x1365/800x0/images/Boeing-777-300ER-d-Air-France-1953631.jpg" length="0" type="image/jpg"/>
        </item>
        <item>
            <title><![CDATA[Intercités et TER: très souvent perdants, les concurrents de la SNCF critiquent le cadre des appels d'offres]]></title>
            <link>https://www.bfmtv.com/economie/entreprises/transports/intercites-et-ter-tres-souvent-perdants-les-concurrents-de-la-sncf-critiquent-le-cadre-des-appels-d-offres_AV-202501300619.html</link>
            <guid>https://www.bfmtv.com/economie/entreprises/transports/intercites-et-ter-tres-souvent-perdants-les-concurrents-de-la-sncf-critiquent-le-cadre-des-appels-d-offres_AV-202501300619.html</guid>
            <pubDate>Thu, 30 Jan 2025 14:36:15 GMT</pubDate>
            <description><![CDATA[SNCF Voyageurs a remporté la très grande majorité des appels d'offres ouvrant à la concurrence les lignes régionales et les lignes d'équilibre du territoire. <br /><br /><img src="https://images.bfmtv.com/7BXtADu49W-SF01DqSvKEZr_eJ0=/0x105:2048x1257/800x0/images/Un-train-Intercites-en-gare-de-Paris-Est-en-avril-2017-1681047.jpg" />]]></description>
            <enclosure url="https://images.bfmtv.com/7BXtADu49W-SF01DqSvKEZr_eJ0=/0x105:2048x1257/800x0/images/Un-train-Intercites-en-gare-de-Paris-Est-en-avril-2017-1681047.jpg" length="0" type="image/jpg"/>
        </item>
    </channel>
</rss>