<?xml version="1.0" encoding="utf-8"?>
<rss version="2.0" xmlns:atom="http://www.w3.org/2005/Atom">
    <channel>
        <title>Home Police-Justice - actualités</title>
        <link>https://www.bfmtv.com/police-justice/</link>
        <description>Retrouvez toute l'actualité judiciaire et policière en direct et en continu: Faits divers, accidents, affaires, analyses sur le terrorisme et la sécurité...</description>
        <lastBuildDate>Wed, 12 Feb 2025 08:48:31 GMT</lastBuildDate>
        <docs>http://blogs.law.harvard.edu/tech/rss</docs>
        <generator>BFMTV</generator>
        <language>fr</language>
        <image>
            <title>Home Police-Justice - actualités</title>
            <url>https://www.bfmtv.com/assets/v11/images/BFMTV_default_16x9.8715a163008e9f3fc3799c8e2c6ebafa.jpg</url>
            <link>https://www.bfmtv.com/police-justice/</link>
        </image>
        <copyright>Copyright BFMTV</copyright>
        <category>Home Police-Justice - actualités</category>
        <atom:link href="https://www.bfmtv.com/police-justice/" rel="self" type="application/rss+xml"/>
        <item>
            <title><![CDATA[Meurtre de Louise: Owen L. était un ancien élève du collège de la jeune fille]]></title>
            <link>https://www.bfmtv.com/police-justice/meurtre-de-louise-owen-l-etait-un-ancien-eleve-du-college-de-la-jeune-fille_VN-202502120315.html</link>
            <guid>https://www.bfmtv.com/police-justice/meurtre-de-louise-owen-l-etait-un-ancien-eleve-du-college-de-la-jeune-fille_VN-202502120315.html</guid>
            <pubDate>Wed, 12 Feb 2025 08:37:16 GMT</pubDate>
            <description><![CDATA[Le principal suspect pour le meurtre de Louise à Épinay-sur-Orge, Owen L., est un ancien élève de l'établissement scolaire ou étudiait Louise. <br /><br /><img src="https://images.bfmtv.com/YzFdJn8ZeY0DpDlufszn6V-9qd4=/0x0:1280x720/800x0/images/Meurtre-de-Louise-Owen-L-etait-un-ancien-eleve-du-college-de-la-jeune-fille-2031899.jpg" />]]></description>
            <enclosure url="https://images.bfmtv.com/YzFdJn8ZeY0DpDlufszn6V-9qd4=/0x0:1280x720/800x0/images/Meurtre-de-Louise-Owen-L-etait-un-ancien-eleve-du-college-de-la-jeune-fille-2031899.jpg" length="0" type="image/jpg"/>
        </item>
        <item>
            <title><![CDATA[L'assignation à résidence du frère d'un terroriste du Bataclan créé une "psychose naissante" en Haute-Saône]]></title>
            <link>https://www.bfmtv.com/police-justice/l-assignation-a-residence-du-frere-d-un-terroriste-du-bataclan-cree-une-psychose-naissante-dans-une-commune-de-haute-saone_AD-202502120259.html</link>
            <guid>https://www.bfmtv.com/police-justice/l-assignation-a-residence-du-frere-d-un-terroriste-du-bataclan-cree-une-psychose-naissante-dans-une-commune-de-haute-saone_AD-202502120259.html</guid>
            <pubDate>Wed, 12 Feb 2025 07:31:40 GMT</pubDate>
            <description><![CDATA[Les habitants de Lure, en Haute-Saône, sont inquiets après l'assignation à résidence d'un ancien jihadiste, frère d'un terroriste du Bataclan. Malgré les assurances du ministre de l'Intérieur, le maire exprime son désaccord face à cette situation. <br /><br /><img src="https://images.bfmtv.com/DjaBqoIMe0wgSYsEu_77nTDsbHs=/5x1:1077x604/800x0/images/Haute-Saone-l-assignation-a-residence-du-frere-d-un-terroriste-du-Bataclan-fait-polemique-a-Lure-2031830.jpg" />]]></description>
            <enclosure url="https://images.bfmtv.com/DjaBqoIMe0wgSYsEu_77nTDsbHs=/5x1:1077x604/800x0/images/Haute-Saone-l-assignation-a-residence-du-frere-d-un-terroriste-du-Bataclan-fait-polemique-a-Lure-2031830.jpg" length="0" type="image/jpg"/>
        </item>
        <item>
            <title><![CDATA[7 MINUTES POUR COMPRENDRE - Meurtre de Louise: quel mobile pour le principal suspect Owen L. ? ]]></title>
            <link>https://www.bfmtv.com/police-justice/7-minutes-pour-comprendre-meurtre-de-louise-quel-mobile-pour-le-principal-suspect-owen-l_VN-202502120262.html</link>
            <guid>https://www.bfmtv.com/police-justice/7-minutes-pour-comprendre-meurtre-de-louise-quel-mobile-pour-le-principal-suspect-owen-l_VN-202502120262.html</guid>
            <pubDate>Wed, 12 Feb 2025 07:30:58 GMT</pubDate>
            <description><![CDATA[L'enquête sur le meurtre de Louise, 11 ans, avance avec l'interpellation d'Owen L., 23 ans, dont l'ADN a été retrouvé sur la victime. Malgré des antécédents de violence, le mobile reste flou. Une conférence de presse est attendue à 18h.<br /><br /><img src="https://images.bfmtv.com/SaY5F_xMY_cxkf0cI3exIgOmyYo=/0x0:1280x720/800x0/images/7-MINUTES-POUR-COMPRENDRE-Meurtre-de-Louise-quel-mobile-pour-le-principal-suspect-Owen-L-2031857.jpg" />]]></description>
            <enclosure url="https://images.bfmtv.com/SaY5F_xMY_cxkf0cI3exIgOmyYo=/0x0:1280x720/800x0/images/7-MINUTES-POUR-COMPRENDRE-Meurtre-de-Louise-quel-mobile-pour-le-principal-suspect-Owen-L-2031857.jpg" length="0" type="image/jpg"/>
        </item>
        <item>
            <title><![CDATA[ Meurtre de Louise: ce que l'on sait du principal suspect Owen L. ]]></title>
            <link>https://www.bfmtv.com/police-justice/meurtre-de-louise-ce-que-l-on-sait-du-principal-suspect-owen-l_VN-202502120220.html</link>
            <guid>https://www.bfmtv.com/police-justice/meurtre-de-louise-ce-que-l-on-sait-du-principal-suspect-owen-l_VN-202502120220.html</guid>
            <pubDate>Wed, 12 Feb 2025 07:00:04 GMT</pubDate>
            <description><![CDATA[L'ADN d'Owen L, 23 ans, a été retrouvé sur le corps de Louise, retrouvée morte dans la nuit du vendredi 7 au samedi 8 février dans le parc des Templiers à Longjumeau. D'abord entendu dans l'enquête de voisinage, les enquêteurs ont décidé de le convoquer à nouveau après plusieurs contradictions. <br /><br /><img src="https://images.bfmtv.com/W4bWuH86RQvaIAyrNaYLMlMtVuY=/0x0:1280x720/800x0/images/Meurtre-de-Louise-ce-que-l-on-sait-du-principal-suspect-Owen-L-2031827.jpg" />]]></description>
            <enclosure url="https://images.bfmtv.com/W4bWuH86RQvaIAyrNaYLMlMtVuY=/0x0:1280x720/800x0/images/Meurtre-de-Louise-ce-que-l-on-sait-du-principal-suspect-Owen-L-2031827.jpg" length="0" type="image/jpg"/>
        </item>
        <item>
            <title><![CDATA[Haute-Saône: un fiché S assigné à résidence à Lure, certains habitants s'inquiètent]]></title>
            <link>https://www.bfmtv.com/police-justice/terrorisme/haute-saone-un-fiche-s-assigne-a-residence-a-lure-certains-habitants-s-inquietent_VN-202502120203.html</link>
            <guid>https://www.bfmtv.com/police-justice/terrorisme/haute-saone-un-fiche-s-assigne-a-residence-a-lure-certains-habitants-s-inquietent_VN-202502120203.html</guid>
            <pubDate>Wed, 12 Feb 2025 06:48:41 GMT</pubDate>
            <description><![CDATA[Les habitants de Lure sont inquiets après l'assignation à résidence d'un ancien djihadiste, frère d'un terroriste du Bataclan. Malgré les assurances du ministre de l'Intérieur, le maire exprime son désaccord face à cette situation.<br /><br /><img src="https://images.bfmtv.com/7-2TJ71YrZqmUFRPtPmTgWsy8hU=/0x0:1280x720/800x0/images/Haute-Saone-un-fiche-S-assigne-a-residence-a-Lure-certains-habitants-s-inquietent-2031816.jpg" />]]></description>
            <enclosure url="https://images.bfmtv.com/7-2TJ71YrZqmUFRPtPmTgWsy8hU=/0x0:1280x720/800x0/images/Haute-Saone-un-fiche-S-assigne-a-residence-a-Lure-certains-habitants-s-inquietent-2031816.jpg" length="0" type="image/jpg"/>
        </item>
        <item>
            <title><![CDATA[Meurtre de Louise: comment s'est déroulée l'interpellation d'Owen L. ]]></title>
            <link>https://www.bfmtv.com/police-justice/meurtre-de-louise-comment-s-est-deroulee-l-interpellation-d-owen-l_VN-202502120189.html</link>
            <guid>https://www.bfmtv.com/police-justice/meurtre-de-louise-comment-s-est-deroulee-l-interpellation-d-owen-l_VN-202502120189.html</guid>
            <pubDate>Wed, 12 Feb 2025 06:38:49 GMT</pubDate>
            <description><![CDATA[Owen L, suspecté du meurtre de Louise, est connu pour des faits de violence. Les policiers ont fouillé sa maison et une voiture blanche liée à sa famille. Certains de ses proches sont en garde à vue pour non-dénonciation de crime.<br /><br /><img src="https://images.bfmtv.com/cbLktAjg_pSUD1f3jojbpu4WayA=/0x0:1280x720/800x0/images/Meurtre-de-Louise-comment-s-est-deroulee-l-interpellation-d-Owen-L-2031805.jpg" />]]></description>
            <enclosure url="https://images.bfmtv.com/cbLktAjg_pSUD1f3jojbpu4WayA=/0x0:1280x720/800x0/images/Meurtre-de-Louise-comment-s-est-deroulee-l-interpellation-d-Owen-L-2031805.jpg" length="0" type="image/jpg"/>
        </item>
        <item>
            <title><![CDATA[Meurtre de Louise: les habitants d'Épinay-sur-Orge entre soulagement et colère]]></title>
            <link>https://www.bfmtv.com/police-justice/meurtre-de-louise-les-habitants-d-epinay-sur-orge-entre-soulagement-et-colere_VN-202502120101.html</link>
            <guid>https://www.bfmtv.com/police-justice/meurtre-de-louise-les-habitants-d-epinay-sur-orge-entre-soulagement-et-colere_VN-202502120101.html</guid>
            <pubDate>Wed, 12 Feb 2025 05:46:00 GMT</pubDate>
            <description><![CDATA[L'ADN d'Owen L, 23 ans, a été retrouvé sur le corps de Louise, retrouvée morte dans la nuit du vendredi 7 au samedi 8 février dans le parc des Templiers à Longjumeau. Le suspect présente également des griffures sur les mains et un emploi du temps qui comporte des contradictions. Le jeune homme a été placé en garde à vue. Ses parents et sa petite amie également pour non-dénonciation de crime.<br /><br /><img src="https://images.bfmtv.com/yQYQnfu3EBMIMwJds6vKvbeDWSc=/0x0:1280x720/800x0/images/Meurtre-de-Louise-les-habitants-d-Epinay-sur-Orge-entre-soulagement-et-colere-2031741.jpg" />]]></description>
            <enclosure url="https://images.bfmtv.com/yQYQnfu3EBMIMwJds6vKvbeDWSc=/0x0:1280x720/800x0/images/Meurtre-de-Louise-les-habitants-d-Epinay-sur-Orge-entre-soulagement-et-colere-2031741.jpg" length="0" type="image/jpg"/>
        </item>
        <item>
            <title><![CDATA[438kg de cocaïne saisis par les douanes au péage de Thun-l'Évêque (Nord)]]></title>
            <link>https://www.bfmtv.com/police-justice/438kg-de-cocaine-saisis-par-les-douanes-au-peage-de-thun-l-eveque-nord_VN-202502120073.html</link>
            <guid>https://www.bfmtv.com/police-justice/438kg-de-cocaine-saisis-par-les-douanes-au-peage-de-thun-l-eveque-nord_VN-202502120073.html</guid>
            <pubDate>Wed, 12 Feb 2025 05:19:25 GMT</pubDate>
            <description><![CDATA[438 kg de cocaïne ont été saisis dans la nuit du 3 au 4 février au péage de Thun-l'Évêque (Nord) sur l'autoroute A2 dans le sens Paris-Bruxelles.<br /><br /><img src="https://images.bfmtv.com/fUVw0-kN5Hqpc759thkyuIL75pk=/0x0:1280x720/800x0/images/438kg-de-cocaine-saisis-par-les-douanes-au-peage-de-Thun-l-Eveque-Nord-2031719.jpg" />]]></description>
            <enclosure url="https://images.bfmtv.com/fUVw0-kN5Hqpc759thkyuIL75pk=/0x0:1280x720/800x0/images/438kg-de-cocaine-saisis-par-les-douanes-au-peage-de-Thun-l-Eveque-Nord-2031719.jpg" length="0" type="image/jpg"/>
        </item>
        <item>
            <title><![CDATA[Meurtre de Louise: que sait-on du principal suspect?]]></title>
            <link>https://www.bfmtv.com/police-justice/meurtre-de-louise-que-sait-on-du-principal-suspect_VN-202502120069.html</link>
            <guid>https://www.bfmtv.com/police-justice/meurtre-de-louise-que-sait-on-du-principal-suspect_VN-202502120069.html</guid>
            <pubDate>Wed, 12 Feb 2025 05:11:39 GMT</pubDate>
            <description><![CDATA[L'ADN d'Owen L, 23 ans, a été retrouvé sur le corps de Louise, retrouvée morte dans la nuit du vendredi 7 au samedi 8 février dans le parc des Templiers à Longjumeau. Le suspect présente également des griffures sur les mains et un emploi du temps qui comporte des contradictions. Le jeune homme a été placé en garde à vue. Ses parents et sa petite amie également pour non-dénonciation de crime.<br /><br /><img src="https://images.bfmtv.com/ielYeDYnFPew4haCjjAK_UzMMmw=/0x0:1280x720/800x0/images/Meurtre-de-Louise-que-sait-on-du-principal-suspect-2031716.jpg" />]]></description>
            <enclosure url="https://images.bfmtv.com/ielYeDYnFPew4haCjjAK_UzMMmw=/0x0:1280x720/800x0/images/Meurtre-de-Louise-que-sait-on-du-principal-suspect-2031716.jpg" length="0" type="image/jpg"/>
        </item>
        <item>
            <title><![CDATA[Cher: un couple interpellé pour des agressions sexuelles filmées sur leur bébé]]></title>
            <link>https://www.bfmtv.com/police-justice/cher-un-couple-interpelle-pour-des-agressions-sexuelles-filmees-sur-leur-bebe_AD-202502110881.html</link>
            <guid>https://www.bfmtv.com/police-justice/cher-un-couple-interpelle-pour-des-agressions-sexuelles-filmees-sur-leur-bebe_AD-202502110881.html</guid>
            <pubDate>Tue, 11 Feb 2025 20:58:45 GMT</pubDate>
            <description><![CDATA[Un couple de trentenaires a été interpellé puis mis en examen pour des faits d'agressions sexuelles incestueuses sur leur bébé et de détention et captation d'images pédopornographiques.<br /><br /><img src="https://images.bfmtv.com/a4zT4Fd14yqy-MNEGX7cbg-8tlE=/0x0:1920x1080/800x0/images/Un-officier-de-police-image-d-illustration-2015104.jpg" />]]></description>
            <enclosure url="https://images.bfmtv.com/a4zT4Fd14yqy-MNEGX7cbg-8tlE=/0x0:1920x1080/800x0/images/Un-officier-de-police-image-d-illustration-2015104.jpg" length="0" type="image/jpg"/>
        </item>
        <item>
            <title><![CDATA[Gironde: son père est retrouvé enterré dans un jardin, il est mis en examen et placé en détention provisoire]]></title>
            <link>https://www.bfmtv.com/police-justice/gironde-son-pere-est-retrouve-enterre-dans-un-jardin-il-est-mis-en-examen-et-place-en-detention-provisoire_AN-202502110863.html</link>
            <guid>https://www.bfmtv.com/police-justice/gironde-son-pere-est-retrouve-enterre-dans-un-jardin-il-est-mis-en-examen-et-place-en-detention-provisoire_AN-202502110863.html</guid>
            <pubDate>Tue, 11 Feb 2025 20:26:59 GMT</pubDate>
            <description><![CDATA[Le fils de la victime était recherché depuis le début de l'enquête. Il a été interpellé à la fin du mois de janvier. Un de ses proches a également été mis en examen et placé en détention provisoire.<br /><br /><img src="https://images.bfmtv.com/3T2wEji4hb1-BBc6MBMJUAWDxdo=/2x197:3794x2330/800x0/images/-205191.jpg" />]]></description>
            <enclosure url="https://images.bfmtv.com/3T2wEji4hb1-BBc6MBMJUAWDxdo=/2x197:3794x2330/800x0/images/-205191.jpg" length="0" type="image/jpg"/>
        </item>
        <item>
            <title><![CDATA[LE REPORTAGE DU 20H - Le témoignage d'une ancienne responsable de stage d'Owen L., suspect du meurtre de Louise]]></title>
            <link>https://www.bfmtv.com/police-justice/le-reportage-du-20h-le-temoignage-d-une-ancienne-responsable-de-stage-d-owen-l-suspect-du-meurtre-de-louise_VN-202502110829.html</link>
            <guid>https://www.bfmtv.com/police-justice/le-reportage-du-20h-le-temoignage-d-une-ancienne-responsable-de-stage-d-owen-l-suspect-du-meurtre-de-louise_VN-202502110829.html</guid>
            <pubDate>Tue, 11 Feb 2025 19:26:26 GMT</pubDate>
            <description><![CDATA[Ce lundi 10 février 2025, un homme de 23 ans a été interpellé et placé en garde à vue pour le meurtre de la petite Louise, 11 ans, dont le corps inerte a été retrouvé dans la forêt des Templiers, en Essonne, dans la nuit du vendredi 7 au samedi 8 février. Ce mardi 11 février, BFMTV révèle que l'ADN du suspect a été retrouvé sur les mains de la collégienne. Déjà connu des services de police, la garde à vue du suspect a été prolongée.<br /><br /><img src="https://images.bfmtv.com/vUiTmx2gpfpfDxMrqZBnM5Jdh_E=/0x0:1280x720/800x0/images/LE-REPORTAGE-DU-20H-Le-temoignage-d-une-ancienne-responsable-de-stage-d-Owen-L-suspect-du-meurtre-de-Louise-2031594.jpg" />]]></description>
            <enclosure url="https://images.bfmtv.com/vUiTmx2gpfpfDxMrqZBnM5Jdh_E=/0x0:1280x720/800x0/images/LE-REPORTAGE-DU-20H-Le-temoignage-d-une-ancienne-responsable-de-stage-d-Owen-L-suspect-du-meurtre-de-Louise-2031594.jpg" length="0" type="image/jpg"/>
        </item>
        <item>
            <title><![CDATA[ADN, emploi du temps du suspect, garde à vue prolongée: ce que l'on sait sur l'avancée de l'enquête sur le meurtre de Louise]]></title>
            <link>https://www.bfmtv.com/police-justice/adn-emploi-du-temps-du-suspect-garde-a-vue-prolongee-ce-que-l-on-sait-sur-l-avancee-de-l-enquete-sur-le-meurtre-de-louise_VN-202502110821.html</link>
            <guid>https://www.bfmtv.com/police-justice/adn-emploi-du-temps-du-suspect-garde-a-vue-prolongee-ce-que-l-on-sait-sur-l-avancee-de-l-enquete-sur-le-meurtre-de-louise_VN-202502110821.html</guid>
            <pubDate>Tue, 11 Feb 2025 19:08:05 GMT</pubDate>
            <description><![CDATA[Ce lundi 10 février 2025, un homme de 23 ans a été interpellé et placé en garde à vue pour le meurtre de la petite Louise, 11 ans, dont le corps inerte a été retrouvé dans la forêt des Templiers, en Essonne, dans la nuit du vendredi 7 au samedi 8 février. Ce mardi 11 février, BFMTV révèle que l'ADN du suspect a été retrouvé sur les mains de la collégienne. Déjà connu des services de police, la garde à vue du suspect a été prolongée.<br /><br /><img src="https://images.bfmtv.com/ZhS-bT-fRW83meex8biWRRkZzlk=/0x0:1280x720/800x0/images/ADN-emploi-du-temps-du-suspect-garde-a-vue-prolongee-ce-que-l-on-sait-sur-l-avancee-de-l-enquete-sur-le-meurtre-de-Louise-2031590.jpg" />]]></description>
            <enclosure url="https://images.bfmtv.com/ZhS-bT-fRW83meex8biWRRkZzlk=/0x0:1280x720/800x0/images/ADN-emploi-du-temps-du-suspect-garde-a-vue-prolongee-ce-que-l-on-sait-sur-l-avancee-de-l-enquete-sur-le-meurtre-de-Louise-2031590.jpg" length="0" type="image/jpg"/>
        </item>
        <item>
            <title><![CDATA[Rennes: un adolescent arrêté après avoir tiré sur des passants avec une carabine à plombs]]></title>
            <link>https://www.bfmtv.com/police-justice/rennes-un-adolescent-arrete-apres-avoir-tire-sur-des-passants-avec-une-carabine-a-plombs_AD-202502110813.html</link>
            <guid>https://www.bfmtv.com/police-justice/rennes-un-adolescent-arrete-apres-avoir-tire-sur-des-passants-avec-une-carabine-a-plombs_AD-202502110813.html</guid>
            <pubDate>Tue, 11 Feb 2025 18:54:28 GMT</pubDate>
            <description><![CDATA[Un adolescent de 15 ans a été interpellé mardi à Rennes après avoir tiré depuis sa fenêtre avec une carabine à plombs sur des passants et des policiers, touchant quatre personnes superficiellement.<br /><br /><img src="https://images.bfmtv.com/PeXALISYKQ8kt-Bgtfh95O-HVs8=/72x0:1208x639/800x0/images/1265236.jpg" />]]></description>
            <enclosure url="https://images.bfmtv.com/PeXALISYKQ8kt-Bgtfh95O-HVs8=/72x0:1208x639/800x0/images/1265236.jpg" length="0" type="image/jpg"/>
        </item>
        <item>
            <title><![CDATA[Meurtre de Louise: Owen L., "le petit stagiaire qui n'a pas trop envie de bosser", se souvient cette paysagiste]]></title>
            <link>https://www.bfmtv.com/police-justice/meurtre-de-louise-owen-l-le-petit-stagiaire-qui-n-a-pas-trop-envie-de-bosser-se-souvient-cette-paysagiste_VN-202502110808.html</link>
            <guid>https://www.bfmtv.com/police-justice/meurtre-de-louise-owen-l-le-petit-stagiaire-qui-n-a-pas-trop-envie-de-bosser-se-souvient-cette-paysagiste_VN-202502110808.html</guid>
            <pubDate>Tue, 11 Feb 2025 18:43:10 GMT</pubDate>
            <description><![CDATA[Ce lundi 10 février 2025, un homme de 23 ans a été interpellé et placé en garde à vue pour le meurtre de la petite Louise, 11 ans, dont le corps inerte a été retrouvé dans la forêt des Templiers, en Essonne, dans la nuit du vendredi 7 au samedi 8 février. Ce mardi 11 février, BFMTV révèle que l'ADN du suspect a été retrouvé sur les mains de la collégienne. Déjà connu des services de police, la garde à vue du suspect a été prolongée.<br /><br /><img src="https://images.bfmtv.com/i-S7Fw7BDZmnOH65qcfB6BACG2s=/0x0:1280x720/800x0/images/Meurtre-de-Louise-Owen-L-le-petit-stagiaire-qui-n-a-pas-trop-envie-de-bosser-se-souvient-cette-paysagiste-2031579.jpg" />]]></description>
            <enclosure url="https://images.bfmtv.com/i-S7Fw7BDZmnOH65qcfB6BACG2s=/0x0:1280x720/800x0/images/Meurtre-de-Louise-Owen-L-le-petit-stagiaire-qui-n-a-pas-trop-envie-de-bosser-se-souvient-cette-paysagiste-2031579.jpg" length="0" type="image/jpg"/>
        </item>
        <item>
            <title><![CDATA[Britanniques retrouvés morts dans l'Aveyron: le mystère reste entier malgré l'autopsie du couple]]></title>
            <link>https://www.bfmtv.com/police-justice/britanniques-retrouves-morts-dans-l-aveyron-le-mystere-reste-entier-malgre-l-autopsie-du-couple_AN-202502110806.html</link>
            <guid>https://www.bfmtv.com/police-justice/britanniques-retrouves-morts-dans-l-aveyron-le-mystere-reste-entier-malgre-l-autopsie-du-couple_AN-202502110806.html</guid>
            <pubDate>Tue, 11 Feb 2025 18:39:39 GMT</pubDate>
            <description><![CDATA[Des examens complémentaires ont été ordonnés par le parquet de Rodez après l'autopsie réalisée sur les corps des deux ressortissants britanniques pour déterminer les circonstances de leur mort.<br /><br /><img src="https://images.bfmtv.com/H2H8K976V9e5urTbZCNYMUEG6Ok=/0x105:2048x1257/800x0/images/tribunal-rodez-1593651.jpg" />]]></description>
            <enclosure url="https://images.bfmtv.com/H2H8K976V9e5urTbZCNYMUEG6Ok=/0x105:2048x1257/800x0/images/tribunal-rodez-1593651.jpg" length="0" type="image/jpg"/>
        </item>
        <item>
            <title><![CDATA[Meurtre de Louise: Owen L. était déjà connu des services de police]]></title>
            <link>https://www.bfmtv.com/police-justice/meurtre-de-louise-owen-l-etait-deja-connu-des-services-de-police_VN-202502110796.html</link>
            <guid>https://www.bfmtv.com/police-justice/meurtre-de-louise-owen-l-etait-deja-connu-des-services-de-police_VN-202502110796.html</guid>
            <pubDate>Tue, 11 Feb 2025 18:23:45 GMT</pubDate>
            <description><![CDATA[Ce lundi 10 février 2025, un homme de 23 ans a été interpellé et placé en garde à vue pour le meurtre de la petite Louise, 11 ans, dont le corps inerte a été retrouvé dans la forêt des Templiers, en Essonne, dans la nuit du vendredi 7 au samedi 8 février. Ce mardi 11 février, BFMTV révèle que l'ADN du suspect a été retrouvé sur les mains de la collégienne. Déjà connu des services de police, la garde à vue du suspect a été prolongée.<br /><br /><img src="https://images.bfmtv.com/hW6eRmYBCQrljPonBcRV9Srvn4w=/0x0:1280x720/800x0/images/Meurtre-de-Louise-Owen-L-etait-deja-connu-des-services-de-police-2031570.jpg" />]]></description>
            <enclosure url="https://images.bfmtv.com/hW6eRmYBCQrljPonBcRV9Srvn4w=/0x0:1280x720/800x0/images/Meurtre-de-Louise-Owen-L-etait-deja-connu-des-services-de-police-2031570.jpg" length="0" type="image/jpg"/>
        </item>
        <item>
            <title><![CDATA[Violences faites aux enfants: "Le doute ne profite jamais à l'enfant", regrette Martine Brousse (La Voix de l'Enfant)]]></title>
            <link>https://www.bfmtv.com/police-justice/violences-faites-aux-enfants-le-doute-ne-profite-jamais-a-l-enfant-regrette-martine-brousse-la-voix-de-l-enfant_VN-202502110744.html</link>
            <guid>https://www.bfmtv.com/police-justice/violences-faites-aux-enfants-le-doute-ne-profite-jamais-a-l-enfant-regrette-martine-brousse-la-voix-de-l-enfant_VN-202502110744.html</guid>
            <pubDate>Tue, 11 Feb 2025 17:20:30 GMT</pubDate>
            <description><![CDATA[Ce lundi 10 février 2025, un homme de 23 ans a été interpellé et placé en garde à vue pour le meurtre de la petite Louise, 11 ans, dont le corps inerte a été retrouvé dans la forêt des Templiers, en Essonne, dans la nuit du vendredi 7 au samedi 8 février. Ce mardi 11 février, BFMTV révèle que l'ADN du suspect a été retrouvé sur les mains de la collégienne. La garde à vue du suspect a été prolongée.<br /><br /><img src="https://images.bfmtv.com/vY0DjZBG9ICZR6VmaXqfYShUdpw=/0x0:1280x720/800x0/images/Violences-faites-aux-enfants-Le-doute-ne-profite-jamais-a-l-enfant-regrette-Martine-Brousse-La-Voix-de-l-Enfant-2031523.jpg" />]]></description>
            <enclosure url="https://images.bfmtv.com/vY0DjZBG9ICZR6VmaXqfYShUdpw=/0x0:1280x720/800x0/images/Violences-faites-aux-enfants-Le-doute-ne-profite-jamais-a-l-enfant-regrette-Martine-Brousse-La-Voix-de-l-Enfant-2031523.jpg" length="0" type="image/jpg"/>
        </item>
        <item>
            <title><![CDATA[Meurtre de Louise: des traces de griffure retrouvées sur les mains d'Owen L.]]></title>
            <link>https://www.bfmtv.com/police-justice/meurtre-de-louise-des-traces-de-griffure-retrouvees-sur-les-mains-d-owen-l_VN-202502110685.html</link>
            <guid>https://www.bfmtv.com/police-justice/meurtre-de-louise-des-traces-de-griffure-retrouvees-sur-les-mains-d-owen-l_VN-202502110685.html</guid>
            <pubDate>Tue, 11 Feb 2025 16:34:39 GMT</pubDate>
            <description><![CDATA[Ce lundi 10 février 2025, un homme de 23 ans a été interpellé et placé en garde à vue pour le meurtre de la petite Louise, 11 ans, dont le corps inerte a été retrouvé dans la forêt des Templiers, en Essonne, dans la nuit du vendredi 7 au samedi 8 février. Ce mardi 11 février, BFMTV révèle que l'ADN du suspect a été retrouvé sur les mains de la collégienne. La garde à vue du suspect a été prolongée.<br /><br /><img src="https://images.bfmtv.com/YzjRqex1JcjvVN5MXQdhGStMs5Y=/0x0:1280x720/800x0/images/Meurtre-de-Louise-des-traces-de-griffure-retrouvees-sur-les-mains-d-Owen-L-2031478.jpg" />]]></description>
            <enclosure url="https://images.bfmtv.com/YzjRqex1JcjvVN5MXQdhGStMs5Y=/0x0:1280x720/800x0/images/Meurtre-de-Louise-des-traces-de-griffure-retrouvees-sur-les-mains-d-Owen-L-2031478.jpg" length="0" type="image/jpg"/>
        </item>
        <item>
            <title><![CDATA[Meurtre de Louise: l'ADN retrouvé sur les mains de la victime correspond à celui du suspect de 23 ans]]></title>
            <link>https://www.bfmtv.com/police-justice/meurtre-de-louise-l-adn-retrouve-sur-les-mains-de-la-victime-correspond-a-celui-du-suspect-de-23-ans_VN-202502110665.html</link>
            <guid>https://www.bfmtv.com/police-justice/meurtre-de-louise-l-adn-retrouve-sur-les-mains-de-la-victime-correspond-a-celui-du-suspect-de-23-ans_VN-202502110665.html</guid>
            <pubDate>Tue, 11 Feb 2025 16:18:55 GMT</pubDate>
            <description><![CDATA[L'ADN du jeune homme de 23 ans, Owen L., suspect principal dans l'enquête sur le meurtre de Louise, correspond à celui prélevé sur le corps de la victime, a appris BFMTV de sources concordantes confirmant une information du Parisien. Dans un communiqué, le procureur d'Evry indique que l'ADN du suspect a été retrouvé sur les mains de la jeune fille.<br /><br /><img src="https://images.bfmtv.com/WXlUbUU6AQ-F_1WjQfXL0mxeEr4=/0x0:1280x720/800x0/images/Meurtre-de-Louise-l-ADN-retrouve-sur-les-mains-de-la-victime-correspond-a-celui-du-suspect-de-23-ans-2031461.jpg" />]]></description>
            <enclosure url="https://images.bfmtv.com/WXlUbUU6AQ-F_1WjQfXL0mxeEr4=/0x0:1280x720/800x0/images/Meurtre-de-Louise-l-ADN-retrouve-sur-les-mains-de-la-victime-correspond-a-celui-du-suspect-de-23-ans-2031461.jpg" length="0" type="image/jpg"/>
        </item>
        <item>
            <title><![CDATA[Meurtre de Louise: "Il ne peut pas faire de mal à une mouche", réagissent les voisins Owen L.]]></title>
            <link>https://www.bfmtv.com/police-justice/meurtre-de-louise-il-ne-peut-pas-faire-de-mal-a-une-mouche-reagissent-les-voisins-owen-l_VN-202502110660.html</link>
            <guid>https://www.bfmtv.com/police-justice/meurtre-de-louise-il-ne-peut-pas-faire-de-mal-a-une-mouche-reagissent-les-voisins-owen-l_VN-202502110660.html</guid>
            <pubDate>Tue, 11 Feb 2025 16:13:17 GMT</pubDate>
            <description><![CDATA[Ce lundi 10 février 2025, un homme de 23 ans a été interpellé et placé en garde à vue pour le meurtre de la petite Louise, 11 ans, dont le corps inerte a été retrouvé dans la forêt des Templiers, en Essonne, dans la nuit du vendredi 7 au samedi 8 février. Ce mardi 11 février, BFMTV révèle que l'ADN du suspect a été retrouvé sur les mains de la collégienne. La garde à vue du suspect a été prolongée.<br /><br /><img src="https://images.bfmtv.com/0CzJtJFl4CHg2XN07C7IZ38waco=/0x0:1280x720/800x0/images/Meurtre-de-Louise-Il-ne-peut-pas-faire-de-mal-a-une-mouche-reagissent-les-voisins-Owen-L-2031457.jpg" />]]></description>
            <enclosure url="https://images.bfmtv.com/0CzJtJFl4CHg2XN07C7IZ38waco=/0x0:1280x720/800x0/images/Meurtre-de-Louise-Il-ne-peut-pas-faire-de-mal-a-une-mouche-reagissent-les-voisins-Owen-L-2031457.jpg" length="0" type="image/jpg"/>
        </item>
        <item>
            <title><![CDATA[Une adolescente de 17 ans enlevée et violée en Charente, une enquête ouverte]]></title>
            <link>https://www.bfmtv.com/police-justice/une-adolescente-de-17-ans-enlevee-et-violee-en-charente-une-enquete-ouverte_AN-202502110655.html</link>
            <guid>https://www.bfmtv.com/police-justice/une-adolescente-de-17-ans-enlevee-et-violee-en-charente-une-enquete-ouverte_AN-202502110655.html</guid>
            <pubDate>Tue, 11 Feb 2025 16:09:16 GMT</pubDate>
            <description><![CDATA[Les enquêteurs de la brigade de recherches de la ville mènent des investigations afin d’identifier l’auteur des faits qui sont survenus au petit matin le vendredi 31 janvier.<br /><br /><img src="https://images.bfmtv.com/_naFemgqpgi8UcEkWs0wGtM3PEo=/0x106:2048x1258/800x0/images/Gendarmerie-et-gendarme-illustration-1979173.jpg" />]]></description>
            <enclosure url="https://images.bfmtv.com/_naFemgqpgi8UcEkWs0wGtM3PEo=/0x106:2048x1258/800x0/images/Gendarmerie-et-gendarme-illustration-1979173.jpg" length="0" type="image/jpg"/>
        </item>
        <item>
            <title><![CDATA[Intrusion d'un homme avec une arme blanche dans le ministère d’Aurore Bergé, l'homme interpellé]]></title>
            <link>https://www.bfmtv.com/police-justice/intrusion-d-un-homme-avec-une-arme-blanche-dans-le-ministere-d-aurore-berge_AN-202502110647.html</link>
            <guid>https://www.bfmtv.com/police-justice/intrusion-d-un-homme-avec-une-arme-blanche-dans-le-ministere-d-aurore-berge_AN-202502110647.html</guid>
            <pubDate>Tue, 11 Feb 2025 16:00:30 GMT</pubDate>
            <description><![CDATA[Un homme armé a été arrêté fin janvier après s'être introduit dans le ministère en charge de l’Égalité entre les femmes et les hommes et de la Lutte contre les discriminations, dirigé par Aurore Bergé.<br /><br /><img src="https://images.bfmtv.com/MaG8rafpzkwNZ-9vKbIN4MzQ3d8=/0x82:2048x1234/800x0/images/Aurore-Berge-ministre-chargee-de-l-Egalite-femmes-hommes-au-palais-de-l-Elysee-a-Paris-le-15-janvier-2025-2031420.jpg" />]]></description>
            <enclosure url="https://images.bfmtv.com/MaG8rafpzkwNZ-9vKbIN4MzQ3d8=/0x82:2048x1234/800x0/images/Aurore-Berge-ministre-chargee-de-l-Egalite-femmes-hommes-au-palais-de-l-Elysee-a-Paris-le-15-janvier-2025-2031420.jpg" length="0" type="image/jpg"/>
        </item>
        <item>
            <title><![CDATA[Meurtre de Louise: la garde à vue d'Owen L. prolongée, après la découverte de son ADN sur les mains de la victime]]></title>
            <link>https://www.bfmtv.com/police-justice/meurtre-de-louise-la-garde-a-vue-d-owen-n-prolongee-apres-la-decouverte-de-son-adn-sur-les-mains-de-la-victime_VN-202502110641.html</link>
            <guid>https://www.bfmtv.com/police-justice/meurtre-de-louise-la-garde-a-vue-d-owen-n-prolongee-apres-la-decouverte-de-son-adn-sur-les-mains-de-la-victime_VN-202502110641.html</guid>
            <pubDate>Tue, 11 Feb 2025 15:50:02 GMT</pubDate>
            <description><![CDATA[Ce lundi 10 février 2025, un homme de 23 ans a été interpellé et placé en garde à vue pour le meurtre de la petite Louise, 11 ans, dont le corps inerte a été retrouvé dans la forêt des Templiers, en Essonne, dans la nuit du vendredi 7 au samedi 8 février. Ce mardi 11 février, BFMTV révèle que l'ADN du suspect a été retrouvé sur les mains de la collégienne. La garde à vue du suspect a été prolongée.<br /><br /><img src="https://images.bfmtv.com/_F3Pe9Oom1sztVCkllfENJNt4Mw=/0x0:1280x720/800x0/images/Meurtre-de-Louise-la-garde-a-vue-d-Owen-N-prolongee-apres-la-decouverte-de-son-ADN-sur-les-mains-de-la-victime-2031442.jpg" />]]></description>
            <enclosure url="https://images.bfmtv.com/_F3Pe9Oom1sztVCkllfENJNt4Mw=/0x0:1280x720/800x0/images/Meurtre-de-Louise-la-garde-a-vue-d-Owen-N-prolongee-apres-la-decouverte-de-son-ADN-sur-les-mains-de-la-victime-2031442.jpg" length="0" type="image/jpg"/>
        </item>
        <item>
            <title><![CDATA[Meurtre de Louise: l'ADN du suspect a été retrouvé sur les mains de la fillette]]></title>
            <link>https://www.bfmtv.com/police-justice/meurtre-de-louise-l-adn-du-suspect-a-ete-retrouve-sur-les-mains-de-la-fillette_VN-202502110638.html</link>
            <guid>https://www.bfmtv.com/police-justice/meurtre-de-louise-l-adn-du-suspect-a-ete-retrouve-sur-les-mains-de-la-fillette_VN-202502110638.html</guid>
            <pubDate>Tue, 11 Feb 2025 15:45:06 GMT</pubDate>
            <description><![CDATA[Ce lundi 10 février 2025, un homme de 23 ans a été interpellé et placé en garde à vue pour le meurtre de la petite Louise, 11 ans, dont le corps inerte a été retrouvé dans la forêt des Templiers, en Essonne, dans la nuit du vendredi 7 au samedi 8 février. Ce mardi 11 février, BFMTV révèle que l'ADN du suspect a été retrouvé sur les mains de la collégienne.<br /><br /><img src="https://images.bfmtv.com/Wp7cUCQg9hjP2cQ3BlEahO2puQ4=/0x0:1280x720/800x0/images/Meurtre-de-Louise-l-ADN-du-suspect-a-ete-retrouve-sur-les-mains-de-la-fillette-2031438.jpg" />]]></description>
            <enclosure url="https://images.bfmtv.com/Wp7cUCQg9hjP2cQ3BlEahO2puQ4=/0x0:1280x720/800x0/images/Meurtre-de-Louise-l-ADN-du-suspect-a-ete-retrouve-sur-les-mains-de-la-fillette-2031438.jpg" length="0" type="image/jpg"/>
        </item>
        <item>
            <title><![CDATA[Meurtre de Louise: l'ADN du suspect retrouvé sur le corps de la victime]]></title>
            <link>https://www.bfmtv.com/police-justice/meurtre-de-louise-l-adn-du-suspect-retrouve-sur-le-corps-de-la-victime_VN-202502110620.html</link>
            <guid>https://www.bfmtv.com/police-justice/meurtre-de-louise-l-adn-du-suspect-retrouve-sur-le-corps-de-la-victime_VN-202502110620.html</guid>
            <pubDate>Tue, 11 Feb 2025 15:23:36 GMT</pubDate>
            <description><![CDATA[L'enquête sur le meurtre de Louise, 11 ans, retrouvée morte dans un bois en Essonne, se poursuit. Quatre personnes, un homme de 23 ans, son père, sa mère et sa petite-amie sont en garde à vue. L'ADN du jeune homme de 23 ans, suspect principal dans l'enquête sur le meurtre de Louise, correspond à celui prélevé sur le corps de la victime, a appris BFMTV de sources concordantes confirmant une information du Parisien.<br /><br /><img src="https://images.bfmtv.com/UTEFmvi4hd_0pl8Xw63NuP_By_0=/0x0:1280x720/800x0/images/Meurtre-de-Louise-l-ADN-du-suspect-retrouve-sur-le-corps-de-la-victime-2031426.jpg" />]]></description>
            <enclosure url="https://images.bfmtv.com/UTEFmvi4hd_0pl8Xw63NuP_By_0=/0x0:1280x720/800x0/images/Meurtre-de-Louise-l-ADN-du-suspect-retrouve-sur-le-corps-de-la-victime-2031426.jpg" length="0" type="image/jpg"/>
        </item>
        <item>
            <title><![CDATA["On a passé un week-end très très dur": le père d'une amie de Louise raconte "la panique" qu'il vit depuis le drame]]></title>
            <link>https://www.bfmtv.com/police-justice/on-a-passe-un-week-end-tres-tres-dur-le-pere-d-une-amie-de-louise-raconte-la-panique-qu-il-vit-depuis-le-drame_VN-202502110565.html</link>
            <guid>https://www.bfmtv.com/police-justice/on-a-passe-un-week-end-tres-tres-dur-le-pere-d-une-amie-de-louise-raconte-la-panique-qu-il-vit-depuis-le-drame_VN-202502110565.html</guid>
            <pubDate>Tue, 11 Feb 2025 14:17:37 GMT</pubDate>
            <description><![CDATA[L'enquête sur le meurtre de Louise, 11 ans, retrouvée morte dans un bois en Essonne, se poursuit. Quatre personnes, un homme de 23 ans, son père, sa mère et sa petite-amie sont en garde à vue.<br /><br /><img src="https://images.bfmtv.com/b_DyR1u1fvF-ks1OKC0CxBe4758=/0x0:1280x720/800x0/images/On-a-passe-un-week-end-tres-tres-dur-le-pere-d-une-amie-de-Louise-raconte-la-panique-qu-il-vit-depuis-le-drame-2031384.jpg" />]]></description>
            <enclosure url="https://images.bfmtv.com/b_DyR1u1fvF-ks1OKC0CxBe4758=/0x0:1280x720/800x0/images/On-a-passe-un-week-end-tres-tres-dur-le-pere-d-une-amie-de-Louise-raconte-la-panique-qu-il-vit-depuis-le-drame-2031384.jpg" length="0" type="image/jpg"/>
        </item>
        <item>
            <title><![CDATA[Meurtre de Louise: une femme se présentant comme la mère du suspect a assuré à BFMTV "ne pas reconnaître" son fils sur les images de vidéosurveillance]]></title>
            <link>https://www.bfmtv.com/police-justice/meurtre-de-louise-une-femme-se-presentant-comme-la-mere-du-suspect-a-assure-a-bfmtv-ne-pas-reconnaitre-son-fils-sur-les-images-de-videosurveillance_VN-202502110469.html</link>
            <guid>https://www.bfmtv.com/police-justice/meurtre-de-louise-une-femme-se-presentant-comme-la-mere-du-suspect-a-assure-a-bfmtv-ne-pas-reconnaitre-son-fils-sur-les-images-de-videosurveillance_VN-202502110469.html</guid>
            <pubDate>Tue, 11 Feb 2025 12:00:59 GMT</pubDate>
            <description><![CDATA[Face aux contradictions du principal suspect du meurtre de Louise, son père, sa mère et sa petite-amie ont été placés en garde à vue pour non-dénonciation de crime. Les équipes de BFMTV ont pu rencontrer la mère du suspect à la veille de son interpellation.<br /><br /><img src="https://images.bfmtv.com/1HlPieAxj2HdAaG38MyMdeYuGek=/0x0:1280x720/800x0/images/Meurtre-de-Louise-une-femme-se-presentant-comme-la-mere-du-suspect-a-assure-a-BFMTV-ne-pas-reconnaitre-son-fils-sur-les-images-de-videosurveillance-2031320.jpg" />]]></description>
            <enclosure url="https://images.bfmtv.com/1HlPieAxj2HdAaG38MyMdeYuGek=/0x0:1280x720/800x0/images/Meurtre-de-Louise-une-femme-se-presentant-comme-la-mere-du-suspect-a-assure-a-BFMTV-ne-pas-reconnaitre-son-fils-sur-les-images-de-videosurveillance-2031320.jpg" length="0" type="image/jpg"/>
        </item>
        <item>
            <title><![CDATA["L'enquête s'accélère": Trois proches de l'homme interpellé ce lundi dans le cadre de l'enquête sur la mort de Louise placés en garde à vue]]></title>
            <link>https://www.bfmtv.com/police-justice/l-enquete-s-accelere-trois-proches-de-l-homme-interpelle-ce-lundi-dans-le-cadre-de-l-enquete-sur-la-mort-de-louise-places-en-garde-a-vue_VN-202502110443.html</link>
            <guid>https://www.bfmtv.com/police-justice/l-enquete-s-accelere-trois-proches-de-l-homme-interpelle-ce-lundi-dans-le-cadre-de-l-enquete-sur-la-mort-de-louise-places-en-garde-a-vue_VN-202502110443.html</guid>
            <pubDate>Tue, 11 Feb 2025 11:43:48 GMT</pubDate>
            <description><![CDATA[Louise, 11 ans, a été retrouvée morte dans la nuit du vendredi 7 au samedi 8 février 2025 dans un bois. La fillette avait disparu quelques heures plus tôt à la sortie de son collège à Épinay-sur-Orge (Essonne). Une enquête pour meurtre sur mineur a été ouverte.
Un jeune homme a été placé en garde à vue lundi 10 février. Devant ses contradictions,  son père, sa mère et sa petite-amie ont également été placés en garde à vue pour "non-dénonciation" de crime.<br /><br /><img src="https://images.bfmtv.com/cRKqhP_VmehLOQOT_cdaAiMWK0M=/0x0:1280x720/800x0/images/L-enquete-s-accelere-Trois-proches-de-l-homme-interpelle-ce-lundi-dans-le-cadre-de-l-enquete-sur-la-mort-de-Louise-places-en-garde-a-vue-2031299.jpg" />]]></description>
            <enclosure url="https://images.bfmtv.com/cRKqhP_VmehLOQOT_cdaAiMWK0M=/0x0:1280x720/800x0/images/L-enquete-s-accelere-Trois-proches-de-l-homme-interpelle-ce-lundi-dans-le-cadre-de-l-enquete-sur-la-mort-de-Louise-places-en-garde-a-vue-2031299.jpg" length="0" type="image/jpg"/>
        </item>
        <item>
            <title><![CDATA["Un appel à la haine": un maire de l'Hérault interdit la projection d'un film aux "idées racistes"]]></title>
            <link>https://www.bfmtv.com/police-justice/un-appel-a-la-haine-un-maire-de-l-herault-interdit-la-projection-d-un-film-aux-idees-racistes_AN-202502110395.html</link>
            <guid>https://www.bfmtv.com/police-justice/un-appel-a-la-haine-un-maire-de-l-herault-interdit-la-projection-d-un-film-aux-idees-racistes_AN-202502110395.html</guid>
            <pubDate>Tue, 11 Feb 2025 10:37:03 GMT</pubDate>
            <description><![CDATA[Le maire de Castelnau-le-Lez, dans l'Hérault, estime que la projection de ce film déjà interdit au Royaume-Uni, qui propage "des idées racistes", peut potentiellement créer des risques de troubles à l'ordre public. <br /><br /><img src="https://images.bfmtv.com/Y_WNU8tIkjj3392OjANgkCWvAdI=/1x0:1233x693/800x0/images/On-a-un-appel-a-la-haine-un-maire-de-l-Herault-interdit-la-diffusion-d-un-film-raciste-britannique-2031132.jpg" />]]></description>
            <enclosure url="https://images.bfmtv.com/Y_WNU8tIkjj3392OjANgkCWvAdI=/1x0:1233x693/800x0/images/On-a-un-appel-a-la-haine-un-maire-de-l-Herault-interdit-la-diffusion-d-un-film-raciste-britannique-2031132.jpg" length="0" type="image/jpg"/>
        </item>
    </channel>
</rss>