<?xml version="1.0" encoding="utf-8"?>
<rss version="2.0" xmlns:atom="http://www.w3.org/2005/Atom">
    <channel>
        <title>Home Montpellier - actualités</title>
        <link>https://www.bfmtv.com/montpellier/</link>
        <description>Suivez toute l'actualité politique, économique, météo, sportive et sociale de Montpellier et ses alentours en temps réel</description>
        <lastBuildDate>Wed, 12 Feb 2025 08:48:07 GMT</lastBuildDate>
        <docs>http://blogs.law.harvard.edu/tech/rss</docs>
        <generator>BFMTV</generator>
        <language>fr</language>
        <image>
            <title>Home Montpellier - actualités</title>
            <url>https://www.bfmtv.com/assets/v11/images/BFMTV_default_16x9.8715a163008e9f3fc3799c8e2c6ebafa.jpg</url>
            <link>https://www.bfmtv.com/montpellier/</link>
        </image>
        <copyright>Copyright BFMTV</copyright>
        <category>Home Montpellier - actualités</category>
        <atom:link href="https://www.bfmtv.com/montpellier/" rel="self" type="application/rss+xml"/>
        <item>
            <title><![CDATA[Montpellier: les commerçants excédés par l'installion de vendeurs à la sauvette à côté du marché]]></title>
            <link>https://www.bfmtv.com/montpellier/montpellier-les-commercants-excedes-par-l-installion-de-vendeurs-a-la-sauvette-a-cote-du-marche_AV-202412260496.html</link>
            <guid>https://www.bfmtv.com/montpellier/montpellier-les-commercants-excedes-par-l-installion-de-vendeurs-a-la-sauvette-a-cote-du-marche_AV-202412260496.html</guid>
            <pubDate>Thu, 26 Dec 2024 20:29:54 GMT</pubDate>
            <description><![CDATA[La situation est devenue explosive au marché de La Paillade à Montpellier. Tous les week-ends, plus de 70 vendeurs à la sauvette s'installent en toute illégalité. Les commerçants sont excédés et demandent à l'Etat d’agir pour faire face à cette concurrence déloyale.  <br /><br /><img src="https://images.bfmtv.com/NTD1YtVtcD7CtxTWQrTOrxSfMT4=/0x0:1920x1080/800x0/images/Depuis-quatre-ans-les-vendeurs-du-marche-sauvage-de-la-Paillade-rendent-la-vie-difficile-aux-commercants-du-marche-de-la-Mosson-l-officiel-a-Montpellier-2003703.jpg" />]]></description>
            <enclosure url="https://images.bfmtv.com/NTD1YtVtcD7CtxTWQrTOrxSfMT4=/0x0:1920x1080/800x0/images/Depuis-quatre-ans-les-vendeurs-du-marche-sauvage-de-la-Paillade-rendent-la-vie-difficile-aux-commercants-du-marche-de-la-Mosson-l-officiel-a-Montpellier-2003703.jpg" length="0" type="image/jpg"/>
        </item>
        <item>
            <title><![CDATA[Montpellier: un homme tue son ex-femme qu'il attendait à la sortie du tribunal, avant de retourner l'arme contre lui]]></title>
            <link>https://www.bfmtv.com/montpellier/montpellier-un-homme-tue-une-personne-qu-il-attendait-a-la-sortie-du-tribunal-avant-de-retourner-l-arme-contre-lui_AN-202402200534.html</link>
            <guid>https://www.bfmtv.com/montpellier/montpellier-un-homme-tue-une-personne-qu-il-attendait-a-la-sortie-du-tribunal-avant-de-retourner-l-arme-contre-lui_AN-202402200534.html</guid>
            <pubDate>Tue, 20 Feb 2024 16:08:53 GMT</pubDate>
            <description><![CDATA[Un homme a attendu son ex-femme sur le parvis du tribunal judiciaire de Montpellier et l'a tuée par balles, ce mardi 20 février. Il a ensuite retourné l'arme contre lui. <br /><br /><img src="https://images.bfmtv.com/VtspR4LI9mnr5wvev8MsJX5xnIE=/0x0:1920x1080/800x0/images/Le-tribunal-judiciaire-de-Montpellier-1809612.jpg" />]]></description>
            <enclosure url="https://images.bfmtv.com/VtspR4LI9mnr5wvev8MsJX5xnIE=/0x0:1920x1080/800x0/images/Le-tribunal-judiciaire-de-Montpellier-1809612.jpg" length="0" type="image/jpg"/>
        </item>
        <item>
            <title><![CDATA[Montpellier: un adolescent de 16 ans poignardé près d'un lycée, son pronostic vital engagé]]></title>
            <link>https://www.bfmtv.com/montpellier/montpellier-un-adolescent-de-16-ans-poignarde-pres-d-un-lycee-son-pronostic-vital-engage_AN-202402060943.html</link>
            <guid>https://www.bfmtv.com/montpellier/montpellier-un-adolescent-de-16-ans-poignarde-pres-d-un-lycee-son-pronostic-vital-engage_AN-202402060943.html</guid>
            <pubDate>Tue, 06 Feb 2024 22:05:40 GMT</pubDate>
            <description><![CDATA[En fin d'après-midi ce mardi 6 février, un adolescent de 16 ans a été poignardé au thorax à Montpellier. Transporté à l'hôpital, son pronostic vital est engagé. <br /><br /><img src="https://images.bfmtv.com/9E2xjuOJxuNRnTilp6GwfRPkKzg=/0x106:2048x1258/800x0/images/Police-illustration-1774585.jpg" />]]></description>
            <enclosure url="https://images.bfmtv.com/9E2xjuOJxuNRnTilp6GwfRPkKzg=/0x106:2048x1258/800x0/images/Police-illustration-1774585.jpg" length="0" type="image/jpg"/>
        </item>
        <item>
            <title><![CDATA["Tu vas mourir": une mère de famille agresse deux personnels d'une école à Montpellier]]></title>
            <link>https://www.bfmtv.com/montpellier/tu-vas-mourir-une-mere-de-famille-agresse-deux-personnels-d-une-ecole-a-montpellier_AN-202304240933.html</link>
            <guid>https://www.bfmtv.com/montpellier/tu-vas-mourir-une-mere-de-famille-agresse-deux-personnels-d-une-ecole-a-montpellier_AN-202304240933.html</guid>
            <pubDate>Mon, 24 Apr 2023 20:29:55 GMT</pubDate>
            <description><![CDATA[Une responsable technique et le responsable périscolaire d'un groupe scolaire montpelliérain ont violemment été attaqués par un couple après un signalement effectué par l'ancienne directrice de l'école. <br /><br /><img src="https://images.bfmtv.com/KkY0Vmi5f_Ycz-yevH1BEnpjOhk=/0x0:1920x1080/800x0/images/Le-groupe-scolaire-Arc-Chaptal-de-Montpellier-illustration-1624072.jpg" />]]></description>
            <enclosure url="https://images.bfmtv.com/KkY0Vmi5f_Ycz-yevH1BEnpjOhk=/0x0:1920x1080/800x0/images/Le-groupe-scolaire-Arc-Chaptal-de-Montpellier-illustration-1624072.jpg" length="0" type="image/jpg"/>
        </item>
        <item>
            <title><![CDATA[Montpellier: pour une histoire de place dans le tram, une passagère se fait rouer de coups]]></title>
            <link>https://www.bfmtv.com/montpellier/montpellier-pour-une-histoire-de-place-dans-le-tram-une-passagere-se-fait-rouer-de-coups_AN-202304240398.html</link>
            <guid>https://www.bfmtv.com/montpellier/montpellier-pour-une-histoire-de-place-dans-le-tram-une-passagere-se-fait-rouer-de-coups_AN-202304240398.html</guid>
            <pubDate>Mon, 24 Apr 2023 09:54:41 GMT</pubDate>
            <description><![CDATA[La trentenaire, traumatisée, a été attaquée par surprise par une autre passagère qui lui reprochait de la gêner. Elle a ensuite été frappée à de multiples reprises avant d'être hospitalisée. L'agresseuse a pris la fuite.<br /><br /><img src="https://images.bfmtv.com/BDz8wA13S-T4YUfxD9iI-5aDexw=/0x64:2048x1216/800x0/images/Tramway-Montpellier-1623624.jpg" />]]></description>
            <enclosure url="https://images.bfmtv.com/BDz8wA13S-T4YUfxD9iI-5aDexw=/0x64:2048x1216/800x0/images/Tramway-Montpellier-1623624.jpg" length="0" type="image/jpg"/>
        </item>
    </channel>
</rss>