<?xml version="1.0" encoding="utf-8"?>
<rss version="2.0" xmlns:atom="http://www.w3.org/2005/Atom">
    <channel>
        <title>Home Climat - actualités</title>
        <link>https://www.bfmtv.com/environnement/</link>
        <description>Suivez toute l'actualité environnementale en direct: Biodiversité, pollution, qualité de l'air, agriculture, écologie, transports et innovations sur BFM Climat.</description>
        <lastBuildDate>Wed, 12 Feb 2025 08:48:31 GMT</lastBuildDate>
        <docs>http://blogs.law.harvard.edu/tech/rss</docs>
        <generator>BFMTV</generator>
        <language>fr</language>
        <image>
            <title>Home Climat - actualités</title>
            <url>https://www.bfmtv.com/assets/v11/images/BFMTV_default_16x9.8715a163008e9f3fc3799c8e2c6ebafa.jpg</url>
            <link>https://www.bfmtv.com/environnement/</link>
        </image>
        <copyright>Copyright BFMTV</copyright>
        <category>Home Climat - actualités</category>
        <atom:link href="https://www.bfmtv.com/environnement/" rel="self" type="application/rss+xml"/>
        <item>
            <title><![CDATA["Évaluer le climat de la Terre": un satellite européen va cartographier les forêts et leur absorption de carbone]]></title>
            <link>https://www.bfmtv.com/environnement/climat/evaluer-le-climat-de-la-terre-un-satellite-europeen-va-cartographier-les-forets-et-leur-absorption-de-carbone_AD-202502110781.html</link>
            <guid>https://www.bfmtv.com/environnement/climat/evaluer-le-climat-de-la-terre-un-satellite-europeen-va-cartographier-les-forets-et-leur-absorption-de-carbone_AD-202502110781.html</guid>
            <pubDate>Tue, 11 Feb 2025 18:01:54 GMT</pubDate>
            <description><![CDATA[A partir du mois d'avril, le satellite toulousain Biomass va servir à cartographier les forêts autour du globe afin de mesurer leur capacité d'absorption de carbone.<br /><br /><img src="https://images.bfmtv.com/1rrWrWtuVzQcp5TRojygCez4ALQ=/0x40:768x472/800x0/images/Un-chene-pilier-dans-la-foret-publique-de-Troncais-dans-l-Allier-centre-de-la-France-celebre-pour-ses-arbres-tricentenaires-le-20-septembre-2022-1505693.jpg" />]]></description>
            <enclosure url="https://images.bfmtv.com/1rrWrWtuVzQcp5TRojygCez4ALQ=/0x40:768x472/800x0/images/Un-chene-pilier-dans-la-foret-publique-de-Troncais-dans-l-Allier-centre-de-la-France-celebre-pour-ses-arbres-tricentenaires-le-20-septembre-2022-1505693.jpg" length="0" type="image/jpg"/>
        </item>
        <item>
            <title><![CDATA[La Question météo-climat: pourquoi le niveau des eaux augmente-t-il?]]></title>
            <link>https://www.bfmtv.com/environnement/climat/la-question-meteo-climat-pourquoi-le-niveau-des-eaux-augmente-t-il_AN-202502110363.html</link>
            <guid>https://www.bfmtv.com/environnement/climat/la-question-meteo-climat-pourquoi-le-niveau-des-eaux-augmente-t-il_AN-202502110363.html</guid>
            <pubDate>Tue, 11 Feb 2025 10:01:40 GMT</pubDate>
            <description><![CDATA[Face au réchauffement climatique, la montée des eaux inquiète de plus en plus les scientifiques. Et le phénomène ne touche pas que des petites îles au bout du monde. <br /><br /><img src="https://images.bfmtv.com/QU75ubxIBYDOvZRSg6KG0iW8ccQ=/0x0:1920x1080/800x0/images/De-nombreuses-habitations-sont-menacees-en-France-ces-prochaines-annees-a-cause-de-la-montee-des-eaux-PHOTO-D-ILLUSTRATION-1975240.jpg" />]]></description>
            <enclosure url="https://images.bfmtv.com/QU75ubxIBYDOvZRSg6KG0iW8ccQ=/0x0:1920x1080/800x0/images/De-nombreuses-habitations-sont-menacees-en-France-ces-prochaines-annees-a-cause-de-la-montee-des-eaux-PHOTO-D-ILLUSTRATION-1975240.jpg" length="0" type="image/jpg"/>
        </item>
        <item>
            <title><![CDATA[Une étude alerte sur le risque de voir les objectifs de l'accord de Paris sur le climat être "dépassés"]]></title>
            <link>https://www.bfmtv.com/environnement/climat/une-etude-alerte-sur-le-risque-de-voir-les-objectifs-de-l-accord-de-paris-sur-le-climat-etre-depasses_AN-202502100942.html</link>
            <guid>https://www.bfmtv.com/environnement/climat/une-etude-alerte-sur-le-risque-de-voir-les-objectifs-de-l-accord-de-paris-sur-le-climat-etre-depasses_AN-202502100942.html</guid>
            <pubDate>Mon, 10 Feb 2025 20:48:38 GMT</pubDate>
            <description><![CDATA[Dans une étude publiée ce lundi, des scientifiques alertent sur les risques de voir les objectifs des accords de Paris être "dépassés (...) si les anomalies de 1,5 °C persistent au-delà de 18 mois".<br /><br /><img src="https://images.bfmtv.com/j6hlGW892OpT14HgzHqh9mfwlI8=/0x73:2048x1225/800x0/images/Usine-pilote-de-capture-de-CO2-pres-de-l-incinerateur-de-dechets-d-Amager-Bakke-a-Copenhague-le-24-juin-2021-Photo-d-illustration-1975701.jpg" />]]></description>
            <enclosure url="https://images.bfmtv.com/j6hlGW892OpT14HgzHqh9mfwlI8=/0x73:2048x1225/800x0/images/Usine-pilote-de-capture-de-CO2-pres-de-l-incinerateur-de-dechets-d-Amager-Bakke-a-Copenhague-le-24-juin-2021-Photo-d-illustration-1975701.jpg" length="0" type="image/jpg"/>
        </item>
        <item>
            <title><![CDATA[La migration des cigognes perturbée par le changement climatique]]></title>
            <link>https://www.bfmtv.com/environnement/climat/la-migration-des-cigognes-perturbee-par-le-changement-climatique_VN-202502090078.html</link>
            <guid>https://www.bfmtv.com/environnement/climat/la-migration-des-cigognes-perturbee-par-le-changement-climatique_VN-202502090078.html</guid>
            <pubDate>Sun, 09 Feb 2025 06:56:05 GMT</pubDate>
            <description><![CDATA[Les cigognes, ces grandes migratrices, arrivent de plus en plus tôt en Alsace, perturbées par le changement climatique. Une adaptation qui pourrait, à terme, les rendre sédentaires dans la région.<br /><br /><img src="https://images.bfmtv.com/Ve8r_36CAdP-Intq7xijAf_qLZk=/0x0:1280x720/800x0/images/La-migration-des-cigognes-perturbee-par-le-changement-climatique-2029951.jpg" />]]></description>
            <enclosure url="https://images.bfmtv.com/Ve8r_36CAdP-Intq7xijAf_qLZk=/0x0:1280x720/800x0/images/La-migration-des-cigognes-perturbee-par-le-changement-climatique-2029951.jpg" length="0" type="image/jpg"/>
        </item>
        <item>
            <title><![CDATA[Pollution, animaux marins... Pourquoi les pailles en plastique, que Trump veut voir revenir, ont-elles été interdites?]]></title>
            <link>https://www.bfmtv.com/environnement/pollution-animaux-marins-pourquoi-les-pailles-en-plastique-que-trump-veut-voir-revenir-ont-elles-ete-interdites_AN-202502080373.html</link>
            <guid>https://www.bfmtv.com/environnement/pollution-animaux-marins-pourquoi-les-pailles-en-plastique-que-trump-veut-voir-revenir-ont-elles-ete-interdites_AN-202502080373.html</guid>
            <pubDate>Sat, 08 Feb 2025 19:17:44 GMT</pubDate>
            <description><![CDATA[L'humanité produit plus de 430 millions de tonnes de plastique chaque année, ce qui émet des gaz à effet de serre responsables du changement climatique et entraîne une importante pollution, dangereuse pour la biodiversité.<br /><br /><img src="https://images.bfmtv.com/YNosA3kBk8k4uqlhf9DaCnt7MCw=/0x26:512x314/800x0/images/Les-pailles-en-plastique-seront-bannies-dans-lUE-des-2021-187438.jpg" />]]></description>
            <enclosure url="https://images.bfmtv.com/YNosA3kBk8k4uqlhf9DaCnt7MCw=/0x26:512x314/800x0/images/Les-pailles-en-plastique-seront-bannies-dans-lUE-des-2021-187438.jpg" length="0" type="image/jpg"/>
        </item>
        <item>
            <title><![CDATA[Chute de neige sur le Massif central: "La situation est assez maîtrisée", assure Laurent Suau (président "Renaissance" du conseil départemental de la Lozère)]]></title>
            <link>https://www.bfmtv.com/environnement/climat/chute-de-neige-sur-le-massif-central-la-situation-est-assez-maitrisee-assure-laurent-suau-president-renaissance-du-conseil-departemental-de-la-lozere_VN-202502080186.html</link>
            <guid>https://www.bfmtv.com/environnement/climat/chute-de-neige-sur-le-massif-central-la-situation-est-assez-maitrisee-assure-laurent-suau-president-renaissance-du-conseil-departemental-de-la-lozere_VN-202502080186.html</guid>
            <pubDate>Sat, 08 Feb 2025 09:40:12 GMT</pubDate>
            <description><![CDATA[Une goutte froide se situant sur la Bretagne provoque des pluies intenses entre le Var et les Bouches-du-Rhône. Ces pluies vont se transformer en neige sur le Massif central avec des cumuls pouvant atteindre 80 centimètres dès 1.200 mètres. <br /><br /><img src="https://images.bfmtv.com/ipm63UHG0JpApFLV4t3NlqNLS3A=/0x0:1280x720/800x0/images/Chute-de-neige-sur-le-Massif-central-La-situation-est-assez-maitrisee-assure-Laurent-Suau-president-Renaissance-du-conseil-departemental-de-la-Lozere-2029686.jpg" />]]></description>
            <enclosure url="https://images.bfmtv.com/ipm63UHG0JpApFLV4t3NlqNLS3A=/0x0:1280x720/800x0/images/Chute-de-neige-sur-le-Massif-central-La-situation-est-assez-maitrisee-assure-Laurent-Suau-president-Renaissance-du-conseil-departemental-de-la-Lozere-2029686.jpg" length="0" type="image/jpg"/>
        </item>
        <item>
            <title><![CDATA[Qu'est-ce que l'acidification des océans?]]></title>
            <link>https://www.bfmtv.com/environnement/climat/qu-est-ce-que-l-acidification-des-oceans_AN-202502070719.html</link>
            <guid>https://www.bfmtv.com/environnement/climat/qu-est-ce-que-l-acidification-des-oceans_AN-202502070719.html</guid>
            <pubDate>Fri, 07 Feb 2025 16:54:27 GMT</pubDate>
            <description><![CDATA[L’océan joue un rôle clé dans la régulation du climat en absorbant une part importante du dioxyde de carbone émis par l’homme. Mais au prix de l'acidification de l’eau.<br /><br /><img src="https://images.bfmtv.com/pqE7x4xZPUBZuYVsftCa05icg5k=/4x3:1252x705/800x0/images/-137178.jpg" />]]></description>
            <enclosure url="https://images.bfmtv.com/pqE7x4xZPUBZuYVsftCa05icg5k=/4x3:1252x705/800x0/images/-137178.jpg" length="0" type="image/jpg"/>
        </item>
        <item>
            <title><![CDATA[Finistère: des centaines de billes de plastique retrouvées sur une plage]]></title>
            <link>https://www.bfmtv.com/environnement/finistere-des-centaines-de-billes-de-plastique-retrouvees-sur-une-plage_AN-202502070597.html</link>
            <guid>https://www.bfmtv.com/environnement/finistere-des-centaines-de-billes-de-plastique-retrouvees-sur-une-plage_AN-202502070597.html</guid>
            <pubDate>Fri, 07 Feb 2025 14:48:19 GMT</pubDate>
            <description><![CDATA[La plage de Névez, dans le Finistère, a été souillée de centaines de billes de plastique ces derniers jours. Ces granulés, omniprésents dans l'industrie, polluent régulièrement les plages et les océans en Europe.<br /><br /><img src="https://images.bfmtv.com/LOT_qqCHZiKTVVsgEdO81cyPLnk=/0x106:2048x1258/800x0/images/Pellets-restant-sur-une-plage-de-Pornic-Loire-Atlantique-le-17-janvier-2023-1563022.jpg" />]]></description>
            <enclosure url="https://images.bfmtv.com/LOT_qqCHZiKTVVsgEdO81cyPLnk=/0x106:2048x1258/800x0/images/Pellets-restant-sur-une-plage-de-Pornic-Loire-Atlantique-le-17-janvier-2023-1563022.jpg" length="0" type="image/jpg"/>
        </item>
        <item>
            <title><![CDATA["Un mois surprenant": janvier 2025, mois le plus chaud jamais mesuré dans le monde malgré la fin d'El Nino]]></title>
            <link>https://www.bfmtv.com/environnement/climat/un-mois-surprenant-janvier-2025-mois-le-plus-chaud-jamais-mesure-dans-le-monde-malgre-la-fin-d-el-nino_AD-202502060210.html</link>
            <guid>https://www.bfmtv.com/environnement/climat/un-mois-surprenant-janvier-2025-mois-le-plus-chaud-jamais-mesure-dans-le-monde-malgre-la-fin-d-el-nino_AD-202502060210.html</guid>
            <pubDate>Thu, 06 Feb 2025 07:14:35 GMT</pubDate>
            <description><![CDATA[Avec une température moyenne de 13,23°C, janvier 2025 est le mois de janvier le plus chaud jamais enregistré dans le monde, selon Copernicus. <br /><br /><img src="https://images.bfmtv.com/df3MTeKXFH0U8T_7it5ndlPQmqE=/11x34:4347x2473/800x0/images/-192775.jpg" />]]></description>
            <enclosure url="https://images.bfmtv.com/df3MTeKXFH0U8T_7it5ndlPQmqE=/11x34:4347x2473/800x0/images/-192775.jpg" length="0" type="image/jpg"/>
        </item>
        <item>
            <title><![CDATA["Je vais dans le bac jaune": un nouveau message sur les pots de yaourt pour inciter au recyclage]]></title>
            <link>https://www.bfmtv.com/environnement/je-vais-dans-le-bac-jaune-un-nouveau-message-sur-les-pots-de-yaourt-pour-inciter-au-recyclage_AV-202502050325.html</link>
            <guid>https://www.bfmtv.com/environnement/je-vais-dans-le-bac-jaune-un-nouveau-message-sur-les-pots-de-yaourt-pour-inciter-au-recyclage_AV-202502050325.html</guid>
            <pubDate>Wed, 05 Feb 2025 09:01:22 GMT</pubDate>
            <description><![CDATA[Oui, les pots de yaourt sont à jeter dans le bac jaune, sans avoir à être rincés et avec l'opercule détaché. C'est le message d'une nouvelle campagne de sensibilisation lancée en France, alors que le pays paie chaque année 1,5 milliard d'euros à l'Union européenne pour non atteinte de ses objectifs en termes de recyclage de plastique.<br /><br /><img src="https://images.bfmtv.com/m-a7j-cGHHdi6_ZOrsC0X_EVK2Y=/0x25:768x457/800x0/images/Un-rayon-de-yaourts-dans-un-supermarche-de-Herouville-Saint-Clair-en-fevrier-2013-1136564.jpg" />]]></description>
            <enclosure url="https://images.bfmtv.com/m-a7j-cGHHdi6_ZOrsC0X_EVK2Y=/0x25:768x457/800x0/images/Un-rayon-de-yaourts-dans-un-supermarche-de-Herouville-Saint-Clair-en-fevrier-2013-1136564.jpg" length="0" type="image/jpg"/>
        </item>
        <item>
            <title><![CDATA[Australie: le nord du pays confronté à de fortes inondations]]></title>
            <link>https://www.bfmtv.com/environnement/climat/australie-le-nord-du-pays-confronte-a-de-fortes-inondations_VN-202502030913.html</link>
            <guid>https://www.bfmtv.com/environnement/climat/australie-le-nord-du-pays-confronte-a-de-fortes-inondations_VN-202502030913.html</guid>
            <pubDate>Mon, 03 Feb 2025 19:11:13 GMT</pubDate>
            <description><![CDATA[En Australie, la région du Queensland dans le nord du pays fait face à de fortes inondations. L'eau est montée à plus d'un mètre et environ 2.000 personnes ont dû être évacuées. Une personne a perdu la vie<br /><br /><img src="https://images.bfmtv.com/IGYUImyUpCXUpsXm_xMsK3f9U20=/0x0:1280x720/800x0/images/Australie-le-nord-du-pays-confronte-a-de-fortes-inondations-2026616.jpg" />]]></description>
            <enclosure url="https://images.bfmtv.com/IGYUImyUpCXUpsXm_xMsK3f9U20=/0x0:1280x720/800x0/images/Australie-le-nord-du-pays-confronte-a-de-fortes-inondations-2026616.jpg" length="0" type="image/jpg"/>
        </item>
        <item>
            <title><![CDATA[Chaleur, sécheresse, pluies intenses... Les éboulements vont-ils devenir plus fréquents avec le changement climatique?]]></title>
            <link>https://www.bfmtv.com/environnement/chaleur-secheresse-pluies-intenses-les-eboulements-vont-ils-devenir-plus-frequents-avec-le-changement-climatique_AN-202502030730.html</link>
            <guid>https://www.bfmtv.com/environnement/chaleur-secheresse-pluies-intenses-les-eboulements-vont-ils-devenir-plus-frequents-avec-le-changement-climatique_AN-202502030730.html</guid>
            <pubDate>Mon, 03 Feb 2025 16:38:35 GMT</pubDate>
            <description><![CDATA[En altitude, un lien est avéré entre l'augmentation des chutes de blocs et la hausse globale des températures, qui fait fondre le permafrost. Plus bas, comme là où des pierres sont tombées ce samedi en Savoie, ce lien est plus difficile à établir. Toutefois, la multiplication des phénomènes extrêmes fragilise les roches et la montagne.<br /><br /><img src="https://images.bfmtv.com/KMv4e1i9xiSx975dhu8OLIfgtT4=/0x88:2048x1240/800x0/images/Une-route-fermee-bloquee-par-un-glissement-de-terrain-a-Menton-le-18-janvier-2014-photo-d-illustration-2026428.jpg" />]]></description>
            <enclosure url="https://images.bfmtv.com/KMv4e1i9xiSx975dhu8OLIfgtT4=/0x88:2048x1240/800x0/images/Une-route-fermee-bloquee-par-un-glissement-de-terrain-a-Menton-le-18-janvier-2014-photo-d-illustration-2026428.jpg" length="0" type="image/jpg"/>
        </item>
        <item>
            <title><![CDATA[Le nombre de rats augmente dans les villes à cause du réchauffement climatique, selon une étude]]></title>
            <link>https://www.bfmtv.com/environnement/le-nombre-de-rats-augmente-dans-les-villes-a-cause-du-rechauffement-climatique-selon-une-etude_AN-202502030656.html</link>
            <guid>https://www.bfmtv.com/environnement/le-nombre-de-rats-augmente-dans-les-villes-a-cause-du-rechauffement-climatique-selon-une-etude_AN-202502030656.html</guid>
            <pubDate>Mon, 03 Feb 2025 15:31:00 GMT</pubDate>
            <description><![CDATA[La hausse globale des températures est propice à la survie et à la prolifération des rats dans les villes, rapporte une étude américaine. <br /><br /><img src="https://images.bfmtv.com/rOvX6XlKEMW0NFX-GAMaKwCJuks=/0x106:2048x1258/800x0/images/Un-rat-illustration-1532342.jpg" />]]></description>
            <enclosure url="https://images.bfmtv.com/rOvX6XlKEMW0NFX-GAMaKwCJuks=/0x106:2048x1258/800x0/images/Un-rat-illustration-1532342.jpg" length="0" type="image/jpg"/>
        </item>
        <item>
            <title><![CDATA[Inondations: "Ce type d'évènement risque de se répéter fréquemment", déclare Jean Jouzel, climatologue]]></title>
            <link>https://www.bfmtv.com/environnement/climat/inondations-ce-type-d-evenement-risque-de-se-repeter-frequemment-declare-jean-jouzel-climatologue_VN-202502010257.html</link>
            <guid>https://www.bfmtv.com/environnement/climat/inondations-ce-type-d-evenement-risque-de-se-repeter-frequemment-declare-jean-jouzel-climatologue_VN-202502010257.html</guid>
            <pubDate>Sat, 01 Feb 2025 12:59:40 GMT</pubDate>
            <description><![CDATA[Jean Jouzel, climatologue et ancien membre du GIEC, alerte sur les importantes inondations qui ont eu lieu récemment dans le Grand Ouest. Selon lui, elles risquent d'être de plus en plus fréquentes. <br /><br /><img src="https://images.bfmtv.com/wUHBQefOSsrN0tyGPc8Jeccy9Cs=/0x0:1280x720/800x0/images/Inondations-Ce-type-d-evenement-risque-de-se-repeter-frequemment-declare-Jean-Jouzel-climatologue-2025384.jpg" />]]></description>
            <enclosure url="https://images.bfmtv.com/wUHBQefOSsrN0tyGPc8Jeccy9Cs=/0x0:1280x720/800x0/images/Inondations-Ce-type-d-evenement-risque-de-se-repeter-frequemment-declare-Jean-Jouzel-climatologue-2025384.jpg" length="0" type="image/jpg"/>
        </item>
        <item>
            <title><![CDATA[Crues: à Redon, l'eau commence à baisser, les ministres de l'Intérieur et de la Transition écologique attendues sur place]]></title>
            <link>https://www.bfmtv.com/environnement/climat/crues-a-redon-l-eau-commence-a-baisser-les-ministres-de-l-interieur-et-de-la-transition-ecologique-attendues-sur-place_VN-202502010152.html</link>
            <guid>https://www.bfmtv.com/environnement/climat/crues-a-redon-l-eau-commence-a-baisser-les-ministres-de-l-interieur-et-de-la-transition-ecologique-attendues-sur-place_VN-202502010152.html</guid>
            <pubDate>Sat, 01 Feb 2025 08:49:54 GMT</pubDate>
            <description><![CDATA[Le niveau de l'eau a commencé à baisser vendredi à Redon, inondée depuis trois jours et où le pic de la Vilaine pourrait avoir été atteint. "La stabilité du niveau de la Vilaine est confirmée ainsi que la décrue sur l'Ouest", l'autre cours d'eau qui traverse la commune, a annoncé vendredi soir la ville de Redon dans un communiqué.<br /><br /><img src="https://images.bfmtv.com/W8RNsfcO7r5zORW287sbQV-WzhY=/0x0:1280x720/800x0/images/Crues-a-Redon-l-eau-commence-a-baisser-les-ministres-de-l-Interieur-et-de-la-Transition-ecologique-attendues-sur-place-2025293.jpg" />]]></description>
            <enclosure url="https://images.bfmtv.com/W8RNsfcO7r5zORW287sbQV-WzhY=/0x0:1280x720/800x0/images/Crues-a-Redon-l-eau-commence-a-baisser-les-ministres-de-l-Interieur-et-de-la-Transition-ecologique-attendues-sur-place-2025293.jpg" length="0" type="image/jpg"/>
        </item>
        <item>
            <title><![CDATA[LIGNE ROUGE - Une cagnotte pour sauver le château de Blossac inondé lors des crues historiques en Ille-et-Vilaine]]></title>
            <link>https://www.bfmtv.com/environnement/climat/ligne-rouge-une-cagnotte-pour-sauver-le-chateau-de-blossac-inonde-lors-des-crues-historiques-en-ille-et-vilaine_VN-202501311003.html</link>
            <guid>https://www.bfmtv.com/environnement/climat/ligne-rouge-une-cagnotte-pour-sauver-le-chateau-de-blossac-inonde-lors-des-crues-historiques-en-ille-et-vilaine_VN-202501311003.html</guid>
            <pubDate>Fri, 31 Jan 2025 20:39:42 GMT</pubDate>
            <description><![CDATA[Plusieurs records de crues battus, trois départements toujours en vigilance rouge et des habitants parfois contraints d'abandonner leur maison face aux flots...L'ouest de la France fait face à des crues historiques. Nos reporters se sont rendus au plus près des inondations.<br /><br /><img src="https://images.bfmtv.com/prfYhWa6rJiRyfh5kxc7YMGf3uo=/0x0:1280x720/800x0/images/LIGNE-ROUGE-Une-cagnotte-pour-sauver-le-chateau-de-Blossac-inonde-lors-des-crues-historiques-en-Ille-et-Vilaine-2025169.jpg" />]]></description>
            <enclosure url="https://images.bfmtv.com/prfYhWa6rJiRyfh5kxc7YMGf3uo=/0x0:1280x720/800x0/images/LIGNE-ROUGE-Une-cagnotte-pour-sauver-le-chateau-de-Blossac-inonde-lors-des-crues-historiques-en-Ille-et-Vilaine-2025169.jpg" length="0" type="image/jpg"/>
        </item>
        <item>
            <title><![CDATA[LIGNE ROUGE - Les secours confrontés au refus de certains habitants menacés par les crues de quitter leur domicile]]></title>
            <link>https://www.bfmtv.com/environnement/climat/ligne-rouge-les-secours-confrontes-au-refus-de-certains-habitants-menaces-par-les-crues-de-quitter-leur-domicile_VN-202501310998.html</link>
            <guid>https://www.bfmtv.com/environnement/climat/ligne-rouge-les-secours-confrontes-au-refus-de-certains-habitants-menaces-par-les-crues-de-quitter-leur-domicile_VN-202501310998.html</guid>
            <pubDate>Fri, 31 Jan 2025 20:31:03 GMT</pubDate>
            <description><![CDATA[Plusieurs records de crues battus, trois départements toujours en vigilance rouge et des habitants parfois contraints d'abandonner leur maison face aux flots...L'ouest de la France fait face à des crues historiques. Nos reporters se sont rendus au plus près des inondations.<br /><br /><img src="https://images.bfmtv.com/dNoDi0lz-RtUn9eROmcW9AytIW8=/0x0:1280x720/800x0/images/LIGNE-ROUGE-Les-secours-confrontes-au-refus-de-certains-habitants-menaces-par-les-crues-de-quitter-leur-domicile-2025167.jpg" />]]></description>
            <enclosure url="https://images.bfmtv.com/dNoDi0lz-RtUn9eROmcW9AytIW8=/0x0:1280x720/800x0/images/LIGNE-ROUGE-Les-secours-confrontes-au-refus-de-certains-habitants-menaces-par-les-crues-de-quitter-leur-domicile-2025167.jpg" length="0" type="image/jpg"/>
        </item>
        <item>
            <title><![CDATA[LIGNE ROUGE - Les rues de Guipry-Messac (Ille-et-Vilaine) sous les eaux]]></title>
            <link>https://www.bfmtv.com/environnement/climat/ligne-rouge-les-rues-de-guipry-messac-ille-et-vilaine-sous-les-eaux_VN-202501310997.html</link>
            <guid>https://www.bfmtv.com/environnement/climat/ligne-rouge-les-rues-de-guipry-messac-ille-et-vilaine-sous-les-eaux_VN-202501310997.html</guid>
            <pubDate>Fri, 31 Jan 2025 20:24:56 GMT</pubDate>
            <description><![CDATA[Plusieurs records de crues battus, trois départements toujours en vigilance rouge et des habitants parfois contraints d'abandonner leur maison face aux flots...L'ouest de la France fait face à des crues historiques. Nos reporters se sont rendus au plus près des inondations.<br /><br /><img src="https://images.bfmtv.com/zq-KsiNSb50dd8NdgJJfNYu8H8k=/0x0:1280x720/800x0/images/LIGNE-ROUGE-Les-rues-de-Guipry-Messac-Ille-et-Vilaine-sous-les-eaux-2025165.jpg" />]]></description>
            <enclosure url="https://images.bfmtv.com/zq-KsiNSb50dd8NdgJJfNYu8H8k=/0x0:1280x720/800x0/images/LIGNE-ROUGE-Les-rues-de-Guipry-Messac-Ille-et-Vilaine-sous-les-eaux-2025165.jpg" length="0" type="image/jpg"/>
        </item>
        <item>
            <title><![CDATA["L'inondation de trop": une cagnotte lancée pour sauver un château dévasté par les crues en Bretagne]]></title>
            <link>https://www.bfmtv.com/environnement/climat/l-inondation-de-trop-une-cagnotte-lancee-pour-sauver-un-chateau-devaste-par-les-crues-en-bretagne_AV-202501310836.html</link>
            <guid>https://www.bfmtv.com/environnement/climat/l-inondation-de-trop-une-cagnotte-lancee-pour-sauver-un-chateau-devaste-par-les-crues-en-bretagne_AV-202501310836.html</guid>
            <pubDate>Fri, 31 Jan 2025 17:15:31 GMT</pubDate>
            <description><![CDATA[Situé en Ille-et-Vilaine et classé aux monuments historiques, le château de Blossac a été ravagé par les inondations en Bretagne.<br /><br /><img src="https://images.bfmtv.com/O8_kI7ngGnpVDY1ji-bVsvhffHc=/0x0:720x405/800x0/images/Le-chateau-de-Blossac-sous-les-eaux-le-29-janvier-2025-2025033.jpg" />]]></description>
            <enclosure url="https://images.bfmtv.com/O8_kI7ngGnpVDY1ji-bVsvhffHc=/0x0:720x405/800x0/images/Le-chateau-de-Blossac-sous-les-eaux-le-29-janvier-2025-2025033.jpg" length="0" type="image/jpg"/>
        </item>
        <item>
            <title><![CDATA[Attaques contre la police de l'environnement: “Que ces agressions cessent” demande l'OFB]]></title>
            <link>https://www.bfmtv.com/environnement/attaques-contre-la-police-de-l-environnement-que-ces-agressions-cessent-demande-l-ofb_VN-202501310645.html</link>
            <guid>https://www.bfmtv.com/environnement/attaques-contre-la-police-de-l-environnement-que-ces-agressions-cessent-demande-l-ofb_VN-202501310645.html</guid>
            <pubDate>Fri, 31 Jan 2025 13:56:29 GMT</pubDate>
            <description><![CDATA[Attaques contre la police de l'environnement: Guillaume Rulin, coordinateur national du syndicat EFA-CGC à l'Office Français de la biodiversité, demande que les agressions des syndicats agricoles envers les agents, cessent.<br /><br /><img src="https://images.bfmtv.com/HTGHf5wR95Y_VOvYHY9PKAxWqyQ=/0x0:1280x720/800x0/images/Attaques-contre-la-police-de-l-environnement-Que-ces-agressions-cessent-demande-l-OFB-2024914.jpg" />]]></description>
            <enclosure url="https://images.bfmtv.com/HTGHf5wR95Y_VOvYHY9PKAxWqyQ=/0x0:1280x720/800x0/images/Attaques-contre-la-police-de-l-environnement-Que-ces-agressions-cessent-demande-l-OFB-2024914.jpg" length="0" type="image/jpg"/>
        </item>
        <item>
            <title><![CDATA["Un mouvement issu des propos de M.Bayrou", revendique Guillaume Rulin, du syndicat EFA-CGC à l'OFB]]></title>
            <link>https://www.bfmtv.com/environnement/un-mouvement-issu-des-propos-de-m-bayrou-revendique-guillaume-rulin-du-syndicat-efa-cgc-a-l-ofb_VN-202501310641.html</link>
            <guid>https://www.bfmtv.com/environnement/un-mouvement-issu-des-propos-de-m-bayrou-revendique-guillaume-rulin-du-syndicat-efa-cgc-a-l-ofb_VN-202501310641.html</guid>
            <pubDate>Fri, 31 Jan 2025 13:50:52 GMT</pubDate>
            <description><![CDATA[Les agents de l'Office français de la biodiversité ont manifesté ce vendredi pour réclamer davantage de soutien des pouvoirs publics après les propos de François Bayrou sur les contrôles des zones agricoles.<br /><br /><img src="https://images.bfmtv.com/dqmZjEDLEkotluDdrHer0jY4Mho=/0x0:1280x720/800x0/images/Un-mouvement-issu-des-propos-de-M-Bayrou-revendique-Guillaume-Rulin-du-syndicat-EFA-CGC-a-l-OFB-2024909.jpg" />]]></description>
            <enclosure url="https://images.bfmtv.com/dqmZjEDLEkotluDdrHer0jY4Mho=/0x0:1280x720/800x0/images/Un-mouvement-issu-des-propos-de-M-Bayrou-revendique-Guillaume-Rulin-du-syndicat-EFA-CGC-a-l-OFB-2024909.jpg" length="0" type="image/jpg"/>
        </item>
        <item>
            <title><![CDATA[Critiques de François Bayrou, dégradations de leurs locaux... Les agents de l'Office français de la biodiversité en grève]]></title>
            <link>https://www.bfmtv.com/environnement/climat/critiques-de-francois-bayrou-degradations-de-leurs-locaux-les-agents-de-l-office-francais-de-la-biodiversite-en-greve_VN-202501310151.html</link>
            <guid>https://www.bfmtv.com/environnement/climat/critiques-de-francois-bayrou-degradations-de-leurs-locaux-les-agents-de-l-office-francais-de-la-biodiversite-en-greve_VN-202501310151.html</guid>
            <pubDate>Fri, 31 Jan 2025 05:48:36 GMT</pubDate>
            <description><![CDATA[Après les critiques du Premier ministre sur l'Office français de la biodiversité et des tensions avec les agriculteurs, les agents sont en grève. Souvent perçus comme des gendarmes, ils subissent des agressions et rappellent l'importance de leurs missions, notamment contre le braconnage et pour la gestion de l'eau.<br /><br /><img src="https://images.bfmtv.com/Bz1oGenP9MlQmZDYC32PUB7ce3U=/0x0:1280x720/800x0/images/Critiques-de-Francois-Bayrou-degradations-de-leurs-locaux-Les-agents-de-l-Office-francais-de-la-biodiversite-en-greve-2024568.jpg" />]]></description>
            <enclosure url="https://images.bfmtv.com/Bz1oGenP9MlQmZDYC32PUB7ce3U=/0x0:1280x720/800x0/images/Critiques-de-Francois-Bayrou-degradations-de-leurs-locaux-Les-agents-de-l-Office-francais-de-la-biodiversite-en-greve-2024568.jpg" length="0" type="image/jpg"/>
        </item>
        <item>
            <title><![CDATA[Crues à Redon: quatrième jour en vigilance rouge]]></title>
            <link>https://www.bfmtv.com/environnement/climat/crues-a-redon-quatrieme-jour-en-vigilance-rouge_VN-202501300977.html</link>
            <guid>https://www.bfmtv.com/environnement/climat/crues-a-redon-quatrieme-jour-en-vigilance-rouge_VN-202501300977.html</guid>
            <pubDate>Thu, 30 Jan 2025 20:08:29 GMT</pubDate>
            <description><![CDATA[Le Morbihan, la Loire-Atlantique et l'Ille-et-Vilaine demeurent en vigilance rouge pour crues ce jeudi, malgré une amélioration notable avec la fin des précipitations.<br /><br /><img src="https://images.bfmtv.com/CDUmQ6mBQakTZUefY6xvV8KqRCM=/0x0:1280x720/800x0/images/Crues-a-Redon-quatrieme-jour-en-vigilance-rouge-2024439.jpg" />]]></description>
            <enclosure url="https://images.bfmtv.com/CDUmQ6mBQakTZUefY6xvV8KqRCM=/0x0:1280x720/800x0/images/Crues-a-Redon-quatrieme-jour-en-vigilance-rouge-2024439.jpg" length="0" type="image/jpg"/>
        </item>
        <item>
            <title><![CDATA[Alsace: les cigognes déjà de retour, avec plusieurs semaines d'avance]]></title>
            <link>https://www.bfmtv.com/environnement/climat/alsace-les-cigognes-deja-de-retour-avec-plusieurs-semaines-d-avance_VN-202501300976.html</link>
            <guid>https://www.bfmtv.com/environnement/climat/alsace-les-cigognes-deja-de-retour-avec-plusieurs-semaines-d-avance_VN-202501300976.html</guid>
            <pubDate>Thu, 30 Jan 2025 20:04:37 GMT</pubDate>
            <description><![CDATA[Avec près d'un mois d'avance, les cigognes reprennent leur place dans le ciel alsacien. En cause: une météo clémente, qui les pousse à revenir pour assurer leur place dans un nid.<br /><br /><img src="https://images.bfmtv.com/2ZqUXLDyFZhZ6-AR0WCulXCKwk0=/0x0:1280x720/800x0/images/Alsace-les-cigognes-deja-de-retour-avec-plusieurs-semaines-d-avance-2024438.jpg" />]]></description>
            <enclosure url="https://images.bfmtv.com/2ZqUXLDyFZhZ6-AR0WCulXCKwk0=/0x0:1280x720/800x0/images/Alsace-les-cigognes-deja-de-retour-avec-plusieurs-semaines-d-avance-2024438.jpg" length="0" type="image/jpg"/>
        </item>
        <item>
            <title><![CDATA[Inondations: "Il faut accompagner ces territoires" appelle le préfet de l'Ille-et-Vilaine]]></title>
            <link>https://www.bfmtv.com/environnement/inondations-il-faut-accompagner-ces-territoires-appelle-le-prefet-de-l-ille-et-vilaine_VN-202501300731.html</link>
            <guid>https://www.bfmtv.com/environnement/inondations-il-faut-accompagner-ces-territoires-appelle-le-prefet-de-l-ille-et-vilaine_VN-202501300731.html</guid>
            <pubDate>Thu, 30 Jan 2025 16:31:56 GMT</pubDate>
            <description><![CDATA[Le préfet de l'Ille-et-Vilaine appelle à accompagner les territoires touchés par la vigilance rouge, ce jeudi 30 janvier. La ville de Redon est face à une crue record.<br /><br /><img src="https://images.bfmtv.com/NJBOAW4X8WLg_X70O1Lwc4RFnd8=/0x0:1280x720/800x0/images/Inondations-Il-faut-accompagner-ces-territoires-appelle-le-prefet-de-l-Ille-et-Vilaine-2024261.jpg" />]]></description>
            <enclosure url="https://images.bfmtv.com/NJBOAW4X8WLg_X70O1Lwc4RFnd8=/0x0:1280x720/800x0/images/Inondations-Il-faut-accompagner-ces-territoires-appelle-le-prefet-de-l-Ille-et-Vilaine-2024261.jpg" length="0" type="image/jpg"/>
        </item>
        <item>
            <title><![CDATA[Inondations en Bretagne: "Nous sommes à la porte du pic" annonce le préfet de l'Ille-et-Vilaine]]></title>
            <link>https://www.bfmtv.com/environnement/inondations-en-bretagne-nous-sommes-a-la-porte-du-pic-annonce-le-prefet-de-l-ille-et-vilaine_VN-202501300688.html</link>
            <guid>https://www.bfmtv.com/environnement/inondations-en-bretagne-nous-sommes-a-la-porte-du-pic-annonce-le-prefet-de-l-ille-et-vilaine_VN-202501300688.html</guid>
            <pubDate>Thu, 30 Jan 2025 15:57:09 GMT</pubDate>
            <description><![CDATA[Inondations en Bretagne: Amaury de Saint-Quentin, préfet de l'Ille-et-Vilaine, annonce que la région est à la "porte du pic", alors que le département est toujours en vigilance rouge crues, ce jeudi 30 janvier.<br /><br /><img src="https://images.bfmtv.com/U_IK4ojQ539jnMBcMGUqxlNzzzM=/0x0:1280x720/800x0/images/Inondations-en-Bretagne-Nous-sommes-a-la-porte-du-pic-annonce-le-prefet-de-l-Ille-et-Vilaine-2024223.jpg" />]]></description>
            <enclosure url="https://images.bfmtv.com/U_IK4ojQ539jnMBcMGUqxlNzzzM=/0x0:1280x720/800x0/images/Inondations-en-Bretagne-Nous-sommes-a-la-porte-du-pic-annonce-le-prefet-de-l-Ille-et-Vilaine-2024223.jpg" length="0" type="image/jpg"/>
        </item>
        <item>
            <title><![CDATA[Crues dans l’Ouest: à Redon (Ille-et-Vilaine), le niveau de l’eau est monté de 10 centimètres depuis hier]]></title>
            <link>https://www.bfmtv.com/environnement/climat/crues-dans-l-ouest-a-redon-ille-et-vilaine-le-niveau-de-l-eau-est-monte-de-10-centimetres-depuis-hier_VN-202501300077.html</link>
            <guid>https://www.bfmtv.com/environnement/climat/crues-dans-l-ouest-a-redon-ille-et-vilaine-le-niveau-de-l-eau-est-monte-de-10-centimetres-depuis-hier_VN-202501300077.html</guid>
            <pubDate>Thu, 30 Jan 2025 05:15:25 GMT</pubDate>
            <description><![CDATA[La commune de Redon se prépare face à une stagnation des eaux. Les autorités, en collaboration avec divers services, mettent en place des moyens humains et logistiques pour protéger la population et gérer l'évolution de la situation.<br /><br /><img src="https://images.bfmtv.com/UC-vbBlqqv3XYKDwdOpUBai3FRA=/0x0:1280x720/800x0/images/Crues-dans-l-Ouest-a-Redon-Ille-et-Vilaine-le-niveau-de-l-eau-est-monte-de-10-centimetres-depuis-hier-2023749.jpg" />]]></description>
            <enclosure url="https://images.bfmtv.com/UC-vbBlqqv3XYKDwdOpUBai3FRA=/0x0:1280x720/800x0/images/Crues-dans-l-Ouest-a-Redon-Ille-et-Vilaine-le-niveau-de-l-eau-est-monte-de-10-centimetres-depuis-hier-2023749.jpg" length="0" type="image/jpg"/>
        </item>
        <item>
            <title><![CDATA["Il y a un moment, il faut évacuer": Trois départements de l'ouest de la France toujours en vigilance rouge pour crues]]></title>
            <link>https://www.bfmtv.com/environnement/climat/il-y-a-un-moment-il-faut-evacuer-trois-departements-de-l-ouest-de-la-france-toujours-en-vigilance-rouge-pour-crues_VN-202501290921.html</link>
            <guid>https://www.bfmtv.com/environnement/climat/il-y-a-un-moment-il-faut-evacuer-trois-departements-de-l-ouest-de-la-france-toujours-en-vigilance-rouge-pour-crues_VN-202501290921.html</guid>
            <pubDate>Wed, 29 Jan 2025 19:31:55 GMT</pubDate>
            <description><![CDATA[Des crues d’une ampleur inédite depuis quatre décennies ont frappé l’Ille-et-Vilaine, la Loire-Atlantique et le Morbihan. Les trois départements sont toujours en vigilance rouge pour crues après les importantes précipitations dans le nord-ouest du pays.<br /><br /><img src="https://images.bfmtv.com/TgI7MnAmmeIyfYqMk4gfKj8RTVs=/0x0:1280x720/800x0/images/Il-y-a-un-moment-il-faut-evacuer-Trois-departements-de-l-ouest-de-la-France-toujours-en-vigilance-rouge-pour-crues-2023622.jpg" />]]></description>
            <enclosure url="https://images.bfmtv.com/TgI7MnAmmeIyfYqMk4gfKj8RTVs=/0x0:1280x720/800x0/images/Il-y-a-un-moment-il-faut-evacuer-Trois-departements-de-l-ouest-de-la-France-toujours-en-vigilance-rouge-pour-crues-2023622.jpg" length="0" type="image/jpg"/>
        </item>
        <item>
            <title><![CDATA[Crues en Loire-Atlantique: "Ça fait mal au ventre", confie une habitante d'Avessac]]></title>
            <link>https://www.bfmtv.com/environnement/climat/crues-en-loire-atlantique-ca-fait-mal-au-ventre-confie-une-habitante-d-avessac_VN-202501290574.html</link>
            <guid>https://www.bfmtv.com/environnement/climat/crues-en-loire-atlantique-ca-fait-mal-au-ventre-confie-une-habitante-d-avessac_VN-202501290574.html</guid>
            <pubDate>Wed, 29 Jan 2025 13:40:42 GMT</pubDate>
            <description><![CDATA[Des crues d’une ampleur inédite depuis quatre décennies ont frappé l’Ille-et-Vilaine, la Loire-Atlantique et le Morbihan. Les trois départements sont toujours en vigilance rouge pour crues après les importantes précipitations dans le nord-ouest du pays.<br /><br /><img src="https://images.bfmtv.com/RlREJLYNtBDGBbwztwn6XeR44L8=/0x0:1280x720/800x0/images/Crues-en-Loire-Atlantique-Ca-fait-mal-au-ventre-confie-une-habitante-d-Avessac-2023355.jpg" />]]></description>
            <enclosure url="https://images.bfmtv.com/RlREJLYNtBDGBbwztwn6XeR44L8=/0x0:1280x720/800x0/images/Crues-en-Loire-Atlantique-Ca-fait-mal-au-ventre-confie-une-habitante-d-Avessac-2023355.jpg" length="0" type="image/jpg"/>
        </item>
        <item>
            <title><![CDATA[LES ECLAIREURS - Crues dans l'ouest de la France: quelles perturbations?]]></title>
            <link>https://www.bfmtv.com/environnement/climat/les-eclaireurs-crues-dans-l-ouest-de-la-france-quelles-perturbations_VN-202501290557.html</link>
            <guid>https://www.bfmtv.com/environnement/climat/les-eclaireurs-crues-dans-l-ouest-de-la-france-quelles-perturbations_VN-202501290557.html</guid>
            <pubDate>Wed, 29 Jan 2025 13:08:22 GMT</pubDate>
            <description><![CDATA[Des crues d’une ampleur inédite depuis quatre décennies ont frappé l’Ille-et-Vilaine, la Loire-Atlantique et le Morbihan. Les trois départements sont toujours en vigilance rouge pour crues après les importantes précipitations dans le nord-ouest du pays.<br /><br /><img src="https://images.bfmtv.com/QZgcLBmJuznSwDURhKukh9bK1uA=/0x0:1280x720/800x0/images/LES-ECLAIREURS-Crues-dans-l-ouest-de-la-France-quelles-perturbations-2023343.jpg" />]]></description>
            <enclosure url="https://images.bfmtv.com/QZgcLBmJuznSwDURhKukh9bK1uA=/0x0:1280x720/800x0/images/LES-ECLAIREURS-Crues-dans-l-ouest-de-la-France-quelles-perturbations-2023343.jpg" length="0" type="image/jpg"/>
        </item>
    </channel>
</rss>