<?xml version="1.0" encoding="utf-8"?>
<rss version="2.0" xmlns:atom="http://www.w3.org/2005/Atom">
    <channel>
        <title>Home Europe - actualités</title>
        <link>https://www.bfmtv.com/international/europe/</link>
        <description>Europe - Retrouvez les dernières infos politiques, économiques et sociales du continent européen: Articles, interviews et vidéos en direct</description>
        <lastBuildDate>Wed, 12 Feb 2025 08:48:34 GMT</lastBuildDate>
        <docs>http://blogs.law.harvard.edu/tech/rss</docs>
        <generator>BFMTV</generator>
        <language>fr</language>
        <image>
            <title>Home Europe - actualités</title>
            <url>https://www.bfmtv.com/assets/v11/images/BFMTV_default_16x9.8715a163008e9f3fc3799c8e2c6ebafa.jpg</url>
            <link>https://www.bfmtv.com/international/europe/</link>
        </image>
        <copyright>Copyright BFMTV</copyright>
        <category>Home Europe - actualités</category>
        <atom:link href="https://www.bfmtv.com/international/europe/" rel="self" type="application/rss+xml"/>
        <item>
            <title><![CDATA[Ukraine-Russie: la guerre]]></title>
            <link>https://www.bfmtv.com/international/europe/ukraine-russie-le-bras-de-fer-mondial_DN-201904150203.html</link>
            <guid>https://www.bfmtv.com/international/europe/ukraine-russie-le-bras-de-fer-mondial_DN-201904150203.html</guid>
            <pubDate>Wed, 12 Feb 2025 08:33:46 GMT</pubDate>
            <description><![CDATA[Après des années de tension, le président russe Vladimir Poutine a relancé le conflit entre son pays et l'Ukraine - dirigée par Volodymyr Zelensky - en annonçant, le 21 février 2022, "reconnaître l'indépendance de la République populaire de Donetsk et de la République populaire de Lougansk", deux régions séparatistes prorusses du Donbass. Dans la foulée, le leader du Kremlin a enclenché, le 24 février, une opération militaire de grande envergure en Ukraine pour officiellement défendre ces séparatistes.

"Nous nous efforcerons d'arriver à une démilitarisation et une dénazification de l'Ukraine", a-t-il dit. Le Kremlin a précisé que cette opération ayant pour objectif l'imposition d'un "statut neutre" à l'Ukraine, durerait le temps nécessaire, en fonction de ses "résultats" et sa "pertinence".

Cette offensive russe intervient huit ans après que Moscou a annexé la Crimée et parrainé la prise de contrôle de régions du Donbass par des séparatistes prorusses, déclenchant un conflit régional qui a fait plus de 14.000 morts.

L'Ukraine a de son côté dénoncé le début d'une "invasion de grande ampleur de la Russie". Cette opération vise à "détruire l'État ukrainien, s'emparer de son territoire par la force et établir une occupation", a notamment réagi le ministère des Affaires étrangères ukrainiens.

Juste après le discours de Vladimir Poutine, des explosions ont retenti à Kiev, à Kramatorsk, ville de l'est servant de quartier général à l'armée ukrainienne, à Kharkiv (nord-est), deuxième ville d'Ukraine, à Odessa, sur la mer Noire, et à Marioupol, principal port de l'est. La centrale de Tchernobyl, théâtre du pire accident nucléaire de l'histoire en 1986, est tombée plus tard aux mains des soldats russes.

Dès les premières heures de la journée, des habitants de Kiev se sont pressés dans le métro pour s'y abriter ou tenter de quitter la ville, cependant que des voitures remplies de familles fuyant la capitale créaient de vastes embouteillages.

Le président ukrainien Volodymyr Zelensky a ordonné dans un décret la mobilisation générale des personnes soumises "à la conscription militaire et des réservistes", sous 90 jours dans toutes les régions du pays. Le dirigeant a regretté que l'Ukraine soit "laissée seule" face à l'armée russe alors que l'Alliance atlantique (Otan) a indiqué qu'elle n'enverrait pas de troupes pour la soutenir.

De nombreux pays ont malgré tout condamné l'invasion russe. Le président américain Joe Biden, pour qui le maître du Kremlin va devenir "un paria sur la scène internationale", a imposé des restrictions aux exportations de produits technologiques vers la Russie. Le numéro deux de l'ambassade russe à Washington a été expulsé.

Les dirigeants des 27 pays de l'UE ont parallèlement pris des sanctions "massives" contre la Russie dans les secteurs de l'énergie, de la finance et des transports mais sans l'exclure dans l'immédiat du réseau bancaire Swift, qui permet de recevoir ou d'émettre des paiements dans le monde entier. Des sanctions qui auront des conséquences sur l''économie européenne. 

Emmanuel Macron a lui annoncé que la France allait accélérer le déploiement de soldats en Roumanie dans le cadre de l'Otan. "La France continuera à jouer pleinement son rôle de réassurance des alliés de l'Otan en envoyant en Estonie un nouveau contingent au sein de la présence avancée renforcée, en anticipant sa participation à la police du ciel balte dès le mois de mars, et en accélérant aussi son déploiement en Roumanie", a déclaré le président français à l'issue d'un sommet exceptionnel de l'UE à Bruxelles.<br /><br /><img src="https://images.bfmtv.com/fZ1HFFXlrYab3xjpRXE_cgS7uRg=/0x0:1920x1080/800x0/images/Une-femme-devant-un-immeuble-detruit-de-Kiev-le-25-fevrier-2022-apres-le-lancement-de-l-invasion-russe-en-Ukraine-1356822.jpg" />]]></description>
            <enclosure url="https://images.bfmtv.com/fZ1HFFXlrYab3xjpRXE_cgS7uRg=/0x0:1920x1080/800x0/images/Une-femme-devant-un-immeuble-detruit-de-Kiev-le-25-fevrier-2022-apres-le-lancement-de-l-invasion-russe-en-Ukraine-1356822.jpg" length="0" type="image/jpg"/>
        </item>
        <item>
            <title><![CDATA[Guerre en Ukraine: des frappes russes sur Kiev font au moins un mort et trois blessés]]></title>
            <link>https://www.bfmtv.com/international/europe/ukraine/guerre-en-ukraine-des-frappes-russes-sur-kiev-font-au-moins-un-mort-et-trois-blesses_AD-202502120311.html</link>
            <guid>https://www.bfmtv.com/international/europe/ukraine/guerre-en-ukraine-des-frappes-russes-sur-kiev-font-au-moins-un-mort-et-trois-blesses_AD-202502120311.html</guid>
            <pubDate>Wed, 12 Feb 2025 08:33:46 GMT</pubDate>
            <description><![CDATA[Selon le maire de la capitale ukrainienne, un incendie s'est déclenché sur le terrain d'une entreprise. <br /><br /><img src="https://images.bfmtv.com/3d8_AjdBt0zwgYOtWecTDeCrqFs=/0x164:2048x1316/800x0/images/De-la-fumee-survole-Kiev-apres-des-frappes-massives-1593324.jpg" />]]></description>
            <enclosure url="https://images.bfmtv.com/3d8_AjdBt0zwgYOtWecTDeCrqFs=/0x164:2048x1316/800x0/images/De-la-fumee-survole-Kiev-apres-des-frappes-massives-1593324.jpg" length="0" type="image/jpg"/>
        </item>
        <item>
            <title><![CDATA[Guerre en Ukraine: le président ukrainien prêt à la négociation]]></title>
            <link>https://www.bfmtv.com/international/europe/ukraine/guerre-en-ukraine-le-president-ukrainien-pret-a-la-negociation_VN-202502120078.html</link>
            <guid>https://www.bfmtv.com/international/europe/ukraine/guerre-en-ukraine-le-president-ukrainien-pret-a-la-negociation_VN-202502120078.html</guid>
            <pubDate>Wed, 12 Feb 2025 05:23:30 GMT</pubDate>
            <description><![CDATA[Le président ukrainien Volodymyr Zelensky propose un échange de territoire avec la Russie pour mettre fin à la guerre, dans le cadre de négociations de paix sous l'égide des États-Unis. L'émissaire américain Keith Kellogg se rendra à Kiev la semaine prochaine.<br /><br /><img src="https://images.bfmtv.com/VyGkZZrqxKDnNBUuYnIpGXrGx5k=/0x0:1280x720/800x0/images/Guerre-en-Ukraine-le-president-Ukrainien-pret-a-la-negociation-2031722.jpg" />]]></description>
            <enclosure url="https://images.bfmtv.com/VyGkZZrqxKDnNBUuYnIpGXrGx5k=/0x0:1280x720/800x0/images/Guerre-en-Ukraine-le-president-Ukrainien-pret-a-la-negociation-2031722.jpg" length="0" type="image/jpg"/>
        </item>
        <item>
            <title><![CDATA[Allemagne: un mort et plusieurs blessés dans une collision ferroviaire]]></title>
            <link>https://www.bfmtv.com/international/europe/allemagne/allemagne-un-mort-et-plusieurs-blesses-dans-une-collision-ferroviaire_AD-202502110897.html</link>
            <guid>https://www.bfmtv.com/international/europe/allemagne/allemagne-un-mort-et-plusieurs-blesses-dans-une-collision-ferroviaire_AD-202502110897.html</guid>
            <pubDate>Tue, 11 Feb 2025 21:29:23 GMT</pubDate>
            <description><![CDATA[L'accident est survenu à un passage à niveau près de la ville de Hambourg au nord-ouest du pays.<br /><br /><img src="https://images.bfmtv.com/z1EZ0058NB6TIzXWXgHyJWKStj4=/0x106:2048x1258/800x0/images/La-collision-ferroviaire-survenue-a-un-passage-a-niveau-pres-de-Hambourg-Allemagne-le-11-fevrier-2025-2031635.jpg" />]]></description>
            <enclosure url="https://images.bfmtv.com/z1EZ0058NB6TIzXWXgHyJWKStj4=/0x106:2048x1258/800x0/images/La-collision-ferroviaire-survenue-a-un-passage-a-niveau-pres-de-Hambourg-Allemagne-le-11-fevrier-2025-2031635.jpg" length="0" type="image/jpg"/>
        </item>
        <item>
            <title><![CDATA[ Venise étend sa taxe pour lutter contre le surtourisme ]]></title>
            <link>https://www.bfmtv.com/international/europe/italie/venise-etend-sa-taxe-pour-lutter-contre-le-surtourisme_VN-202502110882.html</link>
            <guid>https://www.bfmtv.com/international/europe/italie/venise-etend-sa-taxe-pour-lutter-contre-le-surtourisme_VN-202502110882.html</guid>
            <pubDate>Tue, 11 Feb 2025 21:03:24 GMT</pubDate>
            <description><![CDATA[La ville de Venise étend sa taxe pour lutter contre le surtourisme. Dès le 18 avril et durant 54 jours par an, les touristes journaliers se verront imposer un tarif allant jusqu’à 10 euros pour visiter la ville italienne. La mise en place de cette tarification l'année dernière a "légèrement" impacté l'afflux touristique.<br /><br /><img src="https://images.bfmtv.com/SivjpAqEVlS_NNy7RAG5Cnnyt4w=/0x0:1280x720/800x0/images/Venise-etend-sa-taxe-pour-lutter-contre-le-surtourisme-2031630.jpg" />]]></description>
            <enclosure url="https://images.bfmtv.com/SivjpAqEVlS_NNy7RAG5Cnnyt4w=/0x0:1280x720/800x0/images/Venise-etend-sa-taxe-pour-lutter-contre-le-surtourisme-2031630.jpg" length="0" type="image/jpg"/>
        </item>
        <item>
            <title><![CDATA["Totalement inacceptable": au Royaume-Uni, un raseur de chats sème la terreur dans un petit village]]></title>
            <link>https://www.bfmtv.com/international/europe/angleterre/totalement-inacceptable-au-royaume-uni-un-raseur-de-chats-seme-la-terreur-dans-un-petit-village_AN-202502110850.html</link>
            <guid>https://www.bfmtv.com/international/europe/angleterre/totalement-inacceptable-au-royaume-uni-un-raseur-de-chats-seme-la-terreur-dans-un-petit-village_AN-202502110850.html</guid>
            <pubDate>Tue, 11 Feb 2025 20:03:43 GMT</pubDate>
            <description><![CDATA[Dans le village de Pinchbeck, au Royaume-Uni, plusieurs chats ont été retrouvés partiellement rasés par leurs maîtres. La police cherche le ou les responsables et entend engager des poursuites.<br /><br /><img src="https://images.bfmtv.com/W_BP9Z4kLFVlUHCGDpiXaA7NhMQ=/0x106:2048x1258/800x0/images/Photo-d-un-chat-Siamois-1985758.jpg" />]]></description>
            <enclosure url="https://images.bfmtv.com/W_BP9Z4kLFVlUHCGDpiXaA7NhMQ=/0x106:2048x1258/800x0/images/Photo-d-un-chat-Siamois-1985758.jpg" length="0" type="image/jpg"/>
        </item>
        <item>
            <title><![CDATA[Coatie: un séisme touche la côte, pas de blessés ni de dégâts rapportés dans l'immédiat]]></title>
            <link>https://www.bfmtv.com/international/europe/coatie-un-seisme-touche-la-cote-pas-de-blesses-ni-de-degats-rapportes-dans-l-immediat_AD-202502110844.html</link>
            <guid>https://www.bfmtv.com/international/europe/coatie-un-seisme-touche-la-cote-pas-de-blesses-ni-de-degats-rapportes-dans-l-immediat_AD-202502110844.html</guid>
            <pubDate>Tue, 11 Feb 2025 19:50:51 GMT</pubDate>
            <description><![CDATA[Un séisme d'une magnitude de 4,6 qui a provoqué un mouvement de panique sur place a frappé mardi la côte croate sans que des blessés ou des dégâts n'aient été rapportés dans l'immédiat.<br /><br /><img src="https://images.bfmtv.com/R-RXe7vJBM1eDE_m-39qyiCn-fc=/0x0:1280x720/800x0/images/Une-carte-de-l-institut-de-geophysique-americain-US-Geological-Survey-montrant-l-emplacement-d-un-seisme-qui-a-eu-lieu-le-11-fevrier-2025-en-Croatie-2031604.jpg" />]]></description>
            <enclosure url="https://images.bfmtv.com/R-RXe7vJBM1eDE_m-39qyiCn-fc=/0x0:1280x720/800x0/images/Une-carte-de-l-institut-de-geophysique-americain-US-Geological-Survey-montrant-l-emplacement-d-un-seisme-qui-a-eu-lieu-le-11-fevrier-2025-en-Croatie-2031604.jpg" length="0" type="image/jpg"/>
        </item>
        <item>
            <title><![CDATA["Un territoire contre un autre": Zelensky exclut de perdre des terres sans contreparties de la Russie]]></title>
            <link>https://www.bfmtv.com/international/europe/ukraine/un-territoire-contre-un-autre-zelensky-exclut-de-perdre-des-terres-sans-contreparties-de-la-russie_AN-202502110791.html</link>
            <guid>https://www.bfmtv.com/international/europe/ukraine/un-territoire-contre-un-autre-zelensky-exclut-de-perdre-des-terres-sans-contreparties-de-la-russie_AN-202502110791.html</guid>
            <pubDate>Tue, 11 Feb 2025 18:17:53 GMT</pubDate>
            <description><![CDATA[Le président ukrainien a déclaré ce mardi, qu'en cas de négociations avec la Russie, il envisageait d'échanger le territoire russe que Kiev contrôle dans la région de Koursk contre des territoires ukrainiens conquis par le Kremlin.<br /><br /><img src="https://images.bfmtv.com/lpgrEvI1H6KN8OVSSqO9Rnlv7Ys=/0x0:2048x1152/800x0/images/Le-president-ukrainien-Volodymyr-Zelensky-s-exprime-lors-d-une-conference-de-presse-a-Kiev-le-10-fevrier-2025-2031472.jpg" />]]></description>
            <enclosure url="https://images.bfmtv.com/lpgrEvI1H6KN8OVSSqO9Rnlv7Ys=/0x0:2048x1152/800x0/images/Le-president-ukrainien-Volodymyr-Zelensky-s-exprime-lors-d-une-conference-de-presse-a-Kiev-le-10-fevrier-2025-2031472.jpg" length="0" type="image/jpg"/>
        </item>
        <item>
            <title><![CDATA[Italie: maxi-coup de filet contre la mafia de Palerme, 147 personnes arrêtées]]></title>
            <link>https://www.bfmtv.com/international/europe/italie/italie-maxi-coup-de-filet-contre-la-mafia-de-palerme-147-personnes-arretees_AD-202502110715.html</link>
            <guid>https://www.bfmtv.com/international/europe/italie/italie-maxi-coup-de-filet-contre-la-mafia-de-palerme-147-personnes-arretees_AD-202502110715.html</guid>
            <pubDate>Tue, 11 Feb 2025 16:59:19 GMT</pubDate>
            <description><![CDATA[Selon les médias italiens, une opération d'une telle envergure n'avait pas été menée contre la mafia sicilienne depuis septembre 1984 <br /><br /><img src="https://images.bfmtv.com/oDsS2gTdVcIv6QlAz7XKzRDxis0=/65x62:1201x701/800x0/images/-90877.jpg" />]]></description>
            <enclosure url="https://images.bfmtv.com/oDsS2gTdVcIv6QlAz7XKzRDxis0=/65x62:1201x701/800x0/images/-90877.jpg" length="0" type="image/jpg"/>
        </item>
        <item>
            <title><![CDATA[Un butin de 10 millions d'euros: une fausse chamane soupçonnée d'escroquerie recherchée en Autriche]]></title>
            <link>https://www.bfmtv.com/international/europe/un-butin-de-10-millions-d-euros-une-fausse-chamane-soupconnee-d-escroquerie-recherchee-en-autriche_AN-202502110687.html</link>
            <guid>https://www.bfmtv.com/international/europe/un-butin-de-10-millions-d-euros-une-fausse-chamane-soupconnee-d-escroquerie-recherchee-en-autriche_AN-202502110687.html</guid>
            <pubDate>Tue, 11 Feb 2025 16:35:57 GMT</pubDate>
            <description><![CDATA[La police autrichienne a découvert pour environ 10 millions d'euros dans une ville située au sud de Vienne. Une quadragénaire qui se serait fait passer pour une chamane, est soupçonnée d'avoir escroqué des personnes. <br /><br /><img src="https://images.bfmtv.com/T4OmiYBw8WVZWkILWfeRQS9GshY=/4x3:1252x705/800x0/images/-148167.jpg" />]]></description>
            <enclosure url="https://images.bfmtv.com/T4OmiYBw8WVZWkILWfeRQS9GshY=/4x3:1252x705/800x0/images/-148167.jpg" length="0" type="image/jpg"/>
        </item>
        <item>
            <title><![CDATA[Écosse: les corps retrouvés fin janvier sont bien ceux des deux jumelles disparues, "l'enquête toujours en cours"]]></title>
            <link>https://www.bfmtv.com/international/europe/angleterre/ecosse-les-corps-retrouves-fin-janvier-sont-bien-ceux-des-deux-jumelles-disparues-l-enquete-toujours-en-cours_AN-202502110672.html</link>
            <guid>https://www.bfmtv.com/international/europe/angleterre/ecosse-les-corps-retrouves-fin-janvier-sont-bien-ceux-des-deux-jumelles-disparues-l-enquete-toujours-en-cours_AN-202502110672.html</guid>
            <pubDate>Tue, 11 Feb 2025 16:26:51 GMT</pubDate>
            <description><![CDATA[Les corps de deux sœurs jumelles, disparues depuis le 7 janvier à Aberdeen dans le nord-est de l'Écosse, ont été identifiés par la police qui précise que "l'enquête est toujours en cours".<br /><br /><img src="https://images.bfmtv.com/EFXcdAwIlU7ZKqK3PA4jgMgu-ko=/0x13:560x328/800x0/images/Une-photographie-non-datee-publiee-par-la-police-ecossaise-le-16-janvier-2025-montre-les-soeurs-Eliza-et-Henrietta-Huszti-2031454.jpg" />]]></description>
            <enclosure url="https://images.bfmtv.com/EFXcdAwIlU7ZKqK3PA4jgMgu-ko=/0x13:560x328/800x0/images/Une-photographie-non-datee-publiee-par-la-police-ecossaise-le-16-janvier-2025-montre-les-soeurs-Eliza-et-Henrietta-Huszti-2031454.jpg" length="0" type="image/jpg"/>
        </item>
        <item>
            <title><![CDATA[ Une ville belge interdit à ses employés et aux élus de se faire la bise ]]></title>
            <link>https://www.bfmtv.com/international/europe/belgique/une-ville-belge-interdit-a-ses-employes-et-aux-elus-de-se-faire-la-bise_VN-202502110652.html</link>
            <guid>https://www.bfmtv.com/international/europe/belgique/une-ville-belge-interdit-a-ses-employes-et-aux-elus-de-se-faire-la-bise_VN-202502110652.html</guid>
            <pubDate>Tue, 11 Feb 2025 16:05:19 GMT</pubDate>
            <description><![CDATA[Pour éviter toute ambiguïté, la ville de Louvain, en Belgique, a instauré un nouveau code de conduite auprès de ses employés communaux dans lequel elle leur demande de ne plus se faire la bise pour se saluer, rapporte le média belge VRT.<br /><br /><img src="https://images.bfmtv.com/qeVIr6a8WlbRzImmqv8FNx1woc8=/0x0:1280x720/800x0/images/Une-ville-belge-interdit-a-ses-employes-et-aux-elus-de-se-faire-la-bise-2031450.jpg" />]]></description>
            <enclosure url="https://images.bfmtv.com/qeVIr6a8WlbRzImmqv8FNx1woc8=/0x0:1280x720/800x0/images/Une-ville-belge-interdit-a-ses-employes-et-aux-elus-de-se-faire-la-bise-2031450.jpg" length="0" type="image/jpg"/>
        </item>
        <item>
            <title><![CDATA["Les enfants ont joué sur des bombes": des explosifs de 1939-1945 retrouvés dans un parc anglais]]></title>
            <link>https://www.bfmtv.com/international/europe/angleterre/les-enfants-ont-joue-sur-des-bombes-des-explosifs-de-1939-1945-retrouves-dans-un-parc-anglais_AN-202502110636.html</link>
            <guid>https://www.bfmtv.com/international/europe/angleterre/les-enfants-ont-joue-sur-des-bombes-des-explosifs-de-1939-1945-retrouves-dans-un-parc-anglais_AN-202502110636.html</guid>
            <pubDate>Tue, 11 Feb 2025 15:44:07 GMT</pubDate>
            <description><![CDATA[Le 14 janvier dernier, au cours de classiques travaux de rénovation et d'agrandissement d'une aire de jeux pour enfants du nord de l'Angleterre, 176 bombes de la Seconde Guerre mondiale ont été déterrées. Des bombes toujours chargées qui, pendant plusieurs années, se trouvaient sous les pieds de très jeunes enfants. <br /><br /><img src="https://images.bfmtv.com/wzJi4UFrVBs6gHz5DV-dsLHgNJ4=/8x3:1256x705/800x0/images/-197502.jpg" />]]></description>
            <enclosure url="https://images.bfmtv.com/wzJi4UFrVBs6gHz5DV-dsLHgNJ4=/8x3:1256x705/800x0/images/-197502.jpg" length="0" type="image/jpg"/>
        </item>
        <item>
            <title><![CDATA[Inondations meurtrières en Espagne]]></title>
            <link>https://www.bfmtv.com/international/europe/espagne/crues-meurtrieres-en-espagne_DN-202410310066.html</link>
            <guid>https://www.bfmtv.com/international/europe/espagne/crues-meurtrieres-en-espagne_DN-202410310066.html</guid>
            <pubDate>Tue, 11 Feb 2025 15:35:50 GMT</pubDate>
            <description><![CDATA[Des inondations dévastatrices ont coûté la vie à au moins 205 personnes dans le sud-est de l'Espagne dans la nuit du mardi 29 au mercredi 30 octobre 2024. Le dernier bilan provisoire transmis le vendredi 1er novembre fait état de 202 morts dans la seule région de Valence, la plus durement frappée. Deux autres décès ont été enregistrés dans la région voisine de Castille-La Manche, et un troisième en Andalousie. Ce bilan est le plus élevé depuis des inondations qui avaient fait 300 morts en octobre 1973 dans le pays.<br /><br /><img src="https://images.bfmtv.com/Gy2cM_MX-TN4MhFZq7LHBrpypJ4=/0x106:2048x1258/800x0/images/Des-personnes-grimpent-sur-des-voitures-empilees-a-la-suite-des-inondations-a-Sedavi-au-sud-de-Valence-dans-l-est-de-l-Espagne-le-30-octobre-2024-1967306.jpg" />]]></description>
            <enclosure url="https://images.bfmtv.com/Gy2cM_MX-TN4MhFZq7LHBrpypJ4=/0x106:2048x1258/800x0/images/Des-personnes-grimpent-sur-des-voitures-empilees-a-la-suite-des-inondations-a-Sedavi-au-sud-de-Valence-dans-l-est-de-l-Espagne-le-30-octobre-2024-1967306.jpg" length="0" type="image/jpg"/>
        </item>
        <item>
            <title><![CDATA[Des "circonstances exceptionnelles": l'Espagne va régulariser les migrants victimes des inondations d'octobre]]></title>
            <link>https://www.bfmtv.com/international/europe/espagne/des-circonstances-exceptionnelles-l-espagne-va-regulariser-les-migrants-victimes-des-inondations-d-octobre_AD-202502110629.html</link>
            <guid>https://www.bfmtv.com/international/europe/espagne/des-circonstances-exceptionnelles-l-espagne-va-regulariser-les-migrants-victimes-des-inondations-d-octobre_AD-202502110629.html</guid>
            <pubDate>Tue, 11 Feb 2025 15:35:49 GMT</pubDate>
            <description><![CDATA[Les autorités espagnoles ont annoncé ce mardi la régularisation des personnes en situation irrégulière qui ont été touchées par les inondations dans la région de Valence en octobre dernier.<br /><br /><img src="https://images.bfmtv.com/U1bPG9Sev2hAXvmEWXpXfvsm2MI=/0x5:2048x1157/800x0/images/Le-Premier-ministre-espagnol-Pedro-Sanchez-s-adresse-aux-journalistes-lors-d-une-conference-de-presse-le-28-janvier-2025-au-palais-de-La-Moncloa-a-Madrid-2031429.jpg" />]]></description>
            <enclosure url="https://images.bfmtv.com/U1bPG9Sev2hAXvmEWXpXfvsm2MI=/0x5:2048x1157/800x0/images/Le-Premier-ministre-espagnol-Pedro-Sanchez-s-adresse-aux-journalistes-lors-d-une-conference-de-presse-le-28-janvier-2025-au-palais-de-La-Moncloa-a-Madrid-2031429.jpg" length="0" type="image/jpg"/>
        </item>
        <item>
            <title><![CDATA[Ukraine: BFMTV avec les commandos marine qui protègent les côtes du pays contre l'armée russe]]></title>
            <link>https://www.bfmtv.com/international/europe/ukraine/ukraine-bfmtv-avec-les-commandos-marine-qui-protegent-les-cotes-du-pays-contre-l-armee-russe_AV-202502110479.html</link>
            <guid>https://www.bfmtv.com/international/europe/ukraine/ukraine-bfmtv-avec-les-commandos-marine-qui-protegent-les-cotes-du-pays-contre-l-armee-russe_AV-202502110479.html</guid>
            <pubDate>Tue, 11 Feb 2025 12:10:56 GMT</pubDate>
            <description><![CDATA[Une équipe de BFMTV a pu suivre l'entraînement de commandos marine ukrainiens qui défendent les côtes du pays contre toute incursion de l'armée russe.<br /><br /><img src="https://images.bfmtv.com/OzlbkqX2PKPl4H5_RItRSn-v1uc=/0x0:1920x1080/800x0/images/Un-soldat-ukrainien-du-73e-centre-d-operations-maritimes-interroge-par-BFMTV-2031281.jpg" />]]></description>
            <enclosure url="https://images.bfmtv.com/OzlbkqX2PKPl4H5_RItRSn-v1uc=/0x0:1920x1080/800x0/images/Un-soldat-ukrainien-du-73e-centre-d-operations-maritimes-interroge-par-BFMTV-2031281.jpg" length="0" type="image/jpg"/>
        </item>
        <item>
            <title><![CDATA[Grèce: de nouveaux séismes ont secoué l'île de Santorin, dont un de magnitude 5,2]]></title>
            <link>https://www.bfmtv.com/international/europe/grece/grece-de-nouveaux-seismes-ont-frappe-l-ile-de-santorin-dont-un-de-magnitude-5-2_AD-202502110255.html</link>
            <guid>https://www.bfmtv.com/international/europe/grece/grece-de-nouveaux-seismes-ont-frappe-l-ile-de-santorin-dont-un-de-magnitude-5-2_AD-202502110255.html</guid>
            <pubDate>Tue, 11 Feb 2025 07:17:39 GMT</pubDate>
            <description><![CDATA[Une nouvelle série de secousses a eu lieu sur l'île grecque de Santorin et sur sa voisine Amorgos, dans la nuit de lundi à mardi. Une secousse de magnitude 5,2 avait déjà été enregistrée la semaine dernière, la plus forte depuis le début de cette intense activité sismique.<br /><br /><img src="https://images.bfmtv.com/oc39L2yMDRERN-5uU7fl0JMXQ28=/0x106:2048x1258/800x0/images/Des-employes-municipaux-coupent-l-acces-a-une-ruelle-du-village-d-Oia-a-Santorin-le-5-fevrier-2025-apres-une-serie-de-secousses-enregistrees-sur-l-ile-grecque-2029033.jpg" />]]></description>
            <enclosure url="https://images.bfmtv.com/oc39L2yMDRERN-5uU7fl0JMXQ28=/0x106:2048x1258/800x0/images/Des-employes-municipaux-coupent-l-acces-a-une-ruelle-du-village-d-Oia-a-Santorin-le-5-fevrier-2025-apres-une-serie-de-secousses-enregistrees-sur-l-ile-grecque-2029033.jpg" length="0" type="image/jpg"/>
        </item>
        <item>
            <title><![CDATA[Un Britannique condamné à au moins 15 ans de prison pour avoir poignardé sa fille de 14 ans]]></title>
            <link>https://www.bfmtv.com/international/europe/angleterre/un-britannique-condamne-a-au-moins-15-ans-de-prison-pour-avoir-poignarde-sa-fille-de-14-ans_AN-202502100914.html</link>
            <guid>https://www.bfmtv.com/international/europe/angleterre/un-britannique-condamne-a-au-moins-15-ans-de-prison-pour-avoir-poignarde-sa-fille-de-14-ans_AN-202502100914.html</guid>
            <pubDate>Mon, 10 Feb 2025 19:54:56 GMT</pubDate>
            <description><![CDATA[Simon Vickers a été condamné à la prison à vie avec une incarcération d'au moins 15 ans pour le meurtre de sa fille de 14 ans en juillet dernier. Il avait plaidé l'accident lors du procès.  <br /><br /><img src="https://images.bfmtv.com/UvfBozrTOEV86QafqgEBUj-pYDc=/0x106:2048x1258/800x0/images/Une-voiture-de-police-dans-le-Nord-de-l-Angleterre-1890998.jpg" />]]></description>
            <enclosure url="https://images.bfmtv.com/UvfBozrTOEV86QafqgEBUj-pYDc=/0x106:2048x1258/800x0/images/Une-voiture-de-police-dans-le-Nord-de-l-Angleterre-1890998.jpg" length="0" type="image/jpg"/>
        </item>
        <item>
            <title><![CDATA["Il est très important de le faire": le Premier ministre britannique se fait dépister publiquement contre le VIH]]></title>
            <link>https://www.bfmtv.com/international/europe/angleterre/il-est-tres-important-de-le-faire-le-premier-ministre-britannique-se-fait-depister-publiquement-contre-le-vih_AD-202502100678.html</link>
            <guid>https://www.bfmtv.com/international/europe/angleterre/il-est-tres-important-de-le-faire-le-premier-ministre-britannique-se-fait-depister-publiquement-contre-le-vih_AD-202502100678.html</guid>
            <pubDate>Mon, 10 Feb 2025 16:15:06 GMT</pubDate>
            <description><![CDATA[Keir Starmer s'est soumis publiquement à un test de dépistage du VIH, faisant de lui le premier dirigeant du G7 à le faire publiquement.<br /><br /><img src="https://images.bfmtv.com/K_bSN59zqEVdACnCJl2_6Ls27Eg=/0x106:2048x1258/800x0/images/Keir-Starmer-1956941.jpg" />]]></description>
            <enclosure url="https://images.bfmtv.com/K_bSN59zqEVdACnCJl2_6Ls27Eg=/0x106:2048x1258/800x0/images/Keir-Starmer-1956941.jpg" length="0" type="image/jpg"/>
        </item>
        <item>
            <title><![CDATA[Roumanie: sous pression après l'annulation de la présidentielle, le chef d'État démissionne]]></title>
            <link>https://www.bfmtv.com/international/europe/roumanie-sous-pression-apres-l-annulation-de-la-presidentielle-le-chef-d-etat-demissionne_AD-202502100614.html</link>
            <guid>https://www.bfmtv.com/international/europe/roumanie-sous-pression-apres-l-annulation-de-la-presidentielle-le-chef-d-etat-demissionne_AD-202502100614.html</guid>
            <pubDate>Mon, 10 Feb 2025 15:11:30 GMT</pubDate>
            <description><![CDATA[Le scrutin présidentiel, dont le premier tour avait été remporté à la surprise générale par un candidat d'extrême droite, avait été annulé du fait de soupçons d'ingérence russe. Le président, qui voulait rester en poste jusqu'à l'élection de son successeur, était sous pression d'une révocation.<br /><br /><img src="https://images.bfmtv.com/xQZ_q11jYf8tplIGLRqlEG5IM4M=/0x99:2048x1251/800x0/images/Le-president-de-la-Roumanie-Klaus-Iohannis-le-3-avril-2023-1700650.jpg" />]]></description>
            <enclosure url="https://images.bfmtv.com/xQZ_q11jYf8tplIGLRqlEG5IM4M=/0x99:2048x1251/800x0/images/Le-president-de-la-Roumanie-Klaus-Iohannis-le-3-avril-2023-1700650.jpg" length="0" type="image/jpg"/>
        </item>
        <item>
            <title><![CDATA[Fusillade en Suède: l'identité de l'assaillant désormais confirmée]]></title>
            <link>https://www.bfmtv.com/international/europe/fusillade-en-suede-l-identite-de-l-assaillant-desormais-confirmee_AD-202502100591.html</link>
            <guid>https://www.bfmtv.com/international/europe/fusillade-en-suede-l-identite-de-l-assaillant-desormais-confirmee_AD-202502100591.html</guid>
            <pubDate>Mon, 10 Feb 2025 13:29:00 GMT</pubDate>
            <description><![CDATA[Le parquet a officiellement confirmé ce lundi 10 février avoir identifié l'auteur de la fusillade qui a eu lieu dans un centre de formation pour adultes à Örebro, provoquant la mort dix personnes. <br /><br /><img src="https://images.bfmtv.com/BDEzKk5YqOwssfGeb4RPJVecQmg=/0x106:2048x1258/800x0/images/SUEDE-FUSILLADE-2028414.jpg" />]]></description>
            <enclosure url="https://images.bfmtv.com/BDEzKk5YqOwssfGeb4RPJVecQmg=/0x106:2048x1258/800x0/images/SUEDE-FUSILLADE-2028414.jpg" length="0" type="image/jpg"/>
        </item>
        <item>
            <title><![CDATA["J’ai du mal à respirer": le pape François demande de l'aide pour lire son discours lors d'une messe]]></title>
            <link>https://www.bfmtv.com/international/europe/italie/j-ai-du-mal-a-respirer-le-pape-francois-demande-de-l-aide-pour-lire-son-discours-lors-d-une-messe_AV-202502100363.html</link>
            <guid>https://www.bfmtv.com/international/europe/italie/j-ai-du-mal-a-respirer-le-pape-francois-demande-de-l-aide-pour-lire-son-discours-lors-d-une-messe_AV-202502100363.html</guid>
            <pubDate>Mon, 10 Feb 2025 10:06:39 GMT</pubDate>
            <description><![CDATA[Le souverain pontife, âgé de 88 ans, est toutefois parvenu à reprendre son discours quelques minutes plus tard sur la place Saint-Pierre, ce dimanche 9 février. <br /><br /><img src="https://images.bfmtv.com/lMquPd4r49-l2HpLACdhT8Z5tCo=/0x53:1024x629/800x0/images/J-ai-du-mal-a-respirer-le-pape-Francois-demande-de-l-aide-pour-lire-son-discours-lors-d-une-messe-2030517.jpg" />]]></description>
            <enclosure url="https://images.bfmtv.com/lMquPd4r49-l2HpLACdhT8Z5tCo=/0x53:1024x629/800x0/images/J-ai-du-mal-a-respirer-le-pape-Francois-demande-de-l-aide-pour-lire-son-discours-lors-d-une-messe-2030517.jpg" length="0" type="image/jpg"/>
        </item>
        <item>
            <title><![CDATA[Fusillade en Suède: les mobiles du tueur restent inconnus cinq jours après les faits]]></title>
            <link>https://www.bfmtv.com/international/europe/fusillade-en-suede-les-mobiles-du-tueur-restent-inconnus-cinq-jours-apres-les-faits_AD-202502090455.html</link>
            <guid>https://www.bfmtv.com/international/europe/fusillade-en-suede-les-mobiles-du-tueur-restent-inconnus-cinq-jours-apres-les-faits_AD-202502090455.html</guid>
            <pubDate>Sun, 09 Feb 2025 22:17:22 GMT</pubDate>
            <description><![CDATA[Dix personnes sont mortes ce mardi 4 février dans une fusillade dans un centre de formation pour adultes. La police a confirmé que l'assaillant avait été auparavant élève de l'établissement.<br /><br /><img src="https://images.bfmtv.com/97jvbCQvmxKQd9TzbQtFJuwbLNQ=/0x106:2048x1258/800x0/images/Un-policier-boucle-une-zone-pres-de-l-ecole-Risbergska-a-Orebro-en-Suede-le-4-fevrier-2025-apres-avoir-ete-informe-d-un-crime-violent-grave-2027106.jpg" />]]></description>
            <enclosure url="https://images.bfmtv.com/97jvbCQvmxKQd9TzbQtFJuwbLNQ=/0x106:2048x1258/800x0/images/Un-policier-boucle-une-zone-pres-de-l-ecole-Risbergska-a-Orebro-en-Suede-le-4-fevrier-2025-apres-avoir-ete-informe-d-un-crime-violent-grave-2027106.jpg" length="0" type="image/jpg"/>
        </item>
        <item>
            <title><![CDATA[Les Suisses votent contre l'inscription dans la Constitution du respect "des limites naturelles de la planète"]]></title>
            <link>https://www.bfmtv.com/international/europe/suisse/les-suisses-votent-contre-l-inscription-dans-la-constitution-du-respect-des-limites-naturelles-de-la-planete_AD-202502090450.html</link>
            <guid>https://www.bfmtv.com/international/europe/suisse/les-suisses-votent-contre-l-inscription-dans-la-constitution-du-respect-des-limites-naturelles-de-la-planete_AD-202502090450.html</guid>
            <pubDate>Sun, 09 Feb 2025 21:58:33 GMT</pubDate>
            <description><![CDATA[Les électeurs suisses étaient appelés à se prononcer lors d'un référendum "pour une économie responsable dans les limites de la planète". L'objectif était "d'aboutir à une économie et une société où la quantité de ressources consommées et celle des polluants rejetés restent dans des proportions supportables par l'environnement".<br /><br /><img src="https://images.bfmtv.com/gdNIvvmHVtDe6FuUZJJWImJrHLc=/0x106:2048x1258/800x0/images/Une-vache-avec-le-coucher-du-soleil-sur-le-lac-Leman-en-arriere-plan-au-Mont-de-Gourze-au-dessus-de-Riez-en-Suisse-le-11-octobre-2024-2030244.jpg" />]]></description>
            <enclosure url="https://images.bfmtv.com/gdNIvvmHVtDe6FuUZJJWImJrHLc=/0x106:2048x1258/800x0/images/Une-vache-avec-le-coucher-du-soleil-sur-le-lac-Leman-en-arriere-plan-au-Mont-de-Gourze-au-dessus-de-Riez-en-Suisse-le-11-octobre-2024-2030244.jpg" length="0" type="image/jpg"/>
        </item>
        <item>
            <title><![CDATA[Irlande: plusieurs personnes poignardées à Dublin, un homme arrêté]]></title>
            <link>https://www.bfmtv.com/international/europe/irlande/irlande-plusieurs-personnes-poignardees-a-dublin-un-homme-arrete_AD-202502090351.html</link>
            <guid>https://www.bfmtv.com/international/europe/irlande/irlande-plusieurs-personnes-poignardees-a-dublin-un-homme-arrete_AD-202502090351.html</guid>
            <pubDate>Sun, 09 Feb 2025 16:36:58 GMT</pubDate>
            <description><![CDATA[Selon The Irish Times, quatre personnes seraient blessées, l'une d'entre elle ayant été agressée devant chez elle alors qu'elle rentrait. <br /><br /><img src="https://images.bfmtv.com/jI7g7Bn6YQ8k2XuZw07NjNxS4tc=/0x104:2048x1256/800x0/images/Des-policiers-irlandais-a-Dublin-au-lendemain-d-une-attaque-au-couteau-le-24-novembre-2023-1756701.jpg" />]]></description>
            <enclosure url="https://images.bfmtv.com/jI7g7Bn6YQ8k2XuZw07NjNxS4tc=/0x104:2048x1256/800x0/images/Des-policiers-irlandais-a-Dublin-au-lendemain-d-une-attaque-au-couteau-le-24-novembre-2023-1756701.jpg" length="0" type="image/jpg"/>
        </item>
        <item>
            <title><![CDATA[Des ONG ukrainiennes s'inquiètent du retour de Donald Trump à la Maison Blanche]]></title>
            <link>https://www.bfmtv.com/international/europe/ukraine/des-ong-ukrainiennes-s-inquietent-du-retour-de-donald-trump-a-la-maison-blanche_VN-202502090094.html</link>
            <guid>https://www.bfmtv.com/international/europe/ukraine/des-ong-ukrainiennes-s-inquietent-du-retour-de-donald-trump-a-la-maison-blanche_VN-202502090094.html</guid>
            <pubDate>Sun, 09 Feb 2025 07:28:23 GMT</pubDate>
            <description><![CDATA[Dans une salle de concert transformée en centre d'accueil, des Ukrainiens évacués trouvent refuge. L'ONG, dépendante de l'aide américaine, fait face à une crise après l'arrêt des financements, rendant l'aide aux personnes malades de plus en plus difficile.<br /><br /><img src="https://images.bfmtv.com/-BIgYbG_3HHddD82on_V-MS6Afc=/0x0:1280x720/800x0/images/Des-ONG-ukrainiennes-s-inquietent-du-retour-de-Donald-Trump-a-la-Maison-Blanche-2029959.jpg" />]]></description>
            <enclosure url="https://images.bfmtv.com/-BIgYbG_3HHddD82on_V-MS6Afc=/0x0:1280x720/800x0/images/Des-ONG-ukrainiennes-s-inquietent-du-retour-de-Donald-Trump-a-la-Maison-Blanche-2029959.jpg" length="0" type="image/jpg"/>
        </item>
        <item>
            <title><![CDATA["Il est trop juif": au Royaume-Uni, un ministre viré pour des "blagues" haineuses sur Whatsapp]]></title>
            <link>https://www.bfmtv.com/international/europe/angleterre/il-est-trop-juif-au-royaume-uni-un-ministre-vire-pour-des-blagues-haineuses-sur-whatsapp_AN-202502090088.html</link>
            <guid>https://www.bfmtv.com/international/europe/angleterre/il-est-trop-juif-au-royaume-uni-un-ministre-vire-pour-des-blagues-haineuses-sur-whatsapp_AN-202502090088.html</guid>
            <pubDate>Sun, 09 Feb 2025 07:15:37 GMT</pubDate>
            <description><![CDATA[Des "blagues" racistes, sexistes ou antisémites du ministre de la Santé britannique Andrew Gwynne ont été révélées par la presse britannique ce week-end. Le Premier ministre Keir Starmer a démis de ses fonctions le membre du gouvernement.<br /><br /><img src="https://images.bfmtv.com/bDbMi8JKqHyGSgnwn7lXzxpyvMk=/0x106:2048x1258/800x0/images/L-entree-du-10-Downing-Street-residence-du-Premier-ministre-britannique-en-juin-2022-1643725.jpg" />]]></description>
            <enclosure url="https://images.bfmtv.com/bDbMi8JKqHyGSgnwn7lXzxpyvMk=/0x106:2048x1258/800x0/images/L-entree-du-10-Downing-Street-residence-du-Premier-ministre-britannique-en-juin-2022-1643725.jpg" length="0" type="image/jpg"/>
        </item>
        <item>
            <title><![CDATA[Allemagne: 250.000 manifestants réunis contre l'extrême droite à Munich]]></title>
            <link>https://www.bfmtv.com/international/europe/allemagne/allemagne-250-000-manifestants-reunis-contre-l-extreme-droite-a-munich_VN-202502090073.html</link>
            <guid>https://www.bfmtv.com/international/europe/allemagne/allemagne-250-000-manifestants-reunis-contre-l-extreme-droite-a-munich_VN-202502090073.html</guid>
            <pubDate>Sun, 09 Feb 2025 06:39:52 GMT</pubDate>
            <description><![CDATA["Il faut arrêter le fascisme et pas le minimiser": 250.000 personnes ont manifesté ce samedi 8 février à Munich (sud), mobilisées comme dans d'autres villes allemandes contre l'extrême droite, à deux semaines des législatives.<br /><br /><img src="https://images.bfmtv.com/4ePfKQBxR3e_ArrNTygjSiUJMWs=/0x0:1280x720/800x0/images/Allemagne-250-000-manifestants-reunis-contre-l-extreme-droite-a-Munich-2029948.jpg" />]]></description>
            <enclosure url="https://images.bfmtv.com/4ePfKQBxR3e_ArrNTygjSiUJMWs=/0x0:1280x720/800x0/images/Allemagne-250-000-manifestants-reunis-contre-l-extreme-droite-a-Munich-2029948.jpg" length="0" type="image/jpg"/>
        </item>
        <item>
            <title><![CDATA[Allemagne: nouvelles manifestations contre l'extrême droite, 250.000 personnes réunies à Munich]]></title>
            <link>https://www.bfmtv.com/international/europe/allemagne/allemagne-nouvelles-manifestations-contre-l-extreme-droite-250-000-personnes-reunies-a-munich_AD-202502080422.html</link>
            <guid>https://www.bfmtv.com/international/europe/allemagne/allemagne-nouvelles-manifestations-contre-l-extreme-droite-250-000-personnes-reunies-a-munich_AD-202502080422.html</guid>
            <pubDate>Sat, 08 Feb 2025 22:22:49 GMT</pubDate>
            <description><![CDATA[Selon des récents sondages, à deux semaines des législatives, les conservateurs restent premiers, autour de 30%, l'AfD deuxième, tandis que les sociaux-démocrates du chancelier Olaf Scholz et les Verts -les deux partis actuellement au gouvernement- oscillent chacun autour de 15%.<br /><br /><img src="https://images.bfmtv.com/Zi_hO2QDuoaKahxukY-8wUjsL3g=/0x60:2048x1212/800x0/images/Des-personnes-participent-a-une-manifestation-contre-l-extreme-droite-a-la-Theresienwiese-a-Munich-en-Allemagne-le-8-fevrier-2025-2029904.jpg" />]]></description>
            <enclosure url="https://images.bfmtv.com/Zi_hO2QDuoaKahxukY-8wUjsL3g=/0x60:2048x1212/800x0/images/Des-personnes-participent-a-une-manifestation-contre-l-extreme-droite-a-la-Theresienwiese-a-Munich-en-Allemagne-le-8-fevrier-2025-2029904.jpg" length="0" type="image/jpg"/>
        </item>
        <item>
            <title><![CDATA[Belgique: la ville de Louvain interdit désormais à ses employés de se faire la bise au travail]]></title>
            <link>https://www.bfmtv.com/international/europe/belgique/belgique-la-ville-de-louvain-interdit-desormais-a-ses-employes-de-se-faire-la-bise-au-travail_AN-202502080307.html</link>
            <guid>https://www.bfmtv.com/international/europe/belgique/belgique-la-ville-de-louvain-interdit-desormais-a-ses-employes-de-se-faire-la-bise-au-travail_AN-202502080307.html</guid>
            <pubDate>Sat, 08 Feb 2025 15:39:38 GMT</pubDate>
            <description><![CDATA[La ville flamande a instauré un nouveau code de conduite pour ses employés communaux. Un élu a justifié cette décision en invoquant le "souci politique de se traiter les uns les autres avec respect".<br /><br /><img src="https://images.bfmtv.com/hGYgl2ro3S1sdkunStfoydSikM8=/0x22:2048x1174/800x0/images/La-facade-de-la-mairie-de-Louvain-en-Belgique-2029781.jpg" />]]></description>
            <enclosure url="https://images.bfmtv.com/hGYgl2ro3S1sdkunStfoydSikM8=/0x22:2048x1174/800x0/images/La-facade-de-la-mairie-de-Louvain-en-Belgique-2029781.jpg" length="0" type="image/jpg"/>
        </item>
    </channel>
</rss>