<?xml version="1.0" encoding="utf-8"?>
<rss version="2.0" xmlns:atom="http://www.w3.org/2005/Atom">
    <channel>
        <title>Home Vie numérique - actualités</title>
        <link>https://www.bfmtv.com/tech/vie-numerique/</link>
        <description>Retrouvez en temps réel et en continu l'actualité, les personnalités et les vidéos des innovations qui révolutionnent le monde du numérique</description>
        <lastBuildDate>Wed, 12 Feb 2025 08:48:32 GMT</lastBuildDate>
        <docs>http://blogs.law.harvard.edu/tech/rss</docs>
        <generator>BFMTV</generator>
        <language>fr</language>
        <image>
            <title>Home Vie numérique - actualités</title>
            <url>https://www.bfmtv.com/assets/v11/images/Techandco_default_16x9.b9a077cc64e7c27746bd0b6ae412eb81.jpg</url>
            <link>https://www.bfmtv.com/tech/vie-numerique/</link>
        </image>
        <copyright>Copyright BFMTV</copyright>
        <category>Home Vie numérique - actualités</category>
        <atom:link href="https://www.bfmtv.com/tech/vie-numerique/" rel="self" type="application/rss+xml"/>
        <item>
            <title><![CDATA[Interdire le téléphone à l'école n'améliore ni les notes ni le comportement des élèves, selon une étude]]></title>
            <link>https://www.bfmtv.com/tech/vie-numerique/interdire-le-telephone-a-l-ecole-n-ameliore-ni-les-notes-ni-le-comportement-des-eleves-selon-une-etude_AV-202502060409.html</link>
            <guid>https://www.bfmtv.com/tech/vie-numerique/interdire-le-telephone-a-l-ecole-n-ameliore-ni-les-notes-ni-le-comportement-des-eleves-selon-une-etude_AV-202502060409.html</guid>
            <pubDate>Thu, 06 Feb 2025 10:47:02 GMT</pubDate>
            <description><![CDATA[Selon une étude, l'interdiction des téléphones dans les écoles n'améliorerait pas les notes des élèves ou leur bien-être mental. En revanche, les chercheurs conseillent de réduire le temps d'écran des jeunes. <br /><br /><img src="https://images.bfmtv.com/qyCEk_rifmVqyqWCNRVCuIttq5Y=/0x105:2048x1257/800x0/images/Une-etudiante-francaise-eteint-son-telephone-portable-avant-l-epreuve-de-philosophie-alors-qu-elle-passe-le-baccalaureat-le-18-juin-2012-au-lycee-Lavoisier-a-Paris-2018872.jpg" />]]></description>
            <enclosure url="https://images.bfmtv.com/qyCEk_rifmVqyqWCNRVCuIttq5Y=/0x105:2048x1257/800x0/images/Une-etudiante-francaise-eteint-son-telephone-portable-avant-l-epreuve-de-philosophie-alors-qu-elle-passe-le-baccalaureat-le-18-juin-2012-au-lycee-Lavoisier-a-Paris-2018872.jpg" length="0" type="image/jpg"/>
        </item>
        <item>
            <title><![CDATA[Taxe lapin: Doctolib dit oui, mais à certaines conditions]]></title>
            <link>https://www.bfmtv.com/tech/vie-numerique/taxe-lapin-doctolib-dit-oui-mais-a-certaines-conditions_AV-202502060392.html</link>
            <guid>https://www.bfmtv.com/tech/vie-numerique/taxe-lapin-doctolib-dit-oui-mais-a-certaines-conditions_AV-202502060392.html</guid>
            <pubDate>Thu, 06 Feb 2025 10:33:35 GMT</pubDate>
            <description><![CDATA[Le patron de Doctolib a expliqué qu'il mettrait en place cette taxe destinée aux patients qui ne se présentent pas à leur rendez-vous médical uniquement si les médecins le demandent. <br /><br /><img src="https://images.bfmtv.com/vgQooVaq-oN5G4CcfCcWOeo5wnk=/0x106:2048x1258/800x0/images/Doctolib-2028399.jpg" />]]></description>
            <enclosure url="https://images.bfmtv.com/vgQooVaq-oN5G4CcfCcWOeo5wnk=/0x106:2048x1258/800x0/images/Doctolib-2028399.jpg" length="0" type="image/jpg"/>
        </item>
        <item>
            <title><![CDATA[Piratage de Linky: que risquez-vous si vous "flashez" votre compteur électrique connecté?]]></title>
            <link>https://www.bfmtv.com/tech/vie-numerique/linky-que-risquez-vous-si-vous-piratez-votre-compteur_AV-202502050368.html</link>
            <guid>https://www.bfmtv.com/tech/vie-numerique/linky-que-risquez-vous-si-vous-piratez-votre-compteur_AV-202502050368.html</guid>
            <pubDate>Wed, 05 Feb 2025 17:09:15 GMT</pubDate>
            <description><![CDATA[Le compteur connecté d'Enedis et bientôt obligatoire dans les habitations Linky fait l'objet de multiples recours, et est aussi victime de piratages via des groupes Telegram.<br /><br /><img src="https://images.bfmtv.com/YnqiHl6EYSSI60AM7X-AwCTffC8=/0x40:768x472/800x0/images/Le-tribunal-judiciaire-de-Macon-a-deboute-une-centaine-d-opposants-aux-compteurs-Linky-qui-reclamaient-le-droit-au-refus-de-cet-appareil-le-jugeant-nocif-1410307.jpg" />]]></description>
            <enclosure url="https://images.bfmtv.com/YnqiHl6EYSSI60AM7X-AwCTffC8=/0x40:768x472/800x0/images/Le-tribunal-judiciaire-de-Macon-a-deboute-une-centaine-d-opposants-aux-compteurs-Linky-qui-reclamaient-le-droit-au-refus-de-cet-appareil-le-jugeant-nocif-1410307.jpg" length="0" type="image/jpg"/>
        </item>
        <item>
            <title><![CDATA[Pour éviter le "doomscrolling", un navigateur veut améliorer le bien-être mental]]></title>
            <link>https://www.bfmtv.com/tech/vie-numerique/pour-eviter-le-doomscrolling-un-navigateur-veut-ameliorer-le-bien-etre-mental_AV-202502050380.html</link>
            <guid>https://www.bfmtv.com/tech/vie-numerique/pour-eviter-le-doomscrolling-un-navigateur-veut-ameliorer-le-bien-etre-mental_AV-202502050380.html</guid>
            <pubDate>Wed, 05 Feb 2025 10:04:36 GMT</pubDate>
            <description><![CDATA[Afin de se différencier des autres navigateur, Opera lance une nouvelle fonctionnalité se focalisant sur "un web plus beau".<br /><br /><img src="https://images.bfmtv.com/y2jCxokbjRzUlHIfO-K9i0k1aE8=/5x64:1333x811/800x0/images/Le-navigateur-Opera-Air-2027129.jpg" />]]></description>
            <enclosure url="https://images.bfmtv.com/y2jCxokbjRzUlHIfO-K9i0k1aE8=/5x64:1333x811/800x0/images/Le-navigateur-Opera-Air-2027129.jpg" length="0" type="image/jpg"/>
        </item>
        <item>
            <title><![CDATA["Les salariés étaient filmés en permanence": une entreprise épinglée pour "surveillance disproportionnée"]]></title>
            <link>https://www.bfmtv.com/tech/vie-numerique/les-salaries-etaient-filmes-en-permanence-une-entreprise-epinglee-pour-surveillance-disproportionnee_AV-202502040581.html</link>
            <guid>https://www.bfmtv.com/tech/vie-numerique/les-salaries-etaient-filmes-en-permanence-une-entreprise-epinglee-pour-surveillance-disproportionnee_AV-202502040581.html</guid>
            <pubDate>Tue, 04 Feb 2025 14:46:40 GMT</pubDate>
            <description><![CDATA[Intervenant dans le secteur immobilier, l'entreprise, qui n'est pas nommée par la Cnil, surveillait ses employés à l'aide d'un logiciel et d'un système de vidéosurveillance.<br /><br /><img src="https://images.bfmtv.com/TN5M56XCt61OEEloPxSHmD94ODo=/0x142:2048x1294/800x0/images/Employe-travail-2027009.jpg" />]]></description>
            <enclosure url="https://images.bfmtv.com/TN5M56XCt61OEEloPxSHmD94ODo=/0x142:2048x1294/800x0/images/Employe-travail-2027009.jpg" length="0" type="image/jpg"/>
        </item>
        <item>
            <title><![CDATA[Pourquoi utiliser votre smartphone comme réveil n'est pas une bonne idée]]></title>
            <link>https://www.bfmtv.com/tech/vie-numerique/pourquoi-utiliser-votre-smartphone-comme-reveil-n-est-pas-une-bonne-idee_AV-202502010037.html</link>
            <guid>https://www.bfmtv.com/tech/vie-numerique/pourquoi-utiliser-votre-smartphone-comme-reveil-n-est-pas-une-bonne-idee_AV-202502010037.html</guid>
            <pubDate>Sat, 01 Feb 2025 06:13:00 GMT</pubDate>
            <description><![CDATA[Un médecin américain alerte sur la trop grande présence du téléphone portable dans la chambre à coucher.<br /><br /><img src="https://images.bfmtv.com/iHBQCbzGbAtCVlGyVieS96Pt4GE=/7x159:2039x1302/800x0/images/Sommeil-1552307.jpg" />]]></description>
            <enclosure url="https://images.bfmtv.com/iHBQCbzGbAtCVlGyVieS96Pt4GE=/7x159:2039x1302/800x0/images/Sommeil-1552307.jpg" length="0" type="image/jpg"/>
        </item>
        <item>
            <title><![CDATA[Ce capteur de Logitech veut faciliter la vie des entreprises (mais risque aussi de devenir un outil de surveillance)]]></title>
            <link>https://www.bfmtv.com/tech/vie-numerique/ce-capteur-de-logitech-va-permettre-a-des-entreprises-de-surveiller-leurs-employes-en-toute-discretion_AV-202501300657.html</link>
            <guid>https://www.bfmtv.com/tech/vie-numerique/ce-capteur-de-logitech-va-permettre-a-des-entreprises-de-surveiller-leurs-employes-en-toute-discretion_AV-202501300657.html</guid>
            <pubDate>Thu, 30 Jan 2025 17:00:34 GMT</pubDate>
            <description><![CDATA[Le spécialiste des accessoires informatiques et gaming a récemment présenté Logitech Spot, un capteur notamment capable de détecter si une pièce est occupée. <br /><br /><img src="https://images.bfmtv.com/N9VDvEwEDHndESaf2fZfu9fqlK0=/2x66:690x453/800x0/images/Logitech-Spot-2023624.jpg" />]]></description>
            <enclosure url="https://images.bfmtv.com/N9VDvEwEDHndESaf2fZfu9fqlK0=/2x66:690x453/800x0/images/Logitech-Spot-2023624.jpg" length="0" type="image/jpg"/>
        </item>
        <item>
            <title><![CDATA["Personne n'est en danger": la police américaine calme l'emballement autour de messages aériens alarmistes sur Google Maps]]></title>
            <link>https://www.bfmtv.com/tech/vie-numerique/personne-n-est-en-danger-la-police-americaine-calme-l-emballement-autour-de-messages-aeriens-alarmistes-sur-google-maps_AN-202501290701.html</link>
            <guid>https://www.bfmtv.com/tech/vie-numerique/personne-n-est-en-danger-la-police-americaine-calme-l-emballement-autour-de-messages-aeriens-alarmistes-sur-google-maps_AN-202501290701.html</guid>
            <pubDate>Wed, 29 Jan 2025 16:20:48 GMT</pubDate>
            <description><![CDATA[Plusieurs internautes ont repéré de curieux messages "help" écrits sur le sol d'une propriété à Los Angeles. Contrairement aux rumeurs, la police locale a confirmé qu'il ne s'agissait pas d'un trafic d'être humains. <br /><br /><img src="https://images.bfmtv.com/txV6T5H-w7OHGHICuu4q6Iuw1tM=/5x652:1157x1300/800x0/images/Les-mysterieux-messages-Help-a-Los-Angeles-2023428.jpg" />]]></description>
            <enclosure url="https://images.bfmtv.com/txV6T5H-w7OHGHICuu4q6Iuw1tM=/5x652:1157x1300/800x0/images/Les-mysterieux-messages-Help-a-Los-Angeles-2023428.jpg" length="0" type="image/jpg"/>
        </item>
        <item>
            <title><![CDATA[Ecrans: 63% des parents "constatent des effets négatifs" sur leurs enfants]]></title>
            <link>https://www.bfmtv.com/tech/vie-numerique/ecrans-63-des-parents-constatent-des-effets-negatifs-sur-leurs-enfants_AN-202501290513.html</link>
            <guid>https://www.bfmtv.com/tech/vie-numerique/ecrans-63-des-parents-constatent-des-effets-negatifs-sur-leurs-enfants_AN-202501290513.html</guid>
            <pubDate>Wed, 29 Jan 2025 13:00:00 GMT</pubDate>
            <description><![CDATA[La question du temps d'écran et de son impact sur le développement de l'enfant revient dans l'actualité à la faveur du nouveau baromètre publié par la Fondation de l'Enfance.<br /><br /><img src="https://images.bfmtv.com/0GyQ_xQb44V7LhSSEHRQ_pNzUZ4=/0x106:2048x1258/800x0/images/Les-enfants-face-aux-ecrans-2023303.jpg" />]]></description>
            <enclosure url="https://images.bfmtv.com/0GyQ_xQb44V7LhSSEHRQ_pNzUZ4=/0x106:2048x1258/800x0/images/Les-enfants-face-aux-ecrans-2023303.jpg" length="0" type="image/jpg"/>
        </item>
        <item>
            <title><![CDATA[Du Matrix au Human Form: les prototypes les plus bizarres de Nokia]]></title>
            <link>https://www.bfmtv.com/tech/vie-numerique/du-matrix-au-human-form-les-prototypes-les-plus-bizarres-de-nokia_AV-202501260020.html</link>
            <guid>https://www.bfmtv.com/tech/vie-numerique/du-matrix-au-human-form-les-prototypes-les-plus-bizarres-de-nokia_AV-202501260020.html</guid>
            <pubDate>Sun, 26 Jan 2025 06:17:00 GMT</pubDate>
            <description><![CDATA[La marque, qui a réussi à populariser l'utilisation d'un téléphone mobile à travers le monde, est aussi connue pour avoir imaginé tout et n'importe quoi en matière de design.<br /><br /><img src="https://images.bfmtv.com/SAdNwnQ9Ma4biTi2GurfD2WCYFQ=/162x3:1218x597/800x0/images/Les-differents-telephones-et-concepts-de-Nokia-2020172.jpg" />]]></description>
            <enclosure url="https://images.bfmtv.com/SAdNwnQ9Ma4biTi2GurfD2WCYFQ=/162x3:1218x597/800x0/images/Les-differents-telephones-et-concepts-de-Nokia-2020172.jpg" length="0" type="image/jpg"/>
        </item>
        <item>
            <title><![CDATA[Trois ans après la polémique du ZEvent, la streameuse Ultia face à ses cyberharceleurs au tribunal]]></title>
            <link>https://www.bfmtv.com/tech/vie-numerique/aujourd-hui-encore-je-recois-des-menaces-la-streameuse-ultia-face-a-ses-cyberharceleurs-au-tribunal-de-paris_AV-202501210338.html</link>
            <guid>https://www.bfmtv.com/tech/vie-numerique/aujourd-hui-encore-je-recois-des-menaces-la-streameuse-ultia-face-a-ses-cyberharceleurs-au-tribunal-de-paris_AV-202501210338.html</guid>
            <pubDate>Tue, 21 Jan 2025 12:20:21 GMT</pubDate>
            <description><![CDATA[Ce mardi 21 janvier, la streameuse Ultia a rendez-vous au tribunal de Paris pour faire face à quatre personnes accusées de l'avoir cyberharcelée pendant des années.<br /><br /><img src="https://images.bfmtv.com/B540q3NzwDQfXdCML3rB7K3eXC4=/2x19:626x370/800x0/images/Ultia-1532161.jpg" />]]></description>
            <enclosure url="https://images.bfmtv.com/B540q3NzwDQfXdCML3rB7K3eXC4=/2x19:626x370/800x0/images/Ultia-1532161.jpg" length="0" type="image/jpg"/>
        </item>
        <item>
            <title><![CDATA[Intel: SpaceX et Elon Musk, candidats sérieux au rachat]]></title>
            <link>https://www.bfmtv.com/tech/vie-numerique/intel-space-x-et-elon-musk-candidats-serieux-au-rachat_AV-202501200600.html</link>
            <guid>https://www.bfmtv.com/tech/vie-numerique/intel-space-x-et-elon-musk-candidats-serieux-au-rachat_AV-202501200600.html</guid>
            <pubDate>Mon, 20 Jan 2025 14:43:41 GMT</pubDate>
            <description><![CDATA[Le milliardaire Elon Musk serait l'un des candidats sérieux au rachat du géant américain des semi-conducteurs, Intel.<br /><br /><img src="https://images.bfmtv.com/z--y7U4ley8R3I7bbuiOKVnK7mM=/2x1:898x505/800x0/images/-467447.jpg" />]]></description>
            <enclosure url="https://images.bfmtv.com/z--y7U4ley8R3I7bbuiOKVnK7mM=/2x1:898x505/800x0/images/-467447.jpg" length="0" type="image/jpg"/>
        </item>
        <item>
            <title><![CDATA["Je ne me sens pas responsable": le créateur d'Akha se défend de faciliter les actes de violences dans les transports]]></title>
            <link>https://www.bfmtv.com/tech/vie-numerique/je-ne-me-sens-pas-responsable-le-createur-d-akha-se-defend-de-faciliter-les-actes-de-violences-dans-les-transports_AV-202501150300.html</link>
            <guid>https://www.bfmtv.com/tech/vie-numerique/je-ne-me-sens-pas-responsable-le-createur-d-akha-se-defend-de-faciliter-les-actes-de-violences-dans-les-transports_AV-202501150300.html</guid>
            <pubDate>Wed, 15 Jan 2025 08:44:26 GMT</pubDate>
            <description><![CDATA[Interrogé par BFMTV, le créateur de cette application permettant de signaler les incidents dans les transports a tenu a répondre à Valérie Pécresse.<br /><br /><img src="https://images.bfmtv.com/lMvI1dMT13WFzNs7wKYWii9DeV8=/1x44:1297x773/800x0/images/L-application-Akha-2013789.jpg" />]]></description>
            <enclosure url="https://images.bfmtv.com/lMvI1dMT13WFzNs7wKYWii9DeV8=/1x44:1297x773/800x0/images/L-application-Akha-2013789.jpg" length="0" type="image/jpg"/>
        </item>
        <item>
            <title><![CDATA[Escroquée de 830.000 euros par un faux Brad Pitt: pourquoi tant de personnes se font avoir par de fausses célébrités]]></title>
            <link>https://www.bfmtv.com/tech/vie-numerique/faux-brad-pitt-deepfake-de-florent-pagny-comment-l-amour-d-une-star-peut-aveugler-au-point-de-se-faire-arnaquer_AV-202409240716.html</link>
            <guid>https://www.bfmtv.com/tech/vie-numerique/faux-brad-pitt-deepfake-de-florent-pagny-comment-l-amour-d-une-star-peut-aveugler-au-point-de-se-faire-arnaquer_AV-202409240716.html</guid>
            <pubDate>Mon, 13 Jan 2025 17:13:07 GMT</pubDate>
            <description><![CDATA[Une femme a été piégée par un arnaqueur qui se faisait passer pour l'acteur américain Brad Pitt. L'escroc lui a soutiré l'importante somme de 830.000 euros.<br /><br /><img src="https://images.bfmtv.com/Hg7XlITOw8Ff-tw12BIFjkU267s=/0x0:2048x1152/800x0/images/Brad-Pitt-a-la-Mostra-de-Venise-2024-1929663.jpg" />]]></description>
            <enclosure url="https://images.bfmtv.com/Hg7XlITOw8Ff-tw12BIFjkU267s=/0x0:2048x1152/800x0/images/Brad-Pitt-a-la-Mostra-de-Venise-2024-1929663.jpg" length="0" type="image/jpg"/>
        </item>
        <item>
            <title><![CDATA[Vérification par IA ou par carte: ce qui change pour les sites pornographiques ce 11 janvier]]></title>
            <link>https://www.bfmtv.com/tech/vie-numerique/verification-par-ia-ou-par-carte-ce-qui-change-pour-les-sites-pornographiques-ce-11-janvier_AV-202501090532.html</link>
            <guid>https://www.bfmtv.com/tech/vie-numerique/verification-par-ia-ou-par-carte-ce-qui-change-pour-les-sites-pornographiques-ce-11-janvier_AV-202501090532.html</guid>
            <pubDate>Thu, 09 Jan 2025 12:47:47 GMT</pubDate>
            <description><![CDATA[L'Arcom avait laissé trois mois aux acteurs du monde pornographique pour se conformer à de nouvelles règles.<br /><br /><img src="https://images.bfmtv.com/4kp6bTmJHalPLxrrLBYvezVLj80=/7x74:743x488/800x0/images/1257439.jpg" />]]></description>
            <enclosure url="https://images.bfmtv.com/4kp6bTmJHalPLxrrLBYvezVLj80=/7x74:743x488/800x0/images/1257439.jpg" length="0" type="image/jpg"/>
        </item>
        <item>
            <title><![CDATA[Comment Microsoft copie Google pour duper les internautes sur son moteur de recherche]]></title>
            <link>https://www.bfmtv.com/tech/vie-numerique/comment-microsoft-copie-google-pour-duper-les-internautes-sur-son-moteur-de-recherche_AV-202501070548.html</link>
            <guid>https://www.bfmtv.com/tech/vie-numerique/comment-microsoft-copie-google-pour-duper-les-internautes-sur-son-moteur-de-recherche_AV-202501070548.html</guid>
            <pubDate>Tue, 07 Jan 2025 13:00:59 GMT</pubDate>
            <description><![CDATA[Le moteur de recherche maison de Microsoft, Bing, cherche par tous les moyens à s'imposer chez les utilisateurs.<br /><br /><img src="https://images.bfmtv.com/6CYMd26EUr93UJmYAUz7IhnICX8=/4x54:980x603/800x0/images/Yusuf-Mehdi-1586608.jpg" />]]></description>
            <enclosure url="https://images.bfmtv.com/6CYMd26EUr93UJmYAUz7IhnICX8=/4x54:980x603/800x0/images/Yusuf-Mehdi-1586608.jpg" length="0" type="image/jpg"/>
        </item>
        <item>
            <title><![CDATA[Arnaque en ligne: pourquoi les virements instantanés sont plus risqués que les virements classiques]]></title>
            <link>https://www.bfmtv.com/tech/vie-numerique/arnaque-en-ligne-pourquoi-les-virements-instantanes-sont-plus-risques-que-les-virements-classiques_AV-202501050013.html</link>
            <guid>https://www.bfmtv.com/tech/vie-numerique/arnaque-en-ligne-pourquoi-les-virements-instantanes-sont-plus-risques-que-les-virements-classiques_AV-202501050013.html</guid>
            <pubDate>Sun, 05 Jan 2025 06:53:00 GMT</pubDate>
            <description><![CDATA[Alors que toutes les banques de France devront permettre d’effectuer des virements instantanés gratuitement dans les prochains jours, la plateforme communautaire Signal-Arnaques alerte sur le danger de ces derniers.  <br /><br /><img src="https://images.bfmtv.com/Hj3fuzOQwlaUtWHFvHsMhgm1y3s=/0x584:1360x1349/800x0/images/Carte-bancaire-1961482.jpg" />]]></description>
            <enclosure url="https://images.bfmtv.com/Hj3fuzOQwlaUtWHFvHsMhgm1y3s=/0x584:1360x1349/800x0/images/Carte-bancaire-1961482.jpg" length="0" type="image/jpg"/>
        </item>
        <item>
            <title><![CDATA[Départ du DG, crainte d’un plan social: la nouvelle année s’annonce compliquée pour le géant d'internet Webedia]]></title>
            <link>https://www.bfmtv.com/tech/vie-numerique/depart-du-dg-crainte-d-un-plan-social-la-nouvelle-annee-s-annonce-compliquee-pour-le-geant-d-internet-webedia_AV-202501030450.html</link>
            <guid>https://www.bfmtv.com/tech/vie-numerique/depart-du-dg-crainte-d-un-plan-social-la-nouvelle-annee-s-annonce-compliquee-pour-le-geant-d-internet-webedia_AV-202501030450.html</guid>
            <pubDate>Fri, 03 Jan 2025 15:17:25 GMT</pubDate>
            <description><![CDATA[Propulsé sur le devant de la scène grâce aux rachats d'Allociné, Jeuxvideo.com, et par des Youtubeurs comme Inoxtag, Squeezie et Michou, Webedia entame une année 2025 compliquée, avec de nouveaux licenciements en perspective.<br /><br /><img src="https://images.bfmtv.com/8CLiStvSHiWor5n9GTNyIEzGUtY=/0x106:2048x1258/800x0/images/Webedia-2006743.jpg" />]]></description>
            <enclosure url="https://images.bfmtv.com/8CLiStvSHiWor5n9GTNyIEzGUtY=/0x106:2048x1258/800x0/images/Webedia-2006743.jpg" length="0" type="image/jpg"/>
        </item>
        <item>
            <title><![CDATA[Des robots sexuels pour remplacer les hommes en 2025: d'où vient cette étrange prédiction annoncée en 2016?]]></title>
            <link>https://www.bfmtv.com/tech/vie-numerique/des-robots-sexuels-pour-remplacer-les-hommes-en-2025-d-ou-vient-cette-etrange-prediction-annoncee-en-2016_AV-202501020346.html</link>
            <guid>https://www.bfmtv.com/tech/vie-numerique/des-robots-sexuels-pour-remplacer-les-hommes-en-2025-d-ou-vient-cette-etrange-prediction-annoncee-en-2016_AV-202501020346.html</guid>
            <pubDate>Thu, 02 Jan 2025 13:11:16 GMT</pubDate>
            <description><![CDATA[Depuis quelques jours, un ancien article du tabloïd anglais The Sun fait beaucoup rire les internautes. Il annonçait qu'en 2025, les robots remplaceraient les hommes dans le coeur des femmes. La réalité est plus complexe.<br /><br /><img src="https://images.bfmtv.com/7ojs-KNqeUEgofodEjv5MLLKg5E=/0x0:1920x1080/800x0/images/The-sun-robots-sexuels-2006183.jpg" />]]></description>
            <enclosure url="https://images.bfmtv.com/7ojs-KNqeUEgofodEjv5MLLKg5E=/0x0:1920x1080/800x0/images/The-sun-robots-sexuels-2006183.jpg" length="0" type="image/jpg"/>
        </item>
        <item>
            <title><![CDATA[Faut-il craindre un nouveau "bug de l’an 2000"?]]></title>
            <link>https://www.bfmtv.com/tech/vie-numerique/le-premier-defi-du-xx-ie-siecle-pourquoi-le-bug-de-l-an-2000-etait-si-inquietant_AV-202501010028.html</link>
            <guid>https://www.bfmtv.com/tech/vie-numerique/le-premier-defi-du-xx-ie-siecle-pourquoi-le-bug-de-l-an-2000-etait-si-inquietant_AV-202501010028.html</guid>
            <pubDate>Thu, 02 Jan 2025 08:33:17 GMT</pubDate>
            <description><![CDATA[Le 1er janvier 2000, la crainte d'une panne informatique massive a créé un vent de panique mondial. En cause, le risque pour les systèmes informatiques de se tromper d'année entre 2000 et 1900.<br /><br /><img src="https://images.bfmtv.com/vFK0jYxdQagetuAiGsn4EUpSjK0=/0x106:2048x1258/800x0/images/Une-erreur-informatique-2005462.jpg" />]]></description>
            <enclosure url="https://images.bfmtv.com/vFK0jYxdQagetuAiGsn4EUpSjK0=/0x106:2048x1258/800x0/images/Une-erreur-informatique-2005462.jpg" length="0" type="image/jpg"/>
        </item>
        <item>
            <title><![CDATA["Cela doit cesser": la Grèce lance une campagne pour protéger les ados contre "l'addiction" à internet]]></title>
            <link>https://www.bfmtv.com/tech/vie-numerique/cela-doit-cesser-la-grece-lance-une-campagne-pour-proteger-les-ados-contre-l-addiction-a-internet_AD-202412300391.html</link>
            <guid>https://www.bfmtv.com/tech/vie-numerique/cela-doit-cesser-la-grece-lance-une-campagne-pour-proteger-les-ados-contre-l-addiction-a-internet_AD-202412300391.html</guid>
            <pubDate>Mon, 30 Dec 2024 15:29:34 GMT</pubDate>
            <description><![CDATA[Outre cette campagne, la Grèce va introduire un outil de vérification d'âge pour imposer des limites quotidiennes aux jeunes en avril.<br /><br /><img src="https://images.bfmtv.com/5EHjxlYqpX2c9xCVeY_54MX0iLI=/0x53:1024x629/800x0/images/Reseaux-sociaux-smartphone-1981477.jpg" />]]></description>
            <enclosure url="https://images.bfmtv.com/5EHjxlYqpX2c9xCVeY_54MX0iLI=/0x53:1024x629/800x0/images/Reseaux-sociaux-smartphone-1981477.jpg" length="0" type="image/jpg"/>
        </item>
        <item>
            <title><![CDATA["Prendre des livres dans les transports": le nouveau carnet de santé de vos enfants s'attaque aux écrans]]></title>
            <link>https://www.bfmtv.com/tech/vie-numerique/prendre-des-livres-dans-les-transports-le-nouveau-carnet-de-sante-de-vos-enfants-s-attaque-aux-ecrans_AV-202412270245.html</link>
            <guid>https://www.bfmtv.com/tech/vie-numerique/prendre-des-livres-dans-les-transports-le-nouveau-carnet-de-sante-de-vos-enfants-s-attaque-aux-ecrans_AV-202412270245.html</guid>
            <pubDate>Fri, 27 Dec 2024 10:35:47 GMT</pubDate>
            <description><![CDATA[Le nouveau carnet de santé de l’enfant arrive le 1er janvier 2025. Plus complet, il comporte notamment des pages de conseils liés à l'utilisation des écrans.<br /><br /><img src="https://images.bfmtv.com/ahRErySQdPGwcqMFXEKmm97Pdk8=/4x3:1252x705/800x0/images/-146335.jpg" />]]></description>
            <enclosure url="https://images.bfmtv.com/ahRErySQdPGwcqMFXEKmm97Pdk8=/4x3:1252x705/800x0/images/-146335.jpg" length="0" type="image/jpg"/>
        </item>
        <item>
            <title><![CDATA[En 2024, le jet privé d'Elon Musk a multiplié les allers-retours vers la résidence de Donald Trump]]></title>
            <link>https://www.bfmtv.com/tech/vie-numerique/en-2024-le-jet-prive-d-elon-musk-a-multiplie-les-allers-retours-vers-la-residence-de-donald-trump_AV-202412270217.html</link>
            <guid>https://www.bfmtv.com/tech/vie-numerique/en-2024-le-jet-prive-d-elon-musk-a-multiplie-les-allers-retours-vers-la-residence-de-donald-trump_AV-202412270217.html</guid>
            <pubDate>Fri, 27 Dec 2024 09:44:26 GMT</pubDate>
            <description><![CDATA[Sur ses 335 voyages aériens en 2024, Elon Musk aurait emprunté 31 fois un de ses jets pour se rendre ou revenir de Mar-a-Lago, où se trouve la résidence de Donald Trump. Des trajets qui traduisent bien les ambitions politiques du milliardaire. <br /><br /><img src="https://images.bfmtv.com/hHgpUPn-28UDun9t5ypZ5mvf-_M=/11x4:2043x1147/800x0/images/Elon-Musk-et-Donald-Trump-lors-d-un-meeting-le-5-octobre-2024-1951635.jpg" />]]></description>
            <enclosure url="https://images.bfmtv.com/hHgpUPn-28UDun9t5ypZ5mvf-_M=/11x4:2043x1147/800x0/images/Elon-Musk-et-Donald-Trump-lors-d-un-meeting-le-5-octobre-2024-1951635.jpg" length="0" type="image/jpg"/>
        </item>
        <item>
            <title><![CDATA[Année record de pluie sur Paris: trois applications météo à tester sur iOS ou Android pour ne pas finir trempé]]></title>
            <link>https://www.bfmtv.com/tech/vie-numerique/annee-record-de-pluie-sur-paris-trois-applications-meteo-a-tester-sur-i-os-ou-android-pour-ne-pas-finir-trempe_AV-202412250227.html</link>
            <guid>https://www.bfmtv.com/tech/vie-numerique/annee-record-de-pluie-sur-paris-trois-applications-meteo-a-tester-sur-i-os-ou-android-pour-ne-pas-finir-trempe_AV-202412250227.html</guid>
            <pubDate>Wed, 25 Dec 2024 11:28:29 GMT</pubDate>
            <description><![CDATA[Paris a battu son record historique de pluie en 2024. Voici trois applications pour éviter de vous faire surprendre par une énième averse. <br /><br /><img src="https://images.bfmtv.com/KtqXyyS1KVLORzQlXf-NH-YJ0fY=/7x111:2039x1254/800x0/images/PLUIE-PARIS-1960649.jpg" />]]></description>
            <enclosure url="https://images.bfmtv.com/KtqXyyS1KVLORzQlXf-NH-YJ0fY=/7x111:2039x1254/800x0/images/PLUIE-PARIS-1960649.jpg" length="0" type="image/jpg"/>
        </item>
        <item>
            <title><![CDATA[Vêtements, livres, cartes-cadeaux... Les meilleures plateformes pour bien revendre ses cadeaux de Noël]]></title>
            <link>https://www.bfmtv.com/tech/vie-numerique/vetements-livres-cartes-cadeaux-les-meilleures-plateformes-pour-bien-revendre-ses-cadeaux-de-noel_AV-202412250014.html</link>
            <guid>https://www.bfmtv.com/tech/vie-numerique/vetements-livres-cartes-cadeaux-les-meilleures-plateformes-pour-bien-revendre-ses-cadeaux-de-noel_AV-202412250014.html</guid>
            <pubDate>Wed, 25 Dec 2024 07:33:00 GMT</pubDate>
            <description><![CDATA[Près de la moitié des Français admettent avoir déjà revendu un cadeau de Noël, selon le dernier baromètre Ebay avec Kantar. Si vous vous apprêtez à faire la même chose, voici quelques plateformes pour vous aider à revendre vos présents. <br /><br /><img src="https://images.bfmtv.com/tDkEgfBewDuWmQVxwHeDgsRQ7LE=/0x106:2048x1258/800x0/images/Cadeau-de-Noel-5-idees-qui-feront-sans-aucun-doute-plaisir-durant-le-Jour-J-2000554.jpg" />]]></description>
            <enclosure url="https://images.bfmtv.com/tDkEgfBewDuWmQVxwHeDgsRQ7LE=/0x106:2048x1258/800x0/images/Cadeau-de-Noel-5-idees-qui-feront-sans-aucun-doute-plaisir-durant-le-Jour-J-2000554.jpg" length="0" type="image/jpg"/>
        </item>
        <item>
            <title><![CDATA[Luigi Mangione: le géant de l'assurance UnitedHealth s'attaque aux produits glorifiant le tueur présumé]]></title>
            <link>https://www.bfmtv.com/tech/vie-numerique/luigi-mangione-le-geant-de-l-assurance-united-health-s-attaque-aux-produits-glorifiant-le-tueur-presume_AV-202412200435.html</link>
            <guid>https://www.bfmtv.com/tech/vie-numerique/luigi-mangione-le-geant-de-l-assurance-united-health-s-attaque-aux-produits-glorifiant-le-tueur-presume_AV-202412200435.html</guid>
            <pubDate>Fri, 20 Dec 2024 10:34:13 GMT</pubDate>
            <description><![CDATA[Depuis quelques jours, une entité opérant pour l'employeur de Brian Thompson cherche à supprimer les produits dérivés autour du principal suspect de son meurtre.<br /><br /><img src="https://images.bfmtv.com/iqNaZQyBXbJ0lH-Bbw6RRuXzYXI=/0x212:2048x1364/800x0/images/Luigi-Mangione-escorte-par-la-police-de-New-York-le-jeudi-19-decembre-2024-2000851.jpg" />]]></description>
            <enclosure url="https://images.bfmtv.com/iqNaZQyBXbJ0lH-Bbw6RRuXzYXI=/0x212:2048x1364/800x0/images/Luigi-Mangione-escorte-par-la-police-de-New-York-le-jeudi-19-decembre-2024-2000851.jpg" length="0" type="image/jpg"/>
        </item>
        <item>
            <title><![CDATA["2.000 euros par semaine": sur les réseaux sociaux, l'escroquerie au "refund" séduit de jeunes internautes peu scrupuleux]]></title>
            <link>https://www.bfmtv.com/tech/vie-numerique/environ-2-000-euros-par-semaine-sur-les-reseaux-sociaux-l-escroquerie-au-refund-seduit-de-jeunes-internautes-peu-scrupuleux_AN-202412200049.html</link>
            <guid>https://www.bfmtv.com/tech/vie-numerique/environ-2-000-euros-par-semaine-sur-les-reseaux-sociaux-l-escroquerie-au-refund-seduit-de-jeunes-internautes-peu-scrupuleux_AN-202412200049.html</guid>
            <pubDate>Fri, 20 Dec 2024 06:09:00 GMT</pubDate>
            <description><![CDATA[De plus en plus d'internautes se lancent dans le "refund", une pratique qui consiste à se faire rembourser ses achats en ligne et à les revendre. Un business qui peut rapporter gros... mais évidemment illégal.<br /><br /><img src="https://images.bfmtv.com/GXiWqedhsu0cXec5STiUuDrXEpA=/1x36:1249x738/800x0/images/-443598.jpg" />]]></description>
            <enclosure url="https://images.bfmtv.com/GXiWqedhsu0cXec5STiUuDrXEpA=/1x36:1249x738/800x0/images/-443598.jpg" length="0" type="image/jpg"/>
        </item>
        <item>
            <title><![CDATA[Qu'est ce que le "refund", la fraude au remboursement qui s'attaque à Amazon et consorts?]]></title>
            <link>https://www.bfmtv.com/tech/vie-numerique/qu-est-ce-que-le-refund-la-fraude-au-remboursement-qui-s-attaque-a-amazon-et-consorts_AN-202412200048.html</link>
            <guid>https://www.bfmtv.com/tech/vie-numerique/qu-est-ce-que-le-refund-la-fraude-au-remboursement-qui-s-attaque-a-amazon-et-consorts_AN-202412200048.html</guid>
            <pubDate>Fri, 20 Dec 2024 05:08:00 GMT</pubDate>
            <description><![CDATA[Une technique de fraude en ligne appelée "refund" se démocratise à travers les réseaux sociaux. Alors que la pratique se professionnalise, les plateformes de vente tentent de contrer les fraudeurs.<br /><br /><img src="https://images.bfmtv.com/6Mj85-ooqxIfqV7HMq4ymIL-iK8=/0x142:2048x1294/800x0/images/Un-colis-dans-un-entrepot-francais-d-Amazon-en-decembre-2021-1795031.jpg" />]]></description>
            <enclosure url="https://images.bfmtv.com/6Mj85-ooqxIfqV7HMq4ymIL-iK8=/0x142:2048x1294/800x0/images/Un-colis-dans-un-entrepot-francais-d-Amazon-en-decembre-2021-1795031.jpg" length="0" type="image/jpg"/>
        </item>
        <item>
            <title><![CDATA["Maintenant on va être heureux": c'est quoi Papillon, l'application qui améliore (enfin) Pronote?]]></title>
            <link>https://www.bfmtv.com/tech/vie-numerique/maintenant-on-va-etre-heureux-c-est-quoi-papillon-l-application-qui-ameliore-enfin-pronote_AV-202412170727.html</link>
            <guid>https://www.bfmtv.com/tech/vie-numerique/maintenant-on-va-etre-heureux-c-est-quoi-papillon-l-application-qui-ameliore-enfin-pronote_AV-202412170727.html</guid>
            <pubDate>Tue, 17 Dec 2024 17:32:08 GMT</pubDate>
            <description><![CDATA[Sur Tiktok, les internautes se passionnent pour Papillon, une application qui propose aux lycéens de voir leurs notes et de gérer leur emploi du temps. Le tout, de manière fluide et très esthétique. La plateforme est numéro un des téléchargements dans la catégorie "Éducation" sur l'App store. <br /><br /><img src="https://images.bfmtv.com/LMFM7odEONcElnyDY6uUO80yJgM=/0x592:1536x1456/800x0/images/L-application-Papillon-1999073.jpg" />]]></description>
            <enclosure url="https://images.bfmtv.com/LMFM7odEONcElnyDY6uUO80yJgM=/0x592:1536x1456/800x0/images/L-application-Papillon-1999073.jpg" length="0" type="image/jpg"/>
        </item>
        <item>
            <title><![CDATA[Pourquoi Wordpress vous oblige à aimer les pizzas à l'ananas]]></title>
            <link>https://www.bfmtv.com/tech/vie-numerique/pourquoi-wordpress-vous-oblige-a-aimer-les-pizzas-a-l-ananas_AN-202412170660.html</link>
            <guid>https://www.bfmtv.com/tech/vie-numerique/pourquoi-wordpress-vous-oblige-a-aimer-les-pizzas-a-l-ananas_AN-202412170660.html</guid>
            <pubDate>Tue, 17 Dec 2024 16:42:31 GMT</pubDate>
            <description><![CDATA[Depuis quelques jours, pour se connecter à Wordpress, il faut désormais attester de son amour pour la pizza à l'ananas. Mais cette blague cache un problème bien plus profond.<br /><br /><img src="https://images.bfmtv.com/hU6VFrQHEQRRVT8xMkZVBV740Tw=/0x96:1920x1176/800x0/images/Le-logo-Wordpress-1999139.jpg" />]]></description>
            <enclosure url="https://images.bfmtv.com/hU6VFrQHEQRRVT8xMkZVBV740Tw=/0x96:1920x1176/800x0/images/Le-logo-Wordpress-1999139.jpg" length="0" type="image/jpg"/>
        </item>
    </channel>
</rss>