<?xml version="1.0" encoding="utf-8"?>
<rss version="2.0" xmlns:atom="http://www.w3.org/2005/Atom">
    <channel>
        <title>Home Besançon - actualités</title>
        <link>https://www.bfmtv.com/besancon/</link>
        <description>Suivez toute l'actualité politique, économique, météo, sportive et sociale de Besançon et ses alentours en temps réel</description>
        <lastBuildDate>Wed, 12 Feb 2025 08:48:35 GMT</lastBuildDate>
        <docs>http://blogs.law.harvard.edu/tech/rss</docs>
        <generator>BFMTV</generator>
        <language>fr</language>
        <image>
            <title>Home Besançon - actualités</title>
            <url>https://www.bfmtv.com/assets/v11/images/BFMTV_default_16x9.8715a163008e9f3fc3799c8e2c6ebafa.jpg</url>
            <link>https://www.bfmtv.com/besancon/</link>
        </image>
        <copyright>Copyright BFMTV</copyright>
        <category>Home Besançon - actualités</category>
        <atom:link href="https://www.bfmtv.com/besancon/" rel="self" type="application/rss+xml"/>
        <item>
            <title><![CDATA[Des lettres érotiques de Gustave Courbet retrouvées par hasard à la bibliothèque de Besançon]]></title>
            <link>https://www.bfmtv.com/besancon/des-lettres-erotiques-de-gustave-courbet-retrouvees-par-hasard-a-la-bibliotheque-de-besancon_AN-202411280988.html</link>
            <guid>https://www.bfmtv.com/besancon/des-lettres-erotiques-de-gustave-courbet-retrouvees-par-hasard-a-la-bibliotheque-de-besancon_AN-202411280988.html</guid>
            <pubDate>Thu, 28 Nov 2024 10:43:00 GMT</pubDate>
            <description><![CDATA[Des échanges épistolaires entre le célèbre peintre et l’une de ses maîtresses ont été retrouvés à Besançon. Les lettres y avaient été cachées en raison de leur contenu explicite.<br /><br /><img src="https://images.bfmtv.com/aF_spSw_WsVBBcan_rDXX8vMBiE=/0x107:2048x1259/800x0/images/Plus-d-une-centaine-de-lettres-ecrites-par-le-peintre-Gustave-Courbet-ont-ete-retrouvees-a-Besancon-1986491.jpg" />]]></description>
            <enclosure url="https://images.bfmtv.com/aF_spSw_WsVBBcan_rDXX8vMBiE=/0x107:2048x1259/800x0/images/Plus-d-une-centaine-de-lettres-ecrites-par-le-peintre-Gustave-Courbet-ont-ete-retrouvees-a-Besancon-1986491.jpg" length="0" type="image/jpg"/>
        </item>
        <item>
            <title><![CDATA[Fermeture de la discothèque "Le QG" à Besançon: les gérants contestent la décision préfectorale]]></title>
            <link>https://www.bfmtv.com/besancon/fermeture-de-la-discotheque-le-qg-a-besancon-les-gerants-contestent-la-decision-prefectorale_AN-202411220958.html</link>
            <guid>https://www.bfmtv.com/besancon/fermeture-de-la-discotheque-le-qg-a-besancon-les-gerants-contestent-la-decision-prefectorale_AN-202411220958.html</guid>
            <pubDate>Fri, 22 Nov 2024 10:24:00 GMT</pubDate>
            <description><![CDATA[Les gérants de l’établissement, à la sortie duquel un militaire a été mortellement agressé, contestent en justice l’arrêté préfectoral qui leur impose une fermeture de 30 jours. <br /><br /><img src="https://images.bfmtv.com/ADPwYkG3la7gYzaTHtHkj0YfVj4=/10x0:1082x603/800x0/images/La-discotheque-Le-QG-a-Besancon-1982362.jpg" />]]></description>
            <enclosure url="https://images.bfmtv.com/ADPwYkG3la7gYzaTHtHkj0YfVj4=/10x0:1082x603/800x0/images/La-discotheque-Le-QG-a-Besancon-1982362.jpg" length="0" type="image/jpg"/>
        </item>
        <item>
            <title><![CDATA[Grand Besançon: plus de 60 zones aptes à accueillir des projets d’énergies renouvelables identifiées]]></title>
            <link>https://www.bfmtv.com/besancon/grand-besancon-plus-de-60-zones-aptes-a-accueillir-des-projets-d-energies-renouvelables-identifiees_AN-202411190821.html</link>
            <guid>https://www.bfmtv.com/besancon/grand-besancon-plus-de-60-zones-aptes-a-accueillir-des-projets-d-energies-renouvelables-identifiees_AN-202411190821.html</guid>
            <pubDate>Tue, 19 Nov 2024 12:50:00 GMT</pubDate>
            <description><![CDATA[Des dizaines de sites ont été définis comme des “zones d’accélération des énergies renouvelables” dans l’agglomération bisontine. Le comité régional de l’énergie doit donner son feu vert avant que des porteurs de projet ne se fassent connaître.<br /><br /><img src="https://images.bfmtv.com/H2b0jqFwy6opikUrc566sNMR3Gc=/4x36:1252x738/800x0/images/-458656.jpg" />]]></description>
            <enclosure url="https://images.bfmtv.com/H2b0jqFwy6opikUrc566sNMR3Gc=/4x36:1252x738/800x0/images/-458656.jpg" length="0" type="image/jpg"/>
        </item>
        <item>
            <title><![CDATA[Keolis reconduit à la tête des transports urbains de Grand Besançon Métropole]]></title>
            <link>https://www.bfmtv.com/besancon/keolis-reconduit-a-la-tete-des-transports-urbains-de-grand-besancon-metropole_AN-202411181149.html</link>
            <guid>https://www.bfmtv.com/besancon/keolis-reconduit-a-la-tete-des-transports-urbains-de-grand-besancon-metropole_AN-202411181149.html</guid>
            <pubDate>Mon, 18 Nov 2024 15:07:00 GMT</pubDate>
            <description><![CDATA[La gestion et l’exploitation des différentes lignes de transports urbains ont de nouveau été accordées au transporteur Keolis. La filiale de la SNCF était la seule candidate.<br /><br /><img src="https://images.bfmtv.com/dSp7CCWeId-uhIfQfeXKeEk9uJE=/0x149:2048x1301/800x0/images/Keolis-garde-l-exploitation-du-reseau-de-transport-urbain-de-la-ville-de-Besancon-1979169.jpg" />]]></description>
            <enclosure url="https://images.bfmtv.com/dSp7CCWeId-uhIfQfeXKeEk9uJE=/0x149:2048x1301/800x0/images/Keolis-garde-l-exploitation-du-reseau-de-transport-urbain-de-la-ville-de-Besancon-1979169.jpg" length="0" type="image/jpg"/>
        </item>
        <item>
            <title><![CDATA[Besançon prépare Noël, deux grands sapins installés en centre-ville]]></title>
            <link>https://www.bfmtv.com/besancon/besancon-prepare-noel-deux-grands-sapins-installes-en-centre-ville_AN-202411181119.html</link>
            <guid>https://www.bfmtv.com/besancon/besancon-prepare-noel-deux-grands-sapins-installes-en-centre-ville_AN-202411181119.html</guid>
            <pubDate>Mon, 18 Nov 2024 08:32:00 GMT</pubDate>
            <description><![CDATA[Deux grands sapins de Noël sont arrivés à Besançon. S’il manque encore leurs décorations, ceux-ci devraient se parer de leurs illuminations avant le début du marché de Noël de la ville, samedi 23 novembre.<br /><br /><img src="https://images.bfmtv.com/aRY5zAZPuadXWsVCqKdMEPNVVVM=/0x0:1920x1080/800x0/images/Le-sapin-de-Noel-de-Strasbourg-illumine-le-24-novembre-2023-1758916.jpg" />]]></description>
            <enclosure url="https://images.bfmtv.com/aRY5zAZPuadXWsVCqKdMEPNVVVM=/0x0:1920x1080/800x0/images/Le-sapin-de-Noel-de-Strasbourg-illumine-le-24-novembre-2023-1758916.jpg" length="0" type="image/jpg"/>
        </item>
        <item>
            <title><![CDATA[Conflit de la RN 57 Besançon-Beure: le tribunal administratif va devoir trancher]]></title>
            <link>https://www.bfmtv.com/besancon/conflit-de-la-rn-57-besancon-beure-le-tribunal-administratif-va-devoir-trancher_AN-202411081061.html</link>
            <guid>https://www.bfmtv.com/besancon/conflit-de-la-rn-57-besancon-beure-le-tribunal-administratif-va-devoir-trancher_AN-202411081061.html</guid>
            <pubDate>Fri, 08 Nov 2024 11:12:15 GMT</pubDate>
            <description><![CDATA[Le projet de travaux de la RN 57 Besançon-Beure va connaître un nouvel épisode le 3 décembre. Le tribunal administratif va étudier la demande d’un collectif qui souhaite l’annulation d’un arrêté préfectoral.<br /><br /><img src="https://images.bfmtv.com/39XM0sj57RY4N7E_w3Fh4Es4YSE=/0x71:1360x836/800x0/images/Tribunal-administratif-de-Besancon-1972693.jpg" />]]></description>
            <enclosure url="https://images.bfmtv.com/39XM0sj57RY4N7E_w3Fh4Es4YSE=/0x71:1360x836/800x0/images/Tribunal-administratif-de-Besancon-1972693.jpg" length="0" type="image/jpg"/>
        </item>
        <item>
            <title><![CDATA[“Une approche écologiste sur le temps long”: la maire de Besançon annonce sa candidature pour 2026]]></title>
            <link>https://www.bfmtv.com/besancon/une-approche-ecologiste-sur-le-temps-long-la-maire-de-besancon-annonce-sa-candidature-pour-2026_AN-202411060774.html</link>
            <guid>https://www.bfmtv.com/besancon/une-approche-ecologiste-sur-le-temps-long-la-maire-de-besancon-annonce-sa-candidature-pour-2026_AN-202411060774.html</guid>
            <pubDate>Wed, 06 Nov 2024 14:35:00 GMT</pubDate>
            <description><![CDATA[La maire de Besançon, Anne Vignot, se présente pour un second mandat. Entre démarche participative et transformations de l’espace public, l’élue EELV affiche ses ambitions. <br /><br /><img src="https://images.bfmtv.com/08fdocCPk1ZgK5iPxrd8BVPtZrM=/0x106:2048x1258/800x0/images/Anne-Vignot-candidate-EELV-a-Besancon-370266.jpg" />]]></description>
            <enclosure url="https://images.bfmtv.com/08fdocCPk1ZgK5iPxrd8BVPtZrM=/0x106:2048x1258/800x0/images/Anne-Vignot-candidate-EELV-a-Besancon-370266.jpg" length="0" type="image/jpg"/>
        </item>
        <item>
            <title><![CDATA[Besançon: la ville réanimée comme au début du 20e siècle grâce à l’intelligence artificielle]]></title>
            <link>https://www.bfmtv.com/besancon/besancon-la-ville-reanimee-comme-au-debut-du-20e-siecle-grace-a-l-intelligence-artificielle_AN-202410300462.html</link>
            <guid>https://www.bfmtv.com/besancon/besancon-la-ville-reanimee-comme-au-debut-du-20e-siecle-grace-a-l-intelligence-artificielle_AN-202410300462.html</guid>
            <pubDate>Wed, 30 Oct 2024 08:31:00 GMT</pubDate>
            <description><![CDATA[Deux Bisontins ont utilisé l’IA et de vieilles cartes postales pour créer une balade en vidéo dans le Besançon d’antan. Une façon de mettre à l’honneur le patrimoine de la ville.<br /><br /><img src="https://images.bfmtv.com/kVpRUaDcrR-h-QV0qHrBsNK5v1I=/111x7:1503x790/800x0/images/La-place-Jean-Cornet-a-Besancon-1966787.jpg" />]]></description>
            <enclosure url="https://images.bfmtv.com/kVpRUaDcrR-h-QV0qHrBsNK5v1I=/111x7:1503x790/800x0/images/La-place-Jean-Cornet-a-Besancon-1966787.jpg" length="0" type="image/jpg"/>
        </item>
        <item>
            <title><![CDATA[Besançon: un homme retrouvé mort dans un abri de nuit]]></title>
            <link>https://www.bfmtv.com/besancon/besancon-un-homme-retrouve-mort-dans-un-abri-de-nuit_AN-202410280738.html</link>
            <guid>https://www.bfmtv.com/besancon/besancon-un-homme-retrouve-mort-dans-un-abri-de-nuit_AN-202410280738.html</guid>
            <pubDate>Mon, 28 Oct 2024 12:46:35 GMT</pubDate>
            <description><![CDATA[Un jeune homme de 21 ans a été retrouvé mort, dimanche 27 octobre, dans une chambre d’un abri de nuit à Besançon (Doubs). Un voisin de chambre a été entendu par les policiers. <br /><br /><img src="https://images.bfmtv.com/1Xa6OYgGvZGjEKGNnkZjIHEzM1Y=/0x0:1920x1080/800x0/images/La-police-de-Besancon-a-decide-d-organiser-des-rondes-quotidiennes-pour-proteger-les-seniors-1921995.jpg" />]]></description>
            <enclosure url="https://images.bfmtv.com/1Xa6OYgGvZGjEKGNnkZjIHEzM1Y=/0x0:1920x1080/800x0/images/La-police-de-Besancon-a-decide-d-organiser-des-rondes-quotidiennes-pour-proteger-les-seniors-1921995.jpg" length="0" type="image/jpg"/>
        </item>
        <item>
            <title><![CDATA[Doubs: près de 500 chamois à abattre, selon le plan de chasse]]></title>
            <link>https://www.bfmtv.com/besancon/doubs-pres-de-500-chamois-a-abattre-selon-le-plan-de-chasse_AN-202410280743.html</link>
            <guid>https://www.bfmtv.com/besancon/doubs-pres-de-500-chamois-a-abattre-selon-le-plan-de-chasse_AN-202410280743.html</guid>
            <pubDate>Mon, 28 Oct 2024 09:43:18 GMT</pubDate>
            <description><![CDATA[Pour la saison 2024-2025, le plan de chasse dans le Doubs prévoit d'abattre 478 chamois. La Fédération des chasseurs met en avant l'absence de prédateurs pour réguler l'espace, mais les défenseurs de l’environnement contestent.<br /><br /><img src="https://images.bfmtv.com/-v9i0sqnf3ZxV--cIOkBCOa8Sec=/4x3:1252x705/800x0/images/-131229.jpg" />]]></description>
            <enclosure url="https://images.bfmtv.com/-v9i0sqnf3ZxV--cIOkBCOa8Sec=/4x3:1252x705/800x0/images/-131229.jpg" length="0" type="image/jpg"/>
        </item>
        <item>
            <title><![CDATA[Coupe de France: l’Avallon FCO éliminé par les professionnels du FC Sochaux]]></title>
            <link>https://www.bfmtv.com/besancon/coupe-de-france-l-avallon-fco-elimine-par-les-professionnels-du-fc-sochaux_AN-202410280749.html</link>
            <guid>https://www.bfmtv.com/besancon/coupe-de-france-l-avallon-fco-elimine-par-les-professionnels-du-fc-sochaux_AN-202410280749.html</guid>
            <pubDate>Mon, 28 Oct 2024 09:12:00 GMT</pubDate>
            <description><![CDATA[Les joueurs de l’Avallon FCO se sont inclinés face au FC Sochaux, dimanche 27 octobre, à l’issue du 6e tour de la Coupe de France. Des soupçons d’insultes racistes ont terni la qualification des Sochaliens.  <br /><br /><img src="https://images.bfmtv.com/AfgmioF32ITOldlaNxfyotUdOVs=/0x187:2048x1339/800x0/images/FC-Sochaux-1800773.jpg" />]]></description>
            <enclosure url="https://images.bfmtv.com/AfgmioF32ITOldlaNxfyotUdOVs=/0x187:2048x1339/800x0/images/FC-Sochaux-1800773.jpg" length="0" type="image/jpg"/>
        </item>
        <item>
            <title><![CDATA[Besançon: un village d’enfants construit sur le site de l’ancien haras national]]></title>
            <link>https://www.bfmtv.com/besancon/besancon-un-village-d-enfants-construit-sur-le-site-de-l-ancien-haras-national_AN-202410250692.html</link>
            <guid>https://www.bfmtv.com/besancon/besancon-un-village-d-enfants-construit-sur-le-site-de-l-ancien-haras-national_AN-202410250692.html</guid>
            <pubDate>Fri, 25 Oct 2024 10:03:32 GMT</pubDate>
            <description><![CDATA[Le Département du Doubs va créer 100 nouvelles places pour l’aide sociale à l’enfance, dont cinquante sur le site de l’ancien haras de Besançon. Les travaux vont débuter début novembre et devraient s’achever en 2026.<br /><br /><img src="https://images.bfmtv.com/fWT_KThdIdzZhS7OJddcvGTmpug=/0x211:2048x1363/800x0/images/La-presidente-du-Conseil-Departemental-du-Doubs-Christine-Bouquin-1963797.jpg" />]]></description>
            <enclosure url="https://images.bfmtv.com/fWT_KThdIdzZhS7OJddcvGTmpug=/0x211:2048x1363/800x0/images/La-presidente-du-Conseil-Departemental-du-Doubs-Christine-Bouquin-1963797.jpg" length="0" type="image/jpg"/>
        </item>
        <item>
            <title><![CDATA[Besançon: mobilisation contre la destruction d’un immeuble du début XXe siècle]]></title>
            <link>https://www.bfmtv.com/besancon/besancon-mobilisation-contre-la-destruction-d-un-immeuble-du-debut-x-xe-siecle_AN-202410241001.html</link>
            <guid>https://www.bfmtv.com/besancon/besancon-mobilisation-contre-la-destruction-d-un-immeuble-du-debut-x-xe-siecle_AN-202410241001.html</guid>
            <pubDate>Thu, 24 Oct 2024 13:16:43 GMT</pubDate>
            <description><![CDATA[À Besançon, la municipalité a décidé de détruire le bâtiment Ledoux, situé sur le site de l'ancien hôpital Saint-Jacques. La Maison de l’architecture de Franche-Comté s’y oppose fermement.<br /><br /><img src="https://images.bfmtv.com/FEmX1i3Orjn9ifFrHOR9yaqTSZM=/0x106:2048x1258/800x0/images/Mairie-de-Besancon-1963020.jpg" />]]></description>
            <enclosure url="https://images.bfmtv.com/FEmX1i3Orjn9ifFrHOR9yaqTSZM=/0x106:2048x1258/800x0/images/Mairie-de-Besancon-1963020.jpg" length="0" type="image/jpg"/>
        </item>
        <item>
            <title><![CDATA[Doubs: la maire de Besançon, Anne Vignot, candidate à sa réélection en 2026]]></title>
            <link>https://www.bfmtv.com/besancon/doubs-la-maire-de-besancon-anne-vignot-candidate-a-sa-reelection-en-2026_AN-202410241004.html</link>
            <guid>https://www.bfmtv.com/besancon/doubs-la-maire-de-besancon-anne-vignot-candidate-a-sa-reelection-en-2026_AN-202410241004.html</guid>
            <pubDate>Thu, 24 Oct 2024 12:38:59 GMT</pubDate>
            <description><![CDATA[La maire de Besançon a confirmé, ce jeudi 24 octobre, sa volonté de briguer un second mandat lors des élections municipales de 2026. Une nécessité selon Anne Vignot, qui souhaite poursuivre le travail entamé depuis 2020. <br /><br /><img src="https://images.bfmtv.com/08fdocCPk1ZgK5iPxrd8BVPtZrM=/0x106:2048x1258/800x0/images/Anne-Vignot-candidate-EELV-a-Besancon-370266.jpg" />]]></description>
            <enclosure url="https://images.bfmtv.com/08fdocCPk1ZgK5iPxrd8BVPtZrM=/0x106:2048x1258/800x0/images/Anne-Vignot-candidate-EELV-a-Besancon-370266.jpg" length="0" type="image/jpg"/>
        </item>
        <item>
            <title><![CDATA[Doubs: la rédaction de Radio Bip prise pour cible à Besançon]]></title>
            <link>https://www.bfmtv.com/besancon/doubs-la-redaction-de-radio-bip-prise-pour-cible-a-besancon_AN-202410240999.html</link>
            <guid>https://www.bfmtv.com/besancon/doubs-la-redaction-de-radio-bip-prise-pour-cible-a-besancon_AN-202410240999.html</guid>
            <pubDate>Thu, 24 Oct 2024 11:42:35 GMT</pubDate>
            <description><![CDATA[Les locaux du média indépendant, Radio Bip, ont été attaqués, lundi 21 octobre, à Besançon (Doubs). Des individus ont tenté de défoncer la porte. Une plainte a été déposée.<br /><br /><img src="https://images.bfmtv.com/F3CXa6GwSMkJD0QJUvAppvSLRbw=/1x24:1297x753/800x0/images/Besancon-trois-personnes-hospitalisees-apres-un-depart-de-feu-au-commissariat-1782859.jpg" />]]></description>
            <enclosure url="https://images.bfmtv.com/F3CXa6GwSMkJD0QJUvAppvSLRbw=/1x24:1297x753/800x0/images/Besancon-trois-personnes-hospitalisees-apres-un-depart-de-feu-au-commissariat-1782859.jpg" length="0" type="image/jpg"/>
        </item>
        <item>
            <title><![CDATA[L’ancienne friche industrielle de Besançon transformée en base sportive outdoor]]></title>
            <link>https://www.bfmtv.com/besancon/l-ancienne-friche-industrielle-de-besancon-transformee-en-base-sportive-outdoor_AN-202410240689.html</link>
            <guid>https://www.bfmtv.com/besancon/l-ancienne-friche-industrielle-de-besancon-transformee-en-base-sportive-outdoor_AN-202410240689.html</guid>
            <pubDate>Thu, 24 Oct 2024 07:16:43 GMT</pubDate>
            <description><![CDATA[À Besançon, une ancienne friche industrielle a été transformée en base sportive outdoor. Cet aménagement a nécessité un investissement de 3,6 millions d’euros.<br /><br /><img src="https://images.bfmtv.com/Rd4lLWgKYvIFGwsJMMLJeomyS1I=/0x0:2048x1152/800x0/images/Un-homme-s-exerce-dans-une-salle-de-sport-a-Paris-le-3-fevrier-2020-1526018.jpg" />]]></description>
            <enclosure url="https://images.bfmtv.com/Rd4lLWgKYvIFGwsJMMLJeomyS1I=/0x0:2048x1152/800x0/images/Un-homme-s-exerce-dans-une-salle-de-sport-a-Paris-le-3-fevrier-2020-1526018.jpg" length="0" type="image/jpg"/>
        </item>
        <item>
            <title><![CDATA[Besançon: lancement de la "Force d'action républicaine" dans le quartier de Planoise]]></title>
            <link>https://www.bfmtv.com/besancon/besancon-lancement-de-la-force-d-action-republicaine-dans-le-quartier-de-planoise_AD-202402280043.html</link>
            <guid>https://www.bfmtv.com/besancon/besancon-lancement-de-la-force-d-action-republicaine-dans-le-quartier-de-planoise_AD-202402280043.html</guid>
            <pubDate>Wed, 28 Feb 2024 00:59:42 GMT</pubDate>
            <description><![CDATA[Le nouveau dispositif de la "Force d’action républicaine" a été présenté ce mardi 27 février à Besançon. Le quartier de Planoise est le théâtre depuis plusieurs années d'une guerre des gangs pour le contrôle du trafic de stupéfiants.<br /><br /><img src="https://images.bfmtv.com/KnnuhoCNLdbQvIRcaOiQQ6mx8MI=/0x40:768x472/800x0/images/La-police-patrouille-le-15-janvier-2020-dans-le-quartier-de-Planoise-a-Besancon-apres-plusieurs-fusillades-depuis-novembre-364480.jpg" />]]></description>
            <enclosure url="https://images.bfmtv.com/KnnuhoCNLdbQvIRcaOiQQ6mx8MI=/0x40:768x472/800x0/images/La-police-patrouille-le-15-janvier-2020-dans-le-quartier-de-Planoise-a-Besancon-apres-plusieurs-fusillades-depuis-novembre-364480.jpg" length="0" type="image/jpg"/>
        </item>
        <item>
            <title><![CDATA[La maire de Besançon dénonce "une escalade de la violence" après la découverte de tags antisémites]]></title>
            <link>https://www.bfmtv.com/besancon/la-maire-de-besancon-denonce-une-escalade-de-la-violence-apres-la-decouverte-de-tags-antisemites_AD-202311050507.html</link>
            <guid>https://www.bfmtv.com/besancon/la-maire-de-besancon-denonce-une-escalade-de-la-violence-apres-la-decouverte-de-tags-antisemites_AD-202311050507.html</guid>
            <pubDate>Sun, 05 Nov 2023 23:33:21 GMT</pubDate>
            <description><![CDATA["Cette expression de la haine nous rappelle les heures les plus sombres de notre histoire", dénoncent dans un communiqué la maire EELV Anne Vignot et les élus de la majorité<br /><br /><img src="https://images.bfmtv.com/kKTy5EVqFOdDHP1zU4vhaGvocAQ=/0x212:2048x1364/800x0/images/Un-badge-de-la-police-sur-une-veste-illustration-1208128.jpg" />]]></description>
            <enclosure url="https://images.bfmtv.com/kKTy5EVqFOdDHP1zU4vhaGvocAQ=/0x212:2048x1364/800x0/images/Un-badge-de-la-police-sur-une-veste-illustration-1208128.jpg" length="0" type="image/jpg"/>
        </item>
    </channel>
</rss>