<?xml version="1.0" encoding="utf-8"?>
<rss version="2.0" xmlns:atom="http://www.w3.org/2005/Atom">
    <channel>
        <title>Home Cinéma - actualités</title>
        <link>https://www.bfmtv.com/people/cinema/</link>
        <description>Suivez toute l'actualité, les vidéos et événements cinématographiques: Oscars, Golden Globes, César, autres cérémonies…</description>
        <lastBuildDate>Wed, 12 Feb 2025 08:48:32 GMT</lastBuildDate>
        <docs>http://blogs.law.harvard.edu/tech/rss</docs>
        <generator>BFMTV</generator>
        <language>fr</language>
        <image>
            <title>Home Cinéma - actualités</title>
            <url>https://www.bfmtv.com/assets/v11/images/BFMTV_default_16x9.8715a163008e9f3fc3799c8e2c6ebafa.jpg</url>
            <link>https://www.bfmtv.com/people/cinema/</link>
        </image>
        <copyright>Copyright BFMTV</copyright>
        <category>Home Cinéma - actualités</category>
        <atom:link href="https://www.bfmtv.com/people/cinema/" rel="self" type="application/rss+xml"/>
        <item>
            <title><![CDATA["Captain America: Brave New World": pourquoi le nouveau Marvel a été accusé d'antipatriotisme]]></title>
            <link>https://www.bfmtv.com/people/cinema/captain-america-brave-new-world-pourquoi-le-nouveau-marvel-a-ete-accuse-d-antipatriotisme_AD-202502120321.html</link>
            <guid>https://www.bfmtv.com/people/cinema/captain-america-brave-new-world-pourquoi-le-nouveau-marvel-a-ete-accuse-d-antipatriotisme_AD-202502120321.html</guid>
            <pubDate>Wed, 12 Feb 2025 08:43:01 GMT</pubDate>
            <description><![CDATA[Écrit et filmé avant le retour de Trump à la Maison Blanche, ce nouveau volet de la franchise Captain America a déjà été accusé d'antipatriotisme dans les milieux conservateurs. <br /><br /><img src="https://images.bfmtv.com/sS_aTAx0u58EKdO6_V0kIeGCEMg=/102x2:1686x893/800x0/images/Captain-America-Anthony-Mackie-face-a-Red-Hulk-Harrison-Ford-dans-Captain-America-Brave-New-World-2031903.jpg" />]]></description>
            <enclosure url="https://images.bfmtv.com/sS_aTAx0u58EKdO6_V0kIeGCEMg=/102x2:1686x893/800x0/images/Captain-America-Anthony-Mackie-face-a-Red-Hulk-Harrison-Ford-dans-Captain-America-Brave-New-World-2031903.jpg" length="0" type="image/jpg"/>
        </item>
        <item>
            <title><![CDATA["J'ai pleuré en lisant le scénario": Renee Zellweger de retour avec "Bridget Jones 4"]]></title>
            <link>https://www.bfmtv.com/people/cinema/j-ai-pleure-en-lisant-le-scenario-renee-zellweger-de-retour-avec-bridget-jones-4_AD-202502120121.html</link>
            <guid>https://www.bfmtv.com/people/cinema/j-ai-pleure-en-lisant-le-scenario-renee-zellweger-de-retour-avec-bridget-jones-4_AD-202502120121.html</guid>
            <pubDate>Wed, 12 Feb 2025 05:57:07 GMT</pubDate>
            <description><![CDATA[La plus célèbre des célibataires londoniennes revient sur les écrans ce mercredi, pour la Saint-Valentin, dans une nouvelle aventure avec Hugh Grant, mais sans Colin Firth.<br /><br /><img src="https://images.bfmtv.com/N5JPwH_wYj6COZfTNlrhwoNEeGM=/0x83:1600x983/800x0/images/Leo-Woodall-et-Renee-Zellweger-dans-le-film-Bridget-Jones-folle-de-lui-2031376.jpg" />]]></description>
            <enclosure url="https://images.bfmtv.com/N5JPwH_wYj6COZfTNlrhwoNEeGM=/0x83:1600x983/800x0/images/Leo-Woodall-et-Renee-Zellweger-dans-le-film-Bridget-Jones-folle-de-lui-2031376.jpg" length="0" type="image/jpg"/>
        </item>
        <item>
            <title><![CDATA[Armie Hammer admet s'être mal comporté, mais nie avoir eu des penchants cannibales]]></title>
            <link>https://www.bfmtv.com/people/cinema/armie-hammer-admet-s-etre-mal-comporte-mais-nie-avoir-eu-des-penchants-cannibales_AN-202502110563.html</link>
            <guid>https://www.bfmtv.com/people/cinema/armie-hammer-admet-s-etre-mal-comporte-mais-nie-avoir-eu-des-penchants-cannibales_AN-202502110563.html</guid>
            <pubDate>Tue, 11 Feb 2025 14:17:45 GMT</pubDate>
            <description><![CDATA[L'acteur est tombé en disgrâce en 2021, après des accusations d'agressions sexuelles et de cannibalisme, abandonnées depuis. Alors qu'il fait un discret retour, il nie tout penchant cannibale.<br /><br /><img src="https://images.bfmtv.com/JKupgVXsY2RxVEW3ADK9Z_G5ws8=/0x325:1360x1090/800x0/images/L-acteur-Armie-Hammer-en-janvier-2020-a-Hollywood-2031266.jpg" />]]></description>
            <enclosure url="https://images.bfmtv.com/JKupgVXsY2RxVEW3ADK9Z_G5ws8=/0x325:1360x1090/800x0/images/L-acteur-Armie-Hammer-en-janvier-2020-a-Hollywood-2031266.jpg" length="0" type="image/jpg"/>
        </item>
        <item>
            <title><![CDATA["God Save The Tuche" dépasse le million d'entrées en 6 jours]]></title>
            <link>https://www.bfmtv.com/people/cinema/god-save-the-tuche-depasse-le-million-d-entrees-en-6-jours_AV-202502110332.html</link>
            <guid>https://www.bfmtv.com/people/cinema/god-save-the-tuche-depasse-le-million-d-entrees-en-6-jours_AV-202502110332.html</guid>
            <pubDate>Tue, 11 Feb 2025 09:21:41 GMT</pubDate>
            <description><![CDATA[La comédie, qui plonge la famille déjantée en Angleterre, rencontre un franc succès depuis sa sortie le 2 février. Il s'agit déjà du troisième meilleur lancement de la licence.<br /><br /><img src="https://images.bfmtv.com/50kb5QuTjBvx3PUC5favfGgC_uc=/121x1:1305x667/800x0/images/Isabelle-Nanty-et-Jean-Paul-Rouve-dans-la-comedie-God-Save-The-Tuche-2025741.jpg" />]]></description>
            <enclosure url="https://images.bfmtv.com/50kb5QuTjBvx3PUC5favfGgC_uc=/121x1:1305x667/800x0/images/Isabelle-Nanty-et-Jean-Paul-Rouve-dans-la-comedie-God-Save-The-Tuche-2025741.jpg" length="0" type="image/jpg"/>
        </item>
        <item>
            <title><![CDATA[Oscars 2025: comment la polémique "Emilia Pérez" profite à "Anora"]]></title>
            <link>https://www.bfmtv.com/people/cinema/oscars-2025-comment-la-polemique-emilia-perez-profite-a-anora_AV-202502100538.html</link>
            <guid>https://www.bfmtv.com/people/cinema/oscars-2025-comment-la-polemique-emilia-perez-profite-a-anora_AV-202502100538.html</guid>
            <pubDate>Mon, 10 Feb 2025 13:49:09 GMT</pubDate>
            <description><![CDATA[Le film de Sean Baker, qui a remporté la Palme d'or en mai 2024, est désormais le favori des Oscars 2025 après avoir remporté plusieurs prix importants ce week-end.<br /><br /><img src="https://images.bfmtv.com/X37l-4aQQpbY0w1B0UWBJEMFsEU=/4x74:1412x866/800x0/images/Mikey-Madison-dans-le-film-Anora-de-Sean-Baker-presente-au-Festival-de-Cannes-2024-1869120.jpg" />]]></description>
            <enclosure url="https://images.bfmtv.com/X37l-4aQQpbY0w1B0UWBJEMFsEU=/4x74:1412x866/800x0/images/Mikey-Madison-dans-le-film-Anora-de-Sean-Baker-presente-au-Festival-de-Cannes-2024-1869120.jpg" length="0" type="image/jpg"/>
        </item>
        <item>
            <title><![CDATA[Polémique "Emilia Pérez": Selena Gomez assure n'avoir "aucun regret"]]></title>
            <link>https://www.bfmtv.com/people/cinema/polemique-emilia-perez-selena-gomez-assure-n-avoir-aucun-regret_AN-202502100489.html</link>
            <guid>https://www.bfmtv.com/people/cinema/polemique-emilia-perez-selena-gomez-assure-n-avoir-aucun-regret_AN-202502100489.html</guid>
            <pubDate>Mon, 10 Feb 2025 12:20:49 GMT</pubDate>
            <description><![CDATA[La chanteuse, qui a été ciblée par un des messages de Karla Sofia Gascón, a réagi à la polémique.<br /><br /><img src="https://images.bfmtv.com/BoFAlQRkl0JpY2AAwLVhc16dsn4=/0x106:2048x1258/800x0/images/selena-gomez-2025465.jpg" />]]></description>
            <enclosure url="https://images.bfmtv.com/BoFAlQRkl0JpY2AAwLVhc16dsn4=/0x106:2048x1258/800x0/images/selena-gomez-2025465.jpg" length="0" type="image/jpg"/>
        </item>
        <item>
            <title><![CDATA["Mission Impossible", "F1", "Thunderbolts*"... Les blockbusters de 2025 se dévoilent lors du Super Bowl]]></title>
            <link>https://www.bfmtv.com/people/cinema/mission-impossible-f1-thunderbolts-les-blockbusters-de-2025-se-devoilent-lors-du-super-bowl_AN-202502100437.html</link>
            <guid>https://www.bfmtv.com/people/cinema/mission-impossible-f1-thunderbolts-les-blockbusters-de-2025-se-devoilent-lors-du-super-bowl_AN-202502100437.html</guid>
            <pubDate>Mon, 10 Feb 2025 11:17:22 GMT</pubDate>
            <description><![CDATA[Comme chaque année, les studios hollywoodiens ont profité de l'effervescence suscitée par la grande finale de la NFL pour dévoiler des premières images des blockbusters les plus attendus de l'année.<br /><br /><img src="https://images.bfmtv.com/hN7hsdM5EG8VYamis3uKySrJQ5o=/96x3:1504x795/800x0/images/Tom-Cruise-dans-Mission-Impossible-The-Final-Reckoning-2030621.jpg" />]]></description>
            <enclosure url="https://images.bfmtv.com/hN7hsdM5EG8VYamis3uKySrJQ5o=/96x3:1504x795/800x0/images/Tom-Cruise-dans-Mission-Impossible-The-Final-Reckoning-2030621.jpg" length="0" type="image/jpg"/>
        </item>
        <item>
            <title><![CDATA["Je l'ai ratée": Marion Cotillard évoque sa mort dans "The Dark Knight Rises" pour le Papotin]]></title>
            <link>https://www.bfmtv.com/people/cinema/je-l-ai-ratee-marion-cotillard-evoque-sa-mort-dans-the-dark-knight-rises-pour-le-papotin_AN-202502090313.html</link>
            <guid>https://www.bfmtv.com/people/cinema/je-l-ai-ratee-marion-cotillard-evoque-sa-mort-dans-the-dark-knight-rises-pour-le-papotin_AN-202502090313.html</guid>
            <pubDate>Sun, 09 Feb 2025 14:36:28 GMT</pubDate>
            <description><![CDATA[Marion Cotillard était l'invitée de l'émission "Les rencontres du Papotin" ce samedi 8 février. L'occasion pour elle de revenir sur une fameuse scène lui ayant valu de nombreuses moqueries.<br /><br /><img src="https://images.bfmtv.com/a1aC-v1BUQw2c_zX6lQ1tcw2YpE=/2x0:1362x765/800x0/images/Marion-Cotillard-Cesar-2024-1812504.jpg" />]]></description>
            <enclosure url="https://images.bfmtv.com/a1aC-v1BUQw2c_zX6lQ1tcw2YpE=/2x0:1362x765/800x0/images/Marion-Cotillard-Cesar-2024-1812504.jpg" length="0" type="image/jpg"/>
        </item>
        <item>
            <title><![CDATA["Une brute" et "un gangster": Richard Gere tacle Donald Trump durant la cérémonie des Goya]]></title>
            <link>https://www.bfmtv.com/people/cinema/une-brute-et-un-gangster-richard-gere-tacle-donald-trump-durant-la-ceremonie-des-goya_AN-202502090269.html</link>
            <guid>https://www.bfmtv.com/people/cinema/une-brute-et-un-gangster-richard-gere-tacle-donald-trump-durant-la-ceremonie-des-goya_AN-202502090269.html</guid>
            <pubDate>Sun, 09 Feb 2025 12:56:35 GMT</pubDate>
            <description><![CDATA[Récipiendaire d'un Goya pour l'ensemble de sa carrière samedi 8 février, l'acteur de "Pretty Woman" a déclaré que les États-Unis se trouvent dans "une situation très sombre".<br /><br /><img src="https://images.bfmtv.com/S1UN5ObxpsHFakKJ4YynYVDKHHs=/0x79:2032x1222/800x0/images/Richard-Gere-2030026.jpg" />]]></description>
            <enclosure url="https://images.bfmtv.com/S1UN5ObxpsHFakKJ4YynYVDKHHs=/0x79:2032x1222/800x0/images/Richard-Gere-2030026.jpg" length="0" type="image/jpg"/>
        </item>
        <item>
            <title><![CDATA["Il a inspiré les pilotes de demain": Tom Cruise reçoit la Grande Médaille de l'Aéro-Club de France]]></title>
            <link>https://www.bfmtv.com/people/cinema/il-a-inspire-les-pilotes-de-demain-tom-cruise-recoit-la-grande-medaille-de-l-aero-club-de-france_AN-202502090206.html</link>
            <guid>https://www.bfmtv.com/people/cinema/il-a-inspire-les-pilotes-de-demain-tom-cruise-recoit-la-grande-medaille-de-l-aero-club-de-france_AN-202502090206.html</guid>
            <pubDate>Sun, 09 Feb 2025 10:55:59 GMT</pubDate>
            <description><![CDATA[L'acteur américain a été distingué ce samedi 8 février par l'Aéro-Club de France. Il a reçu la Grande Médaille à Paris en présence des spationautes Claudie Haigneré et Thomas Pesquet.<br /><br /><img src="https://images.bfmtv.com/5lnNFq2TPjz-ldmHGxURrc6Wj7U=/416x2:1600x668/800x0/images/Tom-Cruise-dans-Top-Gun-Maverick-1415751.jpg" />]]></description>
            <enclosure url="https://images.bfmtv.com/5lnNFq2TPjz-ldmHGxURrc6Wj7U=/416x2:1600x668/800x0/images/Tom-Cruise-dans-Top-Gun-Maverick-1415751.jpg" length="0" type="image/jpg"/>
        </item>
        <item>
            <title><![CDATA["Emilia Pérez" sacré meilleur film européen aux Goya, l'équivalent espagnol des Oscars]]></title>
            <link>https://www.bfmtv.com/people/cinema/emilia-perez-sacre-meilleur-film-europeen-aux-goya-l-equivalent-espagnol-des-oscars_AD-202502090135.html</link>
            <guid>https://www.bfmtv.com/people/cinema/emilia-perez-sacre-meilleur-film-europeen-aux-goya-l-equivalent-espagnol-des-oscars_AD-202502090135.html</guid>
            <pubDate>Sun, 09 Feb 2025 08:56:29 GMT</pubDate>
            <description><![CDATA[Le film de Jacques Audiard, pris dans la tourmente depuis une semaine en raison d'anciens message publiés par son actrice principale, a été récompensé ce samedi 8 février à Grenade. <br /><br /><img src="https://images.bfmtv.com/qaRUDVl2n4ZzQ_pr7tP2R8HMUHw=/0x65:2032x1208/800x0/images/rezrze-2029980.jpg" />]]></description>
            <enclosure url="https://images.bfmtv.com/qaRUDVl2n4ZzQ_pr7tP2R8HMUHw=/0x65:2032x1208/800x0/images/rezrze-2029980.jpg" length="0" type="image/jpg"/>
        </item>
        <item>
            <title><![CDATA[Déjà tourné, le film sur Pharrell Williams réalisé par Michel Gondry ne verra jamais le jour]]></title>
            <link>https://www.bfmtv.com/people/cinema/deja-tourne-le-film-sur-pharrell-williams-realise-par-michel-gondry-ne-verra-jamais-le-jour_AN-202502080322.html</link>
            <guid>https://www.bfmtv.com/people/cinema/deja-tourne-le-film-sur-pharrell-williams-realise-par-michel-gondry-ne-verra-jamais-le-jour_AN-202502080322.html</guid>
            <pubDate>Sat, 08 Feb 2025 16:43:34 GMT</pubDate>
            <description><![CDATA[Dans une déclaration adressée à Variety, l'artiste et le metteur en scène français ont expliqué "qu'il n'était pas possible de raconter la version de l'histoire qu'(ils avaient) initialement envisagée".<br /><br /><img src="https://images.bfmtv.com/8eaZL-xivuMWCvbo25-cGdq3lHI=/6x93:1718x1056/800x0/images/Pharrell-Williams-au-festival-du-film-de-Toronto-le-10-septembre-2024-1935020.jpg" />]]></description>
            <enclosure url="https://images.bfmtv.com/8eaZL-xivuMWCvbo25-cGdq3lHI=/6x93:1718x1056/800x0/images/Pharrell-Williams-au-festival-du-film-de-Toronto-le-10-septembre-2024-1935020.jpg" length="0" type="image/jpg"/>
        </item>
        <item>
            <title><![CDATA[L'acteur Tony Roberts, vu dans plusieurs films de Woody Allen, est mort à l'âge de 85 ans]]></title>
            <link>https://www.bfmtv.com/people/cinema/l-acteur-tony-roberts-vu-dans-plusieurs-films-de-woody-allen-est-mort-a-l-age-de-85-ans_AN-202502080238.html</link>
            <guid>https://www.bfmtv.com/people/cinema/l-acteur-tony-roberts-vu-dans-plusieurs-films-de-woody-allen-est-mort-a-l-age-de-85-ans_AN-202502080238.html</guid>
            <pubDate>Sat, 08 Feb 2025 11:14:06 GMT</pubDate>
            <description><![CDATA[L'acteur américain est mort vendredi à New York. Figure du monde du théâtre, il était apparu au cinéma dans "Annie Hall", "Hannah et ses soeurs" ou "Radio Days".<br /><br /><img src="https://images.bfmtv.com/UGztxNtJf4_RjWCVNa1p4DtjwL0=/0x27:2048x1179/800x0/images/Tony-Roberts-a-New-York-le-17-janvier-2012-2029685.jpg" />]]></description>
            <enclosure url="https://images.bfmtv.com/UGztxNtJf4_RjWCVNa1p4DtjwL0=/0x27:2048x1179/800x0/images/Tony-Roberts-a-New-York-le-17-janvier-2012-2029685.jpg" length="0" type="image/jpg"/>
        </item>
        <item>
            <title><![CDATA[En pleine polémique, "Emilia Pérez" remporte trois prix aux Critics Choice Awards]]></title>
            <link>https://www.bfmtv.com/people/cinema/en-pleine-polemique-emilia-perez-remporte-trois-prix-aux-critics-choice-awards_AN-202502080223.html</link>
            <guid>https://www.bfmtv.com/people/cinema/en-pleine-polemique-emilia-perez-remporte-trois-prix-aux-critics-choice-awards_AN-202502080223.html</guid>
            <pubDate>Sat, 08 Feb 2025 10:41:51 GMT</pubDate>
            <description><![CDATA[Pris dans la tourmente à cause de son actrice principale, le film de Jacques Audiard a remporté vendredi 7 février les prix du meilleur film en langue étrangère, de la meilleure actrice dans un second rôle et de la meilleure chanson originale. <br /><br /><img src="https://images.bfmtv.com/DP8E-kDoFf-zTym-PdMon9ARDH0=/0x106:2048x1258/800x0/images/Zoe-Saldana-aux-Critics-Choice-Awards-le-vendredi-7-fevrier-2025-a-Santa-Monica-2029661.jpg" />]]></description>
            <enclosure url="https://images.bfmtv.com/DP8E-kDoFf-zTym-PdMon9ARDH0=/0x106:2048x1258/800x0/images/Zoe-Saldana-aux-Critics-Choice-Awards-le-vendredi-7-fevrier-2025-a-Santa-Monica-2029661.jpg" length="0" type="image/jpg"/>
        </item>
        <item>
            <title><![CDATA[Oscars 2025: pourquoi Coralie Fargeat a décroché une 3e nomination deux semaines après l'annonce officielle]]></title>
            <link>https://www.bfmtv.com/people/cinema/oscars-2025-pourquoi-coralie-fargeat-a-decroche-une-3e-nomination-deux-semaines-apres-l-annonce-officielle_AN-202502070552.html</link>
            <guid>https://www.bfmtv.com/people/cinema/oscars-2025-pourquoi-coralie-fargeat-a-decroche-une-3e-nomination-deux-semaines-apres-l-annonce-officielle_AN-202502070552.html</guid>
            <pubDate>Fri, 07 Feb 2025 13:47:36 GMT</pubDate>
            <description><![CDATA[La réalisatrice, déjà nommée dans les catégories "meilleure réalisation" et "meilleur scénario original" pour son film, est désormais aussi en lice pour la statuette du meilleur film. <br /><br /><img src="https://images.bfmtv.com/P519638f8_39F61NwJK_G-nSpbY=/0x40:768x472/800x0/images/La-realisatrice-francaise-Coralie-Fargeat-a-Los-Angeles-pour-une-projection-de-son-film-The-Substance-le-16-septembre-2024-2007208.jpg" />]]></description>
            <enclosure url="https://images.bfmtv.com/P519638f8_39F61NwJK_G-nSpbY=/0x40:768x472/800x0/images/La-realisatrice-francaise-Coralie-Fargeat-a-Los-Angeles-pour-une-projection-de-son-film-The-Substance-le-16-septembre-2024-2007208.jpg" length="0" type="image/jpg"/>
        </item>
        <item>
            <title><![CDATA["Emilia Pérez": lâchée par Audiard, Karla Sofia Gascon annonce son "silence" pour "laisser parler" le film]]></title>
            <link>https://www.bfmtv.com/people/cinema/emilia-perez-lachee-par-audiard-karla-sofia-gascon-annonce-son-silence-pour-laisser-parler-le-film_AN-202502070288.html</link>
            <guid>https://www.bfmtv.com/people/cinema/emilia-perez-lachee-par-audiard-karla-sofia-gascon-annonce-son-silence-pour-laisser-parler-le-film_AN-202502070288.html</guid>
            <pubDate>Fri, 07 Feb 2025 08:33:17 GMT</pubDate>
            <description><![CDATA[En pleine controverse sur d'anciens tweets racistes de l'actrice d'Emilia Pérez, et alors que le cinéaste français l'accuse de faire du mal au film, la comédienne annonce qu'elle ne s'exprimera plus. <br /><br /><img src="https://images.bfmtv.com/g-pJaZfZyN5htdl-QYx1fC0zJF8=/0x106:2048x1258/800x0/images/L-actrice-Karla-Sofia-Gascon-lors-du-Palm-Springs-International-Film-Festival-Awards-2028539.jpg" />]]></description>
            <enclosure url="https://images.bfmtv.com/g-pJaZfZyN5htdl-QYx1fC0zJF8=/0x106:2048x1258/800x0/images/L-actrice-Karla-Sofia-Gascon-lors-du-Palm-Springs-International-Film-Festival-Awards-2028539.jpg" length="0" type="image/jpg"/>
        </item>
        <item>
            <title><![CDATA["Le Mélange des genres": la comédie avec Marguerite de la "Star Ac" dévoile sa bande-annonce]]></title>
            <link>https://www.bfmtv.com/people/cinema/le-melange-des-genres-la-comedie-avec-marguerite-de-la-star-ac-devoile-sa-bande-annonce_AN-202502060811.html</link>
            <guid>https://www.bfmtv.com/people/cinema/le-melange-des-genres-la-comedie-avec-marguerite-de-la-star-ac-devoile-sa-bande-annonce_AN-202502060811.html</guid>
            <pubDate>Thu, 06 Feb 2025 17:46:31 GMT</pubDate>
            <description><![CDATA[La chanteuse de 24 ans, qui travaille aussi comme assistante casting sur le film, donne la réplique à Benjamin Lavernhe dans la bande-annonce mise en ligne ce jeudi 6 février.<br /><br /><img src="https://images.bfmtv.com/o9Yly9aGED2QHZJTVQIP5ACAYGA=/7x64:1415x856/800x0/images/Marguerite-Dedeyan-dans-la-comedie-Le-Melange-des-genres-2028693.jpg" />]]></description>
            <enclosure url="https://images.bfmtv.com/o9Yly9aGED2QHZJTVQIP5ACAYGA=/7x64:1415x856/800x0/images/Marguerite-Dedeyan-dans-la-comedie-Le-Melange-des-genres-2028693.jpg" length="0" type="image/jpg"/>
        </item>
        <item>
            <title><![CDATA[Polémique "Emilia Pérez": une maison d'édition renonce à rééditer un roman de Karla Sofia Gascon]]></title>
            <link>https://www.bfmtv.com/people/cinema/polemique-emilia-perez-une-maison-d-edition-renonce-a-reediter-un-roman-de-karla-sofia-gascon_AD-202502060562.html</link>
            <guid>https://www.bfmtv.com/people/cinema/polemique-emilia-perez-une-maison-d-edition-renonce-a-reediter-un-roman-de-karla-sofia-gascon_AD-202502060562.html</guid>
            <pubDate>Thu, 06 Feb 2025 13:49:57 GMT</pubDate>
            <description><![CDATA[La maison d'édition Dos Bigotes renonce à éditer un roman autobiographique de l'actrice dont les tweets racistes et islamophobes ont fait polémique ces derniers jours.<br /><br /><img src="https://images.bfmtv.com/g-pJaZfZyN5htdl-QYx1fC0zJF8=/0x106:2048x1258/800x0/images/L-actrice-Karla-Sofia-Gascon-lors-du-Palm-Springs-International-Film-Festival-Awards-2028539.jpg" />]]></description>
            <enclosure url="https://images.bfmtv.com/g-pJaZfZyN5htdl-QYx1fC0zJF8=/0x106:2048x1258/800x0/images/L-actrice-Karla-Sofia-Gascon-lors-du-Palm-Springs-International-Film-Festival-Awards-2028539.jpg" length="0" type="image/jpg"/>
        </item>
        <item>
            <title><![CDATA["Les Schtroumpfs": Dorothée et Philippe Katerine au doublage du nouveau film de la franchise]]></title>
            <link>https://www.bfmtv.com/people/cinema/les-schtroumpfs-dorothee-et-philippe-katerine-au-doublage-du-nouveau-film-de-la-franchise_AD-202502060552.html</link>
            <guid>https://www.bfmtv.com/people/cinema/les-schtroumpfs-dorothee-et-philippe-katerine-au-doublage-du-nouveau-film-de-la-franchise_AD-202502060552.html</guid>
            <pubDate>Thu, 06 Feb 2025 13:33:17 GMT</pubDate>
            <description><![CDATA[Dorothée, qui signait il y a quatre décennies la chanson des Schtroumpfs, prêtera sa voix à un personnage du prochain film de la licence, en salles en juillet prochain.<br /><br /><img src="https://images.bfmtv.com/NeIUWiONe9Nkzkf-h6RRPaudJzo=/48x3:2000x1101/800x0/images/Une-image-du-nouveau-film-Les-Schtroumpfs-en-salles-en-juillet-2025-2028526.jpg" />]]></description>
            <enclosure url="https://images.bfmtv.com/NeIUWiONe9Nkzkf-h6RRPaudJzo=/48x3:2000x1101/800x0/images/Une-image-du-nouveau-film-Les-Schtroumpfs-en-salles-en-juillet-2025-2028526.jpg" length="0" type="image/jpg"/>
        </item>
        <item>
            <title><![CDATA[Obsèques de Bertrand Blier: Josiane Balasko et Jean Dujardin à l'église Saint-Roch pour un dernier adieu]]></title>
            <link>https://www.bfmtv.com/people/cinema/mort-de-betrand-blier-les-obseques-du-realisateur-des-valseuses-se-tiennent-a-paris_AN-202501290390.html</link>
            <guid>https://www.bfmtv.com/people/cinema/mort-de-betrand-blier-les-obseques-du-realisateur-des-valseuses-se-tiennent-a-paris_AN-202501290390.html</guid>
            <pubDate>Thu, 06 Feb 2025 13:30:12 GMT</pubDate>
            <description><![CDATA[Une cérémonie ouverte au public pour rendre un dernier hommage au célèbre réalisateur français, mort le 21 janvier dernier, s'est tenue ce mercredi 29 janvier à l'église Saint-Roch, à Paris.<br /><br /><img src="https://images.bfmtv.com/MqYpbQsZn5r2w2C_2jvgJSu19B4=/0x49:2048x1201/800x0/images/Albert-Dupontel-et-Jean-Dujardin-2023304.jpg" />]]></description>
            <enclosure url="https://images.bfmtv.com/MqYpbQsZn5r2w2C_2jvgJSu19B4=/0x49:2048x1201/800x0/images/Albert-Dupontel-et-Jean-Dujardin-2023304.jpg" length="0" type="image/jpg"/>
        </item>
        <item>
            <title><![CDATA["Les Tuche 5": un acteur apparaît sur l'affiche mais pas dans le film]]></title>
            <link>https://www.bfmtv.com/people/cinema/les-tuche-5-un-acteur-apparait-sur-l-affiche-mais-pas-dans-le-film_AV-202502060397.html</link>
            <guid>https://www.bfmtv.com/people/cinema/les-tuche-5-un-acteur-apparait-sur-l-affiche-mais-pas-dans-le-film_AV-202502060397.html</guid>
            <pubDate>Thu, 06 Feb 2025 10:36:30 GMT</pubDate>
            <description><![CDATA[L'acteur de 24 ans, qui a officié comme assistant casting sur le long-métrage, a  prêté ses traits à un personnage présent sur l'affiche... mais pas dans le film. <br /><br /><img src="https://images.bfmtv.com/50kb5QuTjBvx3PUC5favfGgC_uc=/121x1:1305x667/800x0/images/Isabelle-Nanty-et-Jean-Paul-Rouve-dans-la-comedie-God-Save-The-Tuche-2025741.jpg" />]]></description>
            <enclosure url="https://images.bfmtv.com/50kb5QuTjBvx3PUC5favfGgC_uc=/121x1:1305x667/800x0/images/Isabelle-Nanty-et-Jean-Paul-Rouve-dans-la-comedie-God-Save-The-Tuche-2025741.jpg" length="0" type="image/jpg"/>
        </item>
        <item>
            <title><![CDATA["Elle fait du mal à l'équipe": Jacques Audiard se désolidarise de l'actrice d'"Emilia Pérez" après ses messages racistes]]></title>
            <link>https://www.bfmtv.com/people/cinema/elle-fait-du-mal-a-l-equipe-jacques-audiard-se-desolidarise-de-l-actrice-d-emilia-perez-apres-ses-messages-racistes_AV-202502060247.html</link>
            <guid>https://www.bfmtv.com/people/cinema/elle-fait-du-mal-a-l-equipe-jacques-audiard-se-desolidarise-de-l-actrice-d-emilia-perez-apres-ses-messages-racistes_AV-202502060247.html</guid>
            <pubDate>Thu, 06 Feb 2025 07:42:52 GMT</pubDate>
            <description><![CDATA[Le cinéaste français, dont le film "Emilia Pérez" voit ses chances de remporter des Oscars s'amoindrir avec la polémique, prend ses distances avec son actrice. <br /><br /><img src="https://images.bfmtv.com/Ie-3Q0cUi_CjnO-xzroSZZjvRe0=/466x0:1890x801/800x0/images/Jacques-Audiard-et-Karla-Sofia-Gascon-a-Bogota-le-17-janvier-2025-2027642.jpg" />]]></description>
            <enclosure url="https://images.bfmtv.com/Ie-3Q0cUi_CjnO-xzroSZZjvRe0=/466x0:1890x801/800x0/images/Jacques-Audiard-et-Karla-Sofia-Gascon-a-Bogota-le-17-janvier-2025-2027642.jpg" length="0" type="image/jpg"/>
        </item>
        <item>
            <title><![CDATA["Jurassic World Rebirth": Scarlett Johannson fait une dangereuse incursion dans le monde des dinosaures]]></title>
            <link>https://www.bfmtv.com/people/cinema/jurassic-world-rebirth-scarlett-johannson-fait-une-violente-incursion-dans-le-monde-des-dinosaures_AN-202502050607.html</link>
            <guid>https://www.bfmtv.com/people/cinema/jurassic-world-rebirth-scarlett-johannson-fait-une-violente-incursion-dans-le-monde-des-dinosaures_AN-202502050607.html</guid>
            <pubDate>Wed, 05 Feb 2025 14:47:48 GMT</pubDate>
            <description><![CDATA[La franchise jurassique est de retour. Universal dévoile la première bande-annonce de ce nouveau volet avec Scarlett Johansson, Mahershala Ali et Jonathan Bailey, attendu en salle le 2 juillet 2025.<br /><br /><img src="https://images.bfmtv.com/4srrNH0MGOaDsYT9IIlYNZNxRdg=/7x72:1367x837/800x0/images/Jonathan-Bailey-et-Scarlett-Johansson-dans-Jurassic-World-Rebirth-2003026.jpg" />]]></description>
            <enclosure url="https://images.bfmtv.com/4srrNH0MGOaDsYT9IIlYNZNxRdg=/7x72:1367x837/800x0/images/Jonathan-Bailey-et-Scarlett-Johansson-dans-Jurassic-World-Rebirth-2003026.jpg" length="0" type="image/jpg"/>
        </item>
        <item>
            <title><![CDATA[The Weeknd dévoile la bande-annonce de son film "Hurry Up Tomorrow" avec Jenna Ortega et Barry Keoghan]]></title>
            <link>https://www.bfmtv.com/people/cinema/the-weeknd-devoile-la-bande-annonce-de-son-film-hurry-up-tomorrow-avec-jenna-ortega-et-barry-keoghan_AN-202502050436.html</link>
            <guid>https://www.bfmtv.com/people/cinema/the-weeknd-devoile-la-bande-annonce-de-son-film-hurry-up-tomorrow-avec-jenna-ortega-et-barry-keoghan_AN-202502050436.html</guid>
            <pubDate>Wed, 05 Feb 2025 11:06:42 GMT</pubDate>
            <description><![CDATA[L'artiste, qui vient de dévoiler son nouvel album Hurry Up Tomorrow, a partagé des premières images d'un film éponyme, qui accompagne la sortie de son disque, attendu le 16 mai 2025 en salles.<br /><br /><img src="https://images.bfmtv.com/2996l0kgP-GOi2d0dE26Ah_JCfM=/2x0:866x486/800x0/images/The-Weeknd-2027672.jpg" />]]></description>
            <enclosure url="https://images.bfmtv.com/2996l0kgP-GOi2d0dE26Ah_JCfM=/2x0:866x486/800x0/images/The-Weeknd-2027672.jpg" length="0" type="image/jpg"/>
        </item>
        <item>
            <title><![CDATA[Oscars 2023]]></title>
            <link>https://www.bfmtv.com/people/cinema/ceremonie-des-oscars_DN-202302240303.html</link>
            <guid>https://www.bfmtv.com/people/cinema/ceremonie-des-oscars_DN-202302240303.html</guid>
            <pubDate>Wed, 05 Feb 2025 09:18:33 GMT</pubDate>
            <description><![CDATA[Imaginés en 1929 par l'académie des arts et des sciences du cinéma, les Oscars, ou Academy Awards en anglais, sont les récompenses suprêmes du cinéma américain. Son trophée représente un chevalier sur une bobine de film, tenant une épée.
Imaginée comme une célébration de l'industrie hollywoodienne, la cérémonie a rarement vu triompher dans la catégorie reine du meilleur film des longs métrages non anglophones - à l'exception de The Artist et de Parasite.
Son histoire a été marquée par des boycotts et des controverses en tout genre, sans compter les nombreux grands réalisateurs snobés, d'Alfred Hitchcock à David Lynch en passant par Stanley Kubrick, Charlie Chaplin et Orson Welles.
Parmi les films les plus primés figurent Ben-Hur, Titanic et Le Seigneur des Anneaux: Le Retour du roi, avec 11 statuettes chacun. Le producteur Walt Disney est la personne la plus récompensée, avec 22 Oscars.<br /><br /><img src="https://images.bfmtv.com/u082YGegaCse2vInyz9esdIR9Nc=/0x106:2048x1258/800x0/images/Ceremonie-des-Oscars-1563748.jpg" />]]></description>
            <enclosure url="https://images.bfmtv.com/u082YGegaCse2vInyz9esdIR9Nc=/0x106:2048x1258/800x0/images/Ceremonie-des-Oscars-1563748.jpg" length="0" type="image/jpg"/>
        </item>
        <item>
            <title><![CDATA["Emilia Pérez" privé d'Oscars? Pourquoi le film d'Audiard peut tout perdre après les messages racistes de son actrice]]></title>
            <link>https://www.bfmtv.com/people/cinema/emilia-perez-pourquoi-la-polemique-karla-sofia-gascon-pourrait-lui-couter-les-oscars_AN-202502050340.html</link>
            <guid>https://www.bfmtv.com/people/cinema/emilia-perez-pourquoi-la-polemique-karla-sofia-gascon-pourrait-lui-couter-les-oscars_AN-202502050340.html</guid>
            <pubDate>Wed, 05 Feb 2025 09:18:17 GMT</pubDate>
            <description><![CDATA[Favorite des Oscars, avec 13 nominations, la comédie musicale de Jacques Audiard voit ses chances de glaner des statuettes le 2 mars prochain s'évaporer après l'exhumation de messages racistes de sa star Karla Sofia Gascon.<br /><br /><img src="https://images.bfmtv.com/Ie-3Q0cUi_CjnO-xzroSZZjvRe0=/466x0:1890x801/800x0/images/Jacques-Audiard-et-Karla-Sofia-Gascon-a-Bogota-le-17-janvier-2025-2027642.jpg" />]]></description>
            <enclosure url="https://images.bfmtv.com/Ie-3Q0cUi_CjnO-xzroSZZjvRe0=/466x0:1890x801/800x0/images/Jacques-Audiard-et-Karla-Sofia-Gascon-a-Bogota-le-17-janvier-2025-2027642.jpg" length="0" type="image/jpg"/>
        </item>
        <item>
            <title><![CDATA["On les admire, on s'en moque un peu": Les Tuche tournent la royauté britannique en dérision]]></title>
            <link>https://www.bfmtv.com/people/cinema/on-les-admire-on-s-en-moque-un-peu-les-tuche-tournent-la-royaute-britannique-en-derision_AN-202502050262.html</link>
            <guid>https://www.bfmtv.com/people/cinema/on-les-admire-on-s-en-moque-un-peu-les-tuche-tournent-la-royaute-britannique-en-derision_AN-202502050262.html</guid>
            <pubDate>Wed, 05 Feb 2025 07:40:24 GMT</pubDate>
            <description><![CDATA[Nouveau choc culturel pour les Tuche, propulsés dans le cinquième volet de la franchise à succès en Grande-Bretagne à la rencontre du roi Charles et de Camilla.<br /><br /><img src="https://images.bfmtv.com/50kb5QuTjBvx3PUC5favfGgC_uc=/121x1:1305x667/800x0/images/Isabelle-Nanty-et-Jean-Paul-Rouve-dans-la-comedie-God-Save-The-Tuche-2025741.jpg" />]]></description>
            <enclosure url="https://images.bfmtv.com/50kb5QuTjBvx3PUC5favfGgC_uc=/121x1:1305x667/800x0/images/Isabelle-Nanty-et-Jean-Paul-Rouve-dans-la-comedie-God-Save-The-Tuche-2025741.jpg" length="0" type="image/jpg"/>
        </item>
        <item>
            <title><![CDATA["Ça me fait un drôle d'effet": Jean-Paul Rouve se confie à la veille de la sortie des "Tuche 5"]]></title>
            <link>https://www.bfmtv.com/people/cinema/ca-me-fait-un-drole-d-effet-jean-paul-rouve-se-confie-la-veille-de-la-sortie-des-tuche-5_AV-202502040894.html</link>
            <guid>https://www.bfmtv.com/people/cinema/ca-me-fait-un-drole-d-effet-jean-paul-rouve-se-confie-la-veille-de-la-sortie-des-tuche-5_AV-202502040894.html</guid>
            <pubDate>Tue, 04 Feb 2025 20:09:20 GMT</pubDate>
            <description><![CDATA[Jean-Paul Rouve, alias Jeff Tuche, qui a réalisé le cinquième volet des Tuche, a affirmé sur BFMTV que la sortie du film mercredi lui faisait "un drôle d'effet". "God save the Tuche" met en scène la célèbre famille au Royaume-Uni.<br /><br /><img src="https://images.bfmtv.com/-sViFveGi60yXZnBQNMqf1accnw=/0x0:1920x1080/800x0/images/L-acteur-et-realisateur-Jean-Paul-Rouve-sur-BFMTV-le-4-fevrier-2025-2027335.jpg" />]]></description>
            <enclosure url="https://images.bfmtv.com/-sViFveGi60yXZnBQNMqf1accnw=/0x0:1920x1080/800x0/images/L-acteur-et-realisateur-Jean-Paul-Rouve-sur-BFMTV-le-4-fevrier-2025-2027335.jpg" length="0" type="image/jpg"/>
        </item>
        <item>
            <title><![CDATA["Ça fait un an que je suis dessus": Jean-Paul Rouve, alias Jeff Tuche, réagit à la sortie du film Les Tuche 5 ce mercredi]]></title>
            <link>https://www.bfmtv.com/people/cinema/ca-fait-un-an-que-je-suis-dessus-jean-paul-rouve-alias-jeff-tuche-reagit-a-la-sortie-du-film-les-tuche-5-ce-mercredi_VN-202502040885.html</link>
            <guid>https://www.bfmtv.com/people/cinema/ca-fait-un-an-que-je-suis-dessus-jean-paul-rouve-alias-jeff-tuche-reagit-a-la-sortie-du-film-les-tuche-5-ce-mercredi_VN-202502040885.html</guid>
            <pubDate>Tue, 04 Feb 2025 19:53:57 GMT</pubDate>
            <description><![CDATA[Jean-Paul Rouve, interprète de Jeff Tuche et réalisateur du cinquième opus de la comédie française, était l'invité de BFMTV ce mardi 4 février.<br /><br /><img src="https://images.bfmtv.com/QxT4MV1WYvxusM2Vb1ZxOwszO1M=/0x0:1280x720/800x0/images/Ca-fait-un-an-que-je-suis-dessus-Jean-Paul-Rouve-alias-Jeff-Tuche-reagit-a-la-sortie-du-film-Les-Tuche-5-ce-mercredi-2027336.jpg" />]]></description>
            <enclosure url="https://images.bfmtv.com/QxT4MV1WYvxusM2Vb1ZxOwszO1M=/0x0:1280x720/800x0/images/Ca-fait-un-an-que-je-suis-dessus-Jean-Paul-Rouve-alias-Jeff-Tuche-reagit-a-la-sortie-du-film-Les-Tuche-5-ce-mercredi-2027336.jpg" length="0" type="image/jpg"/>
        </item>
        <item>
            <title><![CDATA["Les 4 Fantastiques": une bande-annonce mystérieuse pour l'adaptation du comics Marvel]]></title>
            <link>https://www.bfmtv.com/people/cinema/les-4-fantastiques-une-bande-annonce-mysterieuse-pour-l-adaptation-du-comics-marvel_AN-202502040607.html</link>
            <guid>https://www.bfmtv.com/people/cinema/les-4-fantastiques-une-bande-annonce-mysterieuse-pour-l-adaptation-du-comics-marvel_AN-202502040607.html</guid>
            <pubDate>Tue, 04 Feb 2025 15:15:15 GMT</pubDate>
            <description><![CDATA[L'adaptation du célèbre comics Marvel, avec Pedro Pascal et Vanessa Kirby dans les rôles principaux, a dévoilé ce mardi 4 février sa première bande-annonce.<br /><br /><img src="https://images.bfmtv.com/IyvRWeCmbh9RVky-twH0JBPGsD8=/161x2:1553x785/800x0/images/Une-scene-du-film-Les-Quatre-Fantastiques-Premiers-pas-2027099.jpg" />]]></description>
            <enclosure url="https://images.bfmtv.com/IyvRWeCmbh9RVky-twH0JBPGsD8=/161x2:1553x785/800x0/images/Une-scene-du-film-Les-Quatre-Fantastiques-Premiers-pas-2027099.jpg" length="0" type="image/jpg"/>
        </item>
    </channel>
</rss>