<?xml version="1.0" encoding="utf-8"?>
<rss version="2.0" xmlns:atom="http://www.w3.org/2005/Atom">
    <channel>
        <title>Home Succession - actualités</title>
        <link>https://www.bfmtv.com/economie/patrimoine/succession/</link>
        <description>Retrouvez tous nos conseils et dossiers pour préparer votre succession: droits et frais de succession, transmission de patrimoine, donation, fiscalité, démembrement, assurance vie… - BFM Patrimoine</description>
        <lastBuildDate>Wed, 12 Feb 2025 08:47:34 GMT</lastBuildDate>
        <docs>http://blogs.law.harvard.edu/tech/rss</docs>
        <generator>BFMTV</generator>
        <language>fr</language>
        <image>
            <title>Home Succession - actualités</title>
            <url>https://www.bfmtv.com/assets/v11/images/BFM_Patrimoine_default_16x9.e848d82dbca19700a0d25b65c66a00b7.jpg</url>
            <link>https://www.bfmtv.com/economie/patrimoine/succession/</link>
        </image>
        <copyright>Copyright BFMTV</copyright>
        <category>Home Succession - actualités</category>
        <atom:link href="https://www.bfmtv.com/economie/patrimoine/succession/" rel="self" type="application/rss+xml"/>
        <item>
            <title><![CDATA[Héritage: combien coûtent les mesures des candidats aux législatives sur les droits de succession?]]></title>
            <link>https://www.bfmtv.com/economie/patrimoine/succession/heritage-combien-coutent-les-mesures-des-candidats-aux-legislatives-sur-les-droits-de-succession_AV-202407040429.html</link>
            <guid>https://www.bfmtv.com/economie/patrimoine/succession/heritage-combien-coutent-les-mesures-des-candidats-aux-legislatives-sur-les-droits-de-succession_AV-202407040429.html</guid>
            <pubDate>Thu, 04 Jul 2024 10:45:37 GMT</pubDate>
            <description><![CDATA[Comme à chaque échéance électorale, le débat sur l'héritage fait son retour. Plusieurs partis proposent de moins le taxer, en tout cas pour les plus modestes. L'institut Montaigne a chiffré le coût de ces propositions.<br /><br /><img src="https://images.bfmtv.com/t1sccw3C0YUSlVmu25tMOC5VEgQ=/0x0:2048x1152/800x0/images/Assurance-vie-seniors-demandent-rachat-1592607.jpg" />]]></description>
            <enclosure url="https://images.bfmtv.com/t1sccw3C0YUSlVmu25tMOC5VEgQ=/0x0:2048x1152/800x0/images/Assurance-vie-seniors-demandent-rachat-1592607.jpg" length="0" type="image/jpg"/>
        </item>
        <item>
            <title><![CDATA[Le RN propose d'exonérer les dons des parents aux enfants jusqu'à 100.000 euros tous les 10 ans]]></title>
            <link>https://www.bfmtv.com/economie/patrimoine/succession/le-rn-propose-d-exonerer-les-dons-des-parents-aux-enfants-jusqu-a-100-000-euros-tous-les-10-ans_AV-202406240510.html</link>
            <guid>https://www.bfmtv.com/economie/patrimoine/succession/le-rn-propose-d-exonerer-les-dons-des-parents-aux-enfants-jusqu-a-100-000-euros-tous-les-10-ans_AV-202406240510.html</guid>
            <pubDate>Mon, 24 Jun 2024 10:43:06 GMT</pubDate>
            <description><![CDATA[Jordan Bardella souhaite maintenir l'abattement de 100.000 euros par enfant pour les donations, mais tous les 10 ans au lieu de tous les 15 ans. <br /><br /><img src="https://images.bfmtv.com/knlEZfw3tC8n1QoAH0LVXIIuK1w=/0x0:2048x1152/800x0/images/Jordan-Bardella-le-24-juin-2024-1890351.jpg" />]]></description>
            <enclosure url="https://images.bfmtv.com/knlEZfw3tC8n1QoAH0LVXIIuK1w=/0x0:2048x1152/800x0/images/Jordan-Bardella-le-24-juin-2024-1890351.jpg" length="0" type="image/jpg"/>
        </item>
        <item>
            <title><![CDATA[Succession: le Crédit Mutuel retire les frais bancaires pour les avoirs de moins de 10.000 euros]]></title>
            <link>https://www.bfmtv.com/economie/patrimoine/succession/succession-le-credit-mutuel-retire-les-frais-bancaires-pour-les-avoirs-de-moins-de-10-000-euros_AV-202402140219.html</link>
            <guid>https://www.bfmtv.com/economie/patrimoine/succession/succession-le-credit-mutuel-retire-les-frais-bancaires-pour-les-avoirs-de-moins-de-10-000-euros_AV-202402140219.html</guid>
            <pubDate>Wed, 14 Feb 2024 07:34:46 GMT</pubDate>
            <description><![CDATA[Le Crédit Mutuel va supprimer les frais bancaires de succession pour les avoirs inférieurs à 10.000 euros à partir du 1er mars prochain.<br /><br /><img src="https://images.bfmtv.com/NN8ofIE3iFQQFbREJkWHZwEPodg=/41x3:1209x660/800x0/images/-470841.jpg" />]]></description>
            <enclosure url="https://images.bfmtv.com/NN8ofIE3iFQQFbREJkWHZwEPodg=/41x3:1209x660/800x0/images/-470841.jpg" length="0" type="image/jpg"/>
        </item>
        <item>
            <title><![CDATA[Le gouvernement va relever les seuils d'exonération sur les successions agricoles]]></title>
            <link>https://www.bfmtv.com/economie/patrimoine/le-gouvernement-va-relever-les-seuils-d-exoneration-sur-les-successions-agricoles_AV-202402010561.html</link>
            <guid>https://www.bfmtv.com/economie/patrimoine/le-gouvernement-va-relever-les-seuils-d-exoneration-sur-les-successions-agricoles_AV-202402010561.html</guid>
            <pubDate>Thu, 01 Feb 2024 13:25:20 GMT</pubDate>
            <description><![CDATA[Pour faciliter la reprise des fermes et l’installation de jeunes agriculteurs, le gouvernement a décidé de relever les seuils d’exonération lors des successions agricoles. <br /><br /><img src="https://images.bfmtv.com/lo_hFG3ImUn_b8fOI4jrlUZENjM=/0x27:2048x1179/800x0/images/Bruno-Le-Maire-ministre-de-l-Economie-le-1er-fevrier-2024-a-Matignon-lors-de-la-conference-de-presse-sur-de-nouvelles-mesures-sur-l-agriculture-1797598.jpg" />]]></description>
            <enclosure url="https://images.bfmtv.com/lo_hFG3ImUn_b8fOI4jrlUZENjM=/0x27:2048x1179/800x0/images/Bruno-Le-Maire-ministre-de-l-Economie-le-1er-fevrier-2024-a-Matignon-lors-de-la-conference-de-presse-sur-de-nouvelles-mesures-sur-l-agriculture-1797598.jpg" length="0" type="image/jpg"/>
        </item>
        <item>
            <title><![CDATA[Arnaques: ces faux notaires vous promettent un héritage en échange de droits de succession]]></title>
            <link>https://www.bfmtv.com/economie/patrimoine/succession/arnaques-ces-faux-notaires-vous-promettent-un-heritage-en-echange-de-droits-de-succession_AV-202401110469.html</link>
            <guid>https://www.bfmtv.com/economie/patrimoine/succession/arnaques-ces-faux-notaires-vous-promettent-un-heritage-en-echange-de-droits-de-succession_AV-202401110469.html</guid>
            <pubDate>Thu, 11 Jan 2024 11:28:20 GMT</pubDate>
            <description><![CDATA[Relayé par Ouest France, le témoignage d'un Rennais démontre l'ingéniosité dont font preuve ces arnaqueurs, avec des sites frauduleux réalistes et des discours crédibles, pour tenter d'escroquer des personnes endeuillées.  <br /><br /><img src="https://images.bfmtv.com/A3HIG0wkLOyfnelpMofJBy3p694=/0x32:768x464/800x0/images/Le-logo-d-un-notaire-sur-une-facade-en-2019-1192410.jpg" />]]></description>
            <enclosure url="https://images.bfmtv.com/A3HIG0wkLOyfnelpMofJBy3p694=/0x32:768x464/800x0/images/Le-logo-d-un-notaire-sur-une-facade-en-2019-1192410.jpg" length="0" type="image/jpg"/>
        </item>
        <item>
            <title><![CDATA[Succession : quels sont vos droits ? - Julie Cohen-Heurton reçoit Sarah Saldmann]]></title>
            <link>https://www.bfmtv.com/economie/patrimoine/succession/succession-quels-sont-vos-droits-julie-cohen-heurton-recoit-sarah-saldmann_VL-202302280345.html</link>
            <guid>https://www.bfmtv.com/economie/patrimoine/succession/succession-quels-sont-vos-droits-julie-cohen-heurton-recoit-sarah-saldmann_VL-202302280345.html</guid>
            <pubDate>Tue, 28 Feb 2023 11:25:44 GMT</pubDate>
            <description><![CDATA[Succession : quels sont vos droits ? - Julie Cohen-Heurton reçoit Sarah Saldmann<br /><br /><img src="https://images.bfmtv.com/UXga2JUlQiW3u_Zf-QZApdUs3gE=/0x0:1280x720/800x0/images/Succession-quels-sont-vos-droits-Julie-Cohen-Heurton-recoit-Sarah-Saldmann-1586952.jpg" />]]></description>
            <enclosure url="https://images.bfmtv.com/UXga2JUlQiW3u_Zf-QZApdUs3gE=/0x0:1280x720/800x0/images/Succession-quels-sont-vos-droits-Julie-Cohen-Heurton-recoit-Sarah-Saldmann-1586952.jpg" length="0" type="image/jpg"/>
        </item>
        <item>
            <title><![CDATA[Réforme des droits de succession: quels nouveaux ajustements pour les donations ?]]></title>
            <link>https://www.bfmtv.com/economie/patrimoine/succession/reforme-des-droits-de-succession-quels-nouveaux-ajustements-pour-les-donations_VN-202210170480.html</link>
            <guid>https://www.bfmtv.com/economie/patrimoine/succession/reforme-des-droits-de-succession-quels-nouveaux-ajustements-pour-les-donations_VN-202210170480.html</guid>
            <pubDate>Mon, 17 Oct 2022 12:34:38 GMT</pubDate>
            <description><![CDATA["La réforme devrait voir le jour avant la fin du quinquennat" - Christian Fontaine, Directeur de la rédaction adjoint, Le Revenu<br /><br /><img src="https://images.bfmtv.com/PlRG84V6IKxW2beJKZJJ3A6AA3k=/0x0:1280x720/800x0/images/Reforme-des-droits-de-succession-quels-nouveaux-ajustements-pour-les-donations-1502581.jpg" />]]></description>
            <enclosure url="https://images.bfmtv.com/PlRG84V6IKxW2beJKZJJ3A6AA3k=/0x0:1280x720/800x0/images/Reforme-des-droits-de-succession-quels-nouveaux-ajustements-pour-les-donations-1502581.jpg" length="0" type="image/jpg"/>
        </item>
        <item>
            <title><![CDATA[Baisse des droits de succession: la majorité repousse la mesure à plus tard]]></title>
            <link>https://www.bfmtv.com/economie/patrimoine/succession/baisse-des-droits-de-succession-la-majorite-repousse-la-mesure-a-plus-tard_AV-202210070283.html</link>
            <guid>https://www.bfmtv.com/economie/patrimoine/succession/baisse-des-droits-de-succession-la-majorite-repousse-la-mesure-a-plus-tard_AV-202210070283.html</guid>
            <pubDate>Fri, 07 Oct 2022 09:14:50 GMT</pubDate>
            <description><![CDATA[Les plafonds pour les exonérations d'impôt sur les successions et les donations ne seront pas relevés tout de suite. La réforme est repoussée, faute de moyens budgétaires.  <br /><br /><img src="https://images.bfmtv.com/PUcnibBgwTCIOJublZU79aGouNk=/0x40:768x472/800x0/images/La-presidente-des-deputes-LREM-Aurore-Berge-a-l-Assemblee-nationale-a-Paris-le-11-juillet-2022-1452657.jpg" />]]></description>
            <enclosure url="https://images.bfmtv.com/PUcnibBgwTCIOJublZU79aGouNk=/0x40:768x472/800x0/images/La-presidente-des-deputes-LREM-Aurore-Berge-a-l-Assemblee-nationale-a-Paris-le-11-juillet-2022-1452657.jpg" length="0" type="image/jpg"/>
        </item>
        <item>
            <title><![CDATA[Après la mort de leur fils, leur banque prélève des frais pour clôturer son Livret A]]></title>
            <link>https://www.bfmtv.com/economie/patrimoine/succession/apres-la-mort-de-leur-fils-leur-banque-preleve-des-frais-pour-cloturer-son-livret-a_AN-202205100421.html</link>
            <guid>https://www.bfmtv.com/economie/patrimoine/succession/apres-la-mort-de-leur-fils-leur-banque-preleve-des-frais-pour-cloturer-son-livret-a_AN-202205100421.html</guid>
            <pubDate>Tue, 10 May 2022 13:49:26 GMT</pubDate>
            <description><![CDATA[Un couple dont l'enfant est mort d'un cancer a demandé à sa banque de clôturer son Livret A. Mais cela a entraîné des frais bancaires.  <br /><br /><img src="https://images.bfmtv.com/v8a1WgH0l8erX2rAZL0gWsNkagI=/4x53:996x611/800x0/images/-466947.jpg" />]]></description>
            <enclosure url="https://images.bfmtv.com/v8a1WgH0l8erX2rAZL0gWsNkagI=/4x53:996x611/800x0/images/-466947.jpg" length="0" type="image/jpg"/>
        </item>
        <item>
            <title><![CDATA[Comment les parents peuvent favoriser ou déshériter leurs enfants avec ou sans testament]]></title>
            <link>https://www.bfmtv.com/economie/patrimoine/succession/comment-les-parents-peuvent-favoriser-ou-desheriter-leurs-enfants-avec-ou-sans-testament_AV-202202250478.html</link>
            <guid>https://www.bfmtv.com/economie/patrimoine/succession/comment-les-parents-peuvent-favoriser-ou-desheriter-leurs-enfants-avec-ou-sans-testament_AV-202202250478.html</guid>
            <pubDate>Fri, 25 Feb 2022 15:21:54 GMT</pubDate>
            <description><![CDATA[En France, on ne peut pas légalement priver un héritier de sa réserve héréditaire. Mais il existe des moyens de limiter ou d'augmenter cet héritage potentiel. Explications d'une avocate au barreau de Paris. <br /><br /><img src="https://images.bfmtv.com/gDUcO9WVx6lyVOJqw1HV2oKNMJw=/0x106:2048x1258/800x0/images/Peut-on-desheriter-ses-enfants-1356964.jpg" />]]></description>
            <enclosure url="https://images.bfmtv.com/gDUcO9WVx6lyVOJqw1HV2oKNMJw=/0x106:2048x1258/800x0/images/Peut-on-desheriter-ses-enfants-1356964.jpg" length="0" type="image/jpg"/>
        </item>
        <item>
            <title><![CDATA[Bruno Le Maire plaide pour une fiscalité nulle sur les petites donations]]></title>
            <link>https://www.bfmtv.com/economie/patrimoine/succession/bruno-le-maire-plaide-pour-une-fiscalite-nulle-sur-les-petites-donations_AN-202103290168.html</link>
            <guid>https://www.bfmtv.com/economie/patrimoine/succession/bruno-le-maire-plaide-pour-une-fiscalite-nulle-sur-les-petites-donations_AN-202103290168.html</guid>
            <pubDate>Mon, 29 Mar 2021 09:01:25 GMT</pubDate>
            <description><![CDATA[Le ministre de l'Economie entend ainsi faciliter le soutien financier inter-familial et accessoirement inciter les ménages à mobiliser une partie de leur épargne.<br /><br /><img src="https://images.bfmtv.com/Pkud-eRtztGMArdyvR-DMlZahTk=/0x40:768x472/800x0/images/Le-ministre-de-lEconomie-Bruno-Le-Maire-a-lElysee-le-27-janvier-2021-978288.jpg" />]]></description>
            <enclosure url="https://images.bfmtv.com/Pkud-eRtztGMArdyvR-DMlZahTk=/0x40:768x472/800x0/images/Le-ministre-de-lEconomie-Bruno-Le-Maire-a-lElysee-le-27-janvier-2021-978288.jpg" length="0" type="image/jpg"/>
        </item>
        <item>
            <title><![CDATA[Les parents ont-ils le droit de récupérer de l'argent dans l'assurance-vie de leur enfant?]]></title>
            <link>https://www.bfmtv.com/economie/patrimoine/succession/les-parents-ont-ils-le-droit-de-recuperer-de-l-argent-dans-l-assurance-vie-de-leur-enfant_AD-202012180222.html</link>
            <guid>https://www.bfmtv.com/economie/patrimoine/succession/les-parents-ont-ils-le-droit-de-recuperer-de-l-argent-dans-l-assurance-vie-de-leur-enfant_AD-202012180222.html</guid>
            <pubDate>Fri, 18 Dec 2020 15:24:06 GMT</pubDate>
            <description><![CDATA[A partir du moment où de l'argent a été versé sur un contrat d'assurance-vie ouvert au nom de leur enfant, les parents n'ont pas le droit de le récupérer à leur guise.<br /><br /><img src="https://images.bfmtv.com/bK6SgB9OyAZEJcsMMSjcYIfY-xU=/0x58:1280x778/800x0/images/-476874.jpg" />]]></description>
            <enclosure url="https://images.bfmtv.com/bK6SgB9OyAZEJcsMMSjcYIfY-xU=/0x58:1280x778/800x0/images/-476874.jpg" length="0" type="image/jpg"/>
        </item>
        <item>
            <title><![CDATA[Succession: peut-on déclarer ses enfants indignes à hériter?]]></title>
            <link>https://www.bfmtv.com/economie/patrimoine/succession/succession-peut-on-declarer-ses-enfants-indignes-a-heriter_AV-202009020178.html</link>
            <guid>https://www.bfmtv.com/economie/patrimoine/succession/succession-peut-on-declarer-ses-enfants-indignes-a-heriter_AV-202009020178.html</guid>
            <pubDate>Wed, 02 Sep 2020 10:48:05 GMT</pubDate>
            <description><![CDATA[Un héritier peut être déclaré indigne à recevoir sa part d'héritage. Mais sous certaines conditions, strictement encadrées par la loi.  <br /><br /><img src="https://images.bfmtv.com/34eXH70_LE16c-spM3_wDCQYp9w=/0x43:1024x619/800x0/images/Notaire-office-notarial-heritage-succession-illustration-391509.jpg" />]]></description>
            <enclosure url="https://images.bfmtv.com/34eXH70_LE16c-spM3_wDCQYp9w=/0x43:1024x619/800x0/images/Notaire-office-notarial-heritage-succession-illustration-391509.jpg" length="0" type="image/jpg"/>
        </item>
        <item>
            <title><![CDATA[Régime de l'indivision : comment ça fonctionne et qui décide quoi]]></title>
            <link>https://www.bfmtv.com/economie/patrimoine/succession/regime-de-l-indivision-comment-ca-fonctionne-et-qui-decide-quoi_AN-202008260196.html</link>
            <guid>https://www.bfmtv.com/economie/patrimoine/succession/regime-de-l-indivision-comment-ca-fonctionne-et-qui-decide-quoi_AN-202008260196.html</guid>
            <pubDate>Wed, 26 Aug 2020 13:58:02 GMT</pubDate>
            <description><![CDATA[L'indivision est un régime beaucoup plus fréquent qu'on ne le pense pour se partager un bien, notamment immobilier. Mais son fonctionnement peut être complexe. Notre guide pour tout savoir. <br /><br /><img src="https://images.bfmtv.com/p2zeng67r9opP3cAftV7N2q-MsY=/0x21:1920x1101/800x0/images/Puzzle-mains-illustration-388577.jpg" />]]></description>
            <enclosure url="https://images.bfmtv.com/p2zeng67r9opP3cAftV7N2q-MsY=/0x21:1920x1101/800x0/images/Puzzle-mains-illustration-388577.jpg" length="0" type="image/jpg"/>
        </item>
    </channel>
</rss>