<?xml version="1.0"?>
<rss xmlns:content="http://purl.org/rss/1.0/modules/content/" version="2.0" xmlns:media="http://search.yahoo.com/mrss/" xmlns:atom="http://www.w3.org/2005/Atom" xmlns:schema="https://schema.org"><channel><title>Franceinfo- France</title><description>Franceinfo- France</description><link>https://www.francetvinfo.fr/france/</link><pubDate>Wed, 12 Feb 2025 09:45:41 +0100</pubDate><generator>francetvinfo 2025 (https://www.francetvinfo.fr)</generator><atom:link rel="self" type="application/rss+xml" href="https://www.francetvinfo.fr/france.rss"/><item><title>Sciences Po Paris : "Nous ne sommes ni une ONG, ni une ambassade mais une universit&#xE9;", souligne son directeur</title><description>Invit&#xE9; sur France Inter, Luis Vassy assure que "La libert&#xE9; d'expression des individus ou des collectifs est totalement assur&#xE9;e" &#xE0; Sciences Po.</description><pubDate>Wed, 12 Feb 2025 08:49:49 +0100</pubDate><link>https://www.francetvinfo.fr/societe/education/sciences-po-paris-nous-ne-sommes-ni-une-ong-ni-une-ambassade-mais-une-universite-souligne-son-directeur_7069928.html#xtor=RSS-3-[general]</link><guid isPermaLink="true">https://www.francetvinfo.fr/societe/education/sciences-po-paris-nous-ne-sommes-ni-une-ong-ni-une-ambassade-mais-une-universite-souligne-son-directeur_7069928.html#xtor=RSS-3-[general]</guid><enclosure length="243" type="image/jpeg" url="https://www.francetvinfo.fr/pictures/Z3FqGFXMMlDRLi0AYYonJp_TG1k/0x3:1629x920/432x243/filters:format(jpg)/2025/02/12/sciences-67ac52678ab19411539995.jpg"/></item><item><title>Handball : Jemima Kabeya, joueuse de Plan-de-Cuques, meurt d'une m&#xE9;ningite &#xE0; 21 ans</title><description>La jeune femme de 21 ans avait &#xE9;t&#xE9; admise &#xE0; l'h&#xF4;pital Laveran dans la nuit de dimanche &#xE0; lundi pour un cas de m&#xE9;ningite : une bact&#xE9;rie qui infecte la moelle &#xE9;pini&#xE8;re et le cerveau.</description><pubDate>Wed, 12 Feb 2025 08:38:27 +0100</pubDate><link>https://www.francetvinfo.fr/sports/handball/handball-jemima-kabeya-joueuse-de-plan-de-cuques-meurt-d-une-meningite-a-21-ans_7069922.html#xtor=RSS-3-[general]</link><guid isPermaLink="true">https://www.francetvinfo.fr/sports/handball/handball-jemima-kabeya-joueuse-de-plan-de-cuques-meurt-d-une-meningite-a-21-ans_7069922.html#xtor=RSS-3-[general]</guid><enclosure length="243" type="image/jpeg" url="https://www.francetvinfo.fr/pictures/q43tGs6Btt8ey9YxvcvvUoF5fcc/0x0:5059x2844/432x243/filters:format(jpg)/2025/02/12/maxnewsspecialtwo118045-67ac4f80cbf8a810056934.jpg"/></item><item><title>Marseille : des barri&#xE8;res pour prot&#xE9;ger les riverains des violences urbaines</title><description>&#xC0; Marseille (Bouches-du-Rh&#xF4;ne), les habitants tirent les cons&#xE9;quences des violences urbaines en tentant de se prot&#xE9;ger et de se barricader. Dans la ville, pr&#xE8;s d&#x2019;un tiers des logements se trouve aujourd&#x2019;hui dans des r&#xE9;sidences ferm&#xE9;es. Les barri&#xE8;res et les cl&#xF4;tures compliquent parfois la circulation.</description><pubDate>Tue, 11 Feb 2025 23:58:18 +0100</pubDate><link>https://www.francetvinfo.fr/replay-jt/france-2/20-heures/marseille-des-barriere-ont-ete-installees-a-l-entree-des-lotissements-pour-proteger-les-riverains-des-violences-urbaines_7068950.html#xtor=RSS-3-[general]</link><guid isPermaLink="true">https://www.francetvinfo.fr/replay-jt/france-2/20-heures/marseille-des-barriere-ont-ete-installees-a-l-entree-des-lotissements-pour-proteger-les-riverains-des-violences-urbaines_7068950.html#xtor=RSS-3-[general]</guid><enclosure length="243" type="image/jpeg" url="https://www.francetvinfo.fr/pictures/ryopQtnwPwwx3cQ4uawZTsCfvbU/0x0:1920x1080/432x243/filters:format(jpg)/2025/02/11/marseille-des-barriere-ont-ete-installees-a-l-entree-des-lotissements-pour-proteger-les-riverains-des-violences-urbaines-67abbf07ac0a0620135616.jpg"/></item><item><title>Municipales 2026 : Carole Delga, pr&#xE9;sidente de la R&#xE9;gion Occitanie, exclut une candidature &#xE0; la mairie de Toulouse</title><description>"Etre candidate &#xE0; Toulouse, ce n'est pas une d&#xE9;cision que l'on prend &#xE0; la l&#xE9;g&#xE8;re", a &#xE9;vacu&#xE9; la socialiste, qui disait r&#xE9;fl&#xE9;chir &#xE0; briguer la municipalit&#xE9; actuellement dirig&#xE9;e par Jean-Luc Moudenc.</description><pubDate>Tue, 11 Feb 2025 21:43:48 +0100</pubDate><link>https://www.francetvinfo.fr/elections/municipales/municipales-2026-carole-delga-presidente-de-la-region-occitanie-exclut-une-candidature-a-la-mairie-de-toulouse_7068911.html#xtor=RSS-3-[general]</link><guid isPermaLink="true">https://www.francetvinfo.fr/elections/municipales/municipales-2026-carole-delga-presidente-de-la-region-occitanie-exclut-une-candidature-a-la-mairie-de-toulouse_7068911.html#xtor=RSS-3-[general]</guid><enclosure length="243" type="image/jpeg" url="https://www.francetvinfo.fr/pictures/xr038yTqzfyHybcwl2F5CmjRe9Q/0x182:3500x2150/432x243/filters:format(jpg)/2025/02/11/080-hl-fscheiber-2641469-67abb55e144f6282145500.jpg"/></item><item><title>Bassin d&#x2019;Arcachon : deux responsables du syndicat d'assainissement et de Veolia en garde &#xE0; vue dans l'enqu&#xEA;te sur les d&#xE9;bordements d'eaux us&#xE9;es en d&#xE9;cembre 2023</title><description>Ces d&#xE9;bordements d&#x2019;eaux us&#xE9;es sont suspect&#xE9;s d&#x2019;avoir accentu&#xE9; l&#x2019;&#xE9;pid&#xE9;mie de gastro-ent&#xE9;rite apr&#xE8;s les f&#xEA;tes de No&#xEB;l 2023, chez ceux qui avaient consomm&#xE9; des hu&#xEE;tres du bassin.</description><pubDate>Tue, 11 Feb 2025 19:49:45 +0100</pubDate><link>https://www.francetvinfo.fr/societe/justice/bassin-d-arcachon-deux-responsables-du-syndicat-d-assainissement-et-de-veolia-en-garde-a-vue-dans-l-enquete-sur-les-debordements-d-eaux-usees-en-decembre-2023_7068839.html#xtor=RSS-3-[general]</link><guid isPermaLink="true">https://www.francetvinfo.fr/societe/justice/bassin-d-arcachon-deux-responsables-du-syndicat-d-assainissement-et-de-veolia-en-garde-a-vue-dans-l-enquete-sur-les-debordements-d-eaux-usees-en-decembre-2023_7068839.html#xtor=RSS-3-[general]</guid><enclosure length="243" type="image/jpeg" url="https://www.francetvinfo.fr/pictures/xJQXvJzDgN7pZz9QaoOk6O14hnk/0x0:5472x3076/432x243/filters:format(jpg)/2024/01/05/huitres-bis-6597e41b179a4319155980.jpg"/></item><item><title>R&#xE9;ouverture de Notre-Dame de Paris&#xA0;: la cath&#xE9;drale a franchi le cap des 1,6 million de visiteurs depuis le mois de d&#xE9;cembre</title><description>"D&#xE9;sormais, 30&#xA0;000 personnes sont accueillies en moyenne chaque jour", pr&#xE9;cise le recteur-archipr&#xEA;tre Olivier Ribadeau Dumas dans un entretien &#xE0; "Ouest-France".</description><pubDate>Tue, 11 Feb 2025 19:44:39 +0100</pubDate><link>https://www.francetvinfo.fr/culture/patrimoine/incendie-de-notre-dame-de-paris/reouverture/reouverture-de-notre-dame-de-paris-la-cathedrale-a-franchi-le-cap-des-1-6-millions-de-visiteurs-depuis-le-mois-de-decembre_7068842.html#xtor=RSS-3-[general]</link><guid isPermaLink="true">https://www.francetvinfo.fr/culture/patrimoine/incendie-de-notre-dame-de-paris/reouverture/reouverture-de-notre-dame-de-paris-la-cathedrale-a-franchi-le-cap-des-1-6-millions-de-visiteurs-depuis-le-mois-de-decembre_7068842.html#xtor=RSS-3-[general]</guid><enclosure length="243" type="image/jpeg" url="https://www.francetvinfo.fr/pictures/Wac7fXyQCMmS8TLDoHAMVT5WBeQ/0x252:6000x3623/432x243/filters:format(jpg)/2025/02/11/000-36ww67n-67ab9a56dfdb9070011997.jpg"/></item><item><title>Indre-et-Loire : le ch&#xE2;teau de Langeais, une forteresse impressionnante, &#xE0; cheval entre le Moyen &#xC2;ge et la Renaissance</title><description>En plein coeur de l'Indre-et-Loire, le ch&#xE2;teau de Langeais et ses tours majestueuses impressionnent les visiteurs. C&#xF4;t&#xE9; cour, l'&#xE9;difice a des airs de demeure de la Renaissance, t&#xE9;moignant de son riche pass&#xE9;.</description><pubDate>Tue, 11 Feb 2025 17:55:57 +0100</pubDate><link>https://www.francetvinfo.fr/culture/patrimoine/histoire/indre-et-loire-le-chateau-de-langeais-une-forteresse-impressionnante-a-cheval-entre-le-moyen-age-et-la-renaissance_7068713.html#xtor=RSS-3-[general]</link><guid isPermaLink="true">https://www.francetvinfo.fr/culture/patrimoine/histoire/indre-et-loire-le-chateau-de-langeais-une-forteresse-impressionnante-a-cheval-entre-le-moyen-age-et-la-renaissance_7068713.html#xtor=RSS-3-[general]</guid><enclosure length="243" type="image/jpeg" url="https://www.francetvinfo.fr/pictures/czR3SUuyhsGJ3T9E_xY5p01wmRk/0x12:1618x923/432x243/filters:format(jpg)/2025/02/11/indre-et-loire-le-chateau-de-langeais-une-forteresse-impressionnante-a-cheval-entre-le-moyen-age-et-la-renaissance-67ab8028a6feb439231153.jpg"/></item><item><title>Gastronomie : &#xE0; la d&#xE9;couverte de l&#x2019;azinat, un plat typiquement ari&#xE9;geois</title><description>C&#x2019;est un plat typiquement ari&#xE9;geois : l'azinat, &#xE9;galement connu sous un autre nom, la fameuse soupe aux choux, dont la recette n'a pas beaucoup chang&#xE9; depuis plus d'un si&#xE8;cle.</description><pubDate>Tue, 11 Feb 2025 17:49:13 +0100</pubDate><link>https://www.francetvinfo.fr/replay-jt/france-2/13-heures/gastronomie-a-la-decouverte-de-l-azinat-un-plat-typiquement-ariegeois_7068692.html#xtor=RSS-3-[general]</link><guid isPermaLink="true">https://www.francetvinfo.fr/replay-jt/france-2/13-heures/gastronomie-a-la-decouverte-de-l-azinat-un-plat-typiquement-ariegeois_7068692.html#xtor=RSS-3-[general]</guid><enclosure length="243" type="image/jpeg" url="https://www.francetvinfo.fr/pictures/nFjYBbEgyTRj5rwb3ufmjgyC634/0x0:1920x1080/432x243/filters:format(jpg)/2025/02/11/gastronomie-a-la-decouverte-de-l-azinat-un-plat-typiquement-ariegeois-67ab7e5698750025780335.jpg"/></item><item><title>Transports en Ile-de-France : les conducteurs des RER A et B d&#xE9;posent un pr&#xE9;avis de gr&#xE8;ve pour vendredi, veille de d&#xE9;but de vacances scolaires</title><description>Ils protestent contre l'utilisation d'un nouveau logiciel, cens&#xE9; g&#xE9;rer les cong&#xE9;s, qui ne fonctionne pas correctement.</description><pubDate>Tue, 11 Feb 2025 17:41:02 +0100</pubDate><link>https://www.francetvinfo.fr/economie/greve/greve-des-transports/transports-en-ile-de-france-les-conducteurs-des-rer-a-et-b-deposent-un-preavis-de-greve-pour-vendredi-veille-de-debut-de-vacances-scolaires_7068686.html#xtor=RSS-3-[general]</link><guid isPermaLink="true">https://www.francetvinfo.fr/economie/greve/greve-des-transports/transports-en-ile-de-france-les-conducteurs-des-rer-a-et-b-deposent-un-preavis-de-greve-pour-vendredi-veille-de-debut-de-vacances-scolaires_7068686.html#xtor=RSS-3-[general]</guid><enclosure length="243" type="image/jpeg" url="https://www.francetvinfo.fr/pictures/i2xDxxAH0-KEwIBFNoxhtoxzQiU/0x314:4760x2990/432x243/filters:format(jpg)/2024/05/02/maxnewsfrfive125192-66331c013c918038839664.jpg"/></item><item><title>Eurovision : les h&#xF4;tels pr&#xE8;s de la fronti&#xE8;re suisse sont pris d&#x2019;assaut</title><description>En Alsace, c'est d&#xE9;j&#xE0; l'effet Eurovision qui s'empare de la commune de Saint-Louis (Haut-Rhin), non loin de la fronti&#xE8;re avec la Suisse et de la ville de B&#xE2;le. C'est l&#xE0; que se tiendra en mai prochain le grand concours de l'Eurovision. Les h&#xF4;tels affichent d&#xE9;j&#xE0; complet.</description><pubDate>Tue, 11 Feb 2025 17:10:55 +0100</pubDate><link>https://www.francetvinfo.fr/replay-jt/france-2/13-heures/eurovision-les-hotels-pres-de-la-frontiere-suisse-sont-pris-d-assaut_7068593.html#xtor=RSS-3-[general]</link><guid isPermaLink="true">https://www.francetvinfo.fr/replay-jt/france-2/13-heures/eurovision-les-hotels-pres-de-la-frontiere-suisse-sont-pris-d-assaut_7068593.html#xtor=RSS-3-[general]</guid><enclosure length="243" type="image/jpeg" url="https://www.francetvinfo.fr/pictures/7U4u6TWBVWrp6RGFy8RJjS-M94c/0x0:1920x1080/432x243/filters:format(jpg)/2025/02/11/eurovision-les-hotels-pres-de-la-frontiere-suisse-sont-pris-d-assaut-67ab75189c4d4852966509.jpg"/></item><item><title>Patrimoine mondial de l'Unesco : les plages du D&#xE9;barquement sont officiellement candidates</title><description>L'id&#xE9;e de l'inscription des plages de Normandie est relanc&#xE9;e et pourrait enfin aboutir. Jusqu'&#xE0; pr&#xE9;sent, le dossier &#xE9;tait bloqu&#xE9;, mais, cette fois, Utah Beach, Omaha Beach et les autres pourraient enfin entrer &#xE0; l'Unesco.</description><pubDate>Tue, 11 Feb 2025 16:49:36 +0100</pubDate><link>https://www.francetvinfo.fr/replay-jt/france-2/13-heures/unesco-les-plages-du-debarquement-candidates-au-patrimoine-mondial_7068521.html#xtor=RSS-3-[general]</link><guid isPermaLink="true">https://www.francetvinfo.fr/replay-jt/france-2/13-heures/unesco-les-plages-du-debarquement-candidates-au-patrimoine-mondial_7068521.html#xtor=RSS-3-[general]</guid><enclosure length="243" type="image/jpeg" url="https://www.francetvinfo.fr/pictures/p2K0ueOLAzxDZ-trSczZlOPOcIY/0x0:1920x1080/432x243/filters:format(jpg)/2025/02/11/video-2-67ab675c067cd453115069.jpg"/></item><item><title>Vacances d'hiver : skier pour quelques euros, c'est possible &#xE0; Bourg-d'Oueil</title><description>La petite station de Bourg-d'Oueil, en Haute-Garonne, accueille les familles &#xE0; moindres frais : le personnel est b&#xE9;n&#xE9;vole, et le forfait est gratuit. Il faut cependant se passer de quelques &#xE9;l&#xE9;ments propos&#xE9;s dans les grandes stations.</description><pubDate>Tue, 11 Feb 2025 16:47:17 +0100</pubDate><link>https://www.francetvinfo.fr/economie/pouvoir-achat/vacances-d-hiver-skier-pour-quelques-euros-c-est-possible-a-bourg-d-oueil_7068554.html#xtor=RSS-3-[general]</link><guid isPermaLink="true">https://www.francetvinfo.fr/economie/pouvoir-achat/vacances-d-hiver-skier-pour-quelques-euros-c-est-possible-a-bourg-d-oueil_7068554.html#xtor=RSS-3-[general]</guid><enclosure length="243" type="image/jpeg" url="https://www.francetvinfo.fr/pictures/ShpLpOJlz_sJvleAQxgGiGsE-Eg/0x5:1620x917/432x243/filters:format(jpg)/2025/02/11/vacances-d-hiver-skier-pour-quelques-euros-c-est-possible-a-bourg-d-oueil-67ab705a25b30678429689.jpg"/></item><item><title>Pyr&#xE9;n&#xE9;es-Orientales : le d&#xE9;partement pourrait bient&#xF4;t changer de nom</title><description>Le d&#xE9;partement des Pyr&#xE9;n&#xE9;es-Orientales pourrait bient&#xF4;t changer de nom. Les &#xE9;lus veulent organiser une grande consultation citoyenne pour trouver la nouvelle appellation du territoire. Mais il n'est pas &#xE9;vident de trouver un consensus.</description><pubDate>Tue, 11 Feb 2025 16:40:59 +0100</pubDate><link>https://www.francetvinfo.fr/replay-jt/france-2/13-heures/pyrenees-orientales-le-departement-pourrait-bientot-changer-de-nom_7068542.html#xtor=RSS-3-[general]</link><guid isPermaLink="true">https://www.francetvinfo.fr/replay-jt/france-2/13-heures/pyrenees-orientales-le-departement-pourrait-bientot-changer-de-nom_7068542.html#xtor=RSS-3-[general]</guid><enclosure length="243" type="image/jpeg" url="https://www.francetvinfo.fr/pictures/h6tDNmOiiVkGTgD4PkeNCJdqRY0/0x0:1920x1080/432x243/filters:format(jpg)/2025/02/11/pyrenees-orientales-le-departement-pourrait-bientot-changer-de-nom-67ab6d669a1fd008509504.jpg"/></item><item><title>Intelligence artificielle : Cambrai va bient&#xF4;t accueillir un immense centre de donn&#xE9;es</title><description>Pr&#xE8;s de 200 hectares de friche vont accueillir un centre de donn&#xE9;es d'ici cinq ans &#xE0; Cambrai. Une opportunit&#xE9; &#xE9;conomique in&#xE9;dite pour la ville du Nord, dont le taux de ch&#xF4;mage avoisine les 9 %.</description><pubDate>Tue, 11 Feb 2025 08:59:54 +0100</pubDate><link>https://www.francetvinfo.fr/internet/intelligence-artificielle/intelligence-artificielle-cambrai-va-bientot-accueillir-un-immense-centre-de-donnees_7068125.html#xtor=RSS-3-[general]</link><guid isPermaLink="true">https://www.francetvinfo.fr/internet/intelligence-artificielle/intelligence-artificielle-cambrai-va-bientot-accueillir-un-immense-centre-de-donnees_7068125.html#xtor=RSS-3-[general]</guid><enclosure length="243" type="image/jpeg" url="https://www.francetvinfo.fr/pictures/QDHd8z2MijmPh9IreGF2h_oMbSE/0x0:1221x687/432x243/filters:format(jpg)/2025/02/11/cambrai-intelligence-artificielle-67ab035b16ecc857512577.jpg"/></item><item><title>Meurtre de Louise : choc et tristesse dans son coll&#xE8;ge</title><description>L'atmosph&#xE8;re &#xE9;tait pesante, lundi 10 f&#xE9;vrier, au coll&#xE8;ge d'&#xC9;pinay-sur-Orge, en Essonne. Les &#xE9;l&#xE8;ves et leurs parents sont encore sous le choc de la mort de Louise, 11 ans, tu&#xE9;e vendredi dernier alors qu'elle rentrait de l'&#xE9;cole.</description><pubDate>Tue, 11 Feb 2025 08:48:12 +0100</pubDate><link>https://www.francetvinfo.fr/faits-divers/meurtres/meurtre-de-louise-choc-et-tristesse-dans-son-college_7068095.html#xtor=RSS-3-[general]</link><guid isPermaLink="true">https://www.francetvinfo.fr/faits-divers/meurtres/meurtre-de-louise-choc-et-tristesse-dans-son-college_7068095.html#xtor=RSS-3-[general]</guid><enclosure length="243" type="image/jpeg" url="https://www.francetvinfo.fr/pictures/GTpnjesEbNOEpYEBuBwCAG2uWss/0x0:1211x682/432x243/filters:format(jpg)/2025/02/11/meurtre-de-louise-choc-et-tristesse-67ab00a236da9673356542.jpg"/></item><item><title>Fin du Dispositif lyc&#xE9;en : "Il y a visiblement un choix politique de ne pas accueillir correctement des jeunes", d&#xE9;nonce une adjointe &#xE0; la maire de Paris</title><description>Le Dispositif lyc&#xE9;en offrait depuis 2015 un logement en &#xCE;le-de-France &#xE0; des &#xE9;tudiants en grande pr&#xE9;carit&#xE9;. Pour justifier son arr&#xEA;t, la pr&#xE9;fecture argue qu'une "part substantielle, 25%" des b&#xE9;n&#xE9;ficiaires ne sont "inscrits dans aucun parcours scolaire". Une centaine de jeunes risque de se retrouver &#xE0; la rue mardi soir.</description><pubDate>Tue, 11 Feb 2025 08:46:22 +0100</pubDate><link>https://www.francetvinfo.fr/societe/immigration/fin-du-dispositif-lyceen-il-y-a-visiblement-un-choix-politique-de-ne-pas-accueillir-correctement-des-jeunes-denonce-une-adjointe-a-la-maire-de-paris_7068092.html#xtor=RSS-3-[general]</link><guid isPermaLink="true">https://www.francetvinfo.fr/societe/immigration/fin-du-dispositif-lyceen-il-y-a-visiblement-un-choix-politique-de-ne-pas-accueillir-correctement-des-jeunes-denonce-une-adjointe-a-la-maire-de-paris_7068092.html#xtor=RSS-3-[general]</guid><enclosure length="243" type="image/jpeg" url="https://www.francetvinfo.fr/pictures/zSFfxC0lmrOn7wQYvmrVM02UVcQ/0x381:4763x3059/432x243/filters:format(jpg)/2023/12/04/000-336u33f-656dcc887c87f197918862.jpg"/></item><item><title>Meurtre de Louise : un homme de 23 ans et sa m&#xE8;re plac&#xE9;s en garde &#xE0; vue</title><description>Lundi 10 f&#xE9;vrier, deux personnes ont &#xE9;t&#xE9; plac&#xE9;es en garde &#xE0; vue dans le cadre de l'enqu&#xEA;te sur la mort de Louise, &#xE2;g&#xE9;e de 11 ans, en Essonne. Il s'agit d'un homme sans-abri de 23 ans et de sa m&#xE8;re de 55 ans.</description><pubDate>Tue, 11 Feb 2025 08:43:52 +0100</pubDate><link>https://www.francetvinfo.fr/faits-divers/meurtres/meurtre-de-louise-un-homme-de-23-ans-et-sa-mere-places-en-garde-a-vue_7068086.html#xtor=RSS-3-[general]</link><guid isPermaLink="true">https://www.francetvinfo.fr/faits-divers/meurtres/meurtre-de-louise-un-homme-de-23-ans-et-sa-mere-places-en-garde-a-vue_7068086.html#xtor=RSS-3-[general]</guid><enclosure length="243" type="image/jpeg" url="https://www.francetvinfo.fr/pictures/2DhOLQWNZX0VPhlOMig7lsmNIW4/0x4:992x562/432x243/filters:format(jpg)/2025/02/11/meurtre-de-louise-gardes-a-vue-67aaff7498e01175960406.jpg"/></item><item><title>&#xC9;dito. Conseil constitutionnel : Emmanuel Macron fait comme ses pr&#xE9;d&#xE9;cesseurs</title><description>Le pr&#xE9;sident de la R&#xE9;publique propose Richard Ferrand pour pr&#xE9;sider le Conseil constitutionnel. Un nom qui crispe les oppositions. En choisissant un de ses proches, Emmanuel Macron n'agit pas diff&#xE9;remment des autres pr&#xE9;sidents de la Ve R&#xE9;publique, mais le profil partisan de l'anvien pr&#xE9;sident de l'Assembl&#xE9;e nationale risque d'attiser les critiques qui visent le Conseil.</description><pubDate>Tue, 11 Feb 2025 08:27:53 +0100</pubDate><link>https://www.francetvinfo.fr/replay-radio/l-edito-politique/edito-conseil-constitutionnel-emmanuel-macron-fait-comme-ses-predecesseurs_7040156.html#xtor=RSS-3-[general]</link><guid isPermaLink="true">https://www.francetvinfo.fr/replay-radio/l-edito-politique/edito-conseil-constitutionnel-emmanuel-macron-fait-comme-ses-predecesseurs_7040156.html#xtor=RSS-3-[general]</guid><enclosure length="243" type="image/jpeg" url="https://www.francetvinfo.fr/pictures/w5zGfjtg8iBoGa0Fm0uzun1khWk/0x20:1024x596/432x243/filters:format(jpg)/2025/02/11/macron-cosntitu-67aae7973a644930471344.jpg"/></item><item><title>REPORTAGE. "C'est un &#xE9;ternel combat" : vingt ans apr&#xE8;s la loi sur le handicap, il reste beaucoup &#xE0; faire pour l'accessibilit&#xE9; en France"</title><description>Si certaines villes, comme Rennes, ont adapt&#xE9; leurs m&#xE9;tros et bus pour les personnes en fauteuil roulant, l'association APF France Handicap d'Ille-et-Vilaine explique que l'accessibilit&#xE9; ne se limite pas aux transports.</description><pubDate>Tue, 11 Feb 2025 06:56:12 +0100</pubDate><link>https://www.francetvinfo.fr/replay-radio/le-choix-franceinfo/reportage-c-est-un-eternel-combat-20-ans-apres-la-loi-handicap-beaucoup-reste-a-faire-en-france-en-matiere-d-accessibilite_7040105.html#xtor=RSS-3-[general]</link><guid isPermaLink="true">https://www.francetvinfo.fr/replay-radio/le-choix-franceinfo/reportage-c-est-un-eternel-combat-20-ans-apres-la-loi-handicap-beaucoup-reste-a-faire-en-france-en-matiere-d-accessibilite_7040105.html#xtor=RSS-3-[general]</guid><enclosure length="243" type="image/jpeg" url="https://www.francetvinfo.fr/pictures/BTgnKcM47rBSXdmae10HPCu5TzY/0x194:2932x1842/432x243/filters:format(jpg)/2025/02/10/050-only-0358449-67aa1b5fdff5d093217652.jpg"/></item><item><title>REPORTAGE. "On retrouve des marteaux, des barres de fer..." : &#xE0;&#xA0;Paris, "on veut agir le plus t&#xF4;t possible" pour lutter contre le port d'armes blanches &#xE0; l'&#xE9;cole</title><description>Les armes blanches circulent dans de nombreux &#xE9;tablissements scolaires, notamment &#xE0; Paris. Certains coll&#xE9;giens rapportent des couteaux, des marteaux ou encore des Taser, selon plusieurs &#xE9;l&#xE8;ves et personnels charg&#xE9;s de la pr&#xE9;vention.</description><pubDate>Tue, 11 Feb 2025 06:46:00 +0100</pubDate><link>https://www.francetvinfo.fr/societe/education/reportage-on-retrouve-des-marteaux-des-barres-de-fer-a-paris-on-veut-agir-le-plus-tot-possible-pour-lutter-contre-le-port-d-armes-blanches-a-l-ecole_7064906.html#xtor=RSS-3-[general]</link><guid isPermaLink="true">https://www.francetvinfo.fr/societe/education/reportage-on-retrouve-des-marteaux-des-barres-de-fer-a-paris-on-veut-agir-le-plus-tot-possible-pour-lutter-contre-le-port-d-armes-blanches-a-l-ecole_7064906.html#xtor=RSS-3-[general]</guid><enclosure length="243" type="image/jpeg" url="https://www.francetvinfo.fr/pictures/CCXdpUBYF_SRemo39YWa-SAiRYg/0x45:4500x2575/432x243/filters:format(jpg)/2025/02/09/maxnewsworldsix437963-67a8eb2fe1a92274487058.jpg"/></item></channel></rss>
