<?xml version="1.0"?>
<rss xmlns:content="http://purl.org/rss/1.0/modules/content/" version="2.0" xmlns:media="http://search.yahoo.com/mrss/" xmlns:atom="http://www.w3.org/2005/Atom" xmlns:schema="https://schema.org"><channel><title>Franceinfo- Monde</title><description>Franceinfo- Monde</description><link>https://www.francetvinfo.fr/monde/</link><pubDate>Wed, 12 Feb 2025 09:45:25 +0100</pubDate><generator>francetvinfo 2025 (https://www.francetvinfo.fr)</generator><atom:link rel="self" type="application/rss+xml" href="https://www.francetvinfo.fr/monde.rss"/><item><title>Gel de l&#x2019;aide am&#xE9;ricaine : "10 000 enfants sont en danger de mort en R&#xE9;publique d&#xE9;mocratique du Congo", alerte Action contre la Faim</title><description>L'ONG appelle &#xE0; l'aide les bailleurs du monde entier pour compenser la d&#xE9;fection des &#xC9;tats-Unis qui repr&#xE9;sentent plus d'un tiers de son budget op&#xE9;rationnel. "733 millions de personnes souffrent de la faim dans le monde, soit pr&#xE8;s de 10% de la population mondiale."</description><pubDate>Wed, 12 Feb 2025 08:12:40 +0100</pubDate><link>https://www.francetvinfo.fr/monde/afrique/congo/gel-de-l-aide-americaine-10-000-enfants-sont-en-danger-de-mort-en-republique-democratique-du-congo-alerte-action-contre-la-faim_7069898.html#xtor=RSS-3-[general]</link><guid isPermaLink="true">https://www.francetvinfo.fr/monde/afrique/congo/gel-de-l-aide-americaine-10-000-enfants-sont-en-danger-de-mort-en-republique-democratique-du-congo-alerte-action-contre-la-faim_7069898.html#xtor=RSS-3-[general]</guid><enclosure length="243" type="image/jpeg" url="https://www.francetvinfo.fr/pictures/CuC8q8bLp-3qUMdink4uWojQre0/0x0:2048x1151/432x243/filters:format(jpg)/2025/02/12/epaphotosthree047741-67ac4952a7654022390411.jpg"/></item><item><title>Les Etats-Unis annoncent la lib&#xE9;ration de l'Am&#xE9;ricain Marc Fogel, enseignant d&#xE9;tenu en Russie depuis ao&#xFB;t 2021</title><description>Cet ancien diplomate avait &#xE9;t&#xE9; arr&#xEA;t&#xE9; &#xE0; Moscou en possession de plusieurs grammes de cannabis m&#xE9;dical, puis condamn&#xE9; &#xE0; 14 ans de prison en juin 2022.</description><pubDate>Wed, 12 Feb 2025 07:56:19 +0100</pubDate><link>https://www.francetvinfo.fr/monde/usa/la-maison-blanche-annonce-la-liberation-de-l-americain-marc-fogel-detenu-en-russie-depuis-aout-2021_7068854.html#xtor=RSS-3-[general]</link><guid isPermaLink="true">https://www.francetvinfo.fr/monde/usa/la-maison-blanche-annonce-la-liberation-de-l-americain-marc-fogel-detenu-en-russie-depuis-aout-2021_7068854.html#xtor=RSS-3-[general]</guid><enclosure length="243" type="image/jpeg" url="https://www.francetvinfo.fr/pictures/i-EYa4SshjZQg8PNj2dYQI3y5dI/0x14:1024x590/432x243/filters:format(jpg)/2025/02/11/063-2196824430-67ab9f6649031721494832.jpg"/></item><item><title>DIRECT. Guerre au Proche-Orient&#xA0;: Isra&#xEB;l menace le Hamas de "combats intenses" si les otages ne sont pas lib&#xE9;r&#xE9;s samedi</title><description>De son c&#xF4;t&#xE9;, Donald Trump a &#xE9;galement r&#xE9;it&#xE9;r&#xE9; au Hamas son ultimatum sur la date de samedi.</description><pubDate>Wed, 12 Feb 2025 07:53:57 +0100</pubDate><link>https://www.francetvinfo.fr/monde/proche-orient/guerre/direct-guerre-au-proche-orient-israel-menace-le-hamas-de-combats-intenses-si-les-otages-ne-sont-pas-liberes-samedi_7069763.html#xtor=RSS-3-[general]</link><guid isPermaLink="true">https://www.francetvinfo.fr/monde/proche-orient/guerre/direct-guerre-au-proche-orient-israel-menace-le-hamas-de-combats-intenses-si-les-otages-ne-sont-pas-liberes-samedi_7069763.html#xtor=RSS-3-[general]</guid><enclosure length="243" type="image/jpeg" url="https://www.francetvinfo.fr/pictures/WZ4GZdzReEAE2q7slRWILQNxuGE/0x53:1024x629/432x243/filters:format(jpg)/2025/02/12/068-aa-11022025-2076860-67ac2f9959911612081475.jpg"/></item><item><title>Guerre au Proche-Orient&#xA0;: Emmanuel Macron s'oppose au projet de Donald Trump pour la bande de Gaza</title><description>Dans une interview &#xE0; CNN, le pr&#xE9;sident fran&#xE7;ais appelle son homologue am&#xE9;ricain au "respect" des Gazaouis.</description><pubDate>Wed, 12 Feb 2025 07:48:28 +0100</pubDate><link>https://www.francetvinfo.fr/monde/proche-orient/guerre/guerre-au-proche-orient-emmanuel-macron-s-oppose-au-projet-de-donald-trump-pour-la-bande-de-gaza_7069817.html#xtor=RSS-3-[general]</link><guid isPermaLink="true">https://www.francetvinfo.fr/monde/proche-orient/guerre/guerre-au-proche-orient-emmanuel-macron-s-oppose-au-projet-de-donald-trump-pour-la-bande-de-gaza_7069817.html#xtor=RSS-3-[general]</guid><enclosure length="243" type="image/jpeg" url="https://www.francetvinfo.fr/pictures/bQ8M4BGTrKnqf5QGAikJZTRd4ms/0x0:1024x575/432x243/filters:format(jpg)/2025/02/12/075-pelletier-notitle241207-np3ky-67ac30cf505c6932056307.jpg"/></item><item><title>La lente et irr&#xE9;m&#xE9;diable chute des exportations de vins et spiritueux fran&#xE7;ais</title><description>On savait le secteur des vins et spiritueux en crise, les chiffres de l&#x2019;ann&#xE9;e 2024 le prouvent et nos exportations accusent particuli&#xE8;rement le coup.</description><pubDate>Wed, 12 Feb 2025 07:23:20 +0100</pubDate><link>https://www.francetvinfo.fr/replay-radio/le-brief-eco/la-lente-et-irremediable-chute-des-exportations-de-vins-et-spiritueux-francais_7041989.html#xtor=RSS-3-[general]</link><guid isPermaLink="true">https://www.francetvinfo.fr/replay-radio/le-brief-eco/la-lente-et-irremediable-chute-des-exportations-de-vins-et-spiritueux-francais_7041989.html#xtor=RSS-3-[general]</guid><enclosure length="243" type="image/jpeg" url="https://www.francetvinfo.fr/pictures/EccZsrZDA0H_Awh0hhs3L3sp4Vk/0x0:4252x2390/432x243/filters:format(jpg)/2025/02/12/vin-de-bordeaux-67ac3cd3072a1245880835.jpg"/></item><item><title>Italie : les enfants handicap&#xE9;s vont &#xE0; l'&#xE9;cole avec tous les autres</title><description>En Italie, les enfants handicap&#xE9;s, quelles que soient leurs difficult&#xE9;s, sont accueillis dans les &#xE9;tablissements classiques avec les autres &#xE9;l&#xE8;ves. Ils b&#xE9;n&#xE9;ficient &#xE9;galement d'un accompagnement sur mesure.</description><pubDate>Wed, 12 Feb 2025 00:15:10 +0100</pubDate><link>https://www.francetvinfo.fr/sante/handicap/italie-les-enfants-handicapes-vont-a-l-ecole-avec-tous-les-autres_7068995.html#xtor=RSS-3-[general]</link><guid isPermaLink="true">https://www.francetvinfo.fr/sante/handicap/italie-les-enfants-handicapes-vont-a-l-ecole-avec-tous-les-autres_7068995.html#xtor=RSS-3-[general]</guid><enclosure length="243" type="image/jpeg" url="https://www.francetvinfo.fr/pictures/JFhahsiLMg5BkOQRtC3esAtKI50/0x12:1616x921/432x243/filters:format(jpg)/2025/02/11/italie-les-enfants-handicapes-vont-a-l-ecole-avec-tous-les-autres-67abc7df40542165692651.jpg"/></item><item><title>VIDEO. "Ces enfants sont en danger de mort" : Action contre la Faim subit les cons&#xE9;quences du gel de l'aide am&#xE9;ricaine</title><description>L'aide internationale am&#xE9;ricaine a &#xE9;t&#xE9; suspendue pour 90 jours. Une v&#xE9;ritable catastrophe pour de nombreuses ONG, parmi lesquelles Action Contre la Faim, contrainte de renoncer &#xE0; une cinquantaine de projets cruciaux dans le monde.</description><pubDate>Tue, 11 Feb 2025 23:54:13 +0100</pubDate><link>https://www.francetvinfo.fr/societe/ces-enfants-sont-en-danger-de-mort-action-contre-la-faim-subit-les-consequences-du-gel-de-l-aide-americaine_7068938.html#xtor=RSS-3-[general]</link><guid isPermaLink="true">https://www.francetvinfo.fr/societe/ces-enfants-sont-en-danger-de-mort-action-contre-la-faim-subit-les-consequences-du-gel-de-l-aide-americaine_7068938.html#xtor=RSS-3-[general]</guid><enclosure length="243" type="image/jpeg" url="https://www.francetvinfo.fr/pictures/zpXutHXXBs7BEldurgQERdScJ84/0x9:1620x921/432x243/filters:format(jpg)/2025/02/11/ces-enfants-sont-en-danger-de-mort-action-contre-la-faim-subit-les-consequences-du-gel-de-l-aide-americaine-67abbd5b5adef978113576.jpg"/></item><item><title>Guerre au Proche-Orient&#xA0;: Isra&#xEB;l menace le Hamas de "combats intenses" si les otages ne sont pas lib&#xE9;r&#xE9;s samedi</title><description>Donald Trump a de son c&#xF4;t&#xE9; promis "un enfer" au mouvement islamiste palestinien, s'il ne respecte pas les termes de l'accord du cessez-le-feu.</description><pubDate>Tue, 11 Feb 2025 23:45:07 +0100</pubDate><link>https://www.francetvinfo.fr/monde/proche-orient/guerre/direct-guerre-au-proche-orient-donald-trump-promet-un-veritable-enfer-au-hamas-si-les-otages-israeliens-ne-sont-pas-relaches-d-ici-samedi_7067888.html#xtor=RSS-3-[general]</link><guid isPermaLink="true">https://www.francetvinfo.fr/monde/proche-orient/guerre/direct-guerre-au-proche-orient-donald-trump-promet-un-veritable-enfer-au-hamas-si-les-otages-israeliens-ne-sont-pas-relaches-d-ici-samedi_7067888.html#xtor=RSS-3-[general]</guid><enclosure length="243" type="image/jpeg" url="https://www.francetvinfo.fr/pictures/vFIENZnxXNEFh7SRKKYvolrlTWA/0x35:1024x610/432x243/filters:format(jpg)/2025/02/11/068-aa-07022025-2070733-1-67ab9245c62ee444467193.jpg"/></item><item><title>La Pologne affirme qu'un avion russe a bri&#xE8;vement viol&#xE9; son espace a&#xE9;rien, Moscou avance une "d&#xE9;faillance du syst&#xE8;me de navigation"</title><description>Selon les autorit&#xE9;s militaires, l'appareil Su-24MR est entr&#xE9; jusqu'&#xE0; 6,5 km &#xE0; l'int&#xE9;rieur de l'espace a&#xE9;rien polonais, ce que la Russie ne nie pas. L'incursion intervient au lendemain de l'annonce d'un plan polonais pour "prot&#xE9;ger la mer Baltique".</description><pubDate>Tue, 11 Feb 2025 22:42:22 +0100</pubDate><link>https://www.francetvinfo.fr/monde/russie/la-pologne-affirme-qu-un-avion-russe-a-brievement-viole-son-espace-aerien-moscou-avance-une-defaillance-du-systeme-de-navigation_7068980.html#xtor=RSS-3-[general]</link><guid isPermaLink="true">https://www.francetvinfo.fr/monde/russie/la-pologne-affirme-qu-un-avion-russe-a-brievement-viole-son-espace-aerien-moscou-avance-une-defaillance-du-systeme-de-navigation_7068980.html#xtor=RSS-3-[general]</guid><enclosure length="243" type="image/jpeg" url="https://www.francetvinfo.fr/pictures/0H3ljYPtN2Rv0qYjecY86EZ9MLA/0x192:4800x2890/432x243/filters:format(jpg)/2025/02/11/000-329f7dj-67abc347948b4054896239.jpg"/></item><item><title>IA : l'Inde accueillera le prochain sommet international sur l'intelligence artificielle, confirme l'Elys&#xE9;e</title><description>Coorganisatrice du sommet sur l'IA &#xE0; Paris, l'Inde sera le quatri&#xE8;me pays &#xE0; accueillir une rencontre internationale sur le sujet, apr&#xE8;s le Royaume-Uni, la Cor&#xE9;e du Sud et la France.</description><pubDate>Tue, 11 Feb 2025 21:59:19 +0100</pubDate><link>https://www.francetvinfo.fr/internet/intelligence-artificielle/direct-sommet-pour-l-action-sur-l-ia-a-paris-suivez-la-seconde-journee-qui-reunit-chefs-d-etats-scientifiques-et-patrons-d-entreprise_7068074.html#xtor=RSS-3-[general]</link><guid isPermaLink="true">https://www.francetvinfo.fr/internet/intelligence-artificielle/direct-sommet-pour-l-action-sur-l-ia-a-paris-suivez-la-seconde-journee-qui-reunit-chefs-d-etats-scientifiques-et-patrons-d-entreprise_7068074.html#xtor=RSS-3-[general]</guid><enclosure length="243" type="image/jpeg" url="https://www.francetvinfo.fr/pictures/XVdWSul91calbKFuGecW0TDHmAI/0x0:1024x575/432x243/filters:format(jpg)/2025/02/11/000-36xl7h7-67ab433b0ed3d433605166.jpg"/></item><item><title>Droits de douane : l'inqui&#xE9;tude des sid&#xE9;rurgistes europ&#xE9;ens</title><description>L'Union europ&#xE9;enne ne compte pas se laisser faire face aux &#xC9;tats-Unis. Ursula von der Leyen promet une r&#xE9;ponse ferme si Donald Trump met &#xE0; ex&#xE9;cution sa menace d'augmenter les droits de douane de 25 % sur l'acier et l'aluminium europ&#xE9;ens.</description><pubDate>Tue, 11 Feb 2025 21:10:25 +0100</pubDate><link>https://www.francetvinfo.fr/replay-jt/france-2/20-heures/droits-de-douane-l-inquietude-des-siderurgistes-europeens_7068893.html#xtor=RSS-3-[general]</link><guid isPermaLink="true">https://www.francetvinfo.fr/replay-jt/france-2/20-heures/droits-de-douane-l-inquietude-des-siderurgistes-europeens_7068893.html#xtor=RSS-3-[general]</guid><enclosure length="243" type="image/jpeg" url="https://www.francetvinfo.fr/pictures/s_eRyJ5wAqkwB4QeaDs_mkkDmlw/113x0:1484x771/432x243/filters:format(jpg)/2025/02/11/douane-67abad806a177104259651.jpg"/></item><item><title>Droits de douane, IA, Conseil constitutionnel, indice de perception de la corruption, Les inform&#xE9;s de franceinfo du mardi 11 f&#xE9;vrier 2025</title><description>Tous les jours, les inform&#xE9;s d&#xE9;battent de l'actualit&#xE9; autour d'Aur&#xE9;lie Herbemont.</description><pubDate>Tue, 11 Feb 2025 21:08:40 +0100</pubDate><link>https://www.francetvinfo.fr/replay-radio/les-informes-de-france-info/droits-de-douane-ia-conseil-constitutionnel-indice-de-perception-de-la-corruption-les-informes-de-franceinfo-du-mardi-11-fevrier-2025_7040174.html#xtor=RSS-3-[general]</link><guid isPermaLink="true">https://www.francetvinfo.fr/replay-radio/les-informes-de-france-info/droits-de-douane-ia-conseil-constitutionnel-indice-de-perception-de-la-corruption-les-informes-de-franceinfo-du-mardi-11-fevrier-2025_7040174.html#xtor=RSS-3-[general]</guid><enclosure length="243" type="image/jpeg" url="https://www.francetvinfo.fr/pictures/En9VTW4fe9yD2k7dO9EA-hM-Yts/0x0:1024x576/432x243/filters:format(jpg)/2025/02/11/untitled-67aba1c79e00d869150586.jpg"/></item><item><title>Guerre en Ukraine : Volodymyr Zelensky se dit pr&#xEA;t &#xE0; un "&#xE9;change" de territoires avec la Russie en cas de n&#xE9;gociations avec Moscou</title><description>Avant de rencontrer le vice-pr&#xE9;sident am&#xE9;ricain, vendredi, le pr&#xE9;sident ukrainien a &#xE9;galement affirm&#xE9; que l'Europe ne serait pas en mesure d'assurer la s&#xE9;curit&#xE9; de son pays sans les Etats-Unis.</description><pubDate>Tue, 11 Feb 2025 21:04:13 +0100</pubDate><link>https://www.francetvinfo.fr/monde/europe/manifestations-en-ukraine/guerre-en-ukraine-volodymyr-zelensky-se-dit-pret-a-un-echange-de-territoires-avec-la-russie-en-cas-de-negociations-avec-moscou_7068890.html#xtor=RSS-3-[general]</link><guid isPermaLink="true">https://www.francetvinfo.fr/monde/europe/manifestations-en-ukraine/guerre-en-ukraine-volodymyr-zelensky-se-dit-pret-a-un-echange-de-territoires-avec-la-russie-en-cas-de-negociations-avec-moscou_7068890.html#xtor=RSS-3-[general]</guid><enclosure length="243" type="image/jpeg" url="https://www.francetvinfo.fr/pictures/_0Ten_djxq9z_PSCfL0FB2jS3eM/0x112:6966x4028/432x243/filters:format(jpg)/2025/02/11/000-36xc9f8-67abac8f96570074650858.jpg"/></item><item><title>"J'ai hurl&#xE9; de douleur et je ne pouvais plus voir"&#xA0;: Salman Rushdie t&#xE9;moigne au proc&#xE8;s de l'homme accus&#xE9; d'avoir tent&#xE9; de le tuer</title><description>Hadi Matar, un Am&#xE9;ricano-Libanais accus&#xE9; d'avoir tent&#xE9; de tuer l'auteur des "Versets sataniques", &#xE0; l'&#xE9;t&#xE9; 2022, est jug&#xE9; depuis lundi &#xE0; Mayville, aux Etats-Unis.</description><pubDate>Tue, 11 Feb 2025 18:02:23 +0100</pubDate><link>https://www.francetvinfo.fr/culture/livres/salman-rushdie/proces-de-la-tentative-d-assassinat-de-salman-rushdie-l-ecrivain-temoigne-avoir-hurle-de-douleur_7068701.html#xtor=RSS-3-[general]</link><guid isPermaLink="true">https://www.francetvinfo.fr/culture/livres/salman-rushdie/proces-de-la-tentative-d-assassinat-de-salman-rushdie-l-ecrivain-temoigne-avoir-hurle-de-douleur_7068701.html#xtor=RSS-3-[general]</guid><enclosure length="243" type="image/jpeg" url="https://www.francetvinfo.fr/pictures/oFurOHDdyxTP0Vpyh5inAw9_gLs/0x106:1024x682/432x243/filters:format(jpg)/2025/02/11/000-36xe3yn-67ab826f2711b860287214.jpg"/></item><item><title>Cessez-le-feu &#xE0; Gaza : la tr&#xEA;ve menac&#xE9;e ? Les familles d'otages inqui&#xE8;tes pour leurs proches</title><description>Alors que plusieurs otages isra&#xE9;liens ont &#xE9;t&#xE9; lib&#xE9;r&#xE9;s par le Hamas ces derni&#xE8;res semaines, l'accord de tr&#xEA;ve semble fragilis&#xE9; : le gouvernement isra&#xE9;lien ne respecterait pas le cessez-le-feu, et le groupe islamiste palestinien menace de tout arr&#xEA;ter.</description><pubDate>Tue, 11 Feb 2025 16:09:07 +0100</pubDate><link>https://www.francetvinfo.fr/monde/proche-orient/israel-palestine/cessez-le-feu-a-gaza-la-treve-menacee-les-familles-d-otages-inquietes-pour-leurs-proches_7068512.html#xtor=RSS-3-[general]</link><guid isPermaLink="true">https://www.francetvinfo.fr/monde/proche-orient/israel-palestine/cessez-le-feu-a-gaza-la-treve-menacee-les-familles-d-otages-inquietes-pour-leurs-proches_7068512.html#xtor=RSS-3-[general]</guid><enclosure length="243" type="image/jpeg" url="https://www.francetvinfo.fr/pictures/aIAKEDagAkf1ge2Qu0vjJ6O7u1A/0x15:1610x921/432x243/filters:format(jpg)/2025/02/11/gaza-la-treve-menacee-les-familles-d-otages-inquietes-pour-leurs-proches-67ab66918d05d439707219.jpg"/></item><item><title>"Cela pourrait arriver &#xE0; n'importe quelle famille" : au Royaume-Uni, les attaques au couteau sont un v&#xE9;ritable fl&#xE9;au</title><description>Le gouvernement britannique a d&#xE9;j&#xE0; interdit l'usage des couteaux "zombie", mais les attaques &#xE0; l'arme blanche continuent de faire des ravages dans le pays. Chaque semaine, la presse titre sur la mort d&#x2019;un adolescent poignard&#xE9;.</description><pubDate>Tue, 11 Feb 2025 15:59:32 +0100</pubDate><link>https://www.francetvinfo.fr/replay-radio/echos-du-monde/cela-pourrait-arriver-a-n-importe-quelle-famille-au-royaume-uni-les-attaques-au-couteau-sont-un-veritable-fleau_7047527.html#xtor=RSS-3-[general]</link><guid isPermaLink="true">https://www.francetvinfo.fr/replay-radio/echos-du-monde/cela-pourrait-arriver-a-n-importe-quelle-famille-au-royaume-uni-les-attaques-au-couteau-sont-un-veritable-fleau_7047527.html#xtor=RSS-3-[general]</guid><enclosure length="243" type="image/jpeg" url="https://www.francetvinfo.fr/pictures/p_Yjj6EeqRtrJ9DmOih232p0wJg/0x312:6000x3687/432x243/filters:format(jpg)/2025/02/11/000-36gj8lu-67ab5b3c0ec88965184902.jpg"/></item><item><title>Gel de l'aide am&#xE9;ricaine pour le d&#xE9;veloppement&#xA0;: une ONG sp&#xE9;cialis&#xE9;e dans le d&#xE9;minage licencie plus de la moiti&#xE9; de ses employ&#xE9;s</title><description>L'ONG norv&#xE9;gienne Norsk Folkehjelp annonce devoir supprimer les emplois de quelque 1&#xA0;700 personnes. "Mais le co&#xFB;t le plus &#xE9;lev&#xE9; est celui pay&#xE9; par les enfants, les agriculteurs et les communaut&#xE9;s locales", explique l'organisme.</description><pubDate>Tue, 11 Feb 2025 15:49:36 +0100</pubDate><link>https://www.francetvinfo.fr/monde/norvege/gel-de-l-aide-americaine-une-ong-specialisee-dans-le-deminage-licencie-plus-de-la-moitie-de-ses-employes-dans-le-monde_7068482.html#xtor=RSS-3-[general]</link><guid isPermaLink="true">https://www.francetvinfo.fr/monde/norvege/gel-de-l-aide-americaine-une-ong-specialisee-dans-le-deminage-licencie-plus-de-la-moitie-de-ses-employes-dans-le-monde_7068482.html#xtor=RSS-3-[general]</guid><enclosure length="243" type="image/jpeg" url="https://www.francetvinfo.fr/pictures/0DP2I_-56mmTi9EBQvgAIUVXKEg/0x0:5724x3218/432x243/filters:format(jpg)/2025/02/11/000-36xg6y3-67ab6257895fa870354226.jpg"/></item><item><title>"Nous, les Europ&#xE9;ens". Allemagne : la grande panne</title><description><![CDATA[Grand reportage, invités et actualité européenne sont au sommaire de ce magazine d'information, présenté par Eléonore Gay et diffusé le jeudi en fin de soirée sur France&nbsp;2, ainsi que le dimanche à 10h40 sur France&nbsp;3.]]></description><pubDate>Tue, 11 Feb 2025 15:40:36 +0100</pubDate><link>https://www.francetvinfo.fr/replay-magazine/france-2/nous-les-europeens/nous-les-europeens-allemagne-la-grande-panne_7033730.html#xtor=RSS-3-[general]</link><guid isPermaLink="true">https://www.francetvinfo.fr/replay-magazine/france-2/nous-les-europeens/nous-les-europeens-allemagne-la-grande-panne_7033730.html#xtor=RSS-3-[general]</guid><enclosure length="243" type="image/jpeg" url="https://www.francetvinfo.fr/pictures/cRo-FzsrOR6WclMK9a4p8SIefwU/0x0:1920x1080/432x243/filters:format(jpg)/2025/01/24/broadvbu7e8-6792eb768099c512642283.jpg"/></item><item><title>VIDEOS. Cauchemars, solitude, d&#xE9;pression... Derri&#xE8;re l'IA en pleine expansion, des employ&#xE9;s "sacrifi&#xE9;s", traumatis&#xE9;s par leur travail</title><description>A l'occasion du Sommet pour l'action sur l'intelligence artificielle qui se d&#xE9;roule &#xE0; Paris lundi et mardi, France 2 d&#xE9;die une soir&#xE9;e sp&#xE9;ciale &#xE0; l'IA, avec la diffusion d'un documentaire sur la face cach&#xE9;e de ce processus technologique.</description><pubDate>Tue, 11 Feb 2025 15:26:39 +0100</pubDate><link>https://www.francetvinfo.fr/internet/intelligence-artificielle/videos-cauchemars-solitude-depression-derriere-l-intelligence-artificielle-en-pleine-expansion-des-employes-sacrifies-traumatises-par-leur-travail_6958682.html#xtor=RSS-3-[general]</link><guid isPermaLink="true">https://www.francetvinfo.fr/internet/intelligence-artificielle/videos-cauchemars-solitude-depression-derriere-l-intelligence-artificielle-en-pleine-expansion-des-employes-sacrifies-traumatises-par-leur-travail_6958682.html#xtor=RSS-3-[general]</guid><enclosure length="243" type="image/png" url="https://www.francetvinfo.fr/pictures/hNpaj0jAwrL_dqLi_Xf2Kr_nawE/98x0:1172x604/432x243/filters:format(jpg)/2025/01/30/cap-679bcad2af059150397355.png"/></item><item><title>Tortures, privation de nourriture... Des otages isra&#xE9;liens lib&#xE9;r&#xE9;s racontent leur calvaire en captivit&#xE9; &#xE0; Gaza</title><description>"J'ai &#xE9;t&#xE9; d&#xE9;tenu dans des tunnels sans voir la lumi&#xE8;re du jour", raconte Ofer Kalderon, ex-otage franco-isra&#xE9;lien lib&#xE9;r&#xE9; par le Hamas le 1er f&#xE9;vrier dernier. Il d&#xE9;crit des "conditions de faim extr&#xEA;mes", "sans prendre de douche pendant des mois entiers".</description><pubDate>Tue, 11 Feb 2025 14:54:37 +0100</pubDate><link>https://www.francetvinfo.fr/monde/proche-orient/israel-palestine/un-bout-de-pain-par-jour-tortures-des-otages-israeliens-liberes-racontent-l-enfer-de-leur-detention_7068116.html#xtor=RSS-3-[general]</link><guid isPermaLink="true">https://www.francetvinfo.fr/monde/proche-orient/israel-palestine/un-bout-de-pain-par-jour-tortures-des-otages-israeliens-liberes-racontent-l-enfer-de-leur-detention_7068116.html#xtor=RSS-3-[general]</guid><enclosure length="243" type="image/jpeg" url="https://www.francetvinfo.fr/pictures/vVRYBTVO_vcK4Vhe0RXx3LROoLE/132x0:1159x577/432x243/filters:format(jpg)/2025/02/11/otages-israeliens-conditions-detention-hamas-67ab02778c621330125565.jpg"/></item></channel></rss>
