<?xml version="1.0"?>
<rss xmlns:content="http://purl.org/rss/1.0/modules/content/" version="2.0" xmlns:media="http://search.yahoo.com/mrss/" xmlns:atom="http://www.w3.org/2005/Atom" xmlns:schema="https://schema.org"><channel><title>Franceinfo- En image</title><description>Franceinfo- En image</description><link>https://www.francetvinfo.fr/en-image/</link><pubDate>Wed, 12 Feb 2025 09:49:49 +0100</pubDate><generator>francetvinfo 2025 (https://www.francetvinfo.fr)</generator><atom:link rel="self" type="application/rss+xml" href="https://www.francetvinfo.fr/en-image.rss"/><item><title>EN IMAGES. JO de Paris 2024 : surf &#xE0; Tahiti, beach volley &#xE0; la tour Eiffel, escrime au Grand Palais... Les plus belles images des Jeux olympiques</title><description>Pendant plus de deux semaines, Paris a offert le plus beau des d&#xE9;cors pour les Jeux olympiques 2024.</description><pubDate>Sun, 11 Aug 2024 20:59:18 +0200</pubDate><link>https://www.francetvinfo.fr/les-jeux-olympiques/paris-2024/focus/en-images-jo-de-paris-2024-surf-a-tahiti-beach-volley-a-la-tour-eiffel-escrime-au-grand-palais-les-plus-belles-images-des-jeux-olympiques_6691635.html#xtor=RSS-3-[general]</link><guid isPermaLink="true">https://www.francetvinfo.fr/les-jeux-olympiques/paris-2024/focus/en-images-jo-de-paris-2024-surf-a-tahiti-beach-volley-a-la-tour-eiffel-escrime-au-grand-palais-les-plus-belles-images-des-jeux-olympiques_6691635.html#xtor=RSS-3-[general]</guid><enclosure length="243" type="image/jpeg" url="https://www.francetvinfo.fr/pictures/P3pzNPF8XD-le1Wm_5fcA3kr7yU/0x102:1024x678/432x243/filters:format(jpg)/2024/07/28/000-366d9pw-1-66a613e7d5e72253047110.jpg"/></item><item><title>EN IMAGES. JO 2024&#xA0;: l'extraordinaire remont&#xE9;e de l'&#xE9;quipe de France de judo, championne olympique contre le Japon</title><description>Les Fran&#xE7;ais qui ont &#xE9;t&#xE9; men&#xE9;s 3-1 par les Japonais ont fini par remporter l'or olympique dans une ambiance de folie.</description><pubDate>Sat, 03 Aug 2024 21:11:14 +0200</pubDate><link>https://www.francetvinfo.fr/les-jeux-olympiques/judo/en-images-jo-2024-l-extraordinaire-remontee-de-l-equipe-de-france-de-judo-championne-olympique-contre-le-japon_6704787.html#xtor=RSS-3-[general]</link><guid isPermaLink="true">https://www.francetvinfo.fr/les-jeux-olympiques/judo/en-images-jo-2024-l-extraordinaire-remontee-de-l-equipe-de-france-de-judo-championne-olympique-contre-le-japon_6704787.html#xtor=RSS-3-[general]</guid><enclosure length="243" type="image/jpeg" url="https://www.francetvinfo.fr/pictures/XeXw0cRTvWp-N5f4CR-qOROvlrQ/0x348:6682x4107/432x243/filters:format(jpg)/2024/08/03/000-369n3em-66ae71240d150130166760.jpg"/></item><item><title>Monde : &#xC9;tats-Unis, Londres, Martinique&#x2026; L&#x2019;actualit&#xE9; de la semaine en images</title><description>Que s&#x2019;est-il pass&#xE9; dans le monde cette semaine? Une surprise merveilleuse pour des &#xE9;tudiants en m&#xE9;decine aux &#xC9;tats-Unis, une toile de Magritte pr&#xEA;te &#xE0; battre des records et un homme et des rames pour un tour du monde.</description><pubDate>Sun, 03 Mar 2024 22:09:56 +0100</pubDate><link>https://www.francetvinfo.fr/en-image/monde-etats-unis-londres-martinique-l-actualite-de-la-semaine-en-images_6402151.html#xtor=RSS-3-[general]</link><guid isPermaLink="true">https://www.francetvinfo.fr/en-image/monde-etats-unis-londres-martinique-l-actualite-de-la-semaine-en-images_6402151.html#xtor=RSS-3-[general]</guid><enclosure length="243" type="image/png" url="https://www.francetvinfo.fr/pictures/Tr1y7AQG3eQD5CNqOqoEiq2eDR8/0x46:584x375/432x243/filters:format(jpg)/2024/03/03/monde-65e4e6f540990235226946.png"/></item><item><title>Le monde en images :&#xA0;tour d&#x2019;horizon de l&#x2019;actualit&#xE9;</title><description>Le message de No&#xEB;l de la ministre de la D&#xE9;fense belge qui passe mal, un nuage d&#x2019;&#xE9;toile festif de la NASA et des drones par milliers dans le ciel du Texas.&#xA0;Le 20 Heures du dimanche 24 d&#xE9;cembre revient sur les derni&#xE8;res actualit&#xE9;s en images.</description><pubDate>Sun, 24 Dec 2023 22:11:24 +0100</pubDate><link>https://www.francetvinfo.fr/en-image/le-monde-en-images-tour-d-horizon-de-l-actualite_6264267.html#xtor=RSS-3-[general]</link><guid isPermaLink="true">https://www.francetvinfo.fr/en-image/le-monde-en-images-tour-d-horizon-de-l-actualite_6264267.html#xtor=RSS-3-[general]</guid><enclosure length="243" type="image/png" url="https://www.francetvinfo.fr/pictures/3iAwQzAYA2R7pzaah38Yiut6C4M/0x69:772x505/432x243/filters:format(jpg)/2023/12/24/le-tour-du-monde-en-images-658897908c2b9797457986.png"/></item><item><title>Le monde en images : tour d&#x2019;horizon de l&#x2019;actualit&#xE9;</title><description>Le 20 heures de France 2 vous propose un tour d&#x2019;horizon de l&#x2019;actualit&#xE9; du monde entier en images, ce dimanche 3 d&#xE9;cembre.</description><pubDate>Sun, 03 Dec 2023 22:10:45 +0100</pubDate><link>https://www.francetvinfo.fr/en-image/le-monde-en-images-tour-d-horizon-de-l-actualite_6221652.html#xtor=RSS-3-[general]</link><guid isPermaLink="true">https://www.francetvinfo.fr/en-image/le-monde-en-images-tour-d-horizon-de-l-actualite_6221652.html#xtor=RSS-3-[general]</guid><enclosure length="243" type="image/jpeg" url="https://www.francetvinfo.fr/pictures/EYDEGIFG4moAKBXtCz5q32MCAMk/470x0:2382x1076/432x243/filters:format(jpg)/2023/12/03/img-0044-656ce9e30b691427782664.jpeg"/></item><item><title>EN IMAGES. Inondations dans le Pas-de-Calais : habitants &#xE9;vacu&#xE9;s, communes submerg&#xE9;es, &#xE9;coles ferm&#xE9;es&#x2026; Le d&#xE9;partement est confront&#xE9; &#xE0; des crues records</title><description>Quelques jours apr&#xE8;s les passages des temp&#xEA;tes Ciaran et Domingos, plusieurs communes travers&#xE9;es par le fleuve c&#xF4;tier Aa ont subi des inondations.</description><pubDate>Tue, 07 Nov 2023 14:09:48 +0100</pubDate><link>https://www.francetvinfo.fr/en-image/en-images-inondations-dans-le-pas-de-calais-habitants-evacues-communes-submergees-ecoles-fermees-le-departement-est-confronte-a-des-crues-records_6168864.html#xtor=RSS-3-[general]</link><guid isPermaLink="true">https://www.francetvinfo.fr/en-image/en-images-inondations-dans-le-pas-de-calais-habitants-evacues-communes-submergees-ecoles-fermees-le-departement-est-confronte-a-des-crues-records_6168864.html#xtor=RSS-3-[general]</guid><enclosure length="243" type="image/jpeg" url="https://www.francetvinfo.fr/pictures/kn7tK4MM9z563eEnVUnUlYpIU9A/0x253:4858x2986/432x243/filters:format(jpg)/2023/11/07/maxnewsspecial803394-654a19ca47d54458766661.jpg"/></item><item><title>EN IMAGES. En Inde, le d&#xE9;but de la saison de la pollution fait suffoquer le nord du pays</title><description>Un &#xE9;pais brouillard recouvre les grandes villes du nord-ouest de l'Inde. Les habitants subissent, depuis le d&#xE9;but du mois, un nouvel &#xE9;pisode de pollution pr&#xE9;occupant qui risque de durer.</description><pubDate>Mon, 06 Nov 2023 16:39:14 +0100</pubDate><link>https://www.francetvinfo.fr/en-image/en-images-en-inde-le-debut-de-la-saison-de-la-pollution-fait-suffoquer-le-nord-du-pays_6166932.html#xtor=RSS-3-[general]</link><guid isPermaLink="true">https://www.francetvinfo.fr/en-image/en-images-en-inde-le-debut-de-la-saison-de-la-pollution-fait-suffoquer-le-nord-du-pays_6166932.html#xtor=RSS-3-[general]</guid><enclosure length="243" type="image/jpeg" url="https://www.francetvinfo.fr/pictures/8hwx-Ivnm3_a93WjDTLPxdLns8U/0x456:4389x2921/432x243/filters:format(jpg)/2023/11/06/000-33zy9d9-6548e2e44d713971786935.jpg"/></item><item><title>Guerre entre Isra&#xEB;l et le Hamas : en Cisjordanie, les attaques des colons isra&#xE9;liens forcent des B&#xE9;douins &#xE0; fuir leurs terres</title><description>Depuis l'attaque du Hamas le 7 octobre, les r&#xE9;pliques isra&#xE9;liennes ne touchent pas seulement la bande de Gaza, mais aussi la Cisjordanie, o&#xF9; des colons isra&#xE9;liens s'en prennent &#xE0; des B&#xE9;douins.</description><pubDate>Tue, 17 Oct 2023 17:56:53 +0200</pubDate><link>https://www.francetvinfo.fr/monde/proche-orient/israel-palestine/guerre-entre-israel-et-le-hamas-en-cisjordanie-des-bedouins-pousses-a-fuir-leurs-terres_6127419.html#xtor=RSS-3-[general]</link><guid isPermaLink="true">https://www.francetvinfo.fr/monde/proche-orient/israel-palestine/guerre-entre-israel-et-le-hamas-en-cisjordanie-des-bedouins-pousses-a-fuir-leurs-terres_6127419.html#xtor=RSS-3-[general]</guid><enclosure length="243" type="image/jpeg" url="https://www.francetvinfo.fr/pictures/rZp5qC7VaM9xafhNSS8tGvyERTw/0x150:1600x1050/432x243/filters:format(jpg)/2023/10/17/whatsapp-image-2023-10-17-at-14-02-30-652e7b6de0eeb509408254.jpeg"/></item><item><title>Une semaine dans le monde : un carabinier italien r&#xE9;conforte un enfant exil&#xE9; &#xE0; Lampedusa</title><description>Comme chaque semaine, le 20 Heures en week-end fait un tour d&#x2019;horizon de l&#x2019;actualit&#xE9; dans le monde. Au programme du dimanche 17 septembre : des couleurs, des l&#xE9;gumes et de la musique.</description><pubDate>Sun, 17 Sep 2023 20:52:59 +0200</pubDate><link>https://www.francetvinfo.fr/en-image/une-semaine-dans-le-monde-un-carabinier-italien-reconforte-un-enfant-exile-a-lampedusa_6067893.html#xtor=RSS-3-[general]</link><guid isPermaLink="true">https://www.francetvinfo.fr/en-image/une-semaine-dans-le-monde-un-carabinier-italien-reconforte-un-enfant-exile-a-lampedusa_6067893.html#xtor=RSS-3-[general]</guid><enclosure length="243" type="image/png" url="https://www.francetvinfo.fr/pictures/8n177B-caMlcqjU8amKOLQ2xZl4/0x1:497x281/432x243/filters:format(jpg)/2023/09/17/monde-65074a6ea1500359487019.png"/></item><item><title>EN IMAGES. Mick Jagger f&#xEA;te ses 80 ans : retour en 8 photographies sur ses explosives apparitions</title><description>Bad boy, showman et sex symbole, l'ic&#xF4;ne britannique a marqu&#xE9; l'histoire du rock, il f&#xEA;te aujourd'hui ses 80 ans.</description><pubDate>Wed, 26 Jul 2023 15:05:25 +0200</pubDate><link>https://www.francetvinfo.fr/culture/musique/rolling-stones/en-images-mick-jagger-fete-ses-80-ans-retour-en-8-photographies-sur-ces-apparitions-dejantees_5972492.html#xtor=RSS-3-[general]</link><guid isPermaLink="true">https://www.francetvinfo.fr/culture/musique/rolling-stones/en-images-mick-jagger-fete-ses-80-ans-retour-en-8-photographies-sur-ces-apparitions-dejantees_5972492.html#xtor=RSS-3-[general]</guid><enclosure length="243" type="image/jpeg" url="https://www.francetvinfo.fr/pictures/ai_hSCikK4Qg-gJ08qg_olQO-80/0x246:4724x2904/432x243/filters:format(jpg)/2023/07/26/64c0ffae63c1a_gettyimages-1424361454.jpg"/></item><item><title>EN IMAGES. AVANT/APRES. Explosion d'un immeuble &#xE0; Paris&#xA0;: visualisez l'ampleur des d&#xE9;g&#xE2;ts provoqu&#xE9;s par la forte explosion</title><description>Selon un bilan provisoire, une cinquantaine de personnes sont bless&#xE9;es apr&#xE8;s l'explosion survenue dans le 5e arrondissement de Paris.</description><pubDate>Thu, 22 Jun 2023 14:08:06 +0200</pubDate><link>https://www.francetvinfo.fr/faits-divers/explosion-dans-un-immeuble-a-paris/en-images-avant-apres-explosion-d-un-immeuble-a-paris-visualisez-l-ampleur-des-degats-provoques-par-la-forte-explosion_5904080.html#xtor=RSS-3-[general]</link><guid isPermaLink="true">https://www.francetvinfo.fr/faits-divers/explosion-dans-un-immeuble-a-paris/en-images-avant-apres-explosion-d-un-immeuble-a-paris-visualisez-l-ampleur-des-degats-provoques-par-la-forte-explosion_5904080.html#xtor=RSS-3-[general]</guid><enclosure length="243" type="image/jpeg" url="https://www.francetvinfo.fr/pictures/kE26ncHf4rnBtMtlteSF8nW2_dI/0x117:993x675/432x243/filters:format(jpg)/2023/06/22/64941ee5a3c4d_avant-apres.jpg"/></item><item><title>"Made in Africa - Dans ma valise" : un joli recueil de mille et un objets artisanaux d&#xE9;nich&#xE9;s sur le continent africain</title><description>De la d&#xE9;coration &#xE0; la mode, en passant par la cuisine et les objets du quotidien, "Made in Africa - Dans ma valise" r&#xE9;unit une vari&#xE9;t&#xE9; de productions artisanales fabriqu&#xE9;es un peu partout dans les pays africains. De v&#xE9;ritables trouvailles &#xE0; (re)d&#xE9;couvrir pour enfin cesser de se poser la question, assure la journaliste et &#xE9;crivaine Hortense Assaga, de savoir quoi ramener de ses escapades sur le continent.</description><pubDate>Sun, 18 Jun 2023 10:31:01 +0200</pubDate><link>https://www.francetvinfo.fr/culture/patrimoine/made-in-africa-dans-ma-valise-un-joli-recueil-de-mille-et-un-objets-artisanaux-deniches-sur-le-continent-africain_5778047.html#xtor=RSS-3-[general]</link><guid isPermaLink="true">https://www.francetvinfo.fr/culture/patrimoine/made-in-africa-dans-ma-valise-un-joli-recueil-de-mille-et-un-objets-artisanaux-deniches-sur-le-continent-africain_5778047.html#xtor=RSS-3-[general]</guid><enclosure length="243" type="image/jpeg" url="https://www.francetvinfo.fr/pictures/PpPdYIUrPkBkxn-cQlQ-KxjKPRE/0x899:2597x2360/432x243/filters:format(jpg)/2023/04/28/644b162a58a4e_made-in-africa-cover.jpg"/></item><item><title>Macron en &#xE9;boueur, Trump interpell&#xE9;, Obama et Merkel &#xE0; la plage&#x2026; Les images cr&#xE9;&#xE9;es par des intelligences artificielles sont de plus en plus r&#xE9;alistes</title><description>Plusieurs images mettant en sc&#xE8;ne des leaders politiques ont circul&#xE9; sur les r&#xE9;seaux sociaux ces derniers jours, semant parlant la confusion et faisant craindre la propagation de fausses informations.</description><pubDate>Wed, 29 Mar 2023 08:43:01 +0200</pubDate><link>https://www.francetvinfo.fr/replay-radio/le-vrai-du-faux/macron-en-eboueur-trump-interpelle-obama-et-merkel-a-la-plage-les-images-creees-par-des-intelligences-artificielles-sont-de-plus-en-plus-realistes_5712170.html#xtor=RSS-3-[general]</link><guid isPermaLink="true">https://www.francetvinfo.fr/replay-radio/le-vrai-du-faux/macron-en-eboueur-trump-interpelle-obama-et-merkel-a-la-plage-les-images-creees-par-des-intelligences-artificielles-sont-de-plus-en-plus-realistes_5712170.html#xtor=RSS-3-[general]</guid><enclosure length="243" type="image/jpeg" url="https://www.francetvinfo.fr/pictures/KFaUqZiGy7qAhxUw0dKezTtFEkY/0x0:1920x1080/432x243/filters:format(jpg)/2023/03/29/6423dd1eb03b2_macron-ia.jpg"/></item><item><title>AVANT/APRES. S&#xE9;isme en Turquie : d&#xE9;couvrez les images des gigantesques d&#xE9;g&#xE2;ts vus du ciel</title><description>Les photos satellite prises avant et apr&#xE8;s le tremblement de terre permettent de voir l'&#xE9;tendue des d&#xE9;g&#xE2;ts dans les villes d'Antioche, Kahramanmaras et Islahiye.</description><pubDate>Thu, 09 Feb 2023 16:38:41 +0100</pubDate><link>https://www.francetvinfo.fr/environnement/catastrophes-naturelles/seismes/avant-apres-seisme-en-turquie-decouvrez-les-images-des-gigantesques-degats-vus-du-ciel_5649059.html#xtor=RSS-3-[general]</link><guid isPermaLink="true">https://www.francetvinfo.fr/environnement/catastrophes-naturelles/seismes/avant-apres-seisme-en-turquie-decouvrez-les-images-des-gigantesques-degats-vus-du-ciel_5649059.html#xtor=RSS-3-[general]</guid><enclosure length="243" type="image/png" url="https://www.francetvinfo.fr/pictures/I24Q9NPDQ8I9XLD7wpl2HbvMKv0/0x0:2188x1231/432x243/filters:format(jpg)/2023/02/09/63e4ea2b69b28_capture-d-ecran-2023-02-09-a-12-31-52.png"/></item><item><title>EN IMAGES. Feux d'artifice, confettis et d&#xE9;compte festif... Les c&#xE9;l&#xE9;brations du Nouvel An &#xE0; travers le monde</title><description>Des festivit&#xE9;s pour boucler 2022 et accueillir 2023 se sont, comme c'est la tradition, d&#xE9;roul&#xE9;es partout sur la plan&#xE8;te.</description><pubDate>Sun, 01 Jan 2023 13:59:19 +0100</pubDate><link>https://www.francetvinfo.fr/monde/nouvel-an-2021/en-images-feux-d-artifice-confettis-et-decompte-festif-les-celebrations-du-nouvel-an-a-travers-le-monde_5574615.html#xtor=RSS-3-[general]</link><guid isPermaLink="true">https://www.francetvinfo.fr/monde/nouvel-an-2021/en-images-feux-d-artifice-confettis-et-decompte-festif-les-celebrations-du-nouvel-an-a-travers-le-monde_5574615.html#xtor=RSS-3-[general]</guid><enclosure length="243" type="image/jpeg" url="https://www.francetvinfo.fr/pictures/2jXD8XPT5Oga2fplM8bIsAE8cPY/0x0:4134x2324/432x243/filters:format(jpg)/2023/01/01/63b1591ca9863_075-romano-newyears230101-np9be.jpg"/></item><item><title>EN IMAGES. Guerre en Ukraine, Festival de Cannes, crise &#xE9;nerg&#xE9;tique, Afghanistan... L'ann&#xE9;e 2022 r&#xE9;sum&#xE9;e en 22 illustrations</title><description>Apr&#xE8;s une ann&#xE9;e d'actualit&#xE9; dense, retour sur le travail des graphistes qui illustrent les nombreux articles de notre r&#xE9;daction.</description><pubDate>Thu, 29 Dec 2022 11:33:32 +0100</pubDate><link>https://www.francetvinfo.fr/monde/nouvel-an-2021/en-images-guerre-en-ukraine-festival-de-cannes-crise-energetique-l-annee-2022-resumee-en-22-illustrations_5545662.html#xtor=RSS-3-[general]</link><guid isPermaLink="true">https://www.francetvinfo.fr/monde/nouvel-an-2021/en-images-guerre-en-ukraine-festival-de-cannes-crise-energetique-l-annee-2022-resumee-en-22-illustrations_5545662.html#xtor=RSS-3-[general]</guid><enclosure length="243" type="image/png" url="https://www.francetvinfo.fr/pictures/0E0Sjc0NwrLiEBqEE-TtJvhWHfI/0x0:1920x1080/432x243/filters:format(jpg)/2022/12/26/63a9b727a24c7_retro-illus2.png"/></item><item><title>EN IMAGES. Les Etats-Unis ensevelis par Elliott, la temp&#xEA;te de neige historique qui a fait au moins 53&#xA0;morts &#xE0; travers le pays</title><description>Un bilan plus &#xE9;lev&#xE9; est &#xE0; craindre, selon les autorit&#xE9;s, &#xE0; mesure que les secours progressent et d&#xE9;blaient.</description><pubDate>Wed, 28 Dec 2022 14:10:58 +0100</pubDate><link>https://www.francetvinfo.fr/monde/usa/en-images-les-etats-unis-ensevelis-par-elliott-la-tempete-de-neige-historique-qui-a-fait-pres-de-50-morts-a-travers-le-pays_5566596.html#xtor=RSS-3-[general]</link><guid isPermaLink="true">https://www.francetvinfo.fr/monde/usa/en-images-les-etats-unis-ensevelis-par-elliott-la-tempete-de-neige-historique-qui-a-fait-pres-de-50-morts-a-travers-le-pays_5566596.html#xtor=RSS-3-[general]</guid><enclosure length="243" type="image/jpeg" url="https://www.francetvinfo.fr/pictures/c1dSY2bZijoW_85BmK1mQkBhItk/0x25:1024x600/432x243/filters:format(jpg)/2022/12/27/63aac3d651dc7_000-33662l6.jpg"/></item><item><title>EN IMAGES. Coupe du monde 2022 : les cinq dates qui ont fait de St&#xE9;phanie Frappart une pionni&#xE8;re de l'arbitrage</title><description>Elle sera au sifflet de la rencontre Allemagne-Costa Rica, un r&#xF4;le in&#xE9;dit pour une femme dans cette comp&#xE9;tition. En huit ans, l'arbitre fran&#xE7;aise a d&#xE9;j&#xE0; marqu&#xE9; plusieurs fois l'histoire du football.</description><pubDate>Thu, 01 Dec 2022 17:11:02 +0100</pubDate><link>https://www.francetvinfo.fr/coupe-du-monde/en-images-coupe-du-monde-2022-les-cinq-dates-qui-ont-fait-de-stephanie-frappart-une-pionniere-de-l-arbitrage_5515479.html#xtor=RSS-3-[general]</link><guid isPermaLink="true">https://www.francetvinfo.fr/coupe-du-monde/en-images-coupe-du-monde-2022-les-cinq-dates-qui-ont-fait-de-stephanie-frappart-une-pionniere-de-l-arbitrage_5515479.html#xtor=RSS-3-[general]</guid><enclosure length="243" type="image/jpeg" url="https://www.francetvinfo.fr/pictures/S2n5VfaD03_9ZX1o3D3Qp_77OOs/0x33:1024x608/432x243/filters:format(jpg)/2022/12/01/6388cfe3a646a_000-32mn79l.jpg"/></item><item><title>AVANT/APRES. Guerre en Ukraine : visualisez gr&#xE2;ce aux images satellite comment les coupures d'&#xE9;lectricit&#xE9; plongent le pays dans le noir</title><description><![CDATA[La Russie&nbsp;vise les infrastructures électriques ukrainiennes, rendant les nuits de plus en plus sombres dans des zones urbaines habituellement éclairées. Le phénomène est visible depuis l'espace.]]></description><pubDate>Tue, 29 Nov 2022 10:52:06 +0100</pubDate><link>https://www.francetvinfo.fr/monde/europe/manifestations-en-ukraine/avant-apres-guerre-en-ukraine-visualisez-grace-aux-images-satellite-comment-les-coupures-d-electricite-plongent-le-pays-dans-le-noir_5501463.html#xtor=RSS-3-[general]</link><guid isPermaLink="true">https://www.francetvinfo.fr/monde/europe/manifestations-en-ukraine/avant-apres-guerre-en-ukraine-visualisez-grace-aux-images-satellite-comment-les-coupures-d-electricite-plongent-le-pays-dans-le-noir_5501463.html#xtor=RSS-3-[general]</guid><enclosure length="243" type="image/png" url="https://www.francetvinfo.fr/pictures/NNA4tUbL3AxAqsgiDZw6bvMjM30/0x76:993x635/432x243/filters:format(jpg)/2022/11/25/phpWmjeOQ.png"/></item><item><title>EN IMAGES. Les ravages de l'ouragan Ian en Floride</title><description><![CDATA[Affaibli depuis vendredi après-midi, l'ouragan qui a ravagé la Floride jeudi, a touché la Caroline du Sud et du Nord, provoquant des inondations.&nbsp;]]></description><pubDate>Sun, 02 Oct 2022 11:45:28 +0200</pubDate><link>https://www.francetvinfo.fr/environnement/evenements-meteorologiques-extremes/inondations-et-crues/en-images-les-ravages-de-l-ouragan-ian-en-floride_5391748.html#xtor=RSS-3-[general]</link><guid isPermaLink="true">https://www.francetvinfo.fr/environnement/evenements-meteorologiques-extremes/inondations-et-crues/en-images-les-ravages-de-l-ouragan-ian-en-floride_5391748.html#xtor=RSS-3-[general]</guid><enclosure length="243" type="image/jpeg" url="https://www.francetvinfo.fr/pictures/wZBmRcvuHeoOThIIQ5M0mwB662g/0x162:3120x1917/432x243/filters:format(jpg)/2022/10/01/phplhPOmF.jpg"/></item></channel></rss>
