<?xml version="1.0" encoding="UTF-8"?>
<rss version="2.0" xmlns:atom="http://www.w3.org/2005/Atom" xmlns:media="http://search.yahoo.com/mrss/">
    <channel>
        <atom:link href="https://www.lefigaro.fr/rss/figaro_sortir-paris.xml" rel="self" type="application/rss+xml"/>
        <category>Sortir à Paris</category>
        <title>Le Figaro - Sortir à Paris : restaurants, bars, musées, clubs, expositions par quartier</title>
        <description>Sortez à Paris avec le Figaro : suivez nos enquêtes pour découvrir par quartier les meilleurs restaurants, bars, spectacles, expositions, concerts, after work, hotels de la capitale</description>
        <link>http://www.lefigaro.fr</link>
        <language>fr</language>
        <copyright>Droits de reproduction et de diffusion réservés LeFigaro.fr</copyright>
        <lastBuildDate>Wed, 12 Feb 2025 09:49:41 +0100</lastBuildDate>
        <docs>https://www.lefigaro.fr/rss</docs>
        <image>
            <title>Le Figaro - Sortir à Paris : restaurants, bars, musées, clubs, expositions par quartier</title>
            <url>https://static.lefigaro.fr/common/logos/logo-150x150.png</url>
            <link>http://www.lefigaro.fr</link>
            <description>Sortez à Paris avec le Figaro : suivez nos enquêtes pour découvrir par quartier les meilleurs restaurants, bars, spectacles, expositions, concerts, after work, hotels de la capitale</description>
        </image>

                    <item>
                <guid>https://www.lefigaro.fr/sortir-paris/loic-prigent-penser-qu-un-jogging-n-est-pas-elegant-c-est-une-faute-de-gout-20241130</guid>
                <title>Loïc Prigent: «Penser qu'un jogging n'est pas élégant, c'est une faute de goût»</title>
                                <link>https://www.lefigaro.fr/sortir-paris/loic-prigent-penser-qu-un-jogging-n-est-pas-elegant-c-est-une-faute-de-gout-20241130</link>
                                    <description>ENTRETIEN - Journaliste et documentariste, ce quinquagénaire fin et drôle arpente, caméra au poing, les défilés et leurs coulisses depuis trente ans. Avec son million d&#039;abonnés sur les réseaux sociaux, il publie Mille milliards de rubans - La vraie histoire de la mode (Grasset) où il raconte les prémices de la mode française au XIXe siècle.</description>
                                <category>Sortir à Paris</category>
                <pubDate>Sat, 30 Nov 2024 20:53:01 +0100</pubDate>

                                                            <media:content url="https://i.f1g.fr/media/cms/1995x1122_crop/2024/11/30/aa28e02bc239f7f1dd429376e066078efccdb161be6df37f48b73a433b4e9b78.jpg" width="1995" height="1122">
                            <media:description type="plain">Loïc Prigent publie Mille milliards de rubans - La vraie histoire de la mode chez Grasset.</media:description>
                            <media:credit>Julien DA COSTA</media:credit>
                        </media:content>
                                                </item>
                    <item>
                <guid>https://www.lefigaro.fr/arts-expositions/art-basel-paris-entend-jouer-dans-la-cour-des-grands-des-foires-d-art-contemporain-20241018</guid>
                <title>Art Basel Paris entend jouer dans la cour des grands des foires d’art contemporain</title>
                                <link>https://www.lefigaro.fr/arts-expositions/art-basel-paris-entend-jouer-dans-la-cour-des-grands-des-foires-d-art-contemporain-20241018</link>
                                    <description>EXPOSITION - En entrant au Grand Palais rénové, la foire internationale, ancrée en Suisse, a réussi à attirer la crème des VIP dans la capitale. Pléthore d&#039;offre d&#039;un niveau exceptionnel pour des acheteurs qui font la loi dans un marché qui sent venir l&#039;orage.</description>
                                <category>Arts Expositions</category>
                <pubDate>Sat, 19 Oct 2024 15:36:44 +0200</pubDate>

                                                            <media:content url="https://i.f1g.fr/media/cms/3000x2001_crop/2024/10/18/bc16f585825d693084440302d6a43563452bc4037aaa4996a8ddb00bf1e8b083.jpg" width="3000" height="2001">
                            <media:description type="plain">Le Grand Palais est beau, mais pas extensible comme Art Unlimited à Bâle.</media:description>
                            <media:credit>François Bouchon / Le Figaro</media:credit>
                        </media:content>
                                                </item>
                    <item>
                <guid>https://www.lefigaro.fr/arts-expositions/que-faut-il-voir-pendant-la-folle-semaine-de-la-art-week-paris-20241018</guid>
                <title>Que faut-il voir pendant la folle semaine de la «Art Week Paris»&#160;?</title>
                                <link>https://www.lefigaro.fr/arts-expositions/que-faut-il-voir-pendant-la-folle-semaine-de-la-art-week-paris-20241018</link>
                                    <description>NOTRE SÉLECTION - Des foires aux musées, des galeries du Marais à Matignon, Paris regorge de propositions en cette semaine qui met l’art moderne et contemporain à l’honneur.</description>
                                <category>Arts Expositions</category>
                <pubDate>Fri, 25 Oct 2024 11:41:37 +0200</pubDate>

                                                            <media:content url="https://i.f1g.fr/media/cms/1203x676_crop/2024/10/18/6d7011d75e5ec85ead6d1b3eaafc6c4610c78ae64132138971d7e91fe1f31f0a.jpg" width="1203" height="676">
                            <media:description type="plain">La BnF Richelieu expose pour la première fois, Galerie Mansart, Damien Deroubaix, peintre et sculpteur au regard acéré sur la société actuelle.</media:description>
                            <media:credit>Bertrand Huet/BNF/ADAGP, Paris 2024</media:credit>
                        </media:content>
                                                </item>
                    <item>
                <guid>https://www.lefigaro.fr/arts-expositions/l-intrepide-galleria-continua-s-ancre-a-matignon-la-prospere-20240920</guid>
                <title>L’intrépide Galleria Continua s’ancre à Matignon la prospère</title>
                                <link>https://www.lefigaro.fr/arts-expositions/l-intrepide-galleria-continua-s-ancre-a-matignon-la-prospere-20240920</link>
                                    <description>INFO LE FIGARO - Alors que de nombreuses galeries ferment dans la capitale, cette succursale italienne dont l’espace du Marais est déjà un grand succès, ouvre le 4 octobre un neuvième espace dans le nouveau Triangle d’or du marché de l’art.</description>
                                <category>Arts Expositions</category>
                <pubDate>Fri, 20 Sep 2024 18:34:57 +0200</pubDate>

                                                            <media:content url="https://i.f1g.fr/media/cms/2361x1414_crop/2024/09/20/62007543e5e4b38d8219dea16fea10af745c57e60ed84ef5c63b291bd1a88466.jpg" width="2361" height="1414">
                            <media:description type="plain">La nouvelle adresse de la Galleria Continua au 108 Rue du Faubourg Saint-Honoré, Paris (8e), juste à côté du prestigieux hôtel, Le Bristol, l’un des douze palaces parisiens ouvert au 112 rue du Faubourg Saint-Honoré depuis 1925.</media:description>
                            <media:credit>© Galleria Continua / Lorenzo Fiaschi</media:credit>
                        </media:content>
                                                </item>
                    <item>
                <guid>https://www.lefigaro.fr/sortir-paris/ambiance-club-med-au-champ-de-mars-et-scenes-de-liesse-a-la-concorde-de-l-art-de-se-laisser-prendre-aux-jeux-20240807</guid>
                <title>Ambiance Club Med au Champ-de-Mars et scènes de liesse à la Concorde: l’art de se laisser prendre aux Jeux</title>
                                <link>https://www.lefigaro.fr/sortir-paris/ambiance-club-med-au-champ-de-mars-et-scenes-de-liesse-a-la-concorde-de-l-art-de-se-laisser-prendre-aux-jeux-20240807</link>
                                    <description>Sans absolument connaître toutes les règles, notre journaliste a assisté aux huitièmes de final du beach-volley au Champ-de-Mars puis à la finale du basket 3x3 masculin à la Concorde. Une soirée en argent.</description>
                                <category>Sortir à Paris</category>
                <pubDate>Wed, 07 Aug 2024 19:41:49 +0200</pubDate>

                                                            <media:content url="https://i.f1g.fr/media/eidos/630x354_crop/2024/08/07/XVMd0745bf0-54dd-11ef-add7-832849db5637.jpg" width="630" height="354">
                            <media:description type="plain">Finale du basket-ball 3x3 entre la France et les Pays-Bas, place de La Concorde, le 5 août.</media:description>
                            <media:credit>Zabulon Laurent/Zabulon Laurent/ABACA</media:credit>
                        </media:content>
                                                </item>
                    <item>
                <guid>https://www.lefigaro.fr/sortir-paris/plages-cuisine-musique-les-reggae-nights-de-la-jamaique-en-seine-saint-denis-20240806</guid>
                <title>Plages, cuisine, musique: les «Reggae Nights» de la Jamaïque en Seine-Saint-Denis</title>
                                <link>https://www.lefigaro.fr/sortir-paris/plages-cuisine-musique-les-reggae-nights-de-la-jamaique-en-seine-saint-denis-20240806</link>
                                    <description>La Maison de la Jamaïque, installée près du Stade de France, permet de faire découvrir au public les «bonnes ondes» de la troisième plus grande île des Caraïbes.</description>
                                <category>Sortir à Paris</category>
                <pubDate>Tue, 06 Aug 2024 15:48:58 +0200</pubDate>

                                                            <media:content url="https://i.f1g.fr/media/eidos/630x354_crop/2024/08/06/XVM6bd4b9f8-53fa-11ef-add7-832849db5637.jpg" width="630" height="354">
                            <media:description type="plain">Vue de Sandy Bay, une ville balnéaire de l’ouest de la Jamaïque.</media:description>
                            <media:credit>87483337/Mikolaj Niemczewski - stock.adobe.com</media:credit>
                        </media:content>
                                                </item>
                    <item>
                <guid>https://www.lefigaro.fr/voyages/jo-paris-2024-l-etonnante-escale-d-air-france-au-palais-de-tokyo-20240729</guid>
                <title>JO Paris 2024 : l’étonnante escale d’Air France au Palais de Tokyo</title>
                                <link>https://www.lefigaro.fr/voyages/jo-paris-2024-l-etonnante-escale-d-air-france-au-palais-de-tokyo-20240729</link>
                                    <description>Air France célèbre les Jeux olympiques et paralympiques de Paris 2024 au Palais de Tokyo avec un restaurant éphémère, des expositions, et des objets exclusifs, offrant une immersion unique dans l&#039;univers de la compagnie. Une expérience à ne pas manquer cet été.</description>
                                <category>Voyage</category>
                <pubDate>Mon, 29 Jul 2024 17:06:58 +0200</pubDate>

                                                            <media:content url="https://i.f1g.fr/media/cms/3000x1980_crop/2024/07/29/77f5497f758c314b2191eef0bf102f7eeafed56233b8bae0ce1d5f41d3cdeadf.jpg" width="3000" height="1980">
                            <media:description type="plain">Air France se met aux couleurs des Jeux olympiques et paralympiques de Paris 2024 en investissant le Palais de Tokyo.</media:description>
                            <media:credit>Air France</media:credit>
                        </media:content>
                                                </item>
                    <item>
                <guid>https://www.lefigaro.fr/sortir-paris/les-jardins-parisiens-la-bulle-de-fraicheur-des-jo-2024-20240725</guid>
                <title>Les jardins parisiens, la bulle de fraîcheur des JO 2024</title>
                                <link>https://www.lefigaro.fr/sortir-paris/les-jardins-parisiens-la-bulle-de-fraicheur-des-jo-2024-20240725</link>
                                    <description>La compétition va battre son plein sur les sites de la capitale. Les espaces verts se révèlent un bon plan pour reprendre son souffle entre les deux épreuves.</description>
                                <category>Sortir à Paris</category>
                <pubDate>Thu, 25 Jul 2024 17:20:53 +0200</pubDate>

                                                            <media:content url="https://i.f1g.fr/media/eidos/630x354_crop/2024/07/25/XVM641502f8-4a6e-11ef-b180-7746a69b9927.jpg" width="630" height="354">
                            <media:description type="plain">Dans le 15e arondissement, le parc Georges-Brassens s’articule sur 9 hectares autour d’une pièce d’eau centrale.</media:description>
                            <media:credit>Riccardo Milani / Hans Lucas via Reuters Connect</media:credit>
                        </media:content>
                                                </item>
                    <item>
                <guid>https://www.lefigaro.fr/sortir-paris/chasse-aux-oeufs-geante-pour-petits-et-grands-dans-l-ancien-relais-de-chasse-de-louis-xiv-20240331</guid>
                <title>Chasse aux œufs géante pour petits et grands dans l’ancien relais de chasse de Louis XIV</title>
                                <link>https://www.lefigaro.fr/sortir-paris/chasse-aux-oeufs-geante-pour-petits-et-grands-dans-l-ancien-relais-de-chasse-de-louis-xiv-20240331</link>
                                    <description>Dans la forêt de Saint-Germain en Laye, la Maison du Val - gérée par le groupe Les Hôtels (Très) Particuliers - fête Pâques à sa façon, en collaboration avec les chocolatiers parisiens Plaq.</description>
                                <category>Sortir à Paris</category>
                <pubDate>Sun, 31 Mar 2024 09:00:00 +0200</pubDate>

                                                            <media:content url="https://i.f1g.fr/media/cms/1920x1280_crop/2024/03/30/cbc8ed00a59c239be9ca453065e57673e2686854228b8735244a3199efbc08e3.jpg" width="1920" height="1280">
                            <media:description type="plain">Le parc de la Maison du Val, dans la forêt de Saint-Germain en Laye.</media:description>
                            <media:credit>DR</media:credit>
                        </media:content>
                                                </item>
                    <item>
                <guid>https://www.lefigaro.fr/sortir-paris/les-marchands-au-fil-des-stands-a-la-foire-de-chatou-20220920</guid>
                <title>Foire de Chatou: les marchands, au fil des stands à la</title>
                                <link>https://www.lefigaro.fr/sortir-paris/les-marchands-au-fil-des-stands-a-la-foire-de-chatou-20220920</link>
                                    <description>Dix jours pour découvrir mobilier, peinture, arts de la table, de l’écriture, fripes, horlogerie, sculptures… et bien d’autres objets.</description>
                                <category>Sortir à Paris</category>
                <pubDate>Tue, 20 Sep 2022 15:17:02 +0200</pubDate>

                                                            <media:content url="https://i.f1g.fr/media/eidos/630x354_crop/2022/09/20/XVM0b0e759c-35a6-11ed-bdbb-c6399f0f6dae.jpg" width="630" height="354">
                            <media:description type="plain">Étienne Malleville Antiquités.</media:description>
                            <media:credit>V. Truffa/Foire de Chatou</media:credit>
                        </media:content>
                                                </item>
                    <item>
                <guid>https://www.lefigaro.fr/sortir-paris/remi-machard-chatou-c-est-un-musee-a-ciel-ouvert-20220920</guid>
                <title>Rémi Machard: «Chatou, c’est un musée à ciel ouvert»</title>
                                <link>https://www.lefigaro.fr/sortir-paris/remi-machard-chatou-c-est-un-musee-a-ciel-ouvert-20220920</link>
                                    <description>ENTRETIEN - Le président du Syndicat national du commerce de l’antiquité, de l’occasion et des galeries d’art détaille ses objectifs et ses projets pour la Foire de Chatou.</description>
                                <category>Sortir à Paris</category>
                <pubDate>Tue, 20 Sep 2022 14:41:13 +0200</pubDate>

                                                            <media:content url="https://i.f1g.fr/media/eidos/630x354_crop/2022/09/20/XVMcce82206-3431-11ed-bdbb-c6399f0f6dae.jpg" width="630" height="354">
                            <media:description type="plain">Rémi Machard, antiquaire et président de la SNCAO-GA.</media:description>
                            <media:credit>Yves Forestier / Foire de Chatou</media:credit>
                        </media:content>
                                                </item>
                    <item>
                <guid>https://www.lefigaro.fr/sortir-paris/foie-gras-huitres-comment-manger-sur-le-pouce-a-la-foire-de-chatou-20220920</guid>
                <title>Foie gras, huîtres,... Comment manger sur le pouce à la Foire de Chatou</title>
                                <link>https://www.lefigaro.fr/sortir-paris/foie-gras-huitres-comment-manger-sur-le-pouce-a-la-foire-de-chatou-20220920</link>
                                    <description>Environ 300 exposants venus de France et de Belgique sont rassemblés pour le plus grand événement de France de la brocante et des antiquités.</description>
                                <category>Sortir à Paris</category>
                <pubDate>Tue, 20 Sep 2022 14:25:37 +0200</pubDate>

                                                            <media:content url="https://i.f1g.fr/media/eidos/630x354_crop/2022/09/20/XVMb20c4c4e-35a5-11ed-bdbb-c6399f0f6dae.jpg" width="630" height="354">
                            <media:description type="plain">Vente d’huîtres à la Foire de Chatou, qui accueille cette année vingt-deux stands consacrés à l’alimentation.</media:description>
                            <media:credit>Y. Forestier/Foire de Chatou</media:credit>
                        </media:content>
                                                </item>
                    <item>
                <guid>https://www.lefigaro.fr/sortir-paris/trouvailles-et-merveilles-a-la-foire-de-chatou-20220920</guid>
                <title>Trouvailles et merveilles à la Foire de Chatou</title>
                                <link>https://www.lefigaro.fr/sortir-paris/trouvailles-et-merveilles-a-la-foire-de-chatou-20220920</link>
                                    <description>Le marché à la ferraille est devenu au fil du temps celui des belles antiquités. Un rendez-vous très prisé à l’ouest de paris, du 23 septembre au 2 octobre.</description>
                                <category>Sortir à Paris</category>
                <pubDate>Tue, 20 Sep 2022 14:37:39 +0200</pubDate>

                                                            <media:content url="https://i.f1g.fr/media/eidos/630x354_crop/2022/09/20/XVMdafaa8ee-2fa1-11ed-afc6-dab3f20eb339.jpg" width="630" height="354">
                            <media:description type="plain">La Foire de Chatou s’inscrit aujourd’hui dans le marché européen et interna­tional.</media:description>
                            <media:credit>Yves Forestier / Foire de Chatou</media:credit>
                        </media:content>
                                                </item>
                    <item>
                <guid>https://www.lefigaro.fr/sortir-paris/nocturne-rive-droite-au-fil-des-galeries-20220913</guid>
                <title>Nocturne rive droite: au fil des galeries</title>
                                <link>https://www.lefigaro.fr/sortir-paris/nocturne-rive-droite-au-fil-des-galeries-20220913</link>
                                    <description>EXPOSITION - Toutes spécialités confondues, elles se réunissent pour un soir autour de leur passion pour l’art.</description>
                                <category>Sortir à Paris</category>
                <pubDate>Wed, 14 Sep 2022 14:51:12 +0200</pubDate>

                                                            <media:content url="https://i.f1g.fr/media/eidos/630x354_crop/2022/09/13/XVMd31f493c-29e2-11ed-adc1-9e94d6a241ee.jpg" width="630" height="354">
                            <media:description type="plain">Pablo Picasso, «Partie de campagne, les déjeuners», 1961.</media:description>
                            <media:credit>Helene Bailly Gallery</media:credit>
                        </media:content>
                                                </item>
                    <item>
                <guid>https://www.lefigaro.fr/sortir-paris/nocturne-rive-droite-ces-huit-nouvelles-galeries-participantes-20220913</guid>
                <title>Nocturne rive droite: ces huit nouvelles galeries participantes</title>
                                <link>https://www.lefigaro.fr/sortir-paris/nocturne-rive-droite-ces-huit-nouvelles-galeries-participantes-20220913</link>
                                    <description>Qu&#039;ils rejoignent pour la première fois la programmation de la Nocturne rive droite ou inaugurent un nouveau lieu qu&#039;ils souhaitent associer à l&#039;événement, ces huit nouveaux participants sont à découvrir cette année.</description>
                                <category>Sortir à Paris</category>
                <pubDate>Tue, 13 Sep 2022 17:19:11 +0200</pubDate>

                                                            <media:content url="https://i.f1g.fr/media/cms/605x340_crop/2022/09/13/3127d5bfd1ba726c91594c7ff3053fc3eb5a4911b21ddbc11c3308fc52b9d2f4.jpg" width="605" height="340">
                            <media:description type="plain">La Mort de Cléopâtre, 1639-1640, d'Artemisia Gentileschi, à la Galerie G. Sarti.</media:description>
                            <media:credit>Galerie Giovanni Sarti.</media:credit>
                        </media:content>
                                                </item>
                    <item>
                <guid>https://www.lefigaro.fr/sortir-paris/guillaume-leage-l-interspecialite-au-coeur-de-l-evenement-20220913</guid>
                <title>Guillaume Léage: «L’interspécialité au cœur de l’événement»</title>
                                <link>https://www.lefigaro.fr/sortir-paris/guillaume-leage-l-interspecialite-au-coeur-de-l-evenement-20220913</link>
                                    <description>ENTRETIEN - Ce spécialiste des meubles et objets d’art du XVIIIe siècle constate une reprise de son activité, après les années de Covid.</description>
                                <category>Sortir à Paris</category>
                <pubDate>Wed, 14 Sep 2022 14:49:49 +0200</pubDate>

                                                            <media:content url="https://i.f1g.fr/media/eidos/630x354_crop/2022/09/13/XVMdf1c0a1a-2a17-11ed-8dcd-c2a79bf03d39.jpg" width="630" height="354">
                            <media:description type="plain">Guillaume Léage.</media:description>
                            <media:credit>Ava du Parc</media:credit>
                        </media:content>
                                                </item>
                    <item>
                <guid>https://www.lefigaro.fr/sortir-paris/nocturne-rive-droite-a-paris-l-art-a-l-unisson-d-oeuvres-en-objets-rares-20220913</guid>
                <title>Nocturne rive droite: à Paris, l’art à l’unisson d’oeuvres en objets rares</title>
                                <link>https://www.lefigaro.fr/sortir-paris/nocturne-rive-droite-a-paris-l-art-a-l-unisson-d-oeuvres-en-objets-rares-20220913</link>
                                    <description>EXPOSITION - Dans le 8e arrondissement parisien, les amateurs se donnent rendez-vous pour admirer des pièces exceptionnelles.</description>
                                <category>Sortir à Paris</category>
                <pubDate>Wed, 14 Sep 2022 14:46:34 +0200</pubDate>

                                                            <media:content url="https://i.f1g.fr/media/eidos/630x354_crop/2022/09/13/XVMcc6ed634-336f-11ed-b5aa-82f53f66c257.jpg" width="630" height="354">
                            <media:description type="plain">À gauche: Importante Pendule aux Chinois, d’après Thomas Johnson (c. 1860), Tobogan Antiques. À droite: vernissage lors d’une soirée Nocturne rive droite.</media:description>
                            <media:credit>tobogan antiques; Yves Forestier/Nocturne Rive Droite</media:credit>
                        </media:content>
                                                </item>
                    <item>
                <guid>https://www.lefigaro.fr/sortir-paris/a-clichy-le-kiosque-contours-enchante-le-parc-des-impressionnistes-20220708</guid>
                <title>À Clichy, le Kiosque Contours enchante le parc des Impressionnistes</title>
                                <link>https://www.lefigaro.fr/sortir-paris/a-clichy-le-kiosque-contours-enchante-le-parc-des-impressionnistes-20220708</link>
                                    <description>Tout l&#039;été, le parc des Impressionnistes accueille le Kiosque Contours, une guinguette festive où il fait bon prendre l&#039;apéro loin de l&#039;agitation citadine.</description>
                                <category>Sortir à Paris</category>
                <pubDate>Fri, 08 Jul 2022 16:43:59 +0200</pubDate>

                                                            <media:content url="https://i.f1g.fr/media/cms/3000x2001_crop/2022/07/08/38e958979ad3ee8573ef078f49c155befc88d3ce198f18ace52f06dd3675fa92.jpg" width="3000" height="2001">
                            <media:description type="plain">Le Kiosque Contours à Clichy (92).</media:description>
                            <media:credit>Géraldine Martens</media:credit>
                        </media:content>
                                                </item>
                    <item>
                <guid>https://www.lefigaro.fr/sortir-paris/immersion-dans-la-vie-de-victor-prouve-a-issy-les-moulineaux-20220630</guid>
                <title>Immersion dans La Vie de Victor Prouvé à Issy-les-Moulineaux</title>
                                <link>https://www.lefigaro.fr/sortir-paris/immersion-dans-la-vie-de-victor-prouve-a-issy-les-moulineaux-20220630</link>
                                    <description>Jusqu&#039;au 14 août, le Musée de la Carte à jouer retrace la construction de la frise La Vie imaginée par Victor Prouvé pour orner l&#039;escalier d&#039;honneur de l&#039;Hôtel de Ville d&#039;Issy-les-Moulineaux.</description>
                                <category>Sortir à Paris</category>
                <pubDate>Thu, 30 Jun 2022 14:01:02 +0200</pubDate>

                                                            <media:content url="https://i.f1g.fr/media/cms/3000x642_crop/2022/06/29/bf1a65cfa32096a2e5a25541fdc08dead6541579f6ec99b4c14866bf3d36b14d.jpg" width="3000" height="642">
                            <media:description type="plain">Esquisse pour la Mairie d'Issy-les-Moulineaux La Vie.</media:description>
                            <media:credit>Paris Musées/ Musée des Beaux-Arts de la Ville de Paris, Petit Palais.</media:credit>
                        </media:content>
                                                </item>
                    <item>
                <guid>https://www.lefigaro.fr/sortir-paris/que-faire-a-paris-cet-ete-des-idees-de-sorties-en-famille-20220630</guid>
                <title>Que faire à Paris cet été ? Des idées de sorties en famille</title>
                                <link>https://www.lefigaro.fr/sortir-paris/que-faire-a-paris-cet-ete-des-idees-de-sorties-en-famille-20220630</link>
                                    <description>Parce qu&#039;il faut souvent occuper ses enfants durant toute la période estivale ou en attendant le grand départ en vacances, Le Figaro vous propose une vingtaine d&#039;idées de sorties réjouissantes pour toute la famille et pour tous les goûts !</description>
                                <category>Sortir à Paris</category>
                <pubDate>Fri, 01 Jul 2022 11:07:05 +0200</pubDate>

                                                            <media:content url="https://i.f1g.fr/media/cms/3000x2000_crop/2022/06/29/ecc46bfb52c436d4ac5df22eb8f1f0c8f793cfdd02f64ffbc4e03e07009fb5a0.jpg" width="3000" height="2000">
                            <media:description type="plain">Festival de cinéma en plein air à la Villette (Paris 19e).</media:description>
                            <media:credit>Pierre-Emmanuel Rastoin</media:credit>
                        </media:content>
                                                </item>
            </channel>
</rss>
