<?xml version="1.0" encoding="UTF-8"?>
<rss version="2.0" xmlns:atom="http://www.w3.org/2005/Atom" xmlns:media="http://search.yahoo.com/mrss/">
    <channel>
        <atom:link href="https://www.lefigaro.fr/rss/figaro_livres.xml" rel="self" type="application/rss+xml"/>
        <category>Livres</category>
        <title>Le Figaro - Livres : Actualité de la littérature</title>
        <description>Livres : Découvrez nos articles sur la littérature, la philosophie, les écrivains, les autobiographies et tous les romans du moment</description>
        <link>http://www.lefigaro.fr</link>
        <language>fr</language>
        <copyright>Droits de reproduction et de diffusion réservés LeFigaro.fr</copyright>
        <lastBuildDate>Wed, 12 Feb 2025 09:44:27 +0100</lastBuildDate>
        <docs>https://www.lefigaro.fr/rss</docs>
        <image>
            <title>Le Figaro - Livres : Actualité de la littérature</title>
            <url>https://static.lefigaro.fr/common/logos/logo-150x150.png</url>
            <link>http://www.lefigaro.fr</link>
            <description>Livres : Découvrez nos articles sur la littérature, la philosophie, les écrivains, les autobiographies et tous les romans du moment</description>
        </image>

                    <item>
                <guid>https://www.lefigaro.fr/livres/un-exemplaire-de-la-premiere-edition-d-harry-potter-destine-a-etre-jete-vendu-21-000-livres-20250210</guid>
                <title>Un exemplaire de la première édition d’Harry Potter, destiné à être jeté, vendu 21 000 livres</title>
                                <link>https://www.lefigaro.fr/livres/un-exemplaire-de-la-premiere-edition-d-harry-potter-destine-a-etre-jete-vendu-21-000-livres-20250210</link>
                                    <description>Le premier tirage de Harry Potter and the Philosopher’s Stone ne comportait que 500 exemplaires, dont celui-ci qu’un vide-grenier a récupéré parmi les biens d’une personne décédée au Royaume-Uni.</description>
                                <category>Livres</category>
                <pubDate>Mon, 10 Feb 2025 17:45:57 +0100</pubDate>

                                                            <media:content url="https://i.f1g.fr/media/cms/3000x1687_crop/2025/02/10/9c4c5a1aae1c4b75184d02ebf781c0b1ab3fc8f2884214f40ff830dd7e3cb449.jpg" width="3000" height="1687">
                            <media:description type="plain">Le premier numéro cartonné de la première édition du livre Harry Potter n’existe qu’en 500 exemplaires.</media:description>
                            <media:credit>ANGELA WEISS / AFP</media:credit>
                        </media:content>
                                                </item>
                    <item>
                <guid>https://www.lefigaro.fr/livres/nicolas-ungemuth-mammiferes-ii-radioscopie-jouissive-des-miseres-du-monde-moderne-20250209</guid>
                <title>Nicolas Ungemuth: «Mammifères II, radioscopie jouissive des misères du monde moderne»</title>
                                <link>https://www.lefigaro.fr/livres/nicolas-ungemuth-mammiferes-ii-radioscopie-jouissive-des-miseres-du-monde-moderne-20250209</link>
                                    <description>CRITIQUE - Pierre Mérot raconte, vingt ans après son premier volume, les travers de l’oncle — protagoniste et double de l’auteur.</description>
                                <category>Livres</category>
                <pubDate>Sun, 09 Feb 2025 16:00:00 +0100</pubDate>

                                                            <media:content url="https://i.f1g.fr/media/cms/1280x720_crop/2025/02/06/693d879931e6d7ed04a5ffe61ed384c2d33593530a4e471fbf8f6aaefece60e0.jpg" width="1280" height="720">
                            <media:description type="plain">Ce deuxième volume de Mammifères pourrait être parfaitement sinistre, glauque à l’extrême, mais Pierre Mérot tient la plume</media:description>
                            <media:credit>Rivages</media:credit>
                        </media:content>
                                                </item>
                    <item>
                <guid>https://www.lefigaro.fr/livres/saviano-l-histoire-vraie-d-un-martyre-de-la-guerre-contre-la-mafia-20250209</guid>
                <title>Roberto Saviano : l’histoire vraie d’un martyr de la guerre contre la mafia</title>
                                <link>https://www.lefigaro.fr/livres/saviano-l-histoire-vraie-d-un-martyre-de-la-guerre-contre-la-mafia-20250209</link>
                                    <description>L’auteur de Gomorra restitue les derniers mois du juge anti-terroriste Giovanni Falcone, qui a été assassiné, le 23 mai 1992, à Palerme.</description>
                                <category>Livres</category>
                <pubDate>Sun, 09 Feb 2025 15:02:06 +0100</pubDate>

                                                            <media:content url="https://i.f1g.fr/media/cms/3000x2000_crop/2025/02/07/d0654d277aed9afe6fbcd3168c73117bdc6be755f01596ad482cac9614a7df06.jpg" width="3000" height="2000">
                            <media:description type="plain">Roberto Saviano.</media:description>
                            <media:credit>Francesca Mantovani/Gallimard</media:credit>
                        </media:content>
                                                </item>
                    <item>
                <guid>https://www.lefigaro.fr/livres/regis-debray-j-essaierai-d-ecrire-des-livres-qui-restent-sur-une-epoque-qui-passe-20250208</guid>
                <title>Régis Debray: «J’essaierai d’écrire des livres qui restent sur une époque qui passe»</title>
                                <link>https://www.lefigaro.fr/livres/regis-debray-j-essaierai-d-ecrire-des-livres-qui-restent-sur-une-epoque-qui-passe-20250208</link>
                                    <description>UN HOMME, UNE VOIX - Si Julien Gracq l’avait à l’estomac, l’ancien révolutionnaire la porte au plus profond de lui, telle la blessure d’un amour auquel il aurait renoncé trop tôt au profit du monde et de ses illusions.</description>
                                <category>Livres</category>
                <pubDate>Sat, 08 Feb 2025 16:00:00 +0100</pubDate>

                                                            <media:content url="https://i.f1g.fr/media/cms/2035x1145_crop/2025/02/05/259ec2fa125a656e66b7d5dce7f8cb0e60fd5d1e3d90214cd88ac8a0dd6f3c90.jpg" width="2035" height="1145">
                            <media:description type="plain">Régis Debray.</media:description>
                            <media:credit>Francesca Mantovani-éditions Ga</media:credit>
                        </media:content>
                                                </item>
                    <item>
                <guid>https://www.lefigaro.fr/livres/cedric-gras-l-appel-de-la-russie-20250208</guid>
                <title>Cédric Gras, l’appel de la Russie : «Je la voyais comme un énième voyage, c’est le seul pays où j’ai eu envie de m’arrêter»</title>
                                <link>https://www.lefigaro.fr/livres/cedric-gras-l-appel-de-la-russie-20250208</link>
                                    <description>PORTRAIT - Itinéraire d’un voyageur curieux, géographe fasciné par la Russie et les grands espaces.</description>
                                <category>Livres</category>
                <pubDate>Sat, 08 Feb 2025 07:00:00 +0100</pubDate>

                                                            <media:content url="https://i.f1g.fr/media/cms/3000x1687_crop/2025/02/07/7c99eed761295fcdeceb8f5f3aa806ae2e525df9e1e9c28a5468da660c4bc069.jpg" width="3000" height="1687">
                            <media:description type="plain">Cédric Gras à Paris.</media:description>
                            <media:credit>SEBASTIEN SORIANO / Le Figaro</media:credit>
                        </media:content>
                                                </item>
                    <item>
                <guid>https://www.lefigaro.fr/livres/frederic-beigbeder-j-ecris-l-iliade-de-pierre-michon-le-baroud-d-honneur-de-notre-plus-grand-ecrivain-20250207</guid>
                <title>Frédéric Beigbeder: «J’écris l’Iliade de Pierre Michon, le baroud d’honneur de notre plus grand écrivain»</title>
                                <link>https://www.lefigaro.fr/livres/frederic-beigbeder-j-ecris-l-iliade-de-pierre-michon-le-baroud-d-honneur-de-notre-plus-grand-ecrivain-20250207</link>
                                    <description>CHRONIQUE - Le dernier livre du meilleur prosateur français alterne voyage érotique chez Homère et souvenirs de clochard céleste.</description>
                                <category>Livres</category>
                <pubDate>Fri, 07 Feb 2025 16:31:09 +0100</pubDate>

                                                            <media:content url="https://i.f1g.fr/media/cms/3000x1687_crop/2025/02/05/3edfc13ad86e8f0f71c567761b792385caefd4e8d55d04dd7e780c3fd6755ea4.jpg" width="3000" height="1687">
                            <media:description type="plain">Frédéric Beigbeder.</media:description>
                            <media:credit>François BOUCHON</media:credit>
                        </media:content>
                                                </item>
                    <item>
                <guid>https://www.lefigaro.fr/livres/christian-jambet-premier-islamologue-recu-a-l-academie-francaise-20250206</guid>
                <title>Christian Jambet, premier islamologue, reçu à l’Académie française</title>
                                <link>https://www.lefigaro.fr/livres/christian-jambet-premier-islamologue-recu-a-l-academie-francaise-20250206</link>
                                    <description>Ce jeudi 6 février, le philosophe fait officiellement son entrée sous la coupole.</description>
                                <category>Livres</category>
                <pubDate>Fri, 07 Feb 2025 13:03:18 +0100</pubDate>

                                                            <media:content url="https://i.f1g.fr/media/cms/3000x1687_crop/2025/02/06/75332a54d4f49b08abacd2059b458084df6aeebc22673befff49c7ce6644b4ca.jpg" width="3000" height="1687">
                            <media:description type="plain">Christian Jambet à l’Académie française.</media:description>
                            <media:credit>THOMAS SAMSON / AFP</media:credit>
                        </media:content>
                                                </item>
                    <item>
                <guid>https://www.lefigaro.fr/livres/paul-loup-sulitzer-le-romancier-des-annees-fric-20250206</guid>
                <title>Paul-Loup Sulitzer, le romancier des années fric</title>
                                <link>https://www.lefigaro.fr/livres/paul-loup-sulitzer-le-romancier-des-annees-fric-20250206</link>
                                    <description>L’écrivain à succès et ancien homme d’affaires a marqué de sa plume ce qu’on a appelé les « années fric », c’est-dire la décennie 1980, avec le retour en grâce de la finance et de l’économie dans les médias.</description>
                                <category>Livres</category>
                <pubDate>Thu, 06 Feb 2025 22:00:56 +0100</pubDate>

                                                            <media:content url="https://i.f1g.fr/media/cms/orig/2025/02/06/cf0bc904330ef675d95057c80eaf1277fdebe46b36fb5e2208d464c42b3453af.JPG" width="3000" height="1687">
                            <media:description type="plain">Paul-Loup Sulitzer en 1981.</media:description>
                            <media:credit>MARCEL MOCHET / AFP</media:credit>
                        </media:content>
                                                </item>
                    <item>
                <guid>https://www.lefigaro.fr/livres/a-qui-sait-attendre-de-michael-connelly-l-affaire-du-dahlia-noir-20250206</guid>
                <title>À qui sait attendre, de Michael Connelly: l’affaire du Dahlia noir</title>
                                <link>https://www.lefigaro.fr/livres/a-qui-sait-attendre-de-michael-connelly-l-affaire-du-dahlia-noir-20250206</link>
                                    <description>CRITIQUE - Un nouveau thriller de haute tenue dans lequel le romancier entrecroise trois intrigues, dont une concernant le plus célèbre fait divers américain du XX e  siècle.</description>
                                <category>Livres</category>
                <pubDate>Thu, 06 Feb 2025 14:00:09 +0100</pubDate>

                                                            <media:content url="https://i.f1g.fr/media/eidos/630x354_crop/2025/02/06/XVM2d310d5a-de65-11ef-b14e-6c94e49a5c73.jpg" width="630" height="354">
                            <media:description type="plain">La starlette Elizabeth Short, connue sous le nom du Dahlia noir.</media:description>
                            <media:credit>Bettmann / Getty Images</media:credit>
                        </media:content>
                                                </item>
                    <item>
                <guid>https://www.lefigaro.fr/livres/le-roman-de-mecene-de-pascale-roze-a-la-rencontre-d-un-citoyen-romain-extravagant-passe-a-la-posterite-20250206</guid>
                <title>Le Roman de Mécène, de Pascale Roze: à la rencontre d’un citoyen romain extravagant passé à la postérité</title>
                                <link>https://www.lefigaro.fr/livres/le-roman-de-mecene-de-pascale-roze-a-la-rencontre-d-un-citoyen-romain-extravagant-passe-a-la-posterite-20250206</link>
                                    <description>CRITIQUE - La Prix Goncourt 1996 déjoue les codes du roman historique avec malice et intelligence, tout en conférant à son chevalier étrusque une troublante humanité.</description>
                                <category>Livres</category>
                <pubDate>Thu, 06 Feb 2025 13:00:11 +0100</pubDate>

                                                            <media:content url="https://i.f1g.fr/media/eidos/630x354_crop/2025/02/06/XVMf045d1fa-de64-11ef-b14e-6c94e49a5c73.jpg" width="630" height="354">
                            <media:description type="plain">Mécène présentant les arts libéraux à l’empereur Auguste, par Giovanni Battista Tiepolo (vers 1745, détail).</media:description>
                            <media:credit>Bridgeman Images</media:credit>
                        </media:content>
                                                </item>
                    <item>
                <guid>https://www.lefigaro.fr/livres/au-dela-du-mur-de-katja-hoyer-il-etait-une-fois-la-rda-20250206</guid>
                <title>Au-delà du mur, de Katja Hoyer: il était une fois la RDA</title>
                                <link>https://www.lefigaro.fr/livres/au-dela-du-mur-de-katja-hoyer-il-etait-une-fois-la-rda-20250206</link>
                                    <description>CRITIQUE - De l’après-guerre à la chute du Mur, en passant par la relative prospérité des années 1970, l’histoire passionnante de l’Allemagne de l’Est.</description>
                                <category>Livres</category>
                <pubDate>Thu, 06 Feb 2025 12:00:11 +0100</pubDate>

                                                            <media:content url="https://i.f1g.fr/media/eidos/630x354_crop/2025/02/06/XVMcde28664-e2ef-11ef-973d-6bd8d1b26442.jpg" width="630" height="354">
                            <media:description type="plain">Lors du 10
e Festival mondial de la jeunesse et des étudiants, sur l’Alexanderplatz (Berlin-Est), le 30 juillet 1973.</media:description>
                            <media:credit>ullstein bild via Getty Images</media:credit>
                        </media:content>
                                                </item>
                    <item>
                <guid>https://www.lefigaro.fr/livres/le-duc-de-bourgogne-de-jean-de-la-rochefoucauld-l-homme-qui-ne-fut-jamais-roi-20250206</guid>
                <title>Le duc de Bourgogne, de Jean de La Rochefoucauld: l’homme qui ne fut jamais roi</title>
                                <link>https://www.lefigaro.fr/livres/le-duc-de-bourgogne-de-jean-de-la-rochefoucauld-l-homme-qui-ne-fut-jamais-roi-20250206</link>
                                    <description>LA CHRONIQUE DE JACQUES DE SAINT-VICTOR - Un portrait passionnant qui rend sa place au petit-fils de Louis XIV et père de Louis XV, qui ne monta jamais sur le trône.</description>
                                <category>Livres</category>
                <pubDate>Thu, 06 Feb 2025 11:00:11 +0100</pubDate>

                                                            <media:content url="https://i.f1g.fr/media/eidos/630x354_crop/2025/02/06/XVM3b462628-dd6b-11ef-b14e-6c94e49a5c73.jpg" width="630" height="354">
                            <media:description type="plain">Portrait de Louis de France, duc de Bourgogne.</media:description>
                            <media:credit>akg-images</media:credit>
                        </media:content>
                                                </item>
                    <item>
                <guid>https://www.lefigaro.fr/livres/l-age-fragile-de-donatella-di-pietrantonio-meurtre-au-camping-20250206</guid>
                <title>L’âge fragile de Donatella Di Pietrantonio : meurtre au camping</title>
                                <link>https://www.lefigaro.fr/livres/l-age-fragile-de-donatella-di-pietrantonio-meurtre-au-camping-20250206</link>
                                    <description>CRITIQUE - Inspiré d’un fait divers survenu à la fin des années 1990, dans les Abruzzes, ce roman a reçu le plus prestigieux prix littéraire en Italie.</description>
                                <category>Livres</category>
                <pubDate>Thu, 06 Feb 2025 10:00:00 +0100</pubDate>

                                                            <media:content url="https://i.f1g.fr/media/cms/1279x719_crop/2025/02/05/41389c811bc42f21fd0e160ede828960e3bd4a264e3dc1c76beb84589c6cf439.jpg" width="1279" height="719">
                            <media:description type="plain">L’âge fragile de Donatella Di Pietrantonio.</media:description>
                            <media:credit>Albin Michel</media:credit>
                        </media:content>
                                                </item>
                    <item>
                <guid>https://www.lefigaro.fr/livres/nouvelles-de-jeunesse-de-tennessee-williams-quelque-chose-de-tennessee-20250206</guid>
                <title>Nouvelles de jeunesse, de Tennessee Williams: quelque chose de Tennessee</title>
                                <link>https://www.lefigaro.fr/livres/nouvelles-de-jeunesse-de-tennessee-williams-quelque-chose-de-tennessee-20250206</link>
                                    <description>CRITIQUE - Publication de ses nouvelles de jeunesse inédites et réédition d’un roman introuvable.</description>
                                <category>Livres</category>
                <pubDate>Thu, 06 Feb 2025 09:30:08 +0100</pubDate>

                                                            <media:content url="https://i.f1g.fr/media/eidos/630x354_crop/2025/02/06/XVMe8e51dfa-dff7-11ef-b14e-6c94e49a5c73.jpg" width="630" height="354">
                            <media:description type="plain">Tennessee Williams. Tous ses personnages sont terrifiés par la solitude qui les menace et peut les engloutir. Et pourtant, l’espoir subsiste.</media:description>
                            <media:credit>Bettmann Archive</media:credit>
                        </media:content>
                                                </item>
                    <item>
                <guid>https://www.lefigaro.fr/livres/juno-et-legs-de-karl-geary-une-belle-ballade-irlandaise-20250206</guid>
                <title>Juno et Legs, de Karl Geary: une belle ballade irlandaise</title>
                                <link>https://www.lefigaro.fr/livres/juno-et-legs-de-karl-geary-une-belle-ballade-irlandaise-20250206</link>
                                    <description>LA CHRONIQUE D’ÉRIC NEUHOFF - Dans ce deuxième roman, l’auteur accompagne ses héros de sa prose bourrée de vitalité et de tendresse. Il y a des éclaircies dans la dèche la plus totale.</description>
                                <category>Livres</category>
                <pubDate>Thu, 06 Feb 2025 09:00:00 +0100</pubDate>

                                                            <media:content url="https://i.f1g.fr/media/cms/3000x1687_crop/2025/02/05/633dc111077824190b94542797b07166c0434dd1eaa1bb6d2a0529ff9dc922fe.jpg" width="3000" height="1687">
                            <media:description type="plain">Juno est un brave petit soldat. Sa voix agile rythme les chapitres, avec cet œil qui n’appartient qu’à elle</media:description>
                            <media:credit>jon_chica - stock.adobe.com</media:credit>
                        </media:content>
                                                </item>
                    <item>
                <guid>https://www.lefigaro.fr/livres/un-effondrement-parfait-de-jerome-leroy-autoportrait-de-l-artiste-en-joyeux-melancolique-20250206</guid>
                <title>Un effondrement parfait, de Jérôme Leroy : autoportrait de l’artiste en joyeux mélancolique</title>
                                <link>https://www.lefigaro.fr/livres/un-effondrement-parfait-de-jerome-leroy-autoportrait-de-l-artiste-en-joyeux-melancolique-20250206</link>
                                    <description>CRITIQUE - Face au temps qui passe, Jérôme Leroy couche les souvenirs d’un écrivain poète.</description>
                                <category>Livres</category>
                <pubDate>Thu, 06 Feb 2025 08:30:00 +0100</pubDate>

                                                            <media:content url="https://i.f1g.fr/media/cms/1920x1080_crop/2025/02/05/c6f8f451b4147409b7879641dd5bd30dfcea183295cb3ea2769fe3a44c947ee5.jpg" width="1920" height="1080">
                            <media:description type="plain">Après son recueil de poèmes sorti l’an passé, Jérôme Leroy revient avec un ouvrage composé d’un ensemble de textes courts.</media:description>
                            <media:credit>Bridgeman Images / Â© Louis Monier</media:credit>
                        </media:content>
                                                </item>
                    <item>
                <guid>https://www.lefigaro.fr/livres/6-avenue-george-v-de-thomas-b-reverdy-une-valse-a-quatre-temps-20250206</guid>
                <title>6 avenue George V, de Thomas B. Reverdy: une valse à quatre temps</title>
                                <link>https://www.lefigaro.fr/livres/6-avenue-george-v-de-thomas-b-reverdy-une-valse-a-quatre-temps-20250206</link>
                                    <description>CRITIQUE - Un récit vibrant qui s’inscrit dans la part autobiographique de son œuvre commencée par La Montée des eaux. Un livre en forme de «piège à émotions».</description>
                                <category>Livres</category>
                <pubDate>Thu, 06 Feb 2025 08:00:00 +0100</pubDate>

                                                            <media:content url="https://i.f1g.fr/media/cms/556x312_crop/2025/02/05/8d90e4c1de0e8b26d4af258499db8ce4dc1fa905e4cd40d0b67abb73bd856212.jpg" width="556" height="312">
                            <media:description type="plain">Thomas B. Reverdy nous entraîne dans un « piège à émotions ».</media:description>
                            <media:credit>Quentin Houdas/éditions Flammarion</media:credit>
                        </media:content>
                                                </item>
                    <item>
                <guid>https://www.lefigaro.fr/livres/vers-la-joie-de-laurence-tardieu-du-chaos-a-la-redemption-20250205</guid>
                <title>Vers la joie, de Laurence Tardieu: du chaos à la rédemption</title>
                                <link>https://www.lefigaro.fr/livres/vers-la-joie-de-laurence-tardieu-du-chaos-a-la-redemption-20250205</link>
                                    <description>CRITIQUE - Un témoignage brut et solaire sur la maladie soudaine d’un enfant et la façon dont la vie va reprendre le dessus.</description>
                                <category>Livres</category>
                <pubDate>Wed, 05 Feb 2025 18:00:00 +0100</pubDate>

                                                            <media:content url="https://i.f1g.fr/media/cms/863x485_crop/2025/02/05/dc78a6a62c46da179c35f89788c0fc7b584abc2e5c93a997b9a7f60ecfe88eb9.jpg" width="863" height="485">
                            <media:description type="plain">Laurence Tardieu questionne la durée d’un drame, prend la mesure de sa résonance : il y a eu un commencement, y a-t-il une fin ?</media:description>
                            <media:credit>Astrid di Crollalanza</media:credit>
                        </media:content>
                                                </item>
                    <item>
                <guid>https://www.lefigaro.fr/livres/daniel-liszt-un-fils-mal-aime-de-charles-dupechez-duel-d-ego-20250205</guid>
                <title>Daniel Liszt, un fils mal-aimé, de Charles Dupêchez: duel d’ego</title>
                                <link>https://www.lefigaro.fr/livres/daniel-liszt-un-fils-mal-aime-de-charles-dupechez-duel-d-ego-20250205</link>
                                    <description>CRITIQUE - Comment le jeune homme, de santé fragile, négligé par son père, le pianiste Franz Liszt, devenu selon George Sand un «charlatan de son génie», s’est intéressé à la musique et a fait la connaissance de Berlioz, Ernest Renan, Émile Littré...</description>
                                <category>Livres</category>
                <pubDate>Wed, 05 Feb 2025 17:00:00 +0100</pubDate>

                                                            <media:content url="https://i.f1g.fr/media/cms/2139x1203_crop/2025/02/05/93b2b508d1176779fc3e9e93696a35cfd344928352e1c0f3c5a64a8cfde05d56.jpg" width="2139" height="1203">
                            <media:description type="plain">C’est dans un salon parisien que se rencontrèrent Franz Liszt et l’aristocrate Marie d’Agoult. Ensemble ils eurent trois enfants, dont Daniel, le mal-aimé.</media:description>
                            <media:credit>/ Bridgeman Images</media:credit>
                        </media:content>
                                                </item>
                    <item>
                <guid>https://www.lefigaro.fr/livres/tout-le-monde-aime-clara-de-david-foenkinos-ils-se-sont-tant-aimes-20250205</guid>
                <title>Tout le monde aime Clara, de David Foenkinos: ils se sont tant aimés</title>
                                <link>https://www.lefigaro.fr/livres/tout-le-monde-aime-clara-de-david-foenkinos-ils-se-sont-tant-aimes-20250205</link>
                                    <description>CRITIQUE - Le dernier roman de l’écrivain est beau, intense et vivifiant.</description>
                                <category>Livres</category>
                <pubDate>Wed, 05 Feb 2025 16:00:13 +0100</pubDate>

                                                            <media:content url="https://i.f1g.fr/media/eidos/630x354_crop/2025/02/05/XVM4fa44fce-dd6a-11ef-b14e-6c94e49a5c73.jpg" width="630" height="354">
                            <media:description type="plain">David Foenkinos a l’art du récit. Il va vite, très vite, au point que les événements dépassent les personnages.</media:description>
                            <media:credit>Francesca Mantovani / Gallimard</media:credit>
                        </media:content>
                                                </item>
            </channel>
</rss>
