<?xml version="1.0" encoding="UTF-8"?>
<rss version="2.0" xmlns:atom="http://www.w3.org/2005/Atom" xmlns:media="http://search.yahoo.com/mrss/">
    <channel>
        <atom:link href="https://www.lefigaro.fr/rss/figaro_medias.xml" rel="self" type="application/rss+xml"/>
        <category>Médias</category>
        <title>Le Figaro - Médias et Publicité : Actualité de l&#039;audiovisuel et du cinéma</title>
        <description>La vache qui rit, Bibendum, Mr Propre... retrouvez les personnages publicitaires qui ont marqué l&#039;imaginaire des Français</description>
        <link>http://www.lefigaro.fr</link>
        <language>fr</language>
        <copyright>Droits de reproduction et de diffusion réservés LeFigaro.fr</copyright>
        <lastBuildDate>Wed, 12 Feb 2025 09:42:56 +0100</lastBuildDate>
        <docs>https://www.lefigaro.fr/rss</docs>
        <image>
            <title>Le Figaro - Médias et Publicité : Actualité de l&#039;audiovisuel et du cinéma</title>
            <url>https://static.lefigaro.fr/common/logos/logo-150x150.png</url>
            <link>http://www.lefigaro.fr</link>
            <description>La vache qui rit, Bibendum, Mr Propre... retrouvez les personnages publicitaires qui ont marqué l&#039;imaginaire des Français</description>
        </image>

                    <item>
                <guid>https://www.lefigaro.fr/medias/malgre-ses-investissements-dans-le-streaming-m6-reste-tres-rentable-et-garde-le-cap-de-son-virage-strategique-20250211</guid>
                <title>Malgré ses investissements dans le streaming, M6 reste très rentable et garde le cap de son virage stratégique</title>
                                <link>https://www.lefigaro.fr/medias/malgre-ses-investissements-dans-le-streaming-m6-reste-tres-rentable-et-garde-le-cap-de-son-virage-strategique-20250211</link>
                                    <description>DÉCRYPTAGE - La filiale de Bertelsmann affiche une marge de 18,5% en 2024. Un résultat issu de la publicité et du streaming en forte hausse.</description>
                                <category>Médias &amp; Publicité</category>
                <pubDate>Tue, 11 Feb 2025 19:44:27 +0100</pubDate>

                                                            <media:content url="https://i.f1g.fr/media/cms/2995x1685_crop/2025/02/11/8225a010b29e7c0252941cece1d721fc0b3d0b91fbcf307b98c587e372ac619d.jpg" width="2995" height="1685">
                            <media:description type="plain">Entrée de l'immeuble abritant le siège du groupe M6, à Neuilly-sur-Seine.</media:description>
                            <media:credit>Sébastien SORIANO</media:credit>
                        </media:content>
                                                </item>
                    <item>
                <guid>https://www.lefigaro.fr/medias/faux-livres-pillages-droit-d-auteur-comment-l-ia-bouscule-le-secteur-de-l-edition-20250210</guid>
                <title>«Faux livres», pillages, droit d’auteur... Comment l’IA bouscule le secteur de l’édition</title>
                                <link>https://www.lefigaro.fr/medias/faux-livres-pillages-droit-d-auteur-comment-l-ia-bouscule-le-secteur-de-l-edition-20250210</link>
                                    <description>DÉCRYPTAGE - Les éditeurs ont amorcé un bras de fer avec les géants de l’IA pour obtenir une contrepartie à l’utilisation de leurs corpus.</description>
                                <category>Médias &amp; Publicité</category>
                <pubDate>Tue, 11 Feb 2025 16:52:45 +0100</pubDate>

                                                            <media:content url="https://i.f1g.fr/media/cms/2955x1662_crop/2025/02/10/544977f9a875844c5d8fde6248fe7bef566bfe6fc9474e8f5a54cac8882a28fb.jpg" width="2955" height="1662">
                            <media:description type="plain">Lauréate du prix Akutagawa, la plus prestigieuse récompense littéraire au Japon, l’auteur Rie Kudan (ici en janvier 2024 à Tokyo) avait eu recours à ChatGPT pour écrire une partie de son roman.</media:description>
                            <media:credit>The Asahi Shimbun via Getty Images</media:credit>
                        </media:content>
                                                </item>
                    <item>
                <guid>https://www.lefigaro.fr/medias/les-medias-americains-deviennent-la-cible-opportune-des-coupes-budgetaires-du-doge-d-elon-musk-20250207</guid>
                <title>Les médias américains deviennent la cible opportune des coupes budgétaires du Doge d’Elon Musk</title>
                                <link>https://www.lefigaro.fr/medias/les-medias-americains-deviennent-la-cible-opportune-des-coupes-budgetaires-du-doge-d-elon-musk-20250207</link>
                                    <description>La Maison-Blanche a annoncé que les abonnements des agences fédérales au média Politico, faussement assimilés à de la corruption, seront supprimés. Ceux souscrits auprès de Reuters, Associated Press ou encore du New York Times sont eux aussi sur la sellette.</description>
                                <category>Médias &amp; Publicité</category>
                <pubDate>Fri, 07 Feb 2025 19:03:49 +0100</pubDate>

                                                            <media:content url="https://i.f1g.fr/media/cms/3000x2001_crop/2025/02/07/736046599049982e8da85523d9b0686bb8cd5287993342203f571fc319c7bda6.jpg" width="3000" height="2001">
                            <media:description type="plain">Sous couvert d’économie, le gouvernement chercherait à sanctionner les titres (ici, un exemplaire de Politico, le 22 janvier, au Capitole) non complaisants avec la nouvelle Administration.</media:description>
                            <media:credit>(Francis Chung/POLITICO via AP Images)</media:credit>
                        </media:content>
                                                </item>
                    <item>
                <guid>https://www.lefigaro.fr/medias/apres-une-sequence-inappropriee-sur-les-atouts-touristiques-de-gaza-franceinfo-s-excuse-et-supprime-l-extrait-20250207</guid>
                <title>Après une séquence «inappropriée» sur les «atouts» touristiques de Gaza, Franceinfo s’excuse et supprime l’extrait</title>
                                <link>https://www.lefigaro.fr/medias/apres-une-sequence-inappropriee-sur-les-atouts-touristiques-de-gaza-franceinfo-s-excuse-et-supprime-l-extrait-20250207</link>
                                    <description>La chaîne du service public a fait intervenir sur son antenne, mercredi soir, un «professionnel du tourisme» afin de débattre sur la proposition de Donald Trump de transformer Gaza en «Riviera du Moyen-Orient».</description>
                                <category>Médias &amp; Publicité</category>
                <pubDate>Fri, 07 Feb 2025 21:53:24 +0100</pubDate>

                                                            <media:content url="https://i.f1g.fr/media/cms/2000x1063_crop/2025/02/07/aecf38527e5ea1033a9b3da1f1a9b3d225e4a4dcc13ce53ea470b5c99f92d2fd.png" width="2000" height="1063">
                            <media:description type="plain">Franck Delvau, le président de l’UMIH d’Île-de-France, a analysé les «atouts» touristiques de la bande de Gaza.</media:description>
                            <media:credit>Capture d&#039;écran / Franceinfo</media:credit>
                        </media:content>
                                                </item>
                    <item>
                <guid>https://www.lefigaro.fr/medias/bien-que-retire-de-la-vente-le-magazine-marianne-a-recu-une-nouvelle-offre-de-reprise-20250207</guid>
                <title>Bien que retiré de la vente, le magazine Marianne a reçu une nouvelle offre de reprise</title>
                                <link>https://www.lefigaro.fr/medias/bien-que-retire-de-la-vente-le-magazine-marianne-a-recu-une-nouvelle-offre-de-reprise-20250207</link>
                                    <description>Jean-Claude Delgènes et d’autres dirigeants issus de l’économie sociale et solidaire souhaitent racheter le magazine détenu par Daniel Kretinsky pour le transformer en coopérative d’intérêt collectif.</description>
                                <category>Médias &amp; Publicité</category>
                <pubDate>Sat, 08 Feb 2025 16:44:57 +0100</pubDate>

                                                            <media:content url="https://i.f1g.fr/media/cms/3000x2001_crop/2025/02/07/c6a8d56fabc457fc3a52eb75d50298fda4857c175de15d4fb7e2028fe40bbcc5.jpg" width="3000" height="2001">
                            <media:description type="plain">Le magazine Marianne est propriété du groupe CMI France</media:description>
                            <media:credit>JOEL SAGET / AFP</media:credit>
                        </media:content>
                                                </item>
                    <item>
                <guid>https://www.lefigaro.fr/medias/nous-devons-defier-la-kleptocratie-du-contenu-les-industries-culturelles-et-mediatiques-bataillent-face-aux-geants-de-l-ia-20250206</guid>
                <title>«Nous devons défier la “kleptocratie” du contenu»: les industries culturelles et médiatiques bataillent face aux géants de l’IA</title>
                                <link>https://www.lefigaro.fr/medias/nous-devons-defier-la-kleptocratie-du-contenu-les-industries-culturelles-et-mediatiques-bataillent-face-aux-geants-de-l-ia-20250206</link>
                                    <description>ENQUÊTE - Auteurs, acteurs, romanciers et chanteurs se mobilisent pour que le droit d’auteur cesse d’être bafoué.</description>
                                <category>Médias &amp; Publicité</category>
                <pubDate>Fri, 07 Feb 2025 17:51:03 +0100</pubDate>

                                                            <media:content url="https://i.f1g.fr/media/cms/3000x2125_crop/2025/02/06/816ef91369b79ac2918a2d40b9f33a3196e5bd8b501047a834beffe99b4ed28b.jpg" width="3000" height="2125">
                            <media:description type="plain">À l’instar de Paul McCartney (ici, à Mexico, en novembre dernier), de nombreux artistes de renommée internationale demandent que leurs œuvres ne soient plus pillées à leur insu afin de nourrir les Intelligences artificielles.</media:description>
                            <media:credit>CARL DE SOUZA / AFP</media:credit>
                        </media:content>
                                                </item>
                    <item>
                <guid>https://www.lefigaro.fr/medias/ai-overviews-recherches-visuelles-comment-l-ia-permet-a-google-de-resister-a-la-vague-chatgpt-20250205</guid>
                <title>AI Overviews, recherches visuelles… Comment l’IA permet à Google de résister à la vague ChatGPT</title>
                                <link>https://www.lefigaro.fr/medias/ai-overviews-recherches-visuelles-comment-l-ia-permet-a-google-de-resister-a-la-vague-chatgpt-20250205</link>
                                    <description>DÉCRYPTAGE - L’usage et les revenus du moteur de recherche ont continué de croître en 2024. Le groupe voit ses nouvelles fonctionnalités de recherche connaître un succès croissant.</description>
                                <category>Médias &amp; Publicité</category>
                <pubDate>Thu, 06 Feb 2025 10:19:49 +0100</pubDate>

                                                            <media:content url="https://i.f1g.fr/media/cms/2800x1866_crop/2025/02/05/468d1e0e92bb5327977ef786632a2712f2351f7de712c6c3011e48a051d9d6ac.jpg" width="2800" height="1866">
                            <media:description type="plain">Le « search » représente 56 % des revenus de Google en 2024.</media:description>
                            <media:credit>GoodPics / stock.adobe.com</media:credit>
                        </media:content>
                                                </item>
                    <item>
                <guid>https://www.lefigaro.fr/medias/federation-le-producteur-du-bureau-des-legendes-ouvre-son-capital-pour-faire-partie-des-studios-d-envergure-mondiale-de-demain-20250205</guid>
                <title>Federation, le producteur du Bureau des légendes, ouvre son capital pour «faire partie des studios mondiaux de demain»</title>
                                <link>https://www.lefigaro.fr/medias/federation-le-producteur-du-bureau-des-legendes-ouvre-son-capital-pour-faire-partie-des-studios-d-envergure-mondiale-de-demain-20250205</link>
                                    <description>DÉCRYPTAGE - Le groupe français de production audiovisuelle souhaite lever 250 millions d’euros pour financer ses ambitions.</description>
                                <category>Médias &amp; Publicité</category>
                <pubDate>Wed, 05 Feb 2025 18:00:00 +0100</pubDate>

                                                            <media:content url="https://i.f1g.fr/media/cms/1904x1071_crop/2025/02/05/af74703fd4ff36e62642e91826366455b6c38ed6ebcb450a2d3b8c4a7459ff4e.jpg" width="1904" height="1071">
                            <media:description type="plain">Le président de Federation Studios, Pascal Breton, ambitionne de « tripler l’activité du groupe d’ici à cinq ans ».</media:description>
                            <media:credit> Sylvie Castioni</media:credit>
                        </media:content>
                                                </item>
                    <item>
                <guid>https://www.lefigaro.fr/medias/plus-de-quinze-ans-apres-sa-creation-le-leader-du-streaming-musical-spotify-est-enfin-rentable-20250204</guid>
                <title>Plus de quinze ans après sa création, le leader du streaming musical Spotify est enfin rentable</title>
                                <link>https://www.lefigaro.fr/medias/plus-de-quinze-ans-apres-sa-creation-le-leader-du-streaming-musical-spotify-est-enfin-rentable-20250204</link>
                                    <description>DÉCRYPTAGE - C’est la première fois que le groupe suédois est bénéficiaire sur un exercice complet. Une forte hausse du nombre d’abonnés couplée à une cure d’austérité drastique et une augmentation des prix ont permis au géant de conjurer la malédiction.</description>
                                <category>Médias &amp; Publicité</category>
                <pubDate>Tue, 04 Feb 2025 17:26:57 +0100</pubDate>

                                                            <media:content url="https://i.f1g.fr/media/cms/3000x2000_crop/2025/02/04/0d0bfa4ad5fe1304b936443f46239374e5920a77cbad2445c437f8ba8e97a184.jpg" width="3000" height="2000">
                            <media:description type="plain">Spotify affiche un bénéfice net pour l’année 2024 de 1,14 milliard d’euros.</media:description>
                            <media:credit>HTGanzo / stock.adobe.com</media:credit>
                        </media:content>
                                                </item>
                    <item>
                <guid>https://www.lefigaro.fr/medias/en-perte-d-influence-et-distancee-par-fox-news-cnn-accelere-sa-mue-numerique-20250203</guid>
                <title>En perte d’influence et distancée par Fox News, CNN accélère sa mue numérique</title>
                                <link>https://www.lefigaro.fr/medias/en-perte-d-influence-et-distancee-par-fox-news-cnn-accelere-sa-mue-numerique-20250203</link>
                                    <description>DÉCRYPTAGE - La chaîne, propriété du groupe Warner Bros. Discovery, s’apprête à licencier 200 salariés et à investir 70 millions pour se renforcer sur le web.</description>
                                <category>Médias &amp; Publicité</category>
                <pubDate>Mon, 03 Feb 2025 17:02:49 +0100</pubDate>

                                                            <media:content url="https://i.f1g.fr/media/cms/2981x1676_crop/2025/02/03/5fb0d4cce6e6d80a9e33cbb0c4b5864c288e45564c5be28c0cd11d353664de45.jpg" width="2981" height="1676">
                            <media:description type="plain">Mark Thompson, le président-directeur général de la chaîne CNN.</media:description>
                            <media:credit>DIMITRIOS KAMBOURIS / Getty Images via AFP</media:credit>
                        </media:content>
                                                </item>
                    <item>
                <guid>https://www.lefigaro.fr/medias/pourquoi-le-financement-du-cinema-francais-par-disney-n-est-pas-une-si-bonne-nouvelle-20250131</guid>
                <title>Pourquoi le financement du cinéma français par Disney n’est pas une si bonne nouvelle</title>
                                <link>https://www.lefigaro.fr/medias/pourquoi-le-financement-du-cinema-francais-par-disney-n-est-pas-une-si-bonne-nouvelle-20250131</link>
                                    <description>ANALYSE - Canal+, grand argentier historique du cinéma tricolore, menace déjà de réduire ses investissements. Un scénario qui a comme un air de déjà-vu dans le football français, séduit en son temps par Mediapro puis Amazon…</description>
                                <category>Médias &amp; Publicité</category>
                <pubDate>Mon, 03 Feb 2025 11:03:37 +0100</pubDate>

                                                            <media:content url="https://i.f1g.fr/media/cms/2999x1686_crop/2025/01/31/dd471bd18bfd2bc5f6fbee20690fadc9029842d519203a51c4406d4a9dbe90ac.jpg" width="2999" height="1686">
                            <media:description type="plain">Disney va pouvoir diffuser des films sur Disney+ neuf mois après leur sortie en salle.</media:description>
                            <media:credit>Diego / stock.adobe.com</media:credit>
                        </media:content>
                                                </item>
                    <item>
                <guid>https://www.lefigaro.fr/economie/intelligence-artificielle-incite-par-la-concurrence-meta-compte-sur-sa-puissance-financiere-pour-s-imposer-20250130</guid>
                <title>Intelligence artificielle: incité par la concurrence, Meta compte sur sa puissance financière pour s’imposer</title>
                                <link>https://www.lefigaro.fr/economie/intelligence-artificielle-incite-par-la-concurrence-meta-compte-sur-sa-puissance-financiere-pour-s-imposer-20250130</link>
                                    <description>DÉCRYPTAGE - Le géant américain annonce plusieurs centaines de milliards de dollars d’investissement.</description>
                                <category>Économie</category>
                <pubDate>Fri, 31 Jan 2025 11:36:56 +0100</pubDate>

                                                            <media:content url="https://i.f1g.fr/media/cms/3000x2002_crop/2025/01/30/78f038f199e7b66e630ee0064f330b096451686a4094c85be0c1388dcf2bfebd.jpg" width="3000" height="2002">
                            <media:description type="plain">Mark Zuckerberg était aux premières loges lors de l’investiture de Donald Trump, le 20 janvier.</media:description>
                            <media:credit>SHAWN THEW / REUTERS</media:credit>
                        </media:content>
                                                </item>
                    <item>
                <guid>https://www.lefigaro.fr/medias/influenceurs-et-podcasteurs-obtiennent-leur-accreditation-a-la-maison-blanche-20250129</guid>
                <title>Influenceurs et podcasteurs obtiennent leur accréditation à la Maison-Blanche</title>
                                <link>https://www.lefigaro.fr/medias/influenceurs-et-podcasteurs-obtiennent-leur-accreditation-a-la-maison-blanche-20250129</link>
                                    <description>Ils pourront désormais participer, aux côtés des médias traditionnels, aux conférences de presse sur l’actualité de l’Administration Trump.</description>
                                <category>Médias &amp; Publicité</category>
                <pubDate>Wed, 29 Jan 2025 19:30:22 +0100</pubDate>

                                                            <media:content url="https://i.f1g.fr/media/cms/3000x2002_crop/2025/01/29/fe68d99b517331013959769006abe7c772fc48a1e7e23d373f6ba77c1950de39.jpg" width="3000" height="2002">
                            <media:description type="plain">Au centre, le podcasteur Joe Rogan, fidèle soutien de Donald Trump, lors de la cérémonie d’investiture du nouveau président.</media:description>
                            <media:credit>SAUL LOEB / REUTERS</media:credit>
                        </media:content>
                                                </item>
                    <item>
                <guid>https://www.lefigaro.fr/medias/moins-de-ventes-moins-de-marges-a-la-veille-du-festival-d-angouleme-le-pessimisme-s-empare-du-secteur-de-la-bande-dessinee-20250129</guid>
                <title>Moins de ventes, moins de marges… À la veille du Festival d’Angoulême, le pessimisme s’empare du secteur de la bande dessinée</title>
                                <link>https://www.lefigaro.fr/medias/moins-de-ventes-moins-de-marges-a-la-veille-du-festival-d-angouleme-le-pessimisme-s-empare-du-secteur-de-la-bande-dessinee-20250129</link>
                                    <description>DÉCRYPTAGE - Les ventes de BD et de manga ont reculé de 9% en volume en 2024. Sans nier la vitalité du marché, les professionnels s’inquiètent de voir les marges s’éroder et le nombre de publications exploser.</description>
                                <category>Médias &amp; Publicité</category>
                <pubDate>Wed, 29 Jan 2025 18:26:33 +0100</pubDate>

                                                            <media:content url="https://i.f1g.fr/media/cms/3000x1687_crop/2025/01/29/845a58b62b6a77d52c0d3317da914434d0f4504fa06b9045944a231b37f85e43.jpg" width="3000" height="1687">
                            <media:description type="plain">Les rayons BD et mangas de la librairie Le Divan, dans le 15e arrondissement de Paris. Pour la deuxième année consécutive, le monde des bulles est confronté à un déclin des ventes.</media:description>
                            <media:credit>RICCARDO MILANI / Hans Lucas via AFP</media:credit>
                        </media:content>
                                                </item>
                    <item>
                <guid>https://www.lefigaro.fr/medias/discussions-avec-m6-negociations-avec-canal-le-paf-s-agite-sur-l-avenir-de-cyril-hanouna-20250124</guid>
                <title>Discussions avec M6, négociations avec Canal+… Le PAF s’agite sur l’avenir de Cyril Hanouna</title>
                                <link>https://www.lefigaro.fr/medias/discussions-avec-m6-negociations-avec-canal-le-paf-s-agite-sur-l-avenir-de-cyril-hanouna-20250124</link>
                                    <description>RÉCIT - L’animateur star de TPMP est donné partant pour le groupe M6. Karine Le Marchand met son départ dans la balance, alors que le producteur négocie sur plusieurs fronts.</description>
                                <category>Médias &amp; Publicité</category>
                <pubDate>Sat, 25 Jan 2025 07:51:31 +0100</pubDate>

                                                            <media:content url="https://i.f1g.fr/media/cms/3000x2001_crop/2025/01/24/be74810c7d1f8a17ec8adc2ba2b1c0e34a3dd99a5abcc0deedbc36204915f307.jpg" width="3000" height="2001">
                            <media:description type="plain">Cyril Hanouna sur le plateau de l’émission Touche pas à mon poste diffusé en direct sur C8 - No web en Suisse / Belgique.</media:description>
                            <media:credit>Jack Tribeca</media:credit>
                        </media:content>
                                                </item>
                    <item>
                <guid>https://www.lefigaro.fr/medias/communiste-gaulliste-centriste-revolutionnaire-jean-francois-kahn-pourfendeur-de-la-pensee-unique-20250123</guid>
                <title>Communiste, gaulliste, «centriste révolutionnaire»... Jean-François Kahn, pourfendeur de la pensée unique</title>
                                <link>https://www.lefigaro.fr/medias/communiste-gaulliste-centriste-revolutionnaire-jean-francois-kahn-pourfendeur-de-la-pensee-unique-20250123</link>
                                    <description>PORTRAIT - Le journaliste, fondateur de «L’Événement du jeudi» et de «Marianne», débatteur infatigable à la radio comme à la télévision, était engagé contre tous les extrémismes.</description>
                                <category>Médias &amp; Publicité</category>
                <pubDate>Thu, 23 Jan 2025 19:54:08 +0100</pubDate>

                                                            <media:content url="https://i.f1g.fr/media/cms/3000x1687_crop/2025/01/23/0a66931b1dbd432e80f2ff200026d72044e177ab47bec4f34374b61ea5411f75.jpg" width="3000" height="1687">
                            <media:description type="plain">Jean-Francois Kahn, à Paris, en septembre 2007.</media:description>
                            <media:credit>Orban Thierry/ABACA</media:credit>
                        </media:content>
                                                </item>
                    <item>
                <guid>https://www.lefigaro.fr/medias/pour-l-union-des-marques-les-grands-annonceurs-ne-desinvestissent-pas-les-medias-traditionnels-malgre-la-concurrence-des-gafam-20250122</guid>
                <title>Pour l’Union des marques, «les grands annonceurs ne désinvestissent pas les médias traditionnels» malgré la concurrence des Gafam</title>
                                <link>https://www.lefigaro.fr/medias/pour-l-union-des-marques-les-grands-annonceurs-ne-desinvestissent-pas-les-medias-traditionnels-malgre-la-concurrence-des-gafam-20250122</link>
                                    <description>ENTRETIEN - Hervé Navellou et Jean-Luc Chetrit, à la tête de l’organisation, livrent leur analyse sur les bouleversements dans le paysage publicitaire et les grands dossiers de ce début d’année&amp;#160;: éviction de C8 et NRJ12 de la TNT, fin du fact-checking chez Meta, mesure des audiences «&amp;#160;cross-media&amp;#160;»…</description>
                                <category>Médias &amp; Publicité</category>
                <pubDate>Wed, 22 Jan 2025 18:31:36 +0100</pubDate>

                                                            <media:content url="https://i.f1g.fr/media/cms/1918x1079_crop/2025/01/22/fff933867afcac4a598c9984e4eca084b15ce3c5a28812f8e3e419ee0ed0657c.jpg" width="1918" height="1079">
                            <media:description type="plain">Hervé Navellou (à gauche) et Jean-Luc Chetrit respectivement président et directeur général de l’Union des marques.</media:description>
                            <media:credit>PIERRE-OLIVIER / CAPA PICTURES / Vincent Isore/IP3 PRESS/MAXPPP</media:credit>
                        </media:content>
                                                </item>
                    <item>
                <guid>https://www.lefigaro.fr/medias/pierre-branco-directeur-general-de-studio-tf1-newen-devient-studio-tf1-et-se-renforce-dans-le-cinema-20250121</guid>
                <title>Pierre Branco (directeur général de Studio TF1) : «Newen Studios devient Studio TF1 et se renforce dans le cinéma»</title>
                                <link>https://www.lefigaro.fr/medias/pierre-branco-directeur-general-de-studio-tf1-newen-devient-studio-tf1-et-se-renforce-dans-le-cinema-20250121</link>
                                    <description>Nouveau nom, évolution de l’activité, relations avec France Télévisions… Le directeur général de la société de production de Plus belle la vie fait le point sur la stratégie du groupe.</description>
                                <category>Médias &amp; Publicité</category>
                <pubDate>Tue, 21 Jan 2025 17:30:00 +0100</pubDate>

                                                            <media:content url="https://i.f1g.fr/media/cms/2847x1601_crop/2025/01/21/16eaea08fea3f4c072e1637fc08b06ece4f0b54981b290887cda6fd86a9ff210.jpg" width="2847" height="1601">
                            <media:description type="plain">Pierre Branco le 26 février 2024.</media:description>
                            <media:credit>Olivier Seignette / TF1</media:credit>
                        </media:content>
                                                </item>
                    <item>
                <guid>https://www.lefigaro.fr/musique/le-rappeur-sch-donne-son-dernier-disque-d-or-pour-soutenir-stream-for-humanity-20250121</guid>
                <title>Le rappeur SCH donne son dernier disque d’or pour soutenir «Stream for Humanity»</title>
                                <link>https://www.lefigaro.fr/musique/le-rappeur-sch-donne-son-dernier-disque-d-or-pour-soutenir-stream-for-humanity-20250121</link>
                                    <description>La vente à l’encan de la récompense du rappeur, organisée lors du marathon caritatif en ligne, servira à «&amp;#160;venir en aide aux familles victimes des conflits armés&amp;#160;», notamment en «Palestine, au Congo, au Soudan et au Liban&amp;#160;», affirment ses promoteurs.&amp;#160;</description>
                                <category>Musique</category>
                <pubDate>Tue, 21 Jan 2025 12:06:05 +0100</pubDate>

                                                            <media:content url="https://i.f1g.fr/media/cms/1918x1079_crop/2025/01/21/363c50cfc2028f82b5f7f44d36d088eca511d0360e986ceee67a249282adec82.jpg" width="1918" height="1079">
                            <media:description type="plain">En décembre dernier, le rappeur SCH a décroché un disque d’or pour son album JVLIVS III : Ad Finem en moins d’une semaine.</media:description>
                            <media:credit>Anouar Hendrixx via Instagram</media:credit>
                        </media:content>
                                                </item>
                    <item>
                <guid>https://www.lefigaro.fr/medias/agressions-sexuelles-la-si-lourde-inertie-des-grands-medias-japonais-20250117</guid>
                <title>Agressions sexuelles : la si lourde inertie des grands médias japonais</title>
                                <link>https://www.lefigaro.fr/medias/agressions-sexuelles-la-si-lourde-inertie-des-grands-medias-japonais-20250117</link>
                                    <description>RÉCIT - Masahiro Nakai, un des plus célèbres animateurs télé du pays, est accusé d’avoir agressé une présentatrice de FujiTV en 2023. Les médias sont restés silencieux avant qu’un actionnaire de la chaîne ne s’offusque du non-traitement de l’affaire.</description>
                                <category>Médias &amp; Publicité</category>
                <pubDate>Fri, 17 Jan 2025 21:19:55 +0100</pubDate>

                                                            <media:content url="https://i.f1g.fr/media/cms/3000x2098_crop/2025/01/17/12b487626c17159d7b732496f996fd5859e3961483717d48f64a0e5428ed89a3.jpg" width="3000" height="2098">
                            <media:description type="plain">Ex-leader du boys band SMAP, Masahiro Nakai est devenue une personnalité du monde des médias japonais.</media:description>
                            <media:credit>Kunihiko Miura / The Yomiuri Shi</media:credit>
                        </media:content>
                                                </item>
            </channel>
</rss>
