<?xml version="1.0" encoding="UTF-8"?>
<rss version="2.0" xmlns:atom="http://www.w3.org/2005/Atom" xmlns:media="http://search.yahoo.com/mrss/">
    <channel>
        <atom:link href="https://www.lefigaro.fr/rss/figaro_musique.xml" rel="self" type="application/rss+xml"/>
        <category>Musique</category>
        <title>Le Figaro - Musique : Actualité musicale</title>
        <description>Musique : Retrouvez les derniers tubes du moment et l&#039;actualité des artistes sur Le Figaro</description>
        <link>http://www.lefigaro.fr</link>
        <language>fr</language>
        <copyright>Droits de reproduction et de diffusion réservés LeFigaro.fr</copyright>
        <lastBuildDate>Wed, 12 Feb 2025 09:44:44 +0100</lastBuildDate>
        <docs>https://www.lefigaro.fr/rss</docs>
        <image>
            <title>Le Figaro - Musique : Actualité musicale</title>
            <url>https://static.lefigaro.fr/common/logos/logo-150x150.png</url>
            <link>http://www.lefigaro.fr</link>
            <description>Musique : Retrouvez les derniers tubes du moment et l&#039;actualité des artistes sur Le Figaro</description>
        </image>

                    <item>
                <guid>https://www.lefigaro.fr/musique/je-sais-que-c-est-truque-pascal-obispo-denonce-l-organisation-des-victoires-de-la-musique-20250211</guid>
                <title>« Je sais que c’est truqué » : Pascal Obispo dénonce l’organisation des Victoires de la musique</title>
                                <link>https://www.lefigaro.fr/musique/je-sais-que-c-est-truque-pascal-obispo-denonce-l-organisation-des-victoires-de-la-musique-20250211</link>
                                    <description>Le chanteur et compositeur, nommé à 24 reprises tout au long de sa carrière, n’a décroché qu’une seule fois un trophée, celui du Spectacle musical en 2024.</description>
                                <category>Musique</category>
                <pubDate>Tue, 11 Feb 2025 11:03:34 +0100</pubDate>

                                                            <media:content url="https://i.f1g.fr/media/cms/2358x1326_crop/2025/02/11/1f0ed1070b714a7ca4a6a721a9d025602a24e36d57d87a5978665f93f23786e8.jpg" width="2358" height="1326">
                            <media:description type="plain">Pascal Obispo sortira son prochain disque Héritages en octobre 2025.</media:description>
                            <media:credit>Moritz Thibaud/ABACA</media:credit>
                        </media:content>
                                                </item>
                    <item>
                <guid>https://www.lefigaro.fr/musique/preparez-vous-paris-j-arrive-apres-18-ans-d-absence-diana-ross-revient-en-france-pour-un-concert-unique-20250211</guid>
                <title>« Préparez-vous Paris, j’arrive ! » : après 18 ans d’absence, Diana Ross revient en France pour un concert unique</title>
                                <link>https://www.lefigaro.fr/musique/preparez-vous-paris-j-arrive-apres-18-ans-d-absence-diana-ross-revient-en-france-pour-un-concert-unique-20250211</link>
                                    <description>La chanteuse n’était pas venue à Paris depuis son concert au Palais des Sports en mai 2007.</description>
                                <category>Musique</category>
                <pubDate>Tue, 11 Feb 2025 11:27:18 +0100</pubDate>

                                                            <media:content url="https://i.f1g.fr/media/cms/orig/2025/02/11/595790bdc566dbe0bd7bc7b646262c71a64241bbc4695331e43ee8632e61e3d0.JPG" width="3000" height="1687">
                            <media:description type="plain">Diana Ross (ici en février 2025) donnera un concert unique à Paris le 6 juillet.</media:description>
                            <media:credit>KEVIN WINTER / Getty Images via AFP</media:credit>
                        </media:content>
                                                </item>
                    <item>
                <guid>https://www.lefigaro.fr/musique/opera-notre-critique-de-semele-un-vaudeville-vivant-mais-inacheve-20250210</guid>
                <title>Opéra: notre critique de Sémélé, un vaudeville vivant mais inachevé</title>
                                <link>https://www.lefigaro.fr/musique/opera-notre-critique-de-semele-un-vaudeville-vivant-mais-inacheve-20250210</link>
                                    <description>CRITIQUE - Au Théâtre des Champs-Élysées, la direction d’Emmanuelle Haïm et la mise en scène d’Olivier Mears de l’œuvre de Haendel ne convainquent pas.</description>
                                <category>Musique</category>
                <pubDate>Mon, 10 Feb 2025 19:39:08 +0100</pubDate>

                                                            <media:content url="https://i.f1g.fr/media/cms/1200x675_crop/2025/02/10/f32119647bc1a94b5e46f12ff130b193a8528c5ebf0f90c677839ea6fde288ae.jpg" width="1200" height="675">
                            <media:description type="plain">Dommage pour Pretty Yende qui, pour son premier emploi baroque important, n’est pas servie au mieux par le spectacle.</media:description>
                            <media:credit>Vincent Pontet/TCE</media:credit>
                        </media:content>
                                                </item>
                    <item>
                <guid>https://www.lefigaro.fr/musique/rokia-traore-raconte-la-prison-et-comment-l-ecriture-a-ete-son-refuge-20250210</guid>
                <title>Rokia Traoré raconte la prison et comment l’écriture a été son refuge</title>
                                <link>https://www.lefigaro.fr/musique/rokia-traore-raconte-la-prison-et-comment-l-ecriture-a-ete-son-refuge-20250210</link>
                                    <description>La chanteuse a été libérée le 22 janvier, après sept mois de prison pour « non-représentation d’enfant » dans le cadre d’un litige judiciaire avec son ex-conjoint. Elle prépare la sortie d’un livre et d’une pièce de théâtre.</description>
                                <category>Musique</category>
                <pubDate>Mon, 10 Feb 2025 13:44:44 +0100</pubDate>

                                                            <media:content url="https://i.f1g.fr/media/cms/2607x1466_crop/2025/02/10/45f2ba76d8ca0826d7208fd14561402cb3e7a9533bd358942efeeb908fb7d2d8.jpg" width="2607" height="1466">
                            <media:description type="plain">« J’écrivais ce qu’il se passait. Au début, j’étais dans une position d’observatrice et, après, les autres filles sont venues me parler d’elles, de leurs histoires », raconte Rokia Traoré au Parisien.</media:description>
                            <media:credit>BERTRAND LANGLOIS / AFP</media:credit>
                        </media:content>
                                                </item>
                    <item>
                <guid>https://www.lefigaro.fr/musique/un-concert-improvise-d-ed-sheeran-organise-en-pleine-rue-en-inde-interrompu-par-la-police-20250210</guid>
                <title>Un concert improvisé d’Ed Sheeran organisé en pleine rue en Inde interrompu par la police</title>
                                <link>https://www.lefigaro.fr/musique/un-concert-improvise-d-ed-sheeran-organise-en-pleine-rue-en-inde-interrompu-par-la-police-20250210</link>
                                    <description>« Pas d’autorisation, pas de concert », a répliqué sur les réseaux sociaux un représentant du BJP, le parti nationaliste hindou, alors que le chanteur affirme avoir obtenu l’autorisation de se produire dans le quartier de Church Street.</description>
                                <category>Musique</category>
                <pubDate>Mon, 10 Feb 2025 13:11:16 +0100</pubDate>

                                                            <media:content url="https://i.f1g.fr/media/cms/3000x1687_crop/2025/02/10/810fd9836debf397ac24e587d0f14540e8c71e538edd758f8d00b85a349d5462.jpg" width="3000" height="1687">
                            <media:description type="plain">Ed Sheeran (ici en 2024) a décidé de surprendre ses fans en organisant un concert improvisé dans le quartier de Church Street, à Bangalore, avant que les autorités n’interviennent. </media:description>
                            <media:credit>DIA DIPASUPIL / Getty Images via AFP</media:credit>
                        </media:content>
                                                </item>
                    <item>
                <guid>https://www.lefigaro.fr/culture/des-fans-d-oasis-voient-leurs-billets-de-concert-annule-en-raison-des-fraudes-pour-le-marche-noir-20250210</guid>
                <title>Des fans d’Oasis voient leurs billets de concert annulé en raison des fraudes pour le marché noir</title>
                                <link>https://www.lefigaro.fr/culture/des-fans-d-oasis-voient-leurs-billets-de-concert-annule-en-raison-des-fraudes-pour-le-marche-noir-20250210</link>
                                    <description>Pour la seconde fois en six mois, le géant de la billetterie TicketMaster explique avoir purgé des billets achetés par des escrocs. Mais plusieurs particuliers assurent avoir acheté leurs places annulées sur le site officiel.</description>
                                <category>Culture</category>
                <pubDate>Mon, 10 Feb 2025 13:05:40 +0100</pubDate>

                                                            <media:content url="https://i.f1g.fr/media/cms/1667x938_crop/2025/02/10/773eb555471fefb08182cb53b6de3c5a0e1863f3fd1a406d21cc0ad15862a196.jpg" width="1667" height="938">
                            <media:description type="plain">TicketMaster, géant américain de la billetterie et propriété de Live Nation, a annulé des milliers de billets achetés pour les concerts du groupe Oasis.</media:description>
                            <media:credit>Capture Ticketmaster.com</media:credit>
                        </media:content>
                                                </item>
                    <item>
                <guid>https://www.lefigaro.fr/culture/laurence-equilbey-chef-d-orchestre-notre-vrai-patrimoine-ce-ne-sont-pas-nos-clochers-c-est-d-abord-la-musique-20250209</guid>
                <title>Laurence Equilbey, chef d’orchestre: «Notre vrai patrimoine, ce ne sont pas nos clochers, c’est d’abord la musique !»</title>
                                <link>https://www.lefigaro.fr/culture/laurence-equilbey-chef-d-orchestre-notre-vrai-patrimoine-ce-ne-sont-pas-nos-clochers-c-est-d-abord-la-musique-20250209</link>
                                    <description>ENTRETIEN - La chef dirige Médée de Cherubini à l’Opéra-Comique et fête les dix ans de son orchestre : Insula Orchestra installé à La Seine musicale. Il est devenu l’un des fers de lance de la pratique historiquement informée tout en pariant sur les nouvelles technologies.</description>
                                <category>Culture</category>
                <pubDate>Sun, 09 Feb 2025 16:59:55 +0100</pubDate>

                                                            <media:content url="https://i.f1g.fr/media/cms/3000x1687_crop/2025/02/09/09958bc554ab22a36e3a118300312f6ab9dc506987f2444997e4624161120cf5.jpg" width="3000" height="1687">
                            <media:description type="plain">Laurence Equilbey (ici à La Seine musicale à Boulogne-Billancourt). </media:description>
                            <media:credit>©Julien Benhamou</media:credit>
                        </media:content>
                                                </item>
                    <item>
                <guid>https://www.lefigaro.fr/musique/comment-sabrina-carpenter-tente-de-s-imposer-sur-la-tres-concurrentielle-scene-de-la-pop-americaine-20250209</guid>
                <title>Comment Sabrina Carpenter tente de s’imposer sur la très concurrentielle scène de la pop américaine</title>
                                <link>https://www.lefigaro.fr/musique/comment-sabrina-carpenter-tente-de-s-imposer-sur-la-tres-concurrentielle-scene-de-la-pop-americaine-20250209</link>
                                    <description>PORTRAIT - La chanteuse de 25 ans, qui vient de remporter deux Grammy Awards, a mis dix ans pour percer et se défaire de son image de petite fille sage de la télé Disney.</description>
                                <category>Musique</category>
                <pubDate>Sun, 09 Feb 2025 11:20:08 +0100</pubDate>

                                                            <media:content url="https://i.f1g.fr/media/cms/2975x1673_crop/2025/02/04/4aa65a3268bdc23a7bba94484bac768ffaea08bdec805460b7d959cb1de33fe6.jpg" width="2975" height="1673">
                            <media:description type="plain">Sabrina Carpenter a remporté dimanche 2 février ses deux premiers Grammy Awards.</media:description>
                            <media:credit>KEVIN WINTER / Getty Images via AFP</media:credit>
                        </media:content>
                                                </item>
                    <item>
                <guid>https://www.lefigaro.fr/musique/le-nuc-plus-ultra-le-nouvel-album-de-yoa-et-une-reedition-de-wilco-20250208</guid>
                <title>Yoa et Wilco, découvrez les albums de la semaine du Figaro</title>
                                <link>https://www.lefigaro.fr/musique/le-nuc-plus-ultra-le-nouvel-album-de-yoa-et-une-reedition-de-wilco-20250208</link>
                                    <description>LE NUC PLUS ULTRA - Au programme cette semaine, le premier album de la jeune chanteuse franco-suisse et la réédition de A Ghost is Born, vingt ans après sa sortie.</description>
                                <category>Musique</category>
                <pubDate>Sat, 08 Feb 2025 10:00:00 +0100</pubDate>

                                                            <media:content url="https://i.f1g.fr/media/cms/1920x1080_crop/2025/02/07/ca6ee6f71cc00b16e96c57d93475a154b64d2c72b05fd0e8b76f026e9e9870c0.jpg" width="1920" height="1080">
                            <media:description type="plain">Yoa, La Favorite et la réédition de l’album A Ghost is Born de Wilco.</media:description>
                            <media:credit>Panenka Music/Nonesuch/ Warner Records</media:credit>
                        </media:content>
                                                </item>
                    <item>
                <guid>https://www.lefigaro.fr/musique/nous-ne-sommes-pas-contre-l-ia-mais-pour-l-humain-sur-les-plateformes-de-streaming-les-abonnes-dans-le-flou-20250207</guid>
                <title>«Nous ne sommes pas contre l’IA mais pour l’humain»: sur les plateformes de streaming, les abonnés dans le flou</title>
                                <link>https://www.lefigaro.fr/musique/nous-ne-sommes-pas-contre-l-ia-mais-pour-l-humain-sur-les-plateformes-de-streaming-les-abonnes-dans-le-flou-20250207</link>
                                    <description>Face à la montée des musiques générées par l’IA, les entreprises ne veulent pas se poser en arbitre.</description>
                                <category>Musique</category>
                <pubDate>Sat, 08 Feb 2025 13:16:11 +0100</pubDate>

                                                            <media:content url="https://i.f1g.fr/media/cms/3000x2001_crop/2025/02/07/d4c72498973a9a86907d3ffb8af600bc7ac73edf1deb11d8cd34e784c2902458.jpg" width="3000" height="2001">
                            <media:description type="plain">Sur les 100.000 titres envoyés chaque jour sur les serveurs, 10% ont été générés par un logiciel.</media:description>
                            <media:credit>LIONEL BONAVENTURE / AFP</media:credit>
                        </media:content>
                                                </item>
                    <item>
                <guid>https://www.lefigaro.fr/culture/les-artistes-pionniers-militent-pour-une-ia-personnalisee-20250207</guid>
                <title>Musique: des artistes pionniers militent pour une IA personnalisée</title>
                                <link>https://www.lefigaro.fr/culture/les-artistes-pionniers-militent-pour-une-ia-personnalisee-20250207</link>
                                    <description>Les musiciens Benoît Carré ou Cécile DeLaurentis revendiquent une utilisation intelligente et adaptée des outils. À condition de les maîtriser. Propos recueillis.</description>
                                <category>Culture</category>
                <pubDate>Fri, 07 Feb 2025 17:43:18 +0100</pubDate>

                                                            <media:content url="https://i.f1g.fr/media/cms/1920x1080_crop/2025/02/07/ba3371c4731a683a20c0bbbee45f17fe5b11cfcb8b75e4c017ec5996d09af799.jpg" width="1920" height="1080">
                            <media:description type="plain">Benoît Carré et Cécile DeLaurentis.</media:description>
                            <media:credit>AFP / ERIC PIERMONT / AFP / Dominique Gau</media:credit>
                        </media:content>
                                                </item>
                    <item>
                <guid>https://www.lefigaro.fr/musique/intelligence-artificielle-la-sacem-en-route-vers-une-reglementation-20250207</guid>
                <title>Intelligence artificielle: la Sacem en route vers une réglementation</title>
                                <link>https://www.lefigaro.fr/musique/intelligence-artificielle-la-sacem-en-route-vers-une-reglementation-20250207</link>
                                    <description>Face aux nombreux programmes de génération de musique basés sur l’IA qui ne s’acquittent d’aucuns droits, l’organisme français souhaite réglementer ses usages.</description>
                                <category>Musique</category>
                <pubDate>Fri, 07 Feb 2025 15:57:19 +0100</pubDate>

                                                            <media:content url="https://i.f1g.fr/media/cms/3000x1999_crop/2025/02/07/e0de90b74dd9acbe0e699fa1e088a04a7bd7585ab72ad2302a4ff82fe3e04929.jpg" width="3000" height="1999">
                            <media:description type="plain">Le siège de la Sacem.</media:description>
                            <media:credit>ERIC BERACASSAT / Hans Lucas via AFP</media:credit>
                        </media:content>
                                                </item>
                    <item>
                <guid>https://www.lefigaro.fr/culture/ia-et-musique-un-accord-encore-loin-d-etre-parfait-20250207</guid>
                <title>IA et musique, un accord encore loin d’être parfait</title>
                                <link>https://www.lefigaro.fr/culture/ia-et-musique-un-accord-encore-loin-d-etre-parfait-20250207</link>
                                    <description>DÉCRYPTAGE - Des plateformes de streaming aux musiques générées à la demande, l’intelligence artificielle joue déjà sa partition dans notre quotidien avec ses potentielles dérives.</description>
                                <category>Culture</category>
                <pubDate>Fri, 07 Feb 2025 17:43:48 +0100</pubDate>

                                                            <media:content url="https://i.f1g.fr/media/cms/3000x2001_crop/2025/02/07/2b9223844a93637365d09756a947f4e9d524e7a0035913974c743b7a127837da.jpg" width="3000" height="2001">
                            <media:description type="plain">Selon l’étude publiée l’an dernier par le cabinet Goldmayer, 35% des créateurs interrogés ont déjà eu recours à l’IA dans leur travail.</media:description>
                            <media:credit>Anthony Brown - Adobe Stock</media:credit>
                        </media:content>
                                                </item>
                    <item>
                <guid>https://www.lefigaro.fr/musique/elton-john-sortira-un-nouvel-album-en-duo-avec-brandi-carlile-intitule-who-believes-in-angels-20250206</guid>
                <title>Elton John sortira un nouvel album en duo avec Brandi Carlile intitulé Who Believes in Angels ?</title>
                                <link>https://www.lefigaro.fr/musique/elton-john-sortira-un-nouvel-album-en-duo-avec-brandi-carlile-intitule-who-believes-in-angels-20250206</link>
                                    <description>L’interprète de Rocket Man a enregistré ce nouveau disque avec la chanteuse en seulement vingt jours au Sunset Sound Records de Los Angeles en octobre 2023.</description>
                                <category>Musique</category>
                <pubDate>Fri, 07 Feb 2025 11:00:56 +0100</pubDate>

                                                            <media:content url="https://i.f1g.fr/media/cms/3000x1687_crop/2025/02/06/d0bb1c0006ef0c8091e66aa700f2d512667697cf267724f08c5e0a0f2cc3d15c.jpg" width="3000" height="1687">
                            <media:description type="plain">Elton John (ici en 2024) n’a pas sorti d’album depuis 2021, avec The Lockdown Sessions.</media:description>
                            <media:credit>NOAM GALAI / Getty Images via AFP</media:credit>
                        </media:content>
                                                </item>
                    <item>
                <guid>https://www.lefigaro.fr/musique/deux-femmes-et-un-homme-portent-a-leur-tour-plainte-contre-p-diddy-pour-agressions-sexuelles-20250206</guid>
                <title>Deux femmes et un homme portent à leur tour plainte contre P. Diddy pour agressions sexuelles</title>
                                <link>https://www.lefigaro.fr/musique/deux-femmes-et-un-homme-portent-a-leur-tour-plainte-contre-p-diddy-pour-agressions-sexuelles-20250206</link>
                                    <description>Deux plaignantes affirment avoir été droguées et contraintes à des rapports sexuels au Trump Hotel en 1997. Une troisième plainte a été déposée par un homme, qui aurait travaillé pour le rappeur entre 2007 et 2012.</description>
                                <category>Musique</category>
                <pubDate>Thu, 06 Feb 2025 13:03:42 +0100</pubDate>

                                                            <media:content url="https://i.f1g.fr/media/cms/1581x889_crop/2025/02/06/daf684735eb71076dd9b0689df36fdf0d53cb927ba6afbaf09ff97e7bb6c58d7.jpg" width="1581" height="889">
                            <media:description type="plain">Le procès du rappeur pour « trafic sexuel » et « extorsion » doit se tenir en mai 2025.</media:description>
                            <media:credit>Splash News/ABACA</media:credit>
                        </media:content>
                                                </item>
                    <item>
                <guid>https://www.lefigaro.fr/musique/ozzy-osbourne-et-black-sabbath-sur-scene-pour-un-ultime-concert-a-birmingham-20250206</guid>
                <title>Ozzy Osbourne et Black Sabbath sur scène pour un ultime concert à Birmingham</title>
                                <link>https://www.lefigaro.fr/musique/ozzy-osbourne-et-black-sabbath-sur-scene-pour-un-ultime-concert-a-birmingham-20250206</link>
                                    <description>Le groupe mythique va se reformer, le 5 juillet prochain, pour « le plus grand spectacle de heavy metal de tous les temps », promettent les organisateurs.</description>
                                <category>Musique</category>
                <pubDate>Thu, 06 Feb 2025 10:47:42 +0100</pubDate>

                                                            <media:content url="https://i.f1g.fr/media/cms/2959x1664_crop/2025/02/06/5fdb2951295de8bd9fbad7f1a53cdff2244cb5fc56a500d195271000c52d5470.jpg" width="2959" height="1664">
                            <media:description type="plain">Ozzy Osbourne avait annoncé en 2023 qu’il arrêtait les tournées, souffrant de la maladie de Parkinson et d’une blessure à la colonne vertébrale.</media:description>
                            <media:credit>KEVORK DJANSEZIAN / Getty Images via AFP</media:credit>
                        </media:content>
                                                </item>
                    <item>
                <guid>https://www.lefigaro.fr/culture/les-difficiles-adieux-de-thierry-malandain-au-ballet-de-biarritz-20250205</guid>
                <title>«Une libération et un accablement» : les difficiles adieux de Thierry Malandain au Ballet de Biarritz</title>
                                <link>https://www.lefigaro.fr/culture/les-difficiles-adieux-de-thierry-malandain-au-ballet-de-biarritz-20250205</link>
                                    <description>PORTRAIT - Le chorégraphe a œuvré pendant vingt-cinq ans pour porter la compagnie à son zénith. Il la quittera l’an prochain. Après une ultime année de spectacles.</description>
                                <category>Culture</category>
                <pubDate>Wed, 05 Feb 2025 15:08:43 +0100</pubDate>

                                                            <media:content url="https://i.f1g.fr/media/cms/2085x1172_crop/2025/02/05/6e2ea4c5256a9b641c44c572deddf8b28259716e8f30a64dfc87bd1068131df4.jpg" width="2085" height="1172">
                            <media:description type="plain">Thierry Malandain a œuvré vingt-cinq ans au Ballet de Biarritz.</media:description>
                            <media:credit>Jean-Marie Périer</media:credit>
                        </media:content>
                                                </item>
                    <item>
                <guid>https://www.lefigaro.fr/musique/beyonce-apres-son-sacre-aux-grammys-awards-les-ecoutes-de-son-dernier-album-explosent-sur-spotify-20250204</guid>
                <title>Beyoncé : après son sacre aux Grammys Awards, les écoutes de son dernier album explosent sur Spotify</title>
                                <link>https://www.lefigaro.fr/musique/beyonce-apres-son-sacre-aux-grammys-awards-les-ecoutes-de-son-dernier-album-explosent-sur-spotify-20250204</link>
                                    <description>La 67e cérémonie a été marquée par le triomphe de La chanteuse originaire du Texas, lauréate du « meilleur album de l’année» et du « meilleur album country » pour Cowboy Carter dont le nombre d’écoutes sur la plateforme musicale a considérablement augmenté.</description>
                                <category>Musique</category>
                <pubDate>Tue, 04 Feb 2025 09:33:33 +0100</pubDate>

                                                            <media:content url="https://i.f1g.fr/media/cms/3000x1687_crop/2025/02/04/5e57147e04a8afc1963709eb16b490b128b276317374c4c17ac9cf1b1bcca41a.jpg" width="3000" height="1687">
                            <media:description type="plain">Beyoncé a remporté pour la première fois dimanche 2 février la catégorie « meilleur album de l’année » aux Grammy Awards.</media:description>
                            <media:credit>EMMA MCINTYRE / Getty Images via AFP</media:credit>
                        </media:content>
                                                </item>
                    <item>
                <guid>https://www.lefigaro.fr/musique/emportee-par-ses-paroles-je-me-suis-sentie-lourde-immersion-dans-un-concert-sous-hypnose-20250204</guid>
                <title>« Emportée par ses paroles, je me suis sentie lourde » : immersion dans un concert sous hypnose</title>
                                <link>https://www.lefigaro.fr/musique/emportee-par-ses-paroles-je-me-suis-sentie-lourde-immersion-dans-un-concert-sous-hypnose-20250204</link>
                                    <description>NOUS Y ÉTIONS - Pendant deux heures, Geoffrey Secco guide son public, tout en jouant du saxophone, afin d’explorer les recoins de leur inconscient.</description>
                                <category>Musique</category>
                <pubDate>Tue, 04 Feb 2025 06:00:00 +0100</pubDate>

                                                            <media:content url="https://i.f1g.fr/media/cms/1727x971_crop/2025/01/31/903e2f7b2b4313313b84bf294dce268b9ab99f5dae1222039cf1a2858d4c316c.jpg" width="1727" height="971">
                            <media:description type="plain">Geoffrey Secco invite chaque spectateur à réfléchir à son propre parcours initiatique, à se reconnecter à ses aspirations les plus profondes, souvent mises de côté par les exigences du quotidien.</media:description>
                            <media:credit>Thomas O&#039;Brien</media:credit>
                        </media:content>
                                                </item>
                    <item>
                <guid>https://www.lefigaro.fr/culture/laura-cahen-victor-solf-solann-les-bons-crus-de-la-musique-actuelle-20250203</guid>
                <title>Laura Cahen, Victor Solf, Solann: les bons crus de la musique actuelle</title>
                                <link>https://www.lefigaro.fr/culture/laura-cahen-victor-solf-solann-les-bons-crus-de-la-musique-actuelle-20250203</link>
                                    <description>LA SÉLECTION DU FIGARO - Ce début d’année voit l’irruption de jeunes artistes marquants sur la scène française. Des talents à suivre dont les albums font preuve d’audace. Décryptage.</description>
                                <category>Culture</category>
                <pubDate>Mon, 03 Feb 2025 15:00:02 +0100</pubDate>

                                                            <media:content url="https://i.f1g.fr/media/cms/1920x1080_crop/2025/02/03/567065254a659636ea1f7a5521121970925a630675eb21b8b5ee82d45c7e9e57.jpg" width="1920" height="1080">
                            <media:description type="plain">La chanteuse et pianiste Laura Cahen et la chanteuse Solann. </media:description>
                            <media:credit>Â©June-Tamo-Collin/PIAS / @ClÃ©mentine Ecobichon/Wagram Mu</media:credit>
                        </media:content>
                                                </item>
            </channel>
</rss>
