<?xml version="1.0" encoding="UTF-8"?>
<rss version="2.0" xmlns:atom="http://www.w3.org/2005/Atom" xmlns:media="http://search.yahoo.com/mrss/">
    <channel>
        <atom:link href="https://www.lefigaro.fr/rss/figaro_culture.xml" rel="self" type="application/rss+xml"/>
        <category>Culture</category>
        <title>Le Figaro - Culture : Cinéma, théâtre, arts, expositions, musique et télévision</title>
        <description>Culture : Retrouvez nos critiques cinéma, les pièces de théâtre, les expositions et tous les évènements culturels à venir sur le Figaro</description>
        <link>http://www.lefigaro.fr</link>
        <language>fr</language>
        <copyright>Droits de reproduction et de diffusion réservés LeFigaro.fr</copyright>
        <lastBuildDate>Wed, 12 Feb 2025 09:43:39 +0100</lastBuildDate>
        <docs>https://www.lefigaro.fr/rss</docs>
        <image>
            <title>Le Figaro - Culture : Cinéma, théâtre, arts, expositions, musique et télévision</title>
            <url>https://static.lefigaro.fr/common/logos/logo-150x150.png</url>
            <link>http://www.lefigaro.fr</link>
            <description>Culture : Retrouvez nos critiques cinéma, les pièces de théâtre, les expositions et tous les évènements culturels à venir sur le Figaro</description>
        </image>

                    <item>
                <guid>https://www.lefigaro.fr/cinema/the-brutalist-captain-america-prima-la-vita-les-films-a-voir-ou-a-eviter-cette-semaine-20250212</guid>
                <title>The Brutalist, Captain America, Prima la vita... Les films à voir ou à éviter cette semaine</title>
                                <link>https://www.lefigaro.fr/cinema/the-brutalist-captain-america-prima-la-vita-les-films-a-voir-ou-a-eviter-cette-semaine-20250212</link>
                                    <description>Un architecte visionnaire s’installe aux États-Unis, le premier Captain America avec Anthony Mackie, une relation complice entre un père et sa fille... La sélection cinéma du Figaro.</description>
                                <category>Cinéma</category>
                <pubDate>Wed, 12 Feb 2025 06:00:00 +0100</pubDate>

                                                            <media:content url="https://i.f1g.fr/media/cms/1918x1079_crop/2025/02/11/c3ae595572e375c8f8007c85b26ce95df1c4ac58bb7eedbf315e953036e12a1d.jpg" width="1918" height="1079">
                            <media:description type="plain">Adrien Brody dans The Brutalist, Anthony Mackie dans Captain America - Brave New World, Fabrizio Gifuni dans Prima la vita.</media:description>
                            <media:credit>Universal Pictures/MARVEL/Pyramide Distribution</media:credit>
                        </media:content>
                                                </item>
                    <item>
                <guid>https://www.lefigaro.fr/culture/sharon-stone-paris-hilton-beyonce-les-stars-se-mobilisent-pour-venir-en-aide-aux-victimes-des-incendies-a-los-angeles-20250113</guid>
                <title>Sharon Stone, Beyoncé, Taylor Swift... Les stars se mobilisent pour venir en aide aux victimes des incendies à Los Angeles</title>
                                <link>https://www.lefigaro.fr/culture/sharon-stone-paris-hilton-beyonce-les-stars-se-mobilisent-pour-venir-en-aide-aux-victimes-des-incendies-a-los-angeles-20250113</link>
                                    <description>De nombreuses célébrités affichent leurs soutiens aux personnes ayant perdu leur maison, via des donations financières ou matérielles comme des vêtements et des chaussures. Un concert caritatif est également prévu le 30 janvier avec en tête d’affiche Lady Gaga, Katy Perry ou encore Billie Eilish.</description>
                                <category>Culture</category>
                <pubDate>Fri, 17 Jan 2025 16:03:41 +0100</pubDate>

                                                            <media:content url="https://i.f1g.fr/media/cms/1870x1051_crop/2025/01/13/318da19473eefc9e2dd9349d17cc28e32aced41a01d7e38906ca74ba0d1cbe88.jpg" width="1870" height="1051">
                            <media:description type="plain">Sharon Stone a proposé d’accueillir des amis et de la famille chez elle tandis que Paris Hilton et Beyoncé ont annoncé faire des dons.</media:description>
                            <media:credit>Getty Images via AFP / AMY SUSSMAN / Getty Images via AFP / CHIP SOMODEVILLA / AFP / MIGUEL J. RODRIGUEZ CARRILLO</media:credit>
                        </media:content>
                                                </item>
                    <item>
                <guid>https://www.lefigaro.fr/arts-expositions/une-exposition-a-la-philharmonie-de-paris-plonge-les-visiteurs-dans-les-premiers-jours-du-disco-20250212</guid>
                <title>Une exposition à la Philharmonie de Paris plonge les visiteurs dans les premiers jours du disco</title>
                                <link>https://www.lefigaro.fr/arts-expositions/une-exposition-a-la-philharmonie-de-paris-plonge-les-visiteurs-dans-les-premiers-jours-du-disco-20250212</link>
                                    <description>Disco, I’m Coming Out met en lumière les symboles de la libération sexuelle et de l’émancipation gay dans la société américaine des années 1970 à travers la pénombre d’une discothèque où résonnent les bandes-son cultes de Gloria Gaynor ou encore Donna Summer.</description>
                                <category>Arts Expositions</category>
                <pubDate>Wed, 12 Feb 2025 08:45:22 +0100</pubDate>

                                                            <media:content url="https://i.f1g.fr/media/cms/3000x1687_crop/2025/02/12/eb64b365aa177392fbce8f02fceccfa10e88123c359398e9bece5923e0be26d5.jpg" width="3000" height="1687">
                            <media:description type="plain">Au milieu de toiles d’Andy Warhol et de costumes flashy de Sheila ou Patrick Juvet, l’exposition Disco, I’m Coming out se tiendra du 14 février au 17 août à la Philharmonie de Paris. </media:description>
                            <media:credit>AFP/Sébastien Dupuy</media:credit>
                        </media:content>
                                                </item>
                    <item>
                <guid>https://www.lefigaro.fr/musique/a-rio-shakira-lance-sa-premiere-tournee-mondiale-en-sept-ans-avec-un-show-exceptionnel-20250212</guid>
                <title>À Rio, Shakira lance sa première tournée mondiale en sept ans avec un show exceptionnel</title>
                                <link>https://www.lefigaro.fr/musique/a-rio-shakira-lance-sa-premiere-tournee-mondiale-en-sept-ans-avec-un-show-exceptionnel-20250212</link>
                                    <description>La diva colombienne, célèbre interprète de Waka Waka en 2010, a foulé la scène du stade Olympique Nilson Chaves où elle a interprété devant 46.000 spectateurs quelques-uns de ses plus grands morceaux.</description>
                                <category>Musique</category>
                <pubDate>Wed, 12 Feb 2025 09:11:23 +0100</pubDate>

                                                            <media:content url="https://i.f1g.fr/media/cms/2694x1515_crop/2025/02/12/cbeefb41e021cb30f4454c4721faa7779b663a4be710ffcca741becf53590724.jpg" width="2694" height="1515">
                            <media:description type="plain">Shakira a reçu un Grammy pour son dernier album intitulé Las mujeres ya no lloran.</media:description>
                            <media:credit>AFP/Pablo Porciuncula</media:credit>
                        </media:content>
                                                </item>
                    <item>
                <guid>https://www.lefigaro.fr/culture/un-tableau-mecanique-sur-l-education-du-louis-xv-expose-au-chateau-de-versailles-20250211</guid>
                <title>Un tableau mécanique sur l’éducation de Louis XV exposé au château de Versailles</title>
                                <link>https://www.lefigaro.fr/culture/un-tableau-mecanique-sur-l-education-du-louis-xv-expose-au-chateau-de-versailles-20250211</link>
                                    <description>Le château vient d’acquérir une rarissime huile sur cuivre, petit théâtre s’animant pour conter l’éducation du futur Louis XV.</description>
                                <category>Culture</category>
                <pubDate>Tue, 11 Feb 2025 16:29:57 +0100</pubDate>

                                                            <media:content url="https://i.f1g.fr/media/cms/3000x2619_crop/2025/02/11/7012d12dda8a479f7b31703100257ed37c1bbfac52a0aeaf5934a8d0486bbac8.jpg" width="3000" height="2619">
                            <media:description type="plain">L’Éducation de Louis XV, huile sur cuivre attribuée au père Sébastien (né Jean) Truchet (1657-1729), vers 1720.</media:description>
                            <media:credit>©Christophe Fouin.</media:credit>
                        </media:content>
                                                </item>
                    <item>
                <guid>https://www.lefigaro.fr/culture/le-monde-de-la-culture-gronde-avant-le-sommet-sur-l-ia-des-decideurs-et-des-entreprises-20250207</guid>
                <title>Le monde de la culture gronde avant le sommet sur l’IA « des décideurs et des entreprises »</title>
                                <link>https://www.lefigaro.fr/culture/le-monde-de-la-culture-gronde-avant-le-sommet-sur-l-ia-des-decideurs-et-des-entreprises-20250207</link>
                                    <description>Comédiens, écrivains, musiciens, cinéastes... Les acteurs de tous les champs culturels demandent des garanties et des règles avant d’accélérer dans le développement de l’intelligence artificielle.</description>
                                <category>Culture</category>
                <pubDate>Tue, 11 Feb 2025 12:47:09 +0100</pubDate>

                                                            <media:content url="https://i.f1g.fr/media/cms/3000x2001_crop/2025/02/07/163cec3779a6ce5157c2d7957b432c5324070382651675ba7f23339febbbdac0.jpg" width="3000" height="2001">
                            <media:description type="plain">En France, en Europe, comme aux États-Unis, l’inquiétude gagne les milieux des créateurs et des artistes qui estiment que l’IA menace leur emploi ou préfigure un « pillage » de leurs œuvres.</media:description>
                            <media:credit>JOEL SAGET / AFP</media:credit>
                        </media:content>
                                                </item>
                    <item>
                <guid>https://www.lefigaro.fr/culture/machina-sapiens-ou-les-artistes-a-l-heure-de-l-ia-a-la-conciergerie-20250207</guid>
                <title>«Machina Sapiens» ou les artistes à l’heure de l’IA à la Conciergerie</title>
                                <link>https://www.lefigaro.fr/culture/machina-sapiens-ou-les-artistes-a-l-heure-de-l-ia-a-la-conciergerie-20250207</link>
                                    <description>REPORTAGE - Cette exposition réunit une vingtaine d’artistes contemporains qui emploient l’IA pour créer. Ils devraient parler à la Génération Z, née entre 1997 et 2012, et, demain, à la Génération Alpha, née depuis 2010.</description>
                                <category>Culture</category>
                <pubDate>Mon, 10 Feb 2025 10:35:37 +0100</pubDate>

                                                            <media:content url="https://i.f1g.fr/media/cms/3000x2250_crop/2025/02/07/7032e7effbe7e6f9f61234a3256abf7300d32eb83cad2f65179d3b5d23cce9b1.jpg" width="3000" height="2250">
                            <media:description type="plain">Pour deux petits jours, jusqu’à dimanche soir, l’exposition « Machina Sapiens» entend «cartographier les enjeux de l’IA générative et de son impact sur la société». </media:description>
                            <media:credit>© Photo Valérie Duponchelle / Le Figaro</media:credit>
                        </media:content>
                                                </item>
                    <item>
                <guid>https://www.lefigaro.fr/musique/nous-ne-sommes-pas-contre-l-ia-mais-pour-l-humain-sur-les-plateformes-de-streaming-les-abonnes-dans-le-flou-20250207</guid>
                <title>«Nous ne sommes pas contre l’IA mais pour l’humain»: sur les plateformes de streaming, les abonnés dans le flou</title>
                                <link>https://www.lefigaro.fr/musique/nous-ne-sommes-pas-contre-l-ia-mais-pour-l-humain-sur-les-plateformes-de-streaming-les-abonnes-dans-le-flou-20250207</link>
                                    <description>Face à la montée des musiques générées par l’IA, les entreprises ne veulent pas se poser en arbitre.</description>
                                <category>Musique</category>
                <pubDate>Sat, 08 Feb 2025 13:16:11 +0100</pubDate>

                                                            <media:content url="https://i.f1g.fr/media/cms/3000x2001_crop/2025/02/07/d4c72498973a9a86907d3ffb8af600bc7ac73edf1deb11d8cd34e784c2902458.jpg" width="3000" height="2001">
                            <media:description type="plain">Sur les 100.000 titres envoyés chaque jour sur les serveurs, 10% ont été générés par un logiciel.</media:description>
                            <media:credit>LIONEL BONAVENTURE / AFP</media:credit>
                        </media:content>
                                                </item>
                    <item>
                <guid>https://www.lefigaro.fr/cinema/quand-la-voix-contrefaite-de-sylvester-stallone-devient-le-symbole-de-la-lutte-des-comediens-contre-l-ia-20250208</guid>
                <title>Quand la voix contrefaite de Sylvester Stallone devient le symbole de la lutte des comédiens contre l’IA</title>
                                <link>https://www.lefigaro.fr/cinema/quand-la-voix-contrefaite-de-sylvester-stallone-devient-le-symbole-de-la-lutte-des-comediens-contre-l-ia-20250208</link>
                                    <description>ENQUÊTE - Le secteur du doublage, qui emploie 15 000 personnes dont 5000 comédiens, se mobilise contre la généralisation de l’intelligence artificielle en l’absence de législation qui protégerait « l’exception culturelle française ».</description>
                                <category>Cinéma</category>
                <pubDate>Sat, 08 Feb 2025 13:00:00 +0100</pubDate>

                                                            <media:content url="https://i.f1g.fr/media/cms/1916x1078_crop/2025/02/07/51dc4905f27fd9a4f5948d1f49a545a577791ea2609d1ad31fd219386d902d2c.jpg" width="1916" height="1078">
                            <media:description type="plain">Les comédiens se sont rassemblés le 3 décembre pour lutter contre l’utilisation de l’IA dans le métier de doubleur.</media:description>
                            <media:credit>Clement Hudson/ Capture Instagram UNSA Spectacle et Communication/ Les Voix</media:credit>
                        </media:content>
                                                </item>
                    <item>
                <guid>https://www.lefigaro.fr/culture/ia-et-musique-un-accord-encore-loin-d-etre-parfait-20250207</guid>
                <title>IA et musique, un accord encore loin d’être parfait</title>
                                <link>https://www.lefigaro.fr/culture/ia-et-musique-un-accord-encore-loin-d-etre-parfait-20250207</link>
                                    <description>DÉCRYPTAGE - Des plateformes de streaming aux musiques générées à la demande, l’intelligence artificielle joue déjà sa partition dans notre quotidien avec ses potentielles dérives.</description>
                                <category>Culture</category>
                <pubDate>Fri, 07 Feb 2025 17:43:48 +0100</pubDate>

                                                            <media:content url="https://i.f1g.fr/media/cms/3000x2001_crop/2025/02/07/2b9223844a93637365d09756a947f4e9d524e7a0035913974c743b7a127837da.jpg" width="3000" height="2001">
                            <media:description type="plain">Selon l’étude publiée l’an dernier par le cabinet Goldmayer, 35% des créateurs interrogés ont déjà eu recours à l’IA dans leur travail.</media:description>
                            <media:credit>Anthony Brown - Adobe Stock</media:credit>
                        </media:content>
                                                </item>
                    <item>
                <guid>https://www.lefigaro.fr/culture/pascal-dusapin-il-faut-remettre-l-oeuvre-au-coeur-de-nos-societes-20250207</guid>
                <title>Pascal Dusapin: «Il faut remettre l’œuvre musicale au cœur de nos sociétés»</title>
                                <link>https://www.lefigaro.fr/culture/pascal-dusapin-il-faut-remettre-l-oeuvre-au-coeur-de-nos-societes-20250207</link>
                                    <description>ENTRETIEN - Le compositeur avait travaillé avec l’IA en 2019 pour Lullaby Experience. Il évoque pour Le Figaro le bouleversement que celle-ci représente dans l’art.</description>
                                <category>Culture</category>
                <pubDate>Fri, 07 Feb 2025 15:53:32 +0100</pubDate>

                                                            <media:content url="https://i.f1g.fr/media/cms/3000x2000_crop/2025/02/07/d7afc9f1ecf28ca41e2f2c6f4135f3a6c94310c7defa56f001aaf4ed1649f4e6.jpg" width="3000" height="2000">
                            <media:description type="plain">Entre installation sonore, spectacle et partition en mouvement, « Lullaby Experience », de Pascal Dusapin, a été composé avec l’Ircam à l’aide de l’intelligence artificielle.</media:description>
                            <media:credit>Quentin Chevrier</media:credit>
                        </media:content>
                                                </item>
                    <item>
                <guid>https://www.lefigaro.fr/culture/l-ia-va-permettre-de-repousser-les-limites-de-la-creativite-humaine-selon-brad-smith-vice-chairman-de-microsoft-20250207</guid>
                <title>« L’IA va permettre de repousser les limites de la créativité humaine », selon Brad Smith, vice-chairman de Microsoft</title>
                                <link>https://www.lefigaro.fr/culture/l-ia-va-permettre-de-repousser-les-limites-de-la-creativite-humaine-selon-brad-smith-vice-chairman-de-microsoft-20250207</link>
                                    <description>ENTRETIEN - Reconstitution du Débarquement ou visite virtuelle au Vatican, le groupe informatique emploie l’intelligence artificielle dans des projets à vocation culturelle. Des innovations aussi importantes que l’invention de l’électricité, explique Brad Smith.</description>
                                <category>Culture</category>
                <pubDate>Fri, 07 Feb 2025 13:08:59 +0100</pubDate>

                                                            <media:content url="https://i.f1g.fr/media/cms/1594x896_crop/2025/02/07/606357da342411528b7825a56a219b0482ec0cb67c90c2f4e3e6d70823cad904.jpg" width="1594" height="896">
                            <media:description type="plain">Si la reconstitution 3D de monument, comme la basilique Saint-Pierre de Rome, n’est pas une nouveauté, l’emploi de l’intelligence artificielle permet d’accélérer le processus de traitement des données. </media:description>
                            <media:credit>Microsoft</media:credit>
                        </media:content>
                                                </item>
                    <item>
                <guid>https://www.lefigaro.fr/culture/les-artistes-pionniers-militent-pour-une-ia-personnalisee-20250207</guid>
                <title>Musique: des artistes pionniers militent pour une IA personnalisée</title>
                                <link>https://www.lefigaro.fr/culture/les-artistes-pionniers-militent-pour-une-ia-personnalisee-20250207</link>
                                    <description>Les musiciens Benoît Carré ou Cécile DeLaurentis revendiquent une utilisation intelligente et adaptée des outils. À condition de les maîtriser. Propos recueillis.</description>
                                <category>Culture</category>
                <pubDate>Fri, 07 Feb 2025 17:43:18 +0100</pubDate>

                                                            <media:content url="https://i.f1g.fr/media/cms/1920x1080_crop/2025/02/07/ba3371c4731a683a20c0bbbee45f17fe5b11cfcb8b75e4c017ec5996d09af799.jpg" width="1920" height="1080">
                            <media:description type="plain">Benoît Carré et Cécile DeLaurentis.</media:description>
                            <media:credit>AFP / ERIC PIERMONT / AFP / Dominique Gau</media:credit>
                        </media:content>
                                                </item>
                    <item>
                <guid>https://www.lefigaro.fr/cinema/un-dessin-anime-chinois-se-hisse-dans-le-top-10-des-films-d-animation-les-plus-rentables-20250211</guid>
                <title>Un dessin animé chinois se hisse dans le top 10 des films d’animation les plus rentables</title>
                                <link>https://www.lefigaro.fr/cinema/un-dessin-anime-chinois-se-hisse-dans-le-top-10-des-films-d-animation-les-plus-rentables-20250211</link>
                                    <description>Ne Zha 2, qui met en scène un petit garçon aux pouvoirs magiques, a recueilli plus d’un milliard de dollars de recettes alors qu’il n’est distribué qu’en Chine.</description>
                                <category>Cinéma</category>
                <pubDate>Tue, 11 Feb 2025 17:36:50 +0100</pubDate>

                                                            <media:content url="https://i.f1g.fr/media/cms/1380x776_crop/2025/02/11/bdadaebf442e5186f9585a8117b8160e4286a7dfdf0f323a1fe39986d45f729e.jpg" width="1380" height="776">
                            <media:description type="plain">Le film d’animation est librement inspiré d’un mythe chinois et met en scène Ne Zha, un petit garçon aux pouvoirs magiques, aux côtés de son ami Aobing.</media:description>
                            <media:credit>Capture d&#039;écran Youtube - Ne Zha 2 - CMC Pictures</media:credit>
                        </media:content>
                                                </item>
                    <item>
                <guid>https://www.lefigaro.fr/culture/avec-le-groupe-de-musique-percujam-l-autisme-donne-la-note-au-casino-de-paris-20250211</guid>
                <title>Avec le groupe de musique Percujam, l’autisme donne la note au Casino de Paris</title>
                                <link>https://www.lefigaro.fr/culture/avec-le-groupe-de-musique-percujam-l-autisme-donne-la-note-au-casino-de-paris-20250211</link>
                                    <description>Issu des «Rencontres du papotin», le groupe de musiciens et chanteurs s’est produit dans la capitale à l’occasion de la sortie de son album. Avec MC Solaar et Thomas de Pourquery en invités surprises.</description>
                                <category>Culture</category>
                <pubDate>Tue, 11 Feb 2025 16:17:31 +0100</pubDate>

                                                            <media:content url="https://i.f1g.fr/media/cms/3000x1687_crop/2025/02/11/ed9c8ad271095753b9d10f4964758342b067dfac958a58e0868a86f21af6b108.jpg" width="3000" height="1687">
                            <media:description type="plain">Le groupe Percujam, lors d’un concert au Touquet en 2021.</media:description>
                            <media:credit>Lefevre Sylvain/ABACA</media:credit>
                        </media:content>
                                                </item>
                    <item>
                <guid>https://www.lefigaro.fr/culture/je-dors-sur-un-banc-en-attendant-d-etre-expulse-ai-weiwei-interdit-d-entree-en-suisse-20250211</guid>
                <title>« Je dors sur un banc en attendant d’être expulsé » : Ai Weiwei interdit d'entrée en Suisse</title>
                                <link>https://www.lefigaro.fr/culture/je-dors-sur-un-banc-en-attendant-d-etre-expulse-ai-weiwei-interdit-d-entree-en-suisse-20250211</link>
                                    <description>Pourfendeur du régime de Pékin, le plasticien qui réside au Portugal a été refoulé par la douane de l’aéroport de Zurich. Il ne dispose pas des documents nécessaires à son entrée dans l’espace Schengen, explique la police.</description>
                                <category>Culture</category>
                <pubDate>Tue, 11 Feb 2025 16:01:36 +0100</pubDate>

                                                            <media:content url="https://i.f1g.fr/media/cms/orig/2025/02/11/75e3c17e1d6f2e9fbd10952d9403560d067e09d0911f4f4200652e82951f3709.jpg" width="3000" height="1687">
                            <media:description type="plain">Ai Weiwei (ici en 2023) devait être renvoyé au Royaume-Uni mardi matin, après avoir été interdit d’entrer en Suisse.</media:description>
                            <media:credit>NOAM GALAI / Getty Images via AFP</media:credit>
                        </media:content>
                                                </item>
                    <item>
                <guid>https://www.lefigaro.fr/culture/metoo-dans-le-cinema-la-plupart-des-actrices-regrettent-tout-ca-explique-l-acteur-patrick-chesnais-20250211</guid>
                <title>MeToo dans le cinéma: «La plupart des actrices regrettent tout ça», explique l’acteur Patrick Chesnais</title>
                                <link>https://www.lefigaro.fr/culture/metoo-dans-le-cinema-la-plupart-des-actrices-regrettent-tout-ca-explique-l-acteur-patrick-chesnais-20250211</link>
                                    <description>Dans l’émission «Le Figaro La Nuit», Patrick Chesnais est revenu sur l’ampleur du phénomène MeToo. Aujourd’hui, l’heure est à la dérision sur ce sujet, estime l’acteur.</description>
                                <category>Culture</category>
                <pubDate>Tue, 11 Feb 2025 19:41:11 +0100</pubDate>

                                                            <media:content url="https://i.f1g.fr/media/cms/orig/2025/02/11/4ab534d648b1661b4ad0754a4013c77f0dab565df9aaa4c624c09ec7b31102e7.jpg" width="1920" height="1080">
                            <media:description type="plain">MeToo dans le cinéma: «La plupart des actrices regrettent tout ça», explique l'acteur Patrick Chesnais</media:description>
                            <media:credit>Figaro Live</media:credit>
                        </media:content>
                                                </item>
                    <item>
                <guid>https://www.lefigaro.fr/culture/notre-critique-de-captain-america-brave-new-world-les-etats-unis-de-trump-et-musk-dans-un-miroir-a-peine-deforme-20250211</guid>
                <title>Captain America : Brave New World  avec Harrison Ford, les USA de Trump et Musk dans un miroir (à peine) déformé</title>
                                <link>https://www.lefigaro.fr/culture/notre-critique-de-captain-america-brave-new-world-les-etats-unis-de-trump-et-musk-dans-un-miroir-a-peine-deforme-20250211</link>
                                    <description>CRITIQUE - Le quatrième volet consacré au super-héros Marvel relève le niveau des précédents films et permet à Harrison Ford de camper un président des États-Unis imprévisible. Un blockbuster d’action politique rythmé qui cultive d’étonnantes ressemblances avec l’Amérique actuelle.</description>
                                <category>Cinéma</category>
                <pubDate>Wed, 12 Feb 2025 08:25:23 +0100</pubDate>

                                                            <media:content url="https://i.f1g.fr/media/cms/1335x889_crop/2025/02/11/0fa41f54821dda3541a56a049015c7f20be4e13a0aa96f71f0a3b7ef9992223a.jpg" width="1335" height="889">
                            <media:description type="plain">Avec le film Captain America : Brave new world, Harrison Ford fait son entrée dans l’univers Marvel dans la peau de l’officier de l’US Air Force, Thaddeus Thunderbolt Ross, alias « Red Hulk ».</media:description>
                            <media:credit>Copyright   2024 MARVEL.</media:credit>
                        </media:content>
                                                </item>
                    <item>
                <guid>https://www.lefigaro.fr/culture/brady-corbet-realisateur-de-the-brutalist-trump-et-les-autocrates-du-monde-entier-ont-une-facon-etrange-de-romantiser-les-annees-1950-20250211</guid>
                <title>Brady Corbet, réalisateur de The Brutalist : « Trump et les autocrates du monde entier ont une façon étrange de romantiser les années 1950 »</title>
                                <link>https://www.lefigaro.fr/culture/brady-corbet-realisateur-de-the-brutalist-trump-et-les-autocrates-du-monde-entier-ont-une-facon-etrange-de-romantiser-les-annees-1950-20250211</link>
                                    <description>Avec The Brutalist, le cinéaste américain signe une fresque passionnante sur un architecte juif hongrois dans l’Amérique d’après-guerre. Entretien avec l’un des favoris des prochains Oscars.</description>
                                <category>Culture</category>
                <pubDate>Tue, 11 Feb 2025 16:06:37 +0100</pubDate>

                                                            <media:content url="https://i.f1g.fr/media/cms/3000x2000_crop/2025/02/11/10cf8831fbd95e8409b524f3222bce87b9e8e53e4f29c7b4af74ff03a39a6138.jpg" width="3000" height="2000">
                            <media:description type="plain">Brady Corbet, réalisateur de The Brutalist, à la 77e cérémonie des DGA (Directors Guild of America) à Beverly Hills, Californie, États-Unis, le 8 février 2025.</media:description>
                            <media:credit>Mario Anzuoni / REUTERS</media:credit>
                        </media:content>
                                                </item>
                    <item>
                <guid>https://www.lefigaro.fr/cinema/notre-critique-de-the-brutalist-avec-adrien-brody-une-cathedrale-sur-pellicule-20250211</guid>
                <title>«Des films comme ça, on n’en voit pas beaucoup dans sa vie» : The Brutalist, le film choc sur le rêve américain et ses mirages</title>
                                <link>https://www.lefigaro.fr/cinema/notre-critique-de-the-brutalist-avec-adrien-brody-une-cathedrale-sur-pellicule-20250211</link>
                                    <description>CRITIQUE - À 36 ans, Brady Corbet réussit un film fleuve de trois heures et demie sur le destin semé d’embûches d’un architecte juif hongrois immigré aux États-Unis.</description>
                                <category>Cinéma</category>
                <pubDate>Tue, 11 Feb 2025 18:13:46 +0100</pubDate>

                                                            <media:content url="https://i.f1g.fr/media/cms/3000x1687_crop/2025/02/11/0ffd033ea24a22e26d567a5ef5858718fd0a730ab24411c21b4f8a17b284c426.jpg" width="3000" height="1687">
                            <media:description type="plain">Rescapé de la Shoah, Laszlo Toth (Adrien Brody) débarque aux États-Unis En 1947. À Philadelphie, Lee Van Buren (Guy Pearce), mielleux et éruptif rejeton d’un milliardaire, va l’embaucher pour des travaux dans son manoir.</media:description>
                            <media:credit>UPI France</media:credit>
                        </media:content>
                                                </item>
            </channel>
</rss>
