<?xml version="1.0" encoding="UTF-8"?>
<rss version="2.0" xmlns:atom="http://www.w3.org/2005/Atom" xmlns:media="http://search.yahoo.com/mrss/">
    <channel>
        <atom:link href="https://www.lefigaro.fr/rss/figaro_conso.xml" rel="self" type="application/rss+xml"/>
        <category>Consommation</category>
        <title>Le Figaro - Consommation : Actualité et conseils pour bien consommer</title>
        <description>Placement : Retrouvez toute l&#039;actualité sur la consommation et conseils pour bien consommer, ainsi que nos outils de simulation avec Lefigaro.fr</description>
        <link>http://www.lefigaro.fr</link>
        <language>fr</language>
        <copyright>Droits de reproduction et de diffusion réservés LeFigaro.fr</copyright>
        <lastBuildDate>Wed, 12 Feb 2025 09:42:04 +0100</lastBuildDate>
        <docs>https://www.lefigaro.fr/rss</docs>
        <image>
            <title>Le Figaro - Consommation : Actualité et conseils pour bien consommer</title>
            <url>https://static.lefigaro.fr/common/logos/logo-150x150.png</url>
            <link>http://www.lefigaro.fr</link>
            <description>Placement : Retrouvez toute l&#039;actualité sur la consommation et conseils pour bien consommer, ainsi que nos outils de simulation avec Lefigaro.fr</description>
        </image>

                    <item>
                <guid>https://www.lefigaro.fr/voyages/conseils/que-vaut-la-nouvelle-carte-de-fidelite-de-corsair-20250210</guid>
                <title>Que vaut la nouvelle carte de fidélité de Corsair ?</title>
                                <link>https://www.lefigaro.fr/voyages/conseils/que-vaut-la-nouvelle-carte-de-fidelite-de-corsair-20250210</link>
                                    <description>Corsair, la compagnie aérienne française, a dévoilé une refonte de son programme de fidélité, le Club Corsair, avec une promesse alléchante : récompenser davantage ses clients les plus fidèles. Mais que vaut réellement cette nouvelle carte de fidélité ?</description>
                                <category>Conseils</category>
                <pubDate>Mon, 10 Feb 2025 11:36:26 +0100</pubDate>

                                                            <media:content url="https://i.f1g.fr/media/cms/3000x2000_crop/2025/02/05/99a1a7a5f3e4254ff90637b0720f3fc3d6651af9367e34e1a96b1fecb79b2637.jpg" width="3000" height="2000">
                            <media:description type="plain">Corsair fait évoluer son programme de fidélité, le Club Corsair : plus généreux à chaque étape du voyage, le programme conserve son atout majeur, une cagnotte en euros.</media:description>
                            <media:credit>Corsair / Photo presse</media:credit>
                        </media:content>
                                                </item>
                    <item>
                <guid>https://www.lefigaro.fr/conso/alimentation-quels-ont-ete-les-fruits-et-legumes-les-plus-achetes-par-les-francais-cet-automne-20250128</guid>
                <title>Alimentation : quels ont été les fruits et légumes les plus achetés par les Français, cet automne ?</title>
                                <link>https://www.lefigaro.fr/conso/alimentation-quels-ont-ete-les-fruits-et-legumes-les-plus-achetes-par-les-francais-cet-automne-20250128</link>
                                    <description>Publié la semaine dernière, un classement réalisé par l’institut d’études Kantar lève le voile sur les goûts des consommateurs. Ceux-ci se sont surtout tournés vers des produits qui ont vu leurs prix baisser par rapport à 2023.</description>
                                <category>Consommation</category>
                <pubDate>Tue, 28 Jan 2025 12:55:07 +0100</pubDate>

                                                            <media:content url="https://i.f1g.fr/media/cms/3000x2000_crop/2025/01/21/934b1944d2e319e0e2f64795cda97335fe794023c8b026072dc6cfff011b9705.jpg" width="3000" height="2000">
                            <media:description type="plain">La banane est le fruit le plus acheté par les Français avec plus de 109 292 tonnes en automne dernier.</media:description>
                            <media:credit>anaumenko / stock.adobe.com</media:credit>
                        </media:content>
                                                </item>
                    <item>
                <guid>https://www.lefigaro.fr/conso/sncf-faites-vous-vraiment-une-bonne-affaire-en-prenant-un-train-ouigo-20250125</guid>
                <title>SNCF : faites-vous vraiment une bonne affaire en prenant un train Ouigo?</title>
                                <link>https://www.lefigaro.fr/conso/sncf-faites-vous-vraiment-une-bonne-affaire-en-prenant-un-train-ouigo-20250125</link>
                                    <description>DÉCRYPTAGE - Les tarifs de l’offre low-cost de la compagnie ferroviaire ont bondi de 24% en quatre ans, selon une association d’usagers. Le Figaro a comparé les prix sur plusieurs trajets.</description>
                                <category>Consommation</category>
                <pubDate>Sat, 25 Jan 2025 09:15:00 +0100</pubDate>

                                                            <media:content url="https://i.f1g.fr/media/cms/2564x1442_crop/2025/01/24/37bc9109a67e09768142fb07acc51dc95f2fb03f46bb930dd692a5dbb7d83aa3.jpg" width="2564" height="1442">
                            <media:description type="plain">Les Ouigo représentent déjà 20% de l’offre grande vitesse de la SNCF.</media:description>
                            <media:credit>mobilise248 / stock.adobe.com</media:credit>
                        </media:content>
                                                </item>
                    <item>
                <guid>https://www.lefigaro.fr/conjoncture/c-est-insupportable-quand-l-imperatif-de-reserver-ses-billets-de-train-plusieurs-mois-a-l-avance-agace-les-clients-de-la-sncf-20250122</guid>
                <title>«C’est insupportable !» : quand l’impératif de réserver ses billets de train plusieurs mois à l’avance agace les clients de la SNCF</title>
                                <link>https://www.lefigaro.fr/conjoncture/c-est-insupportable-quand-l-imperatif-de-reserver-ses-billets-de-train-plusieurs-mois-a-l-avance-agace-les-clients-de-la-sncf-20250122</link>
                                    <description>TÉMOIGNAGES - Comme d’habitude, la compagnie ferroviaire a ouvert ce mercredi, très en amont, les réservations pour les prochaines vacances, de Pâques en l’occurrence. Ce qui oblige les voyageurs à anticiper leurs voyages, souvent contre leur gré.</description>
                                <category>Consommation</category>
                <pubDate>Wed, 22 Jan 2025 17:36:00 +0100</pubDate>

                                                            <media:content url="https://i.f1g.fr/media/cms/3000x2000_crop/2025/01/22/5a70c15d218f0be401acca632c29680f0f9b67d979452314843735b559e82680.jpg" width="3000" height="2000">
                            <media:description type="plain">«La SNCF n’est pas la seule à proposer des ouvertures de ventes plusieurs mois à l’avance», souligne-t-on chez SNCF Voyageurs, citant par exemple Flixbus et Air France.</media:description>
                            <media:credit>LUDOVIC MARIN / AFP</media:credit>
                        </media:content>
                                                </item>
                    <item>
                <guid>https://www.lefigaro.fr/voyages/italie-fin-des-avis-truques-pour-les-hotels-et-restaurants-une-revolution-pour-les-voyageurs-20250120</guid>
                <title>Italie : fin des avis truqués pour les hôtels et restaurants, une révolution pour les voyageurs ?</title>
                                <link>https://www.lefigaro.fr/voyages/italie-fin-des-avis-truques-pour-les-hotels-et-restaurants-une-revolution-pour-les-voyageurs-20250120</link>
                                    <description>Un vent de transparence souffle sur l’Italie. Le gouvernement prévoit d’exiger une pièce d’identité pour publier des avis en ligne sur hôtels, restaurants et attractions touristiques. Une mesure inédite pour lutter contre les faux commentaires et garantir l’authenticité.</description>
                                <category>Voyage</category>
                <pubDate>Mon, 20 Jan 2025 07:15:00 +0100</pubDate>

                                                            <media:content url="https://i.f1g.fr/media/cms/3000x2053_crop/2025/01/17/2608cd3b43fdce7ca5ee8f797b46bc10b0bbeaa44fbc85b20f1610d8a55885ba.jpg" width="3000" height="2053">
                            <media:description type="plain">Le gouvernement italien prévoit d’exiger une pièce d’identité pour publier des avis en ligne sur hôtels, restaurants et attractions touristiques.</media:description>
                            <media:credit>Ekaterina Belova / stock.adobe.com</media:credit>
                        </media:content>
                                                </item>
                    <item>
                <guid>https://www.lefigaro.fr/conso/huile-d-olive-chocolat-essence-electricite-ces-produits-dont-les-prix-ont-le-plus-evolue-en-2024-20250115</guid>
                <title>Huile d’olive, chocolat, essence, électricité... Ces produits dont les prix ont le plus évolué en 2024</title>
                                <link>https://www.lefigaro.fr/conso/huile-d-olive-chocolat-essence-electricite-ces-produits-dont-les-prix-ont-le-plus-evolue-en-2024-20250115</link>
                                    <description>INFOGRAPHIE - L’Insee estime l’inflation à 2% en moyenne en 2024. Un ralentissement, par rapport à l’année précédente, malgré l’augmentation fulgurante des prix de certains produits.</description>
                                <category>Consommation</category>
                <pubDate>Thu, 16 Jan 2025 11:18:07 +0100</pubDate>

                                                            <media:content url="https://i.f1g.fr/media/cms/3000x1764_crop/2025/01/15/11d83132d5cbdd48446632dc21bf3ff035e03f4a179f22427afe74ca7847165f.jpg" width="3000" height="1764">
                            <media:description type="plain">Cette baisse de l’inflation arrive à point, «après deux années marquées par une forte inflation (+4,9 % en 2023 et +5,2 % en 2022)», précise l’Institut national de la statistique.</media:description>
                            <media:credit>stokkete / stock.adobe.com</media:credit>
                        </media:content>
                                                </item>
                    <item>
                <guid>https://www.lefigaro.fr/animaux/nouveau-rappel-de-croquettes-pour-chats-et-chiens-en-raison-d-une-contamination-aux-salmonelles-20250109</guid>
                <title>Nouveau rappel de croquettes pour chats et chiens en raison d’une contamination aux salmonelles</title>
                                <link>https://www.lefigaro.fr/animaux/nouveau-rappel-de-croquettes-pour-chats-et-chiens-en-raison-d-une-contamination-aux-salmonelles-20250109</link>
                                    <description>Après une première campagne de rappel fin décembre, d’autres références sont potentiellement contaminées. Ces aliments peuvent s’avérer dangereux pour vos animaux.</description>
                                <category>Animaux</category>
                <pubDate>Thu, 09 Jan 2025 16:45:05 +0100</pubDate>

                                                            <media:content url="https://i.f1g.fr/media/cms/3000x2001_crop/2025/01/09/eb0def3987ad124673e6ba819e151b3f39e983ecd207b7abf1d873c72ec50457.jpg" width="3000" height="2001">
                            <media:description type="plain">Plusieurs références de croquettes pour chien et chat font l’objet d’un rappel en raison d’une contamination aux salmonelles.</media:description>
                            <media:credit>Maria Vitkovska - stock.adobe.com</media:credit>
                        </media:content>
                                                </item>
                    <item>
                <guid>https://www.lefigaro.fr/conso/citroen-toyota-tesla-comment-l-age-des-acheteurs-de-voitures-neuves-varie-en-fonction-des-marques-20250109</guid>
                <title>Citroën, Toyota, Tesla... Comment l’âge des acheteurs de voitures neuves varie en fonction des marques</title>
                                <link>https://www.lefigaro.fr/conso/citroen-toyota-tesla-comment-l-age-des-acheteurs-de-voitures-neuves-varie-en-fonction-des-marques-20250109</link>
                                    <description>Avec une moyenne de 54 ans, l’âge des acquéreurs de véhicules en France ne cesse de monter depuis des décennies.</description>
                                <category>Consommation</category>
                <pubDate>Thu, 09 Jan 2025 13:53:53 +0100</pubDate>

                                                            <media:content url="https://i.f1g.fr/media/cms/3000x2003_crop/2025/01/09/770aac3bf4134c2224ba24f92a4d55536c24170e02708653b025321552188b08.jpg" width="3000" height="2003">
                            <media:description type="plain">Citroën fait partie des marques préférées par les conducteurs plus âgés.</media:description>
                            <media:credit>industrieblick - stock.adobe.com</media:credit>
                        </media:content>
                                                </item>
                    <item>
                <guid>https://www.lefigaro.fr/voyages/traverser-l-atlantique-sans-casser-sa-tirelire-cette-compagnie-aerienne-lance-sa-promo-de-l-annee-20250109</guid>
                <title>Traverser l’Atlantique sans casser sa tirelire : cette compagnie aérienne lance sa promo de l’année</title>
                                <link>https://www.lefigaro.fr/voyages/traverser-l-atlantique-sans-casser-sa-tirelire-cette-compagnie-aerienne-lance-sa-promo-de-l-annee-20250109</link>
                                    <description>Avec des vols aller-retour à partir de 349 € tout inclus, Air Transat propose aux Français de s’envoler pour le Canada à prix doux depuis Paris et plusieurs villes de l’Hexagone.</description>
                                <category>Voyage</category>
                <pubDate>Thu, 09 Jan 2025 08:30:00 +0100</pubDate>

                                                            <media:content url="https://i.f1g.fr/media/cms/3000x2000_crop/2025/01/08/e911995820497dbc509b30f69ffcf0fe24b57cbe84c04c10703f27383669c4ca.jpg" width="3000" height="2000">
                            <media:description type="plain">Billet d’avion pour le Canada : Air Transat annonce sa plus grosse promotion de l’année depuis Paris et plusieurs villes de l’Hexagone.</media:description>
                            <media:credit>BRANDON SMITH / BGSmith - stock.adobe.com</media:credit>
                        </media:content>
                                                </item>
                    <item>
                <guid>https://www.lefigaro.fr/voyages/conseils/votre-voyage-se-passe-mal-vous-n-etes-pas-sans-ressources-voici-qui-contacter-en-cas-de-probleme-20250109</guid>
                <title>Votre voyage se passe mal ? Voici qui contacter</title>
                                <link>https://www.lefigaro.fr/voyages/conseils/votre-voyage-se-passe-mal-vous-n-etes-pas-sans-ressources-voici-qui-contacter-en-cas-de-probleme-20250109</link>
                                    <description>Des associations et structures spécialisées permettent aux voyageurs de résoudre -sans aucun frais- des problèmes survenus lors d’un séjour.</description>
                                <category>Conseils</category>
                <pubDate>Mon, 13 Jan 2025 09:26:44 +0100</pubDate>

                                                            <media:content url="https://i.f1g.fr/media/cms/3000x1934_crop/2025/01/07/3ee39e780517eb75caadb9d9ef38b591aa30afe5e167d1b8064b304d29e47101.jpg" width="3000" height="1934">
                            <media:description type="plain">Votre voyage se passe mal ? Vous n’êtes pas sans ressources, voici qui contacter en cas de problème.</media:description>
                            <media:credit>MandicJovan / Mediteraneo - stock.adobe.com</media:credit>
                        </media:content>
                                                </item>
                    <item>
                <guid>https://www.lefigaro.fr/economie/pourquoi-les-francais-ne-se-ruent-plus-sur-les-soldes-20250107</guid>
                <title>Pourquoi les Français ne se ruent plus sur les soldes</title>
                                <link>https://www.lefigaro.fr/economie/pourquoi-les-francais-ne-se-ruent-plus-sur-les-soldes-20250107</link>
                                    <description>DÉCRYPTAGE - Les soldes d’hiver débutent dans l’indifférence quasi générale mais les commerçants changent de stratégie.</description>
                                <category>Économie</category>
                <pubDate>Thu, 09 Jan 2025 16:09:42 +0100</pubDate>

                                                            <media:content url="https://i.f1g.fr/media/cms/1345x756_crop/2025/01/07/7cbf86133fbef0e0df21ed6ca992cec7a70321206b62c91423a38cf5de226fd4.jpg" width="1345" height="756">
                            <media:description type="plain">Les deux périodes de soldes (hiver et été) ont représenté 22% de la consommation de prêt-à-porter en France, l’an passé.</media:description>
                            <media:credit>François Bouchon / Le Figaro</media:credit>
                        </media:content>
                                                </item>
                    <item>
                <guid>https://www.lefigaro.fr/conso/le-train-est-beaucoup-trop-cher-comment-les-vols-a-bas-prix-malmenent-la-conscience-ecolo-des-jeunes-voyageurs-20250104</guid>
                <title>«Le train est beaucoup trop cher» : comment les vols à bas prix malmènent la conscience écolo des jeunes voyageurs</title>
                                <link>https://www.lefigaro.fr/conso/le-train-est-beaucoup-trop-cher-comment-les-vols-a-bas-prix-malmenent-la-conscience-ecolo-des-jeunes-voyageurs-20250104</link>
                                    <description>TÉMOIGNAGES - À l’heure où l’avion reste souvent l’option la plus économique, ils tentent de concilier leurs convictions et leurs contraintes budgétaires. Mais ne sont pas prêts à tous les sacrifices.</description>
                                <category>Consommation</category>
                <pubDate>Sat, 04 Jan 2025 08:50:20 +0100</pubDate>

                                                            <media:content url="https://i.f1g.fr/media/cms/3000x2000_crop/2025/01/02/34d8a842cd904a97c7c7afe2f1621438b9f49442f4b038fb6ce716e282b95ebf.jpg" width="3000" height="2000">
                            <media:description type="plain">«En tant qu’étudiants, la question centrale des voyages est souvent l’argent. La question écologique vient juste derrière, mais il ne faut pas pousser non plus!» confie Laure, étudiante en droit.</media:description>
                            <media:credit>loreanto / stock.adobe.com</media:credit>
                        </media:content>
                                                </item>
                    <item>
                <guid>https://www.lefigaro.fr/conso/les-systemes-classiques-paraissent-obsoletes-comment-les-virements-instantanes-ont-revolutionne-notre-gestion-de-l-argent-20250103</guid>
                <title>«C’est tellement plus simple» : comment les virements instantanés ont révolutionné notre gestion de l’argent</title>
                                <link>https://www.lefigaro.fr/conso/les-systemes-classiques-paraissent-obsoletes-comment-les-virements-instantanes-ont-revolutionne-notre-gestion-de-l-argent-20250103</link>
                                    <description>TÉMOIGNAGES - Les services de paiement mobile, portés par des plateformes comme Wero ou l’application Lydia, séduisent de plus en plus de Français grâce à leur simplicité et leur sécurité.</description>
                                <category>Consommation</category>
                <pubDate>Thu, 09 Jan 2025 09:16:11 +0100</pubDate>

                                                            <media:content url="https://i.f1g.fr/media/cms/2944x1656_crop/2025/01/03/2315375b5c56d10eceeb99fb7d64ffb7a7088b8f812ade16d746460f69b57cb6.jpg" width="2944" height="1656">
                            <media:description type="plain">Fin septembre, la solution de payement entre particulier Wero a remplacé Paylib pour concurrencer les géants américains que sont PayPal, Visa, MasterCard, Apple Pay et Google Pay.</media:description>
                            <media:credit>THOMAS SAMSON / AFP</media:credit>
                        </media:content>
                                                </item>
                    <item>
                <guid>https://www.lefigaro.fr/conso/pates-steaks-haches-farine-peut-on-toujours-acheter-des-aliments-interdits-avec-des-titres-restaurant-20250103</guid>
                <title>Pâtes, steaks hachés, farine... Peut-on toujours acheter des aliments «interdits» avec des titres-restaurant ?</title>
                                <link>https://www.lefigaro.fr/conso/pates-steaks-haches-farine-peut-on-toujours-acheter-des-aliments-interdits-avec-des-titres-restaurant-20250103</link>
                                    <description>Au 1er janvier, la liste des aliments payables en titres-restaurants s’est réduite. Sur le principe, tous les produits non transformés ne peuvent plus être payés grâce à ce moyen de paiement bien particulier.</description>
                                <category>Consommation</category>
                <pubDate>Sat, 04 Jan 2025 21:32:51 +0100</pubDate>

                                                            <media:content url="https://i.f1g.fr/media/cms/1920x1080_crop/2025/01/03/cc77f8808b7575b0d98cf8309d2a38144d3677c54c239890f0916e6f332afc11.jpg" width="1920" height="1080">
                            <media:description type="plain">La Répression des fraudes a transféré ses pouvoirs à la Commission Nationale des Titres-Restaurant (CNTR) qui peut ainsi réaliser des vérifications dans les magasins.</media:description>
                            <media:credit>stock.adobe.com</media:credit>
                        </media:content>
                                                </item>
                    <item>
                <guid>https://www.lefigaro.fr/conso/beaucoup-d-habitants-nous-remercient-mais-ne-savent-pas-que-ca-existe-la-lente-disparition-de-la-pratique-des-etrennes-20250103</guid>
                <title>«Beaucoup d’habitants nous remercient, mais ne savent pas que ça existe» : la lente disparition de la pratique des étrennes</title>
                                <link>https://www.lefigaro.fr/conso/beaucoup-d-habitants-nous-remercient-mais-ne-savent-pas-que-ca-existe-la-lente-disparition-de-la-pratique-des-etrennes-20250103</link>
                                    <description>Donner de l’argent à son gardien d’immeuble, à son facteur ou à ceux qui nous rendent service... la pratique n’a plus forcément la cote. Et si certains continuent de se montrer généreux, les Français semblent désormais privilégier les avantages en nature à l’argent.</description>
                                <category>Consommation</category>
                <pubDate>Sat, 04 Jan 2025 14:28:54 +0100</pubDate>

                                                            <media:content url="https://i.f1g.fr/media/cms/orig/2025/01/04/01b053bd08d8c63606d474f91ed568be532ba013d5651847bea8f8c7dd93fcaa.jpg" width="3000" height="2000">
                            <media:description type="plain">« On récolte moins d’argent et plus de cadeaux », observe Prescilla Iscain, assistante éducative et sociale.</media:description>
                            <media:credit>Cavan / stock.adobe.com</media:credit>
                        </media:content>
                                                </item>
                    <item>
                <guid>https://www.lefigaro.fr/conso/produits-mensongers-denomination-abusive-les-derives-du-business-tres-lucratif-des-jouets-montessori-20241231</guid>
                <title>«Produits mensongers», dénomination abusive... Les dérives du business très lucratif des jouets Montessori</title>
                                <link>https://www.lefigaro.fr/conso/produits-mensongers-denomination-abusive-les-derives-du-business-tres-lucratif-des-jouets-montessori-20241231</link>
                                    <description>ENQUÊTE - De plus en plus d’enseignes commercialisent des jeux éducatifs portant le nom de la célèbre pédagogue italienne, aux dépens du contenu, qui s’avère souvent contre-productif pour les enfants.</description>
                                <category>Consommation</category>
                <pubDate>Tue, 31 Dec 2024 06:00:00 +0100</pubDate>

                                                            <media:content url="https://i.f1g.fr/media/cms/3000x2001_crop/2024/12/30/4f4c16dd46ff3d39d2c3772c414007da1c99f977f12e8855a3ec28475d001ab3.jpg" width="3000" height="2001">
                            <media:description type="plain">Maria Montessori n’a pas protégé son nom de son vivant. Si ce dernier est depuis «tombé» dans le domaine public, l’Association Montessori de France a démarché Bercy pour créer un label «AMF».</media:description>
                            <media:credit>www.natasha-lebedinskaya.com / natalialeb - stock.adobe.com</media:credit>
                        </media:content>
                                                </item>
                    <item>
                <guid>https://www.lefigaro.fr/conso/colis-soi-disant-jamais-livres-et-faux-retours-ces-clients-serial-fraudeurs-qui-exploitent-les-failles-du-e-commerce-20241228</guid>
                <title>Colis prétendument jamais livrés et faux retours : ces clients «serial fraudeurs» qui exploitent les failles du e-commerce</title>
                                <link>https://www.lefigaro.fr/conso/colis-soi-disant-jamais-livres-et-faux-retours-ces-clients-serial-fraudeurs-qui-exploitent-les-failles-du-e-commerce-20241228</link>
                                    <description>ENQUÊTE - Les escroqueries à la livraison ou au retour de commande, punies par la loi, font florès sur les sites de vente en ligne, en particulier dans le secteur textile. Et posent de sérieux dilemmes aux vendeurs, qu’il s’agisse de grandes plateformes ou de marques plus confidentielles.</description>
                                <category>Consommation</category>
                <pubDate>Sat, 28 Dec 2024 16:22:33 +0100</pubDate>

                                                            <media:content url="https://i.f1g.fr/media/cms/3000x1688_crop/2024/12/06/111a7c18c0cdf2cd33cbe978b40d5113fbed102bc1b4352a4e3d3769579f077e.jpg" width="3000" height="1688">
                            <media:description type="plain">En France, 10 % des retours de commande seraient frauduleux dans le secteur de l’e-commerce, selon le rapport publié en 2022 par la National Retail Federation.</media:description>
                            <media:credit>Krakenimages.com / stock.adobe.com</media:credit>
                        </media:content>
                                                </item>
                    <item>
                <guid>https://www.lefigaro.fr/conso/les-francais-revendent-deja-leurs-cadeaux-de-noel-20241225</guid>
                <title>Noël : plus d’un million de cadeaux remis en vente sur les sites de seconde main</title>
                                <link>https://www.lefigaro.fr/conso/les-francais-revendent-deja-leurs-cadeaux-de-noel-20241225</link>
                                    <description>Tirée par la possibilité de trouver un repreneur rapidement, la revente des cadeaux reçus en double ou simplement décevants enregistre une hausse cette année.</description>
                                <category>Consommation</category>
                <pubDate>Thu, 26 Dec 2024 14:20:28 +0100</pubDate>

                                                            <media:content url="https://i.f1g.fr/media/cms/3000x1687_crop/2024/12/25/73db9412f5131af4478c7778c1781f2b2fd58803ff4de04729d155391b278897.jpg" width="3000" height="1687">
                            <media:description type="plain">Une nouvelle tradition de Noël qui se démocratise davantage chez les jeunes, à 57% pour les 25-34 ans, que chez les plus de 55 ans, à 26%.</media:description>
                            <media:credit>HBS / stock.adobe.com</media:credit>
                        </media:content>
                                                </item>
                    <item>
                <guid>https://www.lefigaro.fr/conso/prototypes-regles-fabrication-dans-les-coulisses-de-la-creation-des-jeux-de-societe-best-seller-de-noel-20241224</guid>
                <title>Prototypes, règles, fabrication… Dans les coulisses de la création des jeux de société, best-seller de Noël</title>
                                <link>https://www.lefigaro.fr/conso/prototypes-regles-fabrication-dans-les-coulisses-de-la-creation-des-jeux-de-societe-best-seller-de-noel-20241224</link>
                                    <description>REPORTAGE - Ils sont l’un des cadeaux les plus offerts lors des fêtes de fin d’année, et pourtant, leurs recettes de fabrication sont énigmatiques. Le Figaro s’est invité chez un grand studio d’édition, Zygomatic, propriété du géant français Asmodee, pour en percer les mystères.</description>
                                <category>Consommation</category>
                <pubDate>Tue, 24 Dec 2024 14:00:00 +0100</pubDate>

                                                            <media:content url="https://i.f1g.fr/media/cms/1920x1080_crop/2024/12/20/402165098bbb4645aac9f10af23dfbcd468ee081f9e098ab172171bb61e24775.jpg" width="1920" height="1080">
                            <media:description type="plain">Dobble et Survive the Island sont deux des jeux stars édités par le studio français Zygomatic.</media:description>
                            <media:credit>Emma Segall / Le Figaro et Asmodee</media:credit>
                        </media:content>
                                                </item>
                    <item>
                <guid>https://www.lefigaro.fr/conso/paquets-de-chips-places-de-concert-livres-bouteilles-ces-cadeaux-recus-par-les-deputes-en-2024-20241223</guid>
                <title>Paquets de chips, places de concert, livres, bouteilles... Ces cadeaux reçus par les députés en 2024</title>
                                <link>https://www.lefigaro.fr/conso/paquets-de-chips-places-de-concert-livres-bouteilles-ces-cadeaux-recus-par-les-deputes-en-2024-20241223</link>
                                    <description>Tenus de déclarer les dons et invitations reçus tout au long de l’année, nos élus ne sont pas tous logés à la même enseigne. Florilège des présents reçus par les députés élus en juillet dernier.</description>
                                <category>Consommation</category>
                <pubDate>Mon, 23 Dec 2024 17:03:07 +0100</pubDate>

                                                            <media:content url="https://i.f1g.fr/media/cms/orig/2024/12/23/c7e78adba3293bb52404ad32fdbfe2f5ad95841a11685fb8cce789552b9bca91.jpg" width="3000" height="2000">
                            <media:description type="plain">Les cadeaux en lien avec les Jeux olympiques de Paris ont été les plus nombreux cette année.</media:description>
                            <media:credit>Sarah Meyssonnier / REUTERS</media:credit>
                        </media:content>
                                                </item>
            </channel>
</rss>
