<?xml version="1.0" encoding="UTF-8"?><rss xmlns:atom="http://www.w3.org/2005/Atom" xmlns:content="http://purl.org/rss/1.0/modules/content/" xmlns:dc="http://purl.org/dc/elements/1.1/" xmlns:sy="http://purl.org/rss/1.0/modules/syndication/" version="2.0" xmlns:media="http://search.yahoo.com/mrss/"><channel><title><![CDATA[Libération]]></title><link>https://www.liberation.fr</link><atom:link href="https://www.liberation.fr/arc/outboundfeeds/rss-all/category/portraits/" rel="self" type="application/rss+xml"/><description><![CDATA[Libération News Feed]]></description><lastBuildDate>Wed, 12 Feb 2025 08:48:20 +0000</lastBuildDate><language>fr</language><ttl>1</ttl><sy:updatePeriod>hourly</sy:updatePeriod><sy:updateFrequency>1</sy:updateFrequency><image><url>https://liberation-liberation-prod.cdn.arcpublishing.com/resizer/NDhvymtydpZl4sImd-sUL72q8YM=/arc-photo-liberation/eu-central-1-prod/public/3QH5F2WEITAV2N22T6S3ECTWJ4.png</url><title>Libération</title><link>https://www.liberation.fr</link></image><item><title><![CDATA[Martin Parr, satire vers le haut]]></title><link>https://www.liberation.fr/portraits/martin-parr-satire-vers-le-haut-20250211_HPKLNJKTVVHFNPCHZ65VH4L5YQ/</link><guid isPermaLink="true">https://www.liberation.fr/portraits/martin-parr-satire-vers-le-haut-20250211_HPKLNJKTVVHFNPCHZ65VH4L5YQ/</guid><dc:creator><![CDATA[Clémentine Mercier]]></dc:creator><description><![CDATA[Le photographe britannique, célébré pour avoir saisi le grotesque de la société des loisirs, garde malgré la maladie vivacité d’esprit, humour et gourmandise.]]></description><pubDate>Tue, 11 Feb 2025 14:24:00 +0000</pubDate><media:content url="https://liberation-liberation-prod.cdn.arcpublishing.com/resizer/02qVQt2Z3h_QekN04vqdjlA8qHw=/cloudfront-eu-central-1.images.arcpublishing.com/liberation/466V2SYCLFFATASW2IEZP7MICE.jpg" type="image/jpeg" height="8036" width="6027"><media:description type="plain"><![CDATA[Le photographe Martin Parr, à l'extérieur du studio du réalisateur Lee Shulman, le 20 janvier 2025, à Paris.]]></media:description><media:credit role="author" scheme="urn:ebu">Olivier Culmann</media:credit></media:content></item><item><title><![CDATA[Marie Barsacq, sang mêlée]]></title><link>https://www.liberation.fr/portraits/marie-barsacq-sang-melee-20250209_IO5XIOK4ENDTDGT6MMJE4N3LE4/</link><guid isPermaLink="true">https://www.liberation.fr/portraits/marie-barsacq-sang-melee-20250209_IO5XIOK4ENDTDGT6MMJE4N3LE4/</guid><dc:creator><![CDATA[Sylvain Chazot]]></dc:creator><description><![CDATA[La ministre des Sports, de la Jeunesse et de la Vie associative, originaire du Sud-Ouest et fan de rugby, s’est épanouie au sein du comité d’organisation des JO de Paris 2024.]]></description><pubDate>Sun, 09 Feb 2025 16:08:51 +0000</pubDate><media:content url="https://liberation-liberation-prod.cdn.arcpublishing.com/resizer/hgCSZl9PUcAwIGSfVWR-xG0OxM8=/cloudfront-eu-central-1.images.arcpublishing.com/liberation/H34LMWP5UFAZPFJT2ZWB5MUKU4.jpg" type="image/jpeg" height="3543" width="2657"><media:description type="plain"><![CDATA[Marie Barsacq, ministre des Sports, de la Jeunesse et de la Vie associative, à Paris le 30 janvier 2025.]]></media:description><media:credit role="author" scheme="urn:ebu">Rémy Artiges</media:credit></media:content></item><item><title><![CDATA[Philippe Vilain, les années Ernaux]]></title><link>https://www.liberation.fr/portraits/philippe-vilain-les-annees-ernaux-20250209_LRSL4FSL4VG3JLXDFKEX66Z76A/</link><guid isPermaLink="true">https://www.liberation.fr/portraits/philippe-vilain-les-annees-ernaux-20250209_LRSL4FSL4VG3JLXDFKEX66Z76A/</guid><dc:creator><![CDATA[Marie-Dominique Lelièvre]]></dc:creator><description><![CDATA[L’écrivain se réapproprie le récit de sa relation avec la Prix Nobel de littérature, quand il était étudiant et elle déjà célèbre.]]></description><pubDate>Mon, 10 Feb 2025 14:00:00 +0000</pubDate><media:content url="https://liberation-liberation-prod.cdn.arcpublishing.com/resizer/zxIG-rTK_uDwDl7nTRCedoruWTQ=/cloudfront-eu-central-1.images.arcpublishing.com/liberation/5EDOIUW5IFH7BNIKPUVV3OQPUI.jpg" type="image/jpeg" height="7072" width="5304"><media:description type="plain"><![CDATA[L'écrivain Philippe Vilain, à Paris, le 22 janvier 2025.]]></media:description><media:credit role="author" scheme="urn:ebu">Irina Shkoda</media:credit></media:content></item><item><title><![CDATA[Nathalie A. Cabrol, ultraterrestre]]></title><link>https://www.liberation.fr/portraits/nathalie-a-cabrol-ultraterrestre-20250208_LGJGRRHUH5DKHIGQTJWAOT5O3E/</link><guid isPermaLink="true">https://www.liberation.fr/portraits/nathalie-a-cabrol-ultraterrestre-20250208_LGJGRRHUH5DKHIGQTJWAOT5O3E/</guid><dc:creator><![CDATA[Adrien Naselli]]></dc:creator><description><![CDATA[L’astrobiologiste, qui dirige le plus grand centre de recherche de vie extraterrestre, met ses aliens au service de la lutte contre le réchauffement climatique.]]></description><pubDate>Fri, 07 Feb 2025 15:30:17 +0000</pubDate><media:content url="https://liberation-liberation-prod.cdn.arcpublishing.com/resizer/V6-C-qo-1KLMAKigP9Dw4wJPpYk=/cloudfront-eu-central-1.images.arcpublishing.com/liberation/4M3WYVKRFFCVVN5LYQINMMZBVI.jpg" type="image/jpeg" height="6016" width="4297"><media:description type="plain"><![CDATA[L'astrobiologiste Nathalie A. Cabrol à Paris, le 15 janvier 2025.]]></media:description><media:credit role="author" scheme="urn:ebu">Nolwenn Brod</media:credit></media:content></item></channel></rss>