<?xml version="1.0" encoding="UTF-8"?><rss xmlns:atom="http://www.w3.org/2005/Atom" xmlns:content="http://purl.org/rss/1.0/modules/content/" xmlns:dc="http://purl.org/dc/elements/1.1/" xmlns:sy="http://purl.org/rss/1.0/modules/syndication/" version="2.0" xmlns:media="http://search.yahoo.com/mrss/"><channel><title><![CDATA[Libération]]></title><link>https://www.liberation.fr</link><atom:link href="https://www.liberation.fr/arc/outboundfeeds/rss-all/category/idees-et-debats/" rel="self" type="application/rss+xml"/><description><![CDATA[Libération News Feed]]></description><lastBuildDate>Wed, 12 Feb 2025 08:48:18 +0000</lastBuildDate><language>fr</language><ttl>1</ttl><sy:updatePeriod>hourly</sy:updatePeriod><sy:updateFrequency>1</sy:updateFrequency><image><url>https://liberation-liberation-prod.cdn.arcpublishing.com/resizer/NDhvymtydpZl4sImd-sUL72q8YM=/arc-photo-liberation/eu-central-1-prod/public/3QH5F2WEITAV2N22T6S3ECTWJ4.png</url><title>Libération</title><link>https://www.liberation.fr</link></image><item><title><![CDATA[Siéger au Conseil constitutionnel ne doit pas être un lot de consolation]]></title><link>https://www.liberation.fr/idees-et-debats/tribunes/sieger-au-conseil-constitutionnel-ne-doit-pas-etre-un-lot-de-consolation-20250212_F2P2YMZXWRDCVFG5ZL7UQRHXXQ/</link><guid isPermaLink="true">https://www.liberation.fr/idees-et-debats/tribunes/sieger-au-conseil-constitutionnel-ne-doit-pas-etre-un-lot-de-consolation-20250212_F2P2YMZXWRDCVFG5ZL7UQRHXXQ/</guid><dc:creator><![CDATA[Jean-Philippe Derosier]]></dc:creator><description><![CDATA[Selon le professeur de droit public Jean-Philippe Derosier, l’institution devrait être interdite à toute personnalité politique en peine d’activité. Or, les nominations du président de la République semblent être dictées par des considérations politiciennes, tel un remerciement pour bons et loyaux services.]]></description><pubDate>Wed, 12 Feb 2025 08:25:00 +0000</pubDate><media:content url="https://liberation-liberation-prod.cdn.arcpublishing.com/resizer/hLnduFZxJsDLrRTJyoNs-VkAOZA=/cloudfront-eu-central-1.images.arcpublishing.com/liberation/54AQPN62YJAVHDKZFNFSWATBCM.jpg" type="image/jpeg" height="3648" width="5472"><media:description type="plain"><![CDATA[Pour Jean-Philippe Derosier «le Conseil constitutionnel devrait être respecté, non constituer un lot de consolation pour personnalité politique en peine d’activité».]]></media:description><media:credit role="author" scheme="urn:ebu">Denis Allard</media:credit></media:content></item><item><title><![CDATA[Pourquoi certains marxistes ont encore de l’avenir]]></title><link>https://www.liberation.fr/idees-et-debats/pourquoi-certains-marxistes-ont-encore-de-lavenir-20250212_DCNO5U75FBFV7AW57A7KJHKXUE/</link><guid isPermaLink="true">https://www.liberation.fr/idees-et-debats/pourquoi-certains-marxistes-ont-encore-de-lavenir-20250212_DCNO5U75FBFV7AW57A7KJHKXUE/</guid><dc:creator><![CDATA[Jean-Numa Ducange]]></dc:creator><description><![CDATA[Sans nostalgie ni passéisme, il semble encore possible de puiser dans le meilleur de la tradition marxiste afin d’explorer une autre voie à gauche, entre l’appétence pour l’insurrection à tout-va et l’accompagnement du capitalisme, analyse l’historien Jean-Numa Ducange.]]></description><pubDate>Wed, 12 Feb 2025 07:40:00 +0000</pubDate><media:content url="https://liberation-liberation-prod.cdn.arcpublishing.com/resizer/H9jVym1KLB4-5PfBaYsrPi98pQk=/cloudfront-eu-central-1.images.arcpublishing.com/liberation/EHM5I3YSZBGTPJESZAHYUTWBKU.jpg" type="image/jpeg" height="4601" width="6901"><media:description type="plain"><![CDATA[A Novi Sad (Serbie), trois mois après l’effondrement mortel de l’auvent en béton de la gare, qui venait d'être rénovée, la population en quête de liberté et de justice manifeste en bloquant un pont, le 1er février 2025.]]></media:description><media:credit role="author" scheme="urn:ebu">Andrej Isakovic</media:credit></media:content></item><item><title><![CDATA[Emmanuel Macron tente de dégainer un référendum comme on sort un jouet du placard]]></title><link>https://www.liberation.fr/politique/emmanuel-macron-tente-de-degainer-un-referendum-comme-on-sort-un-jouet-du-placard-20250212_42MP7JDDRNA7FJCN36IY4SISGI/</link><guid isPermaLink="true">https://www.liberation.fr/politique/emmanuel-macron-tente-de-degainer-un-referendum-comme-on-sort-un-jouet-du-placard-20250212_42MP7JDDRNA7FJCN36IY4SISGI/</guid><dc:creator><![CDATA[Jonathan Bouchet-Petersen]]></dc:creator><description><![CDATA[En clamant son envie d’y recourir sans annoncer sur quoi, en voulant «banaliser» son usage après huit ans de mandat sans en user, on est tenté de croire que le chef de l’Etat se paye notre tête.]]></description><pubDate>Wed, 12 Feb 2025 06:37:00 +0000</pubDate><media:content url="https://liberation-liberation-prod.cdn.arcpublishing.com/resizer/2tPqxjNqTrmpsZHYm3Unhic3lGM=/cloudfront-eu-central-1.images.arcpublishing.com/liberation/PW5HBU7UZNGGBNJ3DWE7OEP7ZI.jpg" type="image/jpeg" height="2199" width="3299"><media:description type="plain"><![CDATA[Emmanuel Macron lors du sommet sur l'intelligence artificielle, au Grand Palais, à Paris, le 10 février 2025.]]></media:description><media:credit role="author" scheme="urn:ebu">Ludovic Marin</media:credit></media:content></item><item><title><![CDATA[Retailleau et Darmanin, un duo infernal]]></title><link>https://www.liberation.fr/idees-et-debats/editorial/retailleau-et-darmanin-un-duo-infernal-20250211_3TVG73C6K5CRHKCULX5JRYBQ7M/</link><guid isPermaLink="true">https://www.liberation.fr/idees-et-debats/editorial/retailleau-et-darmanin-un-duo-infernal-20250211_3TVG73C6K5CRHKCULX5JRYBQ7M/</guid><dc:creator><![CDATA[Alexandra Schwartzbrod]]></dc:creator><description><![CDATA[Aux manettes de l’Intérieur et de la Justice, les deux ministres de droite attisent la peur et la haine en se livrant à une surenchère anti-immigration. Une guerre d’ego qui n’a d’autre objectif que de se placer pour la présidentielle.]]></description><pubDate>Tue, 11 Feb 2025 19:55:46 +0000</pubDate><media:content url="https://liberation-liberation-prod.cdn.arcpublishing.com/resizer/Dh-1-_4beSrClcOJmB1d9Nn8w0w=/cloudfront-eu-central-1.images.arcpublishing.com/liberation/4U35P3LRYZG4NEYDHHKQ5WOQTI.jpg" type="image/jpeg" height="3525" width="5289"><media:description type="plain"><![CDATA[Les ministres de l'Intérieur, Bruno Retailleau, et de la Justice, Gérald Darmanin, le 3 décembre à l'Assemblée nationale.]]></media:description><media:credit role="author" scheme="urn:ebu">Julien de Rosa</media:credit></media:content></item><item><title><![CDATA[Réseaux sociaux : plus un parti est à droite, plus il diffuse des fake news]]></title><link>https://www.liberation.fr/idees-et-debats/reseaux-sociaux-plus-un-parti-est-a-droite-plus-il-diffuse-des-fake-news-20250211_6YFYNXUTMBGFNJSNTZ5EVKRWDU/</link><guid isPermaLink="true">https://www.liberation.fr/idees-et-debats/reseaux-sociaux-plus-un-parti-est-a-droite-plus-il-diffuse-des-fake-news-20250211_6YFYNXUTMBGFNJSNTZ5EVKRWDU/</guid><dc:creator><![CDATA[Simon Blin, Savinien de Rivet]]></dc:creator><description><![CDATA[La désinformation en ligne fait partie intégrante de la stratégie des extrêmes droites, tandis que les formations gauche, qu’elles soient radicales, écologistes ou sociales-démocrates, ont moins recours à cette pratique, selon une étude récente réalisée par des universitaires néerlandais.]]></description><pubDate>Tue, 11 Feb 2025 18:26:09 +0000</pubDate><media:content url="https://liberation-liberation-prod.cdn.arcpublishing.com/resizer/GtXPXwFTzFM0KZe5vWzqurXpDXc=/cloudfront-eu-central-1.images.arcpublishing.com/liberation/DHTL6BLX5FGC7O3UQJRM22EAXY.png" type="image/png" height="1068" width="1600"><media:description type="plain"><![CDATA[Les partis conservateurs et d’extrême droite présentent les niveaux de fiabilité les plus bas.]]></media:description><media:credit role="author" scheme="urn:ebu"></media:credit></media:content></item><item><title><![CDATA[Gaza : «A la lumière de nombreuses sources juridiques, le terme de génocide est pertinent»]]></title><link>https://www.liberation.fr/idees-et-debats/tribunes/gaza-a-la-lumiere-de-nombreuses-sources-juridiques-le-terme-de-genocide-est-pertinent-20250211_WT776HQY5VBHZLTKHAWR4DSFEM/</link><guid isPermaLink="true">https://www.liberation.fr/idees-et-debats/tribunes/gaza-a-la-lumiere-de-nombreuses-sources-juridiques-le-terme-de-genocide-est-pertinent-20250211_WT776HQY5VBHZLTKHAWR4DSFEM/</guid><dc:creator><![CDATA[Farah Safi, Rafaëlle Maison, Habib Gherari]]></dc:creator><description><![CDATA[Alors que la Cour pénale internationale n’a, pour l’heure, pas retenu cette accusation contre Israël, trois professeurs de droit estiment que de nombreux éléments permettent d’étayer cette qualification.]]></description><pubDate>Tue, 11 Feb 2025 17:18:00 +0000</pubDate><media:content url="https://liberation-liberation-prod.cdn.arcpublishing.com/resizer/4LxNrJ79GX06_v72Mvg1a9Q4QoU=/cloudfront-eu-central-1.images.arcpublishing.com/liberation/KYMHR42EI5B5HMCD64OZWPXDWU.jpg" type="image/jpeg" height="3000" width="4000"><media:description type="plain"><![CDATA[Le 16 décembre 2024, après une frappe israélienne sur l'école Ahmed-Abdel-Aziz, transformée en abri, à Khan Younès, Gaza.]]></media:description><media:credit role="author" scheme="urn:ebu">Hani Alshaer</media:credit></media:content></item><item><title><![CDATA[Elon Musk : le rêve fou d’un homme pour contrôler le savoir, le réel et le monde]]></title><link>https://www.liberation.fr/idees-et-debats/tribunes/etats-unis-le-reve-fou-dun-homme-pour-controler-le-savoir-le-reel-et-le-monde-20250211_MP5FQJMCZ5B53O7TZ5W7W2ZWKQ/</link><guid isPermaLink="true">https://www.liberation.fr/idees-et-debats/tribunes/etats-unis-le-reve-fou-dun-homme-pour-controler-le-savoir-le-reel-et-le-monde-20250211_MP5FQJMCZ5B53O7TZ5W7W2ZWKQ/</guid><dc:creator><![CDATA[Un collectif d'universitaires et de chercheurs]]></dc:creator><description><![CDATA[En donnant carte blanche au milliardaire, un travail de sape s’est engagé contre le savoir, la recherche et la liberté académique. En s’attaquant à la production de la connaissance, c’est toute la culture démocratique qui est en danger, dénonce un collectif d’universitaires.]]></description><pubDate>Tue, 11 Feb 2025 14:21:00 +0000</pubDate><media:content url="https://liberation-liberation-prod.cdn.arcpublishing.com/resizer/CyUmDOoZhfPbUaLCLpVpsW-IFEU=/cloudfront-eu-central-1.images.arcpublishing.com/liberation/5SH7BI35O5APDNJOSNCSS4GZ2U.jpg" type="image/jpeg" height="2667" width="4000"><media:description type="plain"><![CDATA[Buste d'Elon Musk, au bord d'une route à Brownsville, Texas, le 6 février 2025.]]></media:description><media:credit role="author" scheme="urn:ebu">Cheney Orr</media:credit></media:content></item><item><title><![CDATA[Le Conseil constitutionnel ou la République des copains coquins ?]]></title><link>https://www.liberation.fr/idees-et-debats/tribunes/le-conseil-constitutionnel-ou-la-republique-des-copains-coquins-20250211_PUAFXHOFBBF6FCR3NGKMLWJQP4/</link><guid isPermaLink="true">https://www.liberation.fr/idees-et-debats/tribunes/le-conseil-constitutionnel-ou-la-republique-des-copains-coquins-20250211_PUAFXHOFBBF6FCR3NGKMLWJQP4/</guid><dc:creator><![CDATA[Julien Boudon]]></dc:creator><description><![CDATA[Professeur de droit public, Julien Boudon démissionne de la revue du Conseil constitutionnel, car il estime que les autorités qui ont la charge de nommer les «sages» le font par complaisance, sans prendre en compte la compétence de leurs candidats. Il propose que le choix du président de la République fasse l’objet d’un vote «pour» au Parlement. ]]></description><pubDate>Tue, 11 Feb 2025 13:17:34 +0000</pubDate><media:content url="https://liberation-liberation-prod.cdn.arcpublishing.com/resizer/4vVBAlwnzQxhfsURCi_wSjEgTEQ=/cloudfront-eu-central-1.images.arcpublishing.com/liberation/M5QSJNQSJ5ACBIJZWIR6II3NLM.jpg" type="image/jpeg" height="3769" width="5677"><media:description type="plain"><![CDATA[En 2022, Emmanuel Macron, et à sa gauche, le président de l'Assemblée nationale Richard Ferrand, en campagne à Spézet (Finistère).]]></media:description><media:credit role="author" scheme="urn:ebu">Ludovic Marin</media:credit></media:content></item><item><title><![CDATA[Pour en finir avec les six mois d’interdiction de travail des demandeurs d’asile]]></title><link>https://www.liberation.fr/idees-et-debats/tribunes/pour-en-finir-avec-les-six-mois-dinterdiction-de-travail-des-demandeurs-dasile-20250211_RFROWCPFXRDFTAUY7IPPUNFQKQ/</link><guid isPermaLink="true">https://www.liberation.fr/idees-et-debats/tribunes/pour-en-finir-avec-les-six-mois-dinterdiction-de-travail-des-demandeurs-dasile-20250211_RFROWCPFXRDFTAUY7IPPUNFQKQ/</guid><dc:creator><![CDATA[Un collectif de responsables d’ONG, de syndicats, d’activistes et d’entrepreneurs]]></dc:creator><description><![CDATA[Un collectif d’associations, de syndicats et de militants appellent les députés de tout bord, à voter pour une proposition de loi visant à supprimer le délai d’attente imposé aux demandeurs d’asile qui sera discutée à l’Assemblée nationale les 12 et 20 février prochains.]]></description><pubDate>Tue, 11 Feb 2025 10:14:04 +0000</pubDate><media:content url="https://liberation-liberation-prod.cdn.arcpublishing.com/resizer/qBUD0JlnA2vsC2XvdCx2cUioTms=/cloudfront-eu-central-1.images.arcpublishing.com/liberation/EDORAOEQVRFHLHLHHYVAICWKQI.jpg" type="image/jpeg" height="3985" width="6000"><media:description type="plain"><![CDATA[Ici, en 2024, à Bayonne, où se trouve Pausa, le centre d'accueil des migrants et réfugiés arrivés par l'Espagne.]]></media:description><media:credit role="author" scheme="urn:ebu">Guillaume Fauveau</media:credit></media:content></item><item><title><![CDATA[Iran : lettre à mon bourreau, par Sepideh Farsi]]></title><link>https://www.liberation.fr/idees-et-debats/tribunes/iran-lettre-a-mon-bourreau-par-sepideh-farsi-20250211_R2G7IE263FATXFETXRVVZVJBTI/</link><guid isPermaLink="true">https://www.liberation.fr/idees-et-debats/tribunes/iran-lettre-a-mon-bourreau-par-sepideh-farsi-20250211_R2G7IE263FATXFETXRVVZVJBTI/</guid><dc:creator><![CDATA[Sepideh Farsi]]></dc:creator><description><![CDATA[Le 18 janvier étaient assassinés à Téhéran deux juges de la Cour suprême iranienne, Mohammad Moghisseh et Ali Razini. La cinéaste Sepideh Farsi adresse une lettre ouverte à ce dernier, qui l’avait envoyée en prison il y a quarante et un ans et a condamné à mort des milliers de personnes. ]]></description><pubDate>Tue, 11 Feb 2025 07:13:38 +0000</pubDate><media:content url="https://liberation-liberation-prod.cdn.arcpublishing.com/resizer/gMW1yAqxEXeyDfdEgDaSHC8Tk8E=/cloudfront-eu-central-1.images.arcpublishing.com/liberation/BHRI3RKMDVC5BDM2PSGNQ62T3M.jpg" type="image/jpeg" height="1450" width="2200"><media:description type="plain"><![CDATA[L'ayatollah Ali Khamenei lors de la prière prononcée pour les juges Mogheiseh et Razini, à Téhéran, en Iran, le 19 janvier 2025.]]></media:description><media:credit role="author" scheme="urn:ebu"></media:credit></media:content></item><item><title><![CDATA[Gauches perdantes et gauches perdues, par Luc Le Vaillant]]></title><link>https://www.liberation.fr/idees-et-debats/opinions/gauches-perdantes-et-gauches-perdues-par-luc-le-vaillant-20250211_XTRCA5WWA5H75PQSW3GFKUTM64/</link><guid isPermaLink="true">https://www.liberation.fr/idees-et-debats/opinions/gauches-perdantes-et-gauches-perdues-par-luc-le-vaillant-20250211_XTRCA5WWA5H75PQSW3GFKUTM64/</guid><dc:creator><![CDATA[Luc Le Vaillant]]></dc:creator><description><![CDATA[Etat des lieux désastreux des forces progressistes locales qui, à l’heure de la droitisation mondiale, s’étripent allègrement.]]></description><pubDate>Tue, 11 Feb 2025 04:44:00 +0000</pubDate><media:content url="https://liberation-liberation-prod.cdn.arcpublishing.com/resizer/J0MLE0YK8_ElAKS3Mf5o7U81yD0=/cloudfront-eu-central-1.images.arcpublishing.com/liberation/PGLKAQAFQJFJNBWV74HY6JHIS4.jpg" type="image/jpeg" height="3676" width="5515"><media:description type="plain"><![CDATA[Les députés LFI lors d'un débat sur leur motion de censure posée contre le projet de loi budgétaire 2025, à l'Assemblée nationale, à Paris, le 5 février 2025.]]></media:description><media:credit role="author" scheme="urn:ebu">Gonzalo Fuentes</media:credit></media:content></item><item><title><![CDATA[«The Brutalist», l’édifice prodige]]></title><link>https://www.liberation.fr/idees-et-debats/editorial/the-brutalist-ledifice-prodige-20250210_AFBCGQQR3NC7HMQRKJP7TCYGPQ/</link><guid isPermaLink="true">https://www.liberation.fr/idees-et-debats/editorial/the-brutalist-ledifice-prodige-20250210_AFBCGQQR3NC7HMQRKJP7TCYGPQ/</guid><dc:creator><![CDATA[Elisabeth Franck-Dumas]]></dc:creator><description><![CDATA[Sorti de nulle part avec un budget dérisoire, le film grandiose de Brady Corbet, avec Adrien Brody en architecte hongrois rescapé de la Shoah, s’invite en favori aux oscars avec dix nominations.]]></description><pubDate>Mon, 10 Feb 2025 20:06:56 +0000</pubDate><media:content url="https://liberation-liberation-prod.cdn.arcpublishing.com/resizer/Bdfqj9UnXkqzGlmY7aeH_f5Yby0=/cloudfront-eu-central-1.images.arcpublishing.com/liberation/IV2VLP6THJDG5OIAHNQZF5U2R4.jpg" type="image/jpeg" height="2158" width="3840"><media:description type="plain"><![CDATA[Adrien Brody en architecte hongrois rescapé de la Shoah dans «The Brutalist».]]></media:description><media:credit role="author" scheme="urn:ebu"></media:credit></media:content></item><item><title><![CDATA[Conseil constitutionnel : Richard Ferrand, le mauvais choix d’Emmanuel Macron]]></title><link>https://www.liberation.fr/politique/conseil-constitutionnel-richard-ferrand-le-mauvais-choix-demmanuel-macron-20250210_CJQKYTKTH5GINC3CX4Z2T2JYWA/</link><guid isPermaLink="true">https://www.liberation.fr/politique/conseil-constitutionnel-richard-ferrand-le-mauvais-choix-demmanuel-macron-20250210_CJQKYTKTH5GINC3CX4Z2T2JYWA/</guid><dc:creator><![CDATA[Thomas Legrand]]></dc:creator><description><![CDATA[Le Président vient de proposer son fidèle lieutenant pour présider les «sages», une désignation qui interroge alors que le poste a besoin d’un juriste reconnu pour son indépendance et à l’expertise respectée pour protéger l’Etat de droit.]]></description><pubDate>Mon, 10 Feb 2025 18:55:37 +0000</pubDate><media:content url="https://liberation-liberation-prod.cdn.arcpublishing.com/resizer/Y87Dft0O7P9Ov9aGOlrW3jafv_8=/cloudfront-eu-central-1.images.arcpublishing.com/liberation/SEUQIKDS4JDNPP4SZSQXQGYNGM.jpg" type="image/jpeg" height="4314" width="6471"><media:description type="plain"><![CDATA[Emmanuel Macron et Richard Ferrand à Spézet en 2022 (Finistère).]]></media:description><media:credit role="author" scheme="urn:ebu">Ludovic Marin</media:credit></media:content></item><item><title><![CDATA[L’oligarchie trumpiste, par Serge July]]></title><link>https://www.liberation.fr/idees-et-debats/opinions/loligarchie-trumpiste-par-serge-july-20250210_TMWPNV5HUZBG5IKHOZOQ6PBR5A/</link><guid isPermaLink="true">https://www.liberation.fr/idees-et-debats/opinions/loligarchie-trumpiste-par-serge-july-20250210_TMWPNV5HUZBG5IKHOZOQ6PBR5A/</guid><dc:creator><![CDATA[Serge July]]></dc:creator><description><![CDATA[A coups d’annonces outrancières, de boycott des institutions internationales et de nominations douteuses, Donald Trump met les Etats-Unis sur la voie d’un régime autoritaire, protectionniste et impérial, où la vérité ne fait plus foi.]]></description><pubDate>Mon, 10 Feb 2025 16:23:00 +0000</pubDate><media:content url="https://liberation-liberation-prod.cdn.arcpublishing.com/resizer/hO97GTZ8Z42v4Y4zRPa8fEar6XY=/cloudfront-eu-central-1.images.arcpublishing.com/liberation/75WO3I5RYBBPLFYMXDYJKCM6YU.jpg" type="image/jpeg" height="3667" width="5500"><media:description type="plain"><![CDATA[Donald Trump, son épouse, ses enfants et leurs conjoints dansent au Liberty Ball à Washington, le 20 janvier.]]></media:description><media:credit role="author" scheme="urn:ebu">Elizabeth Frantz</media:credit></media:content></item><item><title><![CDATA[Handicap : à l’Etat de faire appliquer la loi, mais à chacun de nous d’assumer l’altérité comme une richesse]]></title><link>https://www.liberation.fr/politique/handicap-a-letat-de-faire-appliquer-la-loi-mais-a-chacun-de-nous-dassumer-lalterite-comme-une-richesse-20250210_URIQGBG6ERF3VDRRWAZ6WAFG2Q/</link><guid isPermaLink="true">https://www.liberation.fr/politique/handicap-a-letat-de-faire-appliquer-la-loi-mais-a-chacun-de-nous-dassumer-lalterite-comme-une-richesse-20250210_URIQGBG6ERF3VDRRWAZ6WAFG2Q/</guid><dc:creator><![CDATA[Jonathan Bouchet-Petersen]]></dc:creator><description><![CDATA[Vingt ans après le vote de la loi censée rendre accessibles à tous les établissements recevant du public, l’Etat comme les citoyens doivent encore laisser de côté le misérabilisme et militer pour un accès de tous aux droits.]]></description><pubDate>Mon, 10 Feb 2025 15:43:29 +0000</pubDate><media:content url="https://liberation-liberation-prod.cdn.arcpublishing.com/resizer/TLxyVoDlrBv9nVGX9WUSnXOkSZ8=/cloudfront-eu-central-1.images.arcpublishing.com/liberation/WPHN556DCJAWRG55GD6AS456PU.jpg" type="image/jpeg" height="3571" width="5356"><media:description type="plain"><![CDATA[Mobilisation de l'APF France handicap à Perpignan, le 26 avril 2023.]]></media:description><media:credit role="author" scheme="urn:ebu">Arnaud Le Vu</media:credit></media:content></item><item><title><![CDATA[Sciences sociales : la France doit accueillir les chercheurs victimes de la chasse aux sorcières de Donald Trump]]></title><link>https://www.liberation.fr/idees-et-debats/tribunes/sciences-sociales-la-france-doit-accueillir-les-chercheurs-victimes-de-la-chasse-aux-sorcieres-de-donald-trump-20250210_OSMF5GQVHZEXXBSG6NZH6R34G4/</link><guid isPermaLink="true">https://www.liberation.fr/idees-et-debats/tribunes/sciences-sociales-la-france-doit-accueillir-les-chercheurs-victimes-de-la-chasse-aux-sorcieres-de-donald-trump-20250210_OSMF5GQVHZEXXBSG6NZH6R34G4/</guid><dc:creator><![CDATA[Romain Huret]]></dc:creator><description><![CDATA[Alors que l’administration Trump a annoncé couper les financements de tout projet de recherche contenant les termes «femmes», «inclusion», «traumatisme», ou encore «LGBT», la France doit lancer un programme d’accueil des universitaires américains concernés, demande Romain Huret,  historien des ­Etats-Unis et président de l’Ecole des hautes études en sciences sociales.]]></description><pubDate>Mon, 10 Feb 2025 10:46:00 +0000</pubDate><media:content url="https://liberation-liberation-prod.cdn.arcpublishing.com/resizer/ic5sHLV9d0H-cFLIeC9P9q4iINU=/cloudfront-eu-central-1.images.arcpublishing.com/liberation/KPJRECRBE5EFBAUTEXTL4DZOWA.jpg" type="image/jpeg" height="3730" width="4821"><media:description type="plain"><![CDATA[La science trumpiste ne comporte pas de victime, pas d’inégalité, pas de discrimination, pas de statut social.]]></media:description><media:credit role="author" scheme="urn:ebu">Christophe MAOUT</media:credit></media:content></item><item><title><![CDATA[«La Pampa», «Emilia Pérez» : pourquoi les héros LGBT doivent-ils toujours mourir à l’écran ?]]></title><link>https://www.liberation.fr/idees-et-debats/tribunes/la-pampa-emilia-perez-pourquoi-les-heros-lgbt-doivent-ils-toujours-mourir-a-lecran-20250208_HUDDBLNWQVDBZK7OIRALLRFT54/</link><guid isPermaLink="true">https://www.liberation.fr/idees-et-debats/tribunes/la-pampa-emilia-perez-pourquoi-les-heros-lgbt-doivent-ils-toujours-mourir-a-lecran-20250208_HUDDBLNWQVDBZK7OIRALLRFT54/</guid><dc:creator><![CDATA[Antoine Barraud]]></dc:creator><description><![CDATA[Le cinéaste Antoine Barraud a vu le premier film d’Antoine Chevrollier, couvert d’éloges depuis sa sortie, et s’interroge : pourquoi la mort est-elle le seul horizon cinématographique des personnages gays et trans ? Il faut arrêter d’associer ces êtres au tragique obligatoire.]]></description><pubDate>Sat, 08 Feb 2025 08:02:00 +0000</pubDate><media:content url="https://liberation-liberation-prod.cdn.arcpublishing.com/resizer/Ndjk31BD0AjfGGJMHnSsqQgjo3o=/cloudfront-eu-central-1.images.arcpublishing.com/liberation/JXXOBZMXBRBMFNSX7U7ODHYXIA.jpg" type="image/jpeg" height="1097" width="2618"><media:description type="plain"><![CDATA[«La Pampa» (2024), d’Antoine Chevrollier avec Amaury Faucher (Jojo ) et Sayyid El Alami (Willy).]]></media:description></media:content></item><item><title><![CDATA[Entre stratégie du chaos et concentration du pouvoir, Donald Trump trace la voie du «légalisme autocratique»]]></title><link>https://www.liberation.fr/idees-et-debats/entre-strategie-du-chaos-et-concentration-du-pouvoir-donald-trump-trace-la-voie-du-legalisme-autocratique-20250208_IHZWVE2YMFAC5JUWG667I75HJQ/</link><guid isPermaLink="true">https://www.liberation.fr/idees-et-debats/entre-strategie-du-chaos-et-concentration-du-pouvoir-donald-trump-trace-la-voie-du-legalisme-autocratique-20250208_IHZWVE2YMFAC5JUWG667I75HJQ/</guid><dc:creator><![CDATA[Jan-Werner Müller]]></dc:creator><description><![CDATA[A l’image des populistes d’extrême droite européens, comme Viktor Orbán en Hongrie, le président américain use des procédures formelles autorisées par la législation tout en violant l’esprit des normes démocratiques, desquelles il tire sa légitimité, analyse le politologue Jan-Werner Müller, professeur l’université de Princeton.]]></description><pubDate>Sat, 08 Feb 2025 06:20:00 +0000</pubDate><media:content url="https://liberation-liberation-prod.cdn.arcpublishing.com/resizer/2ipVFMhyyEif_lVsXfZtv2a9ZoA=/cloudfront-eu-central-1.images.arcpublishing.com/liberation/MDKZRGDI75AS3NSVOO64J5Y24A.jpg" type="image/jpeg" height="3392" width="5088"><media:description type="plain"><![CDATA[Donald Trump lors du National Prayer Breakfast, le «petit déjeuner national de prière», une rencontre de personnalités chrétiennes, de religieux, d'élus ou d'entrepreneurs,  à l'hôtel Hilton de Washington DC, le 6 février 2025.]]></media:description><media:credit role="author" scheme="urn:ebu">Kevin Lamarque</media:credit></media:content></item><item><title><![CDATA[Polémique autour de l’humoriste Merwane Benlazar : un cas avéré de délit de faciès raciste]]></title><link>https://www.liberation.fr/idees-et-debats/polemique-autour-de-lhumoriste-merwane-benlazar-un-cas-avere-de-delit-de-facies-raciste-20250207_OYFO3EDYKRHPPMSVVTLPZKFJII/</link><guid isPermaLink="true">https://www.liberation.fr/idees-et-debats/polemique-autour-de-lhumoriste-merwane-benlazar-un-cas-avere-de-delit-de-facies-raciste-20250207_OYFO3EDYKRHPPMSVVTLPZKFJII/</guid><dc:creator><![CDATA[Guillaume Orignac]]></dc:creator><description><![CDATA[Les accusations d’islamisme à l’encontre du stand-uppeur, après un sketch à l’émission «C à vous» sur France 5, montrent que le droit au second degré n’est aujourd’hui pas permis à un arabe musulman, dénonce Guillaume Orignac, réalisateur.]]></description><pubDate>Fri, 07 Feb 2025 16:14:31 +0000</pubDate><media:content url="https://liberation-liberation-prod.cdn.arcpublishing.com/resizer/X6Oq_MuGOGVZt_oqBuXXQXsK48w=/cloudfront-eu-central-1.images.arcpublishing.com/liberation/I3G4XBCXGNFNJDNU7HJ5RS6RXM.jpg" type="image/jpeg" height="522" width="929"><media:description type="plain"><![CDATA[Extrait du passage de l'humoriste Merwane Benlazar dans l'émission «C à vous».]]></media:description></media:content></item><item><title><![CDATA[Denis Podalydès sur Pierre Bourdieu : «On ne peut pas reprocher à un sociologue qui décrit une loi sociale de ne pas y échapper»]]></title><link>https://www.liberation.fr/idees-et-debats/denis-podalydes-sur-pierre-bourdieu-on-ne-peut-pas-reprocher-a-un-sociologue-qui-decrit-une-loi-sociale-de-ne-pas-y-echapper-20250207_QXQQCSW67NGYBEU3CSOXNMK46I/</link><guid isPermaLink="true">https://www.liberation.fr/idees-et-debats/denis-podalydes-sur-pierre-bourdieu-on-ne-peut-pas-reprocher-a-un-sociologue-qui-decrit-une-loi-sociale-de-ne-pas-y-echapper-20250207_QXQQCSW67NGYBEU3CSOXNMK46I/</guid><dc:creator><![CDATA[Virginie Bloch-Lainé]]></dc:creator><description><![CDATA[Dans un livre vivant et plein de charme, l’acteur Denis Podalydès raconte avec tendresse et acuité sa longue amitié avec la famille de Pierre Bourdieu. Une occasion de confronter les théories du grand sociologue à la façon dont il les vivait dans sa vie privée.]]></description><pubDate>Fri, 07 Feb 2025 10:01:16 +0000</pubDate><media:content url="https://liberation-liberation-prod.cdn.arcpublishing.com/resizer/bu76sSRYs6OOC0RycIIW6wYS3Hw=/cloudfront-eu-central-1.images.arcpublishing.com/liberation/VBPNC6UKL5FTPHIR23RXPMU4R4.jpg" type="image/jpeg" height="5095" width="3397"><media:description type="plain"><![CDATA[Le comédien et acteur Denis Podalydès à Paris, le 5 février 2025.]]></media:description><media:credit role="author" scheme="urn:ebu">Marguerite Bornhauser</media:credit></media:content></item><item><title><![CDATA[France-Algérie : au nom des enfants, ayons l’audace de la vérité]]></title><link>https://www.liberation.fr/idees-et-debats/france-algerie-au-nom-des-enfants-ayons-laudace-de-la-verite-20250205_KHDMSJXFMJHWLI72WK2OKRNEVQ/</link><guid isPermaLink="true">https://www.liberation.fr/idees-et-debats/france-algerie-au-nom-des-enfants-ayons-laudace-de-la-verite-20250205_KHDMSJXFMJHWLI72WK2OKRNEVQ/</guid><dc:creator><![CDATA[Yazid Sabeg, Jean Pierre Mignard]]></dc:creator><description><![CDATA[Plutôt que de s’enfermer dans des querelles mémorielles, la France doit admettre sa responsabilité pleine et entière de son passé colonialiste et sceller enfin une alliance constructive entre les deux pays, prônent l’ex-commissaire à l’égalité et à la diversité, Yazid Sabeg, et l’avocat Jean-Pierre Mignard.]]></description><pubDate>Wed, 05 Feb 2025 16:54:43 +0000</pubDate><media:content url="https://liberation-liberation-prod.cdn.arcpublishing.com/resizer/NHhaUit7-vRoN5XqS-QNj3p1nLo=/cloudfront-eu-central-1.images.arcpublishing.com/liberation/DF2M3DP7ZFAWLFTCKGTGUKXLQU.jpg" type="image/jpeg" height="4096" width="4096"><media:description type="plain"><![CDATA[Célébrations de l'indépendance de l'Algérie dans le quartier de la Goutte d'or à Paris, le 5 juillet 1962.]]></media:description><media:credit role="author" scheme="urn:ebu">-</media:credit></media:content></item><item><title><![CDATA[La police nationale du Burundi : quelle force pour quel ordre ? ]]></title><link>https://www.liberation.fr/debats/2016/06/19/la-police-nationale-du-burundi-quelle-force-pour-quel-ordre_1816911/</link><guid isPermaLink="true">https://www.liberation.fr/debats/2016/06/19/la-police-nationale-du-burundi-quelle-force-pour-quel-ordre_1816911/</guid><dc:creator><![CDATA[Jean-Pierre Bat]]></dc:creator><description><![CDATA[Parmi les forces de sécurité burundaises, la police occupe une place à part, qui témoigne de stigmates de l'histoire très récente du pays. Retour sur cet acteur pilier du régime de Pierre Nkurunziza. 
Questions à... Gérard Birantamije, enseignant-chercheur en sciences politiques et sociales à l'Université du Lac Tanganyika.]]></description><pubDate>Sun, 19 Jun 2016 15:30:29 +0000</pubDate><media:content url="https://liberation-liberation-prod.cdn.arcpublishing.com/resizer/FJq_cCIeM3aQxFQ0R_wVddjue2Y=/cloudfront-eu-central-1.images.arcpublishing.com/liberation/VFRIWKXRCHR4KZPBD7KGSMM4SI.jpg" type="image/jpeg" height="640" width="960"><media:description type="plain"><![CDATA[Policiers arrêtant des manifestants lors des rassemblements contre Pierre Nkurunziza, Bujumbura avril 2015 (AFP)]]></media:description></media:content></item><item><title><![CDATA[Burundi, la dérive totalitaire d’un président]]></title><link>https://www.liberation.fr/planete/2015/07/15/burundi-la-derive-totalitaire-d-un-president_1348467/</link><guid isPermaLink="true">https://www.liberation.fr/planete/2015/07/15/burundi-la-derive-totalitaire-d-un-president_1348467/</guid><dc:creator><![CDATA[Jean-François Dupaquier, Jean-Pierre Chrétien]]></dc:creator><description><![CDATA[En se présentant à la présidentielle du 21 juillet, le président Nkurunziza menace la logique de paix instaurée au Burundi depuis 2003. Deux éminents spécialistes du pays témoignent.]]></description><pubDate>Wed, 15 Jul 2015 15:36:06 +0000</pubDate><media:content url="https://liberation-liberation-prod.cdn.arcpublishing.com/resizer/vgoLiFiQ0DnKB8_SlQZSRRUAPng=/cloudfront-eu-central-1.images.arcpublishing.com/liberation/ZRCKLP7ADOTW6Y474GE24SJBDY.jpg" type="image/jpeg" height="512" width="768"><media:description type="plain"><![CDATA[Le président du Burundi Pierre Nkurunziza s'adresse à la foule lors de la campagne présidentielle à Bujumbura le 26 juin 2015]]></media:description></media:content></item><item><title><![CDATA[Le premier coup d’État au Burundi (18 octobre 1965)]]></title><link>https://www.liberation.fr/debats/2015/05/17/le-premier-coup-d-etat-au-burundi-18-octobre-1965_1817020/</link><guid isPermaLink="true">https://www.liberation.fr/debats/2015/05/17/le-premier-coup-d-etat-au-burundi-18-octobre-1965_1817020/</guid><dc:creator><![CDATA[Jean-Pierre Bat]]></dc:creator><description><![CDATA[Éclipsé bien souvent au profit de son voisin rwandais, le Burundi n’en a pas moins connu une histoire politique agitée : le premier coup d’État y est survenu en 1965. Toutefois, tous ces coups d’État ne sont pas comparables et n’engagent pas les mêmes ressorts politiques.]]></description><pubDate>Thu, 21 May 2015 08:03:47 +0000</pubDate><media:content url="https://liberation-liberation-prod.cdn.arcpublishing.com/resizer/FyMRZJrFnFPng7Dozw2CruWzJQs=/cloudfront-eu-central-1.images.arcpublishing.com/liberation/R663UPZIOL6DI7KTWVTDKKEJ64.jpg" type="image/jpeg" height="373" width="640"><media:description type="plain"><![CDATA[DR]]></media:description></media:content></item></channel></rss>