<?xml version="1.0" encoding="utf-8"?>
<rss version="2.0" xmlns:atom="http://www.w3.org/2005/Atom">
    <channel>
        <title>Home Var - actualités</title>
        <link>https://www.bfmtv.com/var/</link>
        <description>Suivez l'actualité de BFM Var, le direct TV, le trafic en temps réel, la météo, les faits divers et vos émissions préférées avec BFM Var.</description>
        <lastBuildDate>Tue, 11 Feb 2025 15:44:35 GMT</lastBuildDate>
        <docs>http://blogs.law.harvard.edu/tech/rss</docs>
        <generator>BFMTV</generator>
        <language>fr</language>
        <image>
            <title>Home Var - actualités</title>
            <url>https://www.bfmtv.com/assets/v11/images/BFMTV_default_16x9.8715a163008e9f3fc3799c8e2c6ebafa.jpg</url>
            <link>https://www.bfmtv.com/var/</link>
        </image>
        <copyright>Copyright BFMTV</copyright>
        <category>Home Var - actualités</category>
        <atom:link href="https://www.bfmtv.com/var/" rel="self" type="application/rss+xml"/>
        <item>
            <title><![CDATA[Les Arcs: des chauffeurs routiers mobilisés après deux mises à pied]]></title>
            <link>https://www.bfmtv.com/var/replay-emissions/le-12-17/les-arcs-des-chauffeurs-routiers-mobilises-apres-deux-mises-a-pied_VN-202502110445.html</link>
            <guid>https://www.bfmtv.com/var/replay-emissions/le-12-17/les-arcs-des-chauffeurs-routiers-mobilises-apres-deux-mises-a-pied_VN-202502110445.html</guid>
            <pubDate>Tue, 11 Feb 2025 11:45:21 GMT</pubDate>
            <description><![CDATA[Les salariés de l'entreprise Perrenot se sont mobilisés ce mardi 11 février aux Arcs en soutien à deux mises à pied.<br /><br /><img src="https://images.bfmtv.com/I9f1EwdAKUOFwzqdyeGQyqz8wQ4=/0x0:1280x720/800x0/images/Les-Arcs-des-chauffeurs-routiers-mobilises-apres-deux-mises-a-pied-2031302.jpg" />]]></description>
            <enclosure url="https://images.bfmtv.com/I9f1EwdAKUOFwzqdyeGQyqz8wQ4=/0x0:1280x720/800x0/images/Les-Arcs-des-chauffeurs-routiers-mobilises-apres-deux-mises-a-pied-2031302.jpg" length="0" type="image/jpg"/>
        </item>
        <item>
            <title><![CDATA[Var: un chauffeur de bus transportant des enfants contrôlé positif à la cocaïne et au cannabis]]></title>
            <link>https://www.bfmtv.com/var/var-un-chauffeur-de-bus-transportant-des-enfants-controle-positif-a-la-cocaine-et-au-cannabis_AN-202502110384.html</link>
            <guid>https://www.bfmtv.com/var/var-un-chauffeur-de-bus-transportant-des-enfants-controle-positif-a-la-cocaine-et-au-cannabis_AN-202502110384.html</guid>
            <pubDate>Tue, 11 Feb 2025 10:22:55 GMT</pubDate>
            <description><![CDATA[Le chauffeur a été contrôlé par les gendarmes lors d'une opération de contrôle sur la D88 A jeudi 6 février lors d'une opération de contrôle dans le golfe de Saint-Tropez (Var).<br /><br /><img src="https://images.bfmtv.com/_naFemgqpgi8UcEkWs0wGtM3PEo=/0x106:2048x1258/800x0/images/Gendarmerie-et-gendarme-illustration-1979173.jpg" />]]></description>
            <enclosure url="https://images.bfmtv.com/_naFemgqpgi8UcEkWs0wGtM3PEo=/0x106:2048x1258/800x0/images/Gendarmerie-et-gendarme-illustration-1979173.jpg" length="0" type="image/jpg"/>
        </item>
        <item>
            <title><![CDATA[Var: une professeure de droit cyberharcelée par l'extrême droite après avoir été filmée à son insu]]></title>
            <link>https://www.bfmtv.com/var/var-une-professeure-de-droit-cyberharcelee-par-l-extreme-droite-apres-avoir-ete-filmee-a-son-insu_AV-202502110347.html</link>
            <guid>https://www.bfmtv.com/var/var-une-professeure-de-droit-cyberharcelee-par-l-extreme-droite-apres-avoir-ete-filmee-a-son-insu_AV-202502110347.html</guid>
            <pubDate>Tue, 11 Feb 2025 09:44:09 GMT</pubDate>
            <description><![CDATA[Depuis la publication par une députée du Rassemblement national d'une vidéo captée pendant un cours, mardi 4 février, Hélène Hurpy fait l'objet de messages haineux. Elle bénéficie à présent d'une sécurité fonctionnelle mise à disposition par l'Université de Toulon.<br /><br /><img src="https://images.bfmtv.com/OGwhALdKRWUaD01X0uH-uwtxq5k=/0x0:1920x1080/800x0/images/faculte-de-droit-de-l-Universite-de-Toulon-a-Draguignan-2031197.jpg" />]]></description>
            <enclosure url="https://images.bfmtv.com/OGwhALdKRWUaD01X0uH-uwtxq5k=/0x0:1920x1080/800x0/images/faculte-de-droit-de-l-Universite-de-Toulon-a-Draguignan-2031197.jpg" length="0" type="image/jpg"/>
        </item>
        <item>
            <title><![CDATA[Bormes-les-Mimosas: les chars en préparation pour le corso fleuri]]></title>
            <link>https://www.bfmtv.com/var/replay-emissions/bonjour-var/bormes-les-mimosas-les-chars-en-preparation-pour-le-corso-fleuri_VN-202502110229.html</link>
            <guid>https://www.bfmtv.com/var/replay-emissions/bonjour-var/bormes-les-mimosas-les-chars-en-preparation-pour-le-corso-fleuri_VN-202502110229.html</guid>
            <pubDate>Tue, 11 Feb 2025 07:20:22 GMT</pubDate>
            <description><![CDATA[La 85e édition du corso fleuri a lieu cette année à Bormes-les-Mimosas ce dimanche 16 février.<br /><br /><img src="https://images.bfmtv.com/88HCwNQmHtEhAIiA1bUoaTizRhs=/0x0:1280x720/800x0/images/Bormes-les-Mimosas-les-chars-en-preparation-pour-le-corso-fleuri-2031161.jpg" />]]></description>
            <enclosure url="https://images.bfmtv.com/88HCwNQmHtEhAIiA1bUoaTizRhs=/0x0:1280x720/800x0/images/Bormes-les-Mimosas-les-chars-en-preparation-pour-le-corso-fleuri-2031161.jpg" length="0" type="image/jpg"/>
        </item>
        <item>
            <title><![CDATA[Sanary-sur-Mer: avec le festival jeune public ou Sanary insolite, des activités pendant les vacances]]></title>
            <link>https://www.bfmtv.com/var/replay-emissions/bonjour-var/sanary-sur-mer-avec-le-festival-jeune-public-ou-sanary-insolite-des-activites-pendant-les-vacances_VN-202502110225.html</link>
            <guid>https://www.bfmtv.com/var/replay-emissions/bonjour-var/sanary-sur-mer-avec-le-festival-jeune-public-ou-sanary-insolite-des-activites-pendant-les-vacances_VN-202502110225.html</guid>
            <pubDate>Tue, 11 Feb 2025 07:18:05 GMT</pubDate>
            <description><![CDATA[Le cinéma, le festival jeune public ou les visites guidées Sanary insolite, la commune de Sanary-sur-Mer accueille plusieurs activités durant les vacances scolaires.<br /><br /><img src="https://images.bfmtv.com/LzKP9vl5uoc-dVPbhN2rgN34QpM=/0x0:1280x720/800x0/images/Sanary-sur-Mer-avec-le-festival-jeune-public-ou-Sanary-insolite-des-activites-pendant-les-vacances-2031158.jpg" />]]></description>
            <enclosure url="https://images.bfmtv.com/LzKP9vl5uoc-dVPbhN2rgN34QpM=/0x0:1280x720/800x0/images/Sanary-sur-Mer-avec-le-festival-jeune-public-ou-Sanary-insolite-des-activites-pendant-les-vacances-2031158.jpg" length="0" type="image/jpg"/>
        </item>
        <item>
            <title><![CDATA[Météo Var: des précipitations généralisées et jusqu'à 10°C à Toulon]]></title>
            <link>https://www.bfmtv.com/var/meteo/meteo-var-des-precipitations-generalisees-et-jusqu-a-10-c-a-toulon_VN-202502110214.html</link>
            <guid>https://www.bfmtv.com/var/meteo/meteo-var-des-precipitations-generalisees-et-jusqu-a-10-c-a-toulon_VN-202502110214.html</guid>
            <pubDate>Tue, 11 Feb 2025 07:06:24 GMT</pubDate>
            <description><![CDATA[Découvrez en images les prévisions météo complètes du 11 février 2025 pour Toulon et sa région sur la chaîne BFM Toulon Var.<br /><br /><img src="https://images.bfmtv.com/2dFM7UjVAEl79aAHxS4MIpBNaRA=/0x0:1280x720/800x0/images/Meteo-Var-des-precipitations-generalisees-et-jusqu-a-10-C-a-Toulon-2031148.jpg" />]]></description>
            <enclosure url="https://images.bfmtv.com/2dFM7UjVAEl79aAHxS4MIpBNaRA=/0x0:1280x720/800x0/images/Meteo-Var-des-precipitations-generalisees-et-jusqu-a-10-C-a-Toulon-2031148.jpg" length="0" type="image/jpg"/>
        </item>
        <item>
            <title><![CDATA[JT du Sud du lundi 10 février]]></title>
            <link>https://www.bfmtv.com/var/replay-emissions/jt-du-sud/jt-du-sud-du-lundi-10-fevrier_VN-202502100967.html</link>
            <guid>https://www.bfmtv.com/var/replay-emissions/jt-du-sud/jt-du-sud-du-lundi-10-fevrier_VN-202502100967.html</guid>
            <pubDate>Mon, 10 Feb 2025 21:22:43 GMT</pubDate>
            <description><![CDATA[Retrouvez votre JT du Sud du lundi 10 février sur BFM Var.<br /><br /><img src="https://images.bfmtv.com/ZDVmZUI8gTYdEXgym-GU8xEpuCc=/0x0:1280x720/800x0/images/JT-du-Sud-du-lundi-10-fevrier-2030993.jpg" />]]></description>
            <enclosure url="https://images.bfmtv.com/ZDVmZUI8gTYdEXgym-GU8xEpuCc=/0x0:1280x720/800x0/images/JT-du-Sud-du-lundi-10-fevrier-2030993.jpg" length="0" type="image/jpg"/>
        </item>
        <item>
            <title><![CDATA[Tribune Mayol du lundi 10 février – RCT : quel bilan à la mi-saison ?]]></title>
            <link>https://www.bfmtv.com/var/replay-emissions/tribune-mayol/tribune-mayol-du-lundi-10-fevrier-rct-quel-bilan-a-la-mi-saison_EN-202502100834.html</link>
            <guid>https://www.bfmtv.com/var/replay-emissions/tribune-mayol/tribune-mayol-du-lundi-10-fevrier-rct-quel-bilan-a-la-mi-saison_EN-202502100834.html</guid>
            <pubDate>Mon, 10 Feb 2025 18:42:22 GMT</pubDate>
            <description><![CDATA[Chaque lundi retrouvez toute l'actualité rugby du Rugby Club toulonnais. Actus, Interviews, analyses des journalistes et des supporters pour un décryptage des performances du RCT.<br /><br /><img src="https://images.bfmtv.com/EDLyZCaaeDnpstnixLnUITZfKcs=/0x0:14000x14000/800x0/podcast/podcasts/principale-80.png" />]]></description>
            <enclosure url="https://images.bfmtv.com/EDLyZCaaeDnpstnixLnUITZfKcs=/0x0:14000x14000/800x0/podcast/podcasts/principale-80.png" length="0" type="image/png"/>
        </item>
        <item>
            <title><![CDATA[Tribune Mayol du lundi 10 février - RCT : quel bilan à la mi-saison ?]]></title>
            <link>https://www.bfmtv.com/var/replay-emissions/tribune-mayol/tribune-mayol-du-lundi-10-fevrier-rct-quel-bilan-a-la-mi-saison_VN-202502100828.html</link>
            <guid>https://www.bfmtv.com/var/replay-emissions/tribune-mayol/tribune-mayol-du-lundi-10-fevrier-rct-quel-bilan-a-la-mi-saison_VN-202502100828.html</guid>
            <pubDate>Mon, 10 Feb 2025 18:33:53 GMT</pubDate>
            <description><![CDATA[Chaque lundi retrouvez toute l'actualité rugby du Rugby Club toulonnais. Actus, Interviews, analyses des journalistes et des supporters pour un décryptage des performances du RCT.<br /><br /><img src="https://images.bfmtv.com/S4TF3v31nhxTgD73LJK-LBXKzwk=/0x0:1280x720/800x0/images/Tribune-Mayol-du-lundi-10-fevrier-RCT-quel-bilan-a-la-mi-saison-2030910.jpg" />]]></description>
            <enclosure url="https://images.bfmtv.com/S4TF3v31nhxTgD73LJK-LBXKzwk=/0x0:1280x720/800x0/images/Tribune-Mayol-du-lundi-10-fevrier-RCT-quel-bilan-a-la-mi-saison-2030910.jpg" length="0" type="image/jpg"/>
        </item>
        <item>
            <title><![CDATA[RC Toulon: Teddy Baubigny exprime l'ambition du XV de la Rade pour la fin de la saison]]></title>
            <link>https://www.bfmtv.com/var/replay-emissions/tribune-mayol/rc-toulon-teddy-baubigny-exprime-l-ambition-du-xv-de-la-rade-pour-la-fin-de-la-saison_VN-202502100822.html</link>
            <guid>https://www.bfmtv.com/var/replay-emissions/tribune-mayol/rc-toulon-teddy-baubigny-exprime-l-ambition-du-xv-de-la-rade-pour-la-fin-de-la-saison_VN-202502100822.html</guid>
            <pubDate>Mon, 10 Feb 2025 18:32:55 GMT</pubDate>
            <description><![CDATA[Tribune Mayol a reçu ce lundi 10 février le talonneur du RC Toulon Teddy Baubigny. Le club s'apprête à entamer la seconde partie de la saison à la troisième place.<br /><br /><img src="https://images.bfmtv.com/lZIHdPDn4V9OBGWxXc5m5uFdMLE=/0x0:1280x720/800x0/images/RC-Toulon-Teddy-Baubigny-exprime-l-ambition-du-XV-de-la-Rade-pour-la-fin-de-la-saison-2030906.jpg" />]]></description>
            <enclosure url="https://images.bfmtv.com/lZIHdPDn4V9OBGWxXc5m5uFdMLE=/0x0:1280x720/800x0/images/RC-Toulon-Teddy-Baubigny-exprime-l-ambition-du-XV-de-la-Rade-pour-la-fin-de-la-saison-2030906.jpg" length="0" type="image/jpg"/>
        </item>
        <item>
            <title><![CDATA[RC Toulon: prolongation, concurrence,... Teddy Baubigny se livre à la mi-saison]]></title>
            <link>https://www.bfmtv.com/var/replay-emissions/tribune-mayol/rc-toulon-prolongation-concurrence-teddy-baubigny-se-livre-a-la-mi-saison_VN-202502100817.html</link>
            <guid>https://www.bfmtv.com/var/replay-emissions/tribune-mayol/rc-toulon-prolongation-concurrence-teddy-baubigny-se-livre-a-la-mi-saison_VN-202502100817.html</guid>
            <pubDate>Mon, 10 Feb 2025 18:28:29 GMT</pubDate>
            <description><![CDATA[Teddy Baubigny, talonneur du RC Toulon est l'invité de Tribune Mayol ce lundi 10 février. Il vient de bénéficier d'une prolongation de son contrat jusqu'en 2029.<br /><br /><img src="https://images.bfmtv.com/AT_6FkAshxc19yuyCIspkqcIzmc=/0x0:1280x720/800x0/images/RC-Toulon-prolongation-concurrence-Teddy-Baubigny-se-livre-a-la-mi-saison-2030900.jpg" />]]></description>
            <enclosure url="https://images.bfmtv.com/AT_6FkAshxc19yuyCIspkqcIzmc=/0x0:1280x720/800x0/images/RC-Toulon-prolongation-concurrence-Teddy-Baubigny-se-livre-a-la-mi-saison-2030900.jpg" length="0" type="image/jpg"/>
        </item>
        <item>
            <title><![CDATA[Top 14: l'importance de la mêlée toulonnaise dans le succès des Varois]]></title>
            <link>https://www.bfmtv.com/var/replay-emissions/bonsoir-var/top-14-l-importance-de-la-melee-toulonnaise-dans-le-succes-des-varois_VN-202502100812.html</link>
            <guid>https://www.bfmtv.com/var/replay-emissions/bonsoir-var/top-14-l-importance-de-la-melee-toulonnaise-dans-le-succes-des-varois_VN-202502100812.html</guid>
            <pubDate>Mon, 10 Feb 2025 18:20:25 GMT</pubDate>
            <description><![CDATA[Sergio Parisse, entraîneur adjoint du RC Toulon, s'exprime sur les performances de son équipe en mêlée lors d'un entretien à Tribune Mayol.<br /><br /><img src="https://images.bfmtv.com/nqAN8uYUW941RJxKlaVDGjQH9gA=/0x0:1280x720/800x0/images/Top-14-l-importance-de-la-melee-toulonnaise-dans-le-succes-des-Varois-2030895.jpg" />]]></description>
            <enclosure url="https://images.bfmtv.com/nqAN8uYUW941RJxKlaVDGjQH9gA=/0x0:1280x720/800x0/images/Top-14-l-importance-de-la-melee-toulonnaise-dans-le-succes-des-Varois-2030895.jpg" length="0" type="image/jpg"/>
        </item>
        <item>
            <title><![CDATA[RC Toulon: Sergio Parisse estime que les deux premières places du Top 14 sont atteignables]]></title>
            <link>https://www.bfmtv.com/var/replay-emissions/tribune-mayol/rc-toulon-sergio-parisse-estime-que-les-deux-premieres-places-du-top-14-sont-atteignables_VN-202502100805.html</link>
            <guid>https://www.bfmtv.com/var/replay-emissions/tribune-mayol/rc-toulon-sergio-parisse-estime-que-les-deux-premieres-places-du-top-14-sont-atteignables_VN-202502100805.html</guid>
            <pubDate>Mon, 10 Feb 2025 18:15:59 GMT</pubDate>
            <description><![CDATA[Sergio Parisse, entraîneur adjoint du RC Toulon, invité de Tribune Mayol ce lundi 10 février, s'exprime à la mi-saison sur les perspectives de son équipe en Top 14.<br /><br /><img src="https://images.bfmtv.com/b732KFQcDeKya3Kbh9TQcBjYgUM=/0x0:1280x720/800x0/images/RC-Toulon-Sergio-Parisse-estime-que-les-deux-premieres-places-du-Top-14-sont-atteignables-2030890.jpg" />]]></description>
            <enclosure url="https://images.bfmtv.com/b732KFQcDeKya3Kbh9TQcBjYgUM=/0x0:1280x720/800x0/images/RC-Toulon-Sergio-Parisse-estime-que-les-deux-premieres-places-du-Top-14-sont-atteignables-2030890.jpg" length="0" type="image/jpg"/>
        </item>
        <item>
            <title><![CDATA[Top 14: le RC Toulon organise la reprise après dix jours de coupure]]></title>
            <link>https://www.bfmtv.com/var/replay-emissions/tribune-mayol/top-14-le-rc-toulon-organise-la-reprise-apres-dix-jours-de-coupure_VN-202502100798.html</link>
            <guid>https://www.bfmtv.com/var/replay-emissions/tribune-mayol/top-14-le-rc-toulon-organise-la-reprise-apres-dix-jours-de-coupure_VN-202502100798.html</guid>
            <pubDate>Mon, 10 Feb 2025 18:07:28 GMT</pubDate>
            <description><![CDATA[Sergio Parisse, entraîneur adjoint du RC Toulon, responsable de la touche, réagit dans Tribune Mayol à la vague de prolongation de joueurs, à la trêve internationale et à l'organisation de la reprise.<br /><br /><img src="https://images.bfmtv.com/O37ovG4maBBjHBzSp4jPBMu837w=/0x0:1280x720/800x0/images/Top-14-le-RC-Toulon-organise-la-reprise-apres-dix-jours-de-coupure-2030884.jpg" />]]></description>
            <enclosure url="https://images.bfmtv.com/O37ovG4maBBjHBzSp4jPBMu837w=/0x0:1280x720/800x0/images/Top-14-le-RC-Toulon-organise-la-reprise-apres-dix-jours-de-coupure-2030884.jpg" length="0" type="image/jpg"/>
        </item>
        <item>
            <title><![CDATA[Tous terrains du lundi 10 février - Karaté/Brignoles : Morgane Scarfone championne d'Europe junior]]></title>
            <link>https://www.bfmtv.com/var/replay-emissions/tous-terrains/tous-terrains-du-lundi-10-fevrier-karate-brignoles-morgane-scarfone-championne-d-europe-junior_VN-202502100753.html</link>
            <guid>https://www.bfmtv.com/var/replay-emissions/tous-terrains/tous-terrains-du-lundi-10-fevrier-karate-brignoles-morgane-scarfone-championne-d-europe-junior_VN-202502100753.html</guid>
            <pubDate>Mon, 10 Feb 2025 17:20:42 GMT</pubDate>
            <description><![CDATA[Tous les lundis, BFM Var vous emmène découvrir les tendances dans le sport de votre région. Karaté/Brignoles : Morgane Scarfone championne d'Europe junior<br /><br /><img src="https://images.bfmtv.com/JywWlyI8qk-urWcv0uyrHE7niOk=/0x0:1280x720/800x0/images/Tous-terrains-du-lundi-10-fevrier-Karate-Brignoles-Morgane-Scarfone-championne-d-Europe-junior-2030851.jpg" />]]></description>
            <enclosure url="https://images.bfmtv.com/JywWlyI8qk-urWcv0uyrHE7niOk=/0x0:1280x720/800x0/images/Tous-terrains-du-lundi-10-fevrier-Karate-Brignoles-Morgane-Scarfone-championne-d-Europe-junior-2030851.jpg" length="0" type="image/jpg"/>
        </item>
        <item>
            <title><![CDATA[Var: une cagnotte pour aider le club d'aviron de Saint-Cassien à acheter deux camions]]></title>
            <link>https://www.bfmtv.com/var/replay-emissions/bonsoir-var/var-une-cagnotte-pour-aider-le-club-d-aviron-de-saint-cassien-a-acheter-deux-camions_VN-202502100747.html</link>
            <guid>https://www.bfmtv.com/var/replay-emissions/bonsoir-var/var-une-cagnotte-pour-aider-le-club-d-aviron-de-saint-cassien-a-acheter-deux-camions_VN-202502100747.html</guid>
            <pubDate>Mon, 10 Feb 2025 17:13:04 GMT</pubDate>
            <description><![CDATA[Guylaine Marchand, présidente du club d'aviron de Saint-Cassien, cherche à récolter 39.000 euros grâce à une cagnotte en ligne pour acquérir deux camions de transport pour ses licenciés. "Nous devons emmener nos jeunes rameurs parfois à Brives ou Libourne", cela représentant plusieurs centaines de kilomètres <br /><br /><img src="https://images.bfmtv.com/uf1uLdSkHTbP_MD6nOXlnuK5qus=/0x0:1280x720/800x0/images/Var-une-cagnotte-pour-aider-le-club-d-aviron-de-Saint-Cassien-a-acheter-deux-camions-2030845.jpg" />]]></description>
            <enclosure url="https://images.bfmtv.com/uf1uLdSkHTbP_MD6nOXlnuK5qus=/0x0:1280x720/800x0/images/Var-une-cagnotte-pour-aider-le-club-d-aviron-de-Saint-Cassien-a-acheter-deux-camions-2030845.jpg" length="0" type="image/jpg"/>
        </item>
        <item>
            <title><![CDATA[Ollioules: sensibilisation des lycéens pour prévenir les risques de cyberharcèlement]]></title>
            <link>https://www.bfmtv.com/var/replay-emissions/bonsoir-var/ollioules-sensibilisation-des-lyceens-pour-prevenir-les-risques-de-cyberharcelement_VN-202502100699.html</link>
            <guid>https://www.bfmtv.com/var/replay-emissions/bonsoir-var/ollioules-sensibilisation-des-lyceens-pour-prevenir-les-risques-de-cyberharcelement_VN-202502100699.html</guid>
            <pubDate>Mon, 10 Feb 2025 16:33:26 GMT</pubDate>
            <description><![CDATA[Les élèves du lycée professionnel Saint-Joseph - La Cordeille à Ollioules ont été sensibilisés au cyberhacrèlement et à ses conséquences <br /><br /><img src="https://images.bfmtv.com/0yyTSXTIjv5HobUj-2a37uumJHg=/0x0:1280x720/800x0/images/Ollioules-sensibilisation-des-lyceens-pour-prevenir-les-risques-de-cyberharcelement-2030809.jpg" />]]></description>
            <enclosure url="https://images.bfmtv.com/0yyTSXTIjv5HobUj-2a37uumJHg=/0x0:1280x720/800x0/images/Ollioules-sensibilisation-des-lyceens-pour-prevenir-les-risques-de-cyberharcelement-2030809.jpg" length="0" type="image/jpg"/>
        </item>
        <item>
            <title><![CDATA[Fréjus: le maire (RN) David Racheline jugé le 30 septembre prochain pour prise illégale d'intérêts]]></title>
            <link>https://www.bfmtv.com/var/replay-emissions/bonsoir-var/frejus-le-maire-rn-david-racheline-juge-le-30-septembre-prochain-pour-prise-illegale-d-interets_VN-202502100688.html</link>
            <guid>https://www.bfmtv.com/var/replay-emissions/bonsoir-var/frejus-le-maire-rn-david-racheline-juge-le-30-septembre-prochain-pour-prise-illegale-d-interets_VN-202502100688.html</guid>
            <pubDate>Mon, 10 Feb 2025 16:25:58 GMT</pubDate>
            <description><![CDATA[A Fréjus, le maire (RN) David Racheline sera jugé le 30 septembre prochain pour prise illégale d'intérêts. Les soupçons se portent sur deux nominations à la tête de deux société d'économie mixte, à savoir Fréjus Aménagements et la gestion du port de Fréjus.<br /><br /><img src="https://images.bfmtv.com/FUks0W5q96oMnfaszjZZ3aQBIBA=/0x0:1280x720/800x0/images/Frejus-le-maire-RN-David-Racheline-juge-le-30-septembre-prochain-pour-prise-illegale-d-interets-2030801.jpg" />]]></description>
            <enclosure url="https://images.bfmtv.com/FUks0W5q96oMnfaszjZZ3aQBIBA=/0x0:1280x720/800x0/images/Frejus-le-maire-RN-David-Racheline-juge-le-30-septembre-prochain-pour-prise-illegale-d-interets-2030801.jpg" length="0" type="image/jpg"/>
        </item>
        <item>
            <title><![CDATA[Campus de Draguignan: une enseignante sous protection fonctionnelle après des commentaires sur un tract de la Cocarde étudiante]]></title>
            <link>https://www.bfmtv.com/var/replay-emissions/bonsoir-var/campus-de-draguignan-une-enseignante-sous-protection-fonctionnelle-apres-des-commentaires-sur-un-tract-de-la-cocarde-etudiante_VN-202502100683.html</link>
            <guid>https://www.bfmtv.com/var/replay-emissions/bonsoir-var/campus-de-draguignan-une-enseignante-sous-protection-fonctionnelle-apres-des-commentaires-sur-un-tract-de-la-cocarde-etudiante_VN-202502100683.html</guid>
            <pubDate>Mon, 10 Feb 2025 16:20:42 GMT</pubDate>
            <description><![CDATA[Une enseignante et maîtresse de conférence de l'université de Toulon est au centre d'une polémique après avoir récupéré et jeté des tracts de la Cocarde étudiante, mouvement étudiant d'extrême droite, lors d'un cours qu'elle devait entamer. Elle aurait notamment été enregistrée à son insu en disant que des "partis politiques qui sont à traiter en l'occurrence différemment". Ces propos ont été repris notamment par Laure Lavalette sur compte X, avant de supprimer son post pour ne pas participer aux propos haineux qui s'enchaînent à l'encontre de l'enseignante.<br /><br /><img src="https://images.bfmtv.com/hyqCXD7t4ednaRdT-e2LmZN5wMo=/0x0:1280x720/800x0/images/Campus-de-Draguignan-une-enseignante-sous-protection-fonctionnelle-apres-des-commentaires-sur-un-tract-de-la-Cocarde-etudiante-2030797.jpg" />]]></description>
            <enclosure url="https://images.bfmtv.com/hyqCXD7t4ednaRdT-e2LmZN5wMo=/0x0:1280x720/800x0/images/Campus-de-Draguignan-une-enseignante-sous-protection-fonctionnelle-apres-des-commentaires-sur-un-tract-de-la-Cocarde-etudiante-2030797.jpg" length="0" type="image/jpg"/>
        </item>
        <item>
            <title><![CDATA[Toulon: la police met fin à la vente de tabac de contrebande dans une épicerie]]></title>
            <link>https://www.bfmtv.com/var/toulon-la-police-met-fin-a-la-vente-de-tabac-de-contrebande-dans-une-epicerie_AV-202502100476.html</link>
            <guid>https://www.bfmtv.com/var/toulon-la-police-met-fin-a-la-vente-de-tabac-de-contrebande-dans-une-epicerie_AV-202502100476.html</guid>
            <pubDate>Mon, 10 Feb 2025 12:05:43 GMT</pubDate>
            <description><![CDATA[Alors que les opérations de contrôle se multiplient ces dernières semaines à Toulon, la police a démantelé un tabac de contrebande dans une épicerie du quartier Saint-Jean-du-Var. 
<br /><br /><img src="https://images.bfmtv.com/7zYetm0TVpwbzJlePj8ZBOUr9CE=/0x0:1920x1080/800x0/images/La-police-demantele-un-tabac-de-contrebande-dans-une-epicerie-du-quartier-Saint-Jean-du-Var-a-Toulon-2030513.jpg" />]]></description>
            <enclosure url="https://images.bfmtv.com/7zYetm0TVpwbzJlePj8ZBOUr9CE=/0x0:1920x1080/800x0/images/La-police-demantele-un-tabac-de-contrebande-dans-une-epicerie-du-quartier-Saint-Jean-du-Var-a-Toulon-2030513.jpg" length="0" type="image/jpg"/>
        </item>
        <item>
            <title><![CDATA[Le fléau des nids-de-poule sur la D97 à Solliès-Pont]]></title>
            <link>https://www.bfmtv.com/var/replay-emissions/bonjour-var/le-fleau-des-nids-de-poule-sur-la-d97-a-sollies-pont_VN-202502100355.html</link>
            <guid>https://www.bfmtv.com/var/replay-emissions/bonjour-var/le-fleau-des-nids-de-poule-sur-la-d97-a-sollies-pont_VN-202502100355.html</guid>
            <pubDate>Mon, 10 Feb 2025 10:01:21 GMT</pubDate>
            <description><![CDATA[Un mois et demi après son enrobé à froid, un nid-de-poule de 10 cm refait son apparition sur la D97 à Solliès-Pont. Une problématique pour cette voie, qui fait partie des 3.000km de routes départementales gérées par le Var et empruntées par 9.000 véhicules par jour.<br /><br /><img src="https://images.bfmtv.com/6v-0MglgJw_-0L-CJVg7LdObywY=/0x0:1280x720/800x0/images/Le-fleau-des-nids-de-poule-sur-la-D97-a-Sollies-Pont-2030547.jpg" />]]></description>
            <enclosure url="https://images.bfmtv.com/6v-0MglgJw_-0L-CJVg7LdObywY=/0x0:1280x720/800x0/images/Le-fleau-des-nids-de-poule-sur-la-D97-a-Sollies-Pont-2030547.jpg" length="0" type="image/jpg"/>
        </item>
        <item>
            <title><![CDATA[Toulon: un tabac de contrebande démantelé dans le quartier Saint-Jean-du-Var]]></title>
            <link>https://www.bfmtv.com/var/replay-emissions/bonjour-var/toulon-un-tabac-de-contrebande-demantele-dans-le-quartier-saint-jean-du-var_VN-202502100349.html</link>
            <guid>https://www.bfmtv.com/var/replay-emissions/bonjour-var/toulon-un-tabac-de-contrebande-demantele-dans-le-quartier-saint-jean-du-var_VN-202502100349.html</guid>
            <pubDate>Mon, 10 Feb 2025 09:58:46 GMT</pubDate>
            <description><![CDATA[Dans le quartier Saint-Jean-du-Var à Toulon, une opération de police a permis de démanteler un tabac de contrebande dans une épicerie. Vendu habituellement à 13 euros le paquet dans un bureau de tabac légal, les cigarettes étaient ici proposées à 8 euros le paquet.<br /><br /><img src="https://images.bfmtv.com/7iUIQT3PEoTAB-xTSVtm398jiQM=/0x0:1280x720/800x0/images/Toulon-un-tabac-de-contrebande-demantele-dans-le-quartier-Saint-Jean-du-Var-2030544.jpg" />]]></description>
            <enclosure url="https://images.bfmtv.com/7iUIQT3PEoTAB-xTSVtm398jiQM=/0x0:1280x720/800x0/images/Toulon-un-tabac-de-contrebande-demantele-dans-le-quartier-Saint-Jean-du-Var-2030544.jpg" length="0" type="image/jpg"/>
        </item>
        <item>
            <title><![CDATA[Riboux: la messe de nouveau célébrée dans le ville, après 15 ans d'arrêt]]></title>
            <link>https://www.bfmtv.com/var/replay-emissions/bonjour-var/riboux-la-messe-de-nouveau-celebree-dans-le-ville-apres-15-ans-d-arret_VN-202502100347.html</link>
            <guid>https://www.bfmtv.com/var/replay-emissions/bonjour-var/riboux-la-messe-de-nouveau-celebree-dans-le-ville-apres-15-ans-d-arret_VN-202502100347.html</guid>
            <pubDate>Mon, 10 Feb 2025 09:57:28 GMT</pubDate>
            <description><![CDATA[Après 15 ans d'arrêt, la messe est de nouveau célébrée dans le petit village de Riboux, qui compte une cinquantaine d'habitants. Ce retour a été rendu possible grâce à l'arrivée du père Gabriel Ghislain Kom Noumbissi en août dernier dans la paroisse de Belgentier.<br /><br /><img src="https://images.bfmtv.com/hRtAviRS7yey9nUZ413QgLLD2es=/0x0:1280x720/800x0/images/Riboux-la-messe-de-nouveau-celebree-dans-le-ville-apres-15-ans-d-arret-2030541.jpg" />]]></description>
            <enclosure url="https://images.bfmtv.com/hRtAviRS7yey9nUZ413QgLLD2es=/0x0:1280x720/800x0/images/Riboux-la-messe-de-nouveau-celebree-dans-le-ville-apres-15-ans-d-arret-2030541.jpg" length="0" type="image/jpg"/>
        </item>
        <item>
            <title><![CDATA[Var: à la découverte des 130km de la Route du Mimosa]]></title>
            <link>https://www.bfmtv.com/var/replay-emissions/bonjour-var/var-a-la-decouverte-des-130km-de-la-route-du-mimosa_VN-202502100337.html</link>
            <guid>https://www.bfmtv.com/var/replay-emissions/bonjour-var/var-a-la-decouverte-des-130km-de-la-route-du-mimosa_VN-202502100337.html</guid>
            <pubDate>Mon, 10 Feb 2025 09:47:16 GMT</pubDate>
            <description><![CDATA[À la découverte des 130 km de la Route du Mimosa, un itinéraire en cinq étapes dans le Var, s'élançant de Bormes-les-Mimosas jusqu'à Saint-Raphaël, avant de terminer sa course à Grasse, dans les Alpes-Maritimes.<br /><br /><img src="https://images.bfmtv.com/g0V_ou3PyIRd6bXG3iUJWCR6nVI=/0x0:1280x720/800x0/images/Var-a-la-decouverte-des-130km-de-la-Route-du-Mimosa-2030530.jpg" />]]></description>
            <enclosure url="https://images.bfmtv.com/g0V_ou3PyIRd6bXG3iUJWCR6nVI=/0x0:1280x720/800x0/images/Var-a-la-decouverte-des-130km-de-la-Route-du-Mimosa-2030530.jpg" length="0" type="image/jpg"/>
        </item>
        <item>
            <title><![CDATA[JT du Sud du dimanche 9 février]]></title>
            <link>https://www.bfmtv.com/var/replay-emissions/jt-du-sud/jt-du-sud-du-dimanche-9-fevrier_VN-202502090453.html</link>
            <guid>https://www.bfmtv.com/var/replay-emissions/jt-du-sud/jt-du-sud-du-dimanche-9-fevrier_VN-202502090453.html</guid>
            <pubDate>Sun, 09 Feb 2025 22:02:43 GMT</pubDate>
            <description><![CDATA[Retrouvez votre JT du Sud du dimanche 9 février sur BFM Var.<br /><br /><img src="https://images.bfmtv.com/zGAa0LzIazm10u9qRGKxKAnMxDc=/0x0:1280x720/800x0/images/JT-du-Sud-du-dimanche-9-fevrier-2030247.jpg" />]]></description>
            <enclosure url="https://images.bfmtv.com/zGAa0LzIazm10u9qRGKxKAnMxDc=/0x0:1280x720/800x0/images/JT-du-Sud-du-dimanche-9-fevrier-2030247.jpg" length="0" type="image/jpg"/>
        </item>
        <item>
            <title><![CDATA[Mont Faron à Toulon: une élue dénonce les conditions de détention des animaux, le parc se défend]]></title>
            <link>https://www.bfmtv.com/var/mont-faron-a-toulon-une-elue-denonce-les-conditions-de-detention-des-animaux-le-parc-se-defend_AV-202502090343.html</link>
            <guid>https://www.bfmtv.com/var/mont-faron-a-toulon-une-elue-denonce-les-conditions-de-detention-des-animaux-le-parc-se-defend_AV-202502090343.html</guid>
            <pubDate>Sun, 09 Feb 2025 16:12:09 GMT</pubDate>
            <description><![CDATA[Les enclos y sont jugés trop petits, et les animaux malheureux. Le parc animalier affirme que de nombreux changements ont été faits ces dernières années pour le bien-être animal.<br /><br /><img src="https://images.bfmtv.com/YFHAezifNpFKs72JtMwOSUWkLp8=/0x0:1600x900/800x0/images/Les-enclos-du-parc-animalier-du-Mont-Faron-sont-juges-trop-petits-par-une-elue-d-opposition-a-la-mairie-de-Toulon-2030138.jpg" />]]></description>
            <enclosure url="https://images.bfmtv.com/YFHAezifNpFKs72JtMwOSUWkLp8=/0x0:1600x900/800x0/images/Les-enclos-du-parc-animalier-du-Mont-Faron-sont-juges-trop-petits-par-une-elue-d-opposition-a-la-mairie-de-Toulon-2030138.jpg" length="0" type="image/jpg"/>
        </item>
        <item>
            <title><![CDATA[JT du Sud du samedi 8 février]]></title>
            <link>https://www.bfmtv.com/var/replay-emissions/jt-du-sud/jt-du-sud-du-samedi-8-fevrier_VN-202502080390.html</link>
            <guid>https://www.bfmtv.com/var/replay-emissions/jt-du-sud/jt-du-sud-du-samedi-8-fevrier_VN-202502080390.html</guid>
            <pubDate>Sat, 08 Feb 2025 20:43:11 GMT</pubDate>
            <description><![CDATA[Retrouvez votre JT du Sud du samedi 8 février 2025 sur BFM Var.<br /><br /><img src="https://images.bfmtv.com/jt2-AbPmuMENi8MpxD8OtVncf3w=/0x0:1280x720/800x0/images/JT-du-Sud-du-samedi-8-fevrier-2029876.jpg" />]]></description>
            <enclosure url="https://images.bfmtv.com/jt2-AbPmuMENi8MpxD8OtVncf3w=/0x0:1280x720/800x0/images/JT-du-Sud-du-samedi-8-fevrier-2029876.jpg" length="0" type="image/jpg"/>
        </item>
        <item>
            <title><![CDATA[Var: plus de 300 litres de gasoil déversés dans le réseau d'eau pluviale à Belgentier]]></title>
            <link>https://www.bfmtv.com/var/var-plus-de-300-litres-de-gasoil-deverses-dans-le-reseau-d-eau-pluviale-a-belgentier_AN-202502080279.html</link>
            <guid>https://www.bfmtv.com/var/var-plus-de-300-litres-de-gasoil-deverses-dans-le-reseau-d-eau-pluviale-a-belgentier_AN-202502080279.html</guid>
            <pubDate>Sat, 08 Feb 2025 13:28:48 GMT</pubDate>
            <description><![CDATA[Le pompiers interviennent au niveau du fleuve côtier du Gapeau depuis 7 heures, ce samedi 8 février. Un boudin antipollution a été posé sur le cours d'eau.<br /><br /><img src="https://images.bfmtv.com/OOI0KvktBfNC-g_6qIhrYsZlcVc=/0x122:2048x1274/800x0/images/Une-vehicule-des-pompiers-a-Roubaix-Nord-le-16-janvier-2015-1968411.jpg" />]]></description>
            <enclosure url="https://images.bfmtv.com/OOI0KvktBfNC-g_6qIhrYsZlcVc=/0x122:2048x1274/800x0/images/Une-vehicule-des-pompiers-a-Roubaix-Nord-le-16-janvier-2015-1968411.jpg" length="0" type="image/jpg"/>
        </item>
        <item>
            <title><![CDATA[Passions Provence du samedi 8 février 2025 - Découverte du paintball, à Pélissanne]]></title>
            <link>https://www.bfmtv.com/var/replay-emissions/passions-provence/passions-provence-du-samedi-8-fevrier-2025-decouverte-du-paintball-a-pelissanne_VN-202502080115.html</link>
            <guid>https://www.bfmtv.com/var/replay-emissions/passions-provence/passions-provence-du-samedi-8-fevrier-2025-decouverte-du-paintball-a-pelissanne_VN-202502080115.html</guid>
            <pubDate>Sat, 08 Feb 2025 07:27:43 GMT</pubDate>
            <description><![CDATA[Chaque week-end, retrouvez votre rendez-vous Passions Provence du samedi 8 février 2025 : Découverte du paintball, à Pélissanne.<br /><br /><img src="https://images.bfmtv.com/8StanZaAfpxD4iVzdMwlsD2Ecfo=/0x0:1280x720/800x0/images/Passions-Provence-du-samedi-8-fevrier-2025-Decouverte-du-paintball-a-Pelissanne-2029631.jpg" />]]></description>
            <enclosure url="https://images.bfmtv.com/8StanZaAfpxD4iVzdMwlsD2Ecfo=/0x0:1280x720/800x0/images/Passions-Provence-du-samedi-8-fevrier-2025-Decouverte-du-paintball-a-Pelissanne-2029631.jpg" length="0" type="image/jpg"/>
        </item>
        <item>
            <title><![CDATA[INFO BFM TOULON VAR. Toulon: trois policiers blessés lors d'une intervention pour violence conjugale]]></title>
            <link>https://www.bfmtv.com/var/info-bfm-toulon-var-toulon-trois-policiers-blesses-lors-d-une-intervention-pour-violence-conjugale_AN-202502070937.html</link>
            <guid>https://www.bfmtv.com/var/info-bfm-toulon-var-toulon-trois-policiers-blesses-lors-d-une-intervention-pour-violence-conjugale_AN-202502070937.html</guid>
            <pubDate>Fri, 07 Feb 2025 21:57:45 GMT</pubDate>
            <description><![CDATA[Info BFM Toulon Var. Trois policiers ont été blessés à Toulon dans la nuit de mercredi 5 à jeudi 6 février alors qu'ils intervenaient pour des faits de violences conjugales.<br /><br /><img src="https://images.bfmtv.com/xxvxGeQLRNQM3kkmeionTTzqbQ0=/4x3:2324x1308/800x0/images/-71998.jpg" />]]></description>
            <enclosure url="https://images.bfmtv.com/xxvxGeQLRNQM3kkmeionTTzqbQ0=/4x3:2324x1308/800x0/images/-71998.jpg" length="0" type="image/jpg"/>
        </item>
    </channel>
</rss>