<?xml version="1.0" encoding="utf-8"?>
<rss version="2.0" xmlns:atom="http://www.w3.org/2005/Atom">
    <channel>
        <title>Home Nouveautés Produits - actualités</title>
        <link>https://www.bfmtv.com/tech/nouveautes-produits/</link>
        <description>Retrouvez l'actualité des nouvelles technologies en temps réel: Nouveaux produits, cybersécurité, conseils d'achat, tests produits…</description>
        <lastBuildDate>Tue, 11 Feb 2025 15:44:32 GMT</lastBuildDate>
        <docs>http://blogs.law.harvard.edu/tech/rss</docs>
        <generator>BFMTV</generator>
        <language>fr</language>
        <image>
            <title>Home Nouveautés Produits - actualités</title>
            <url>https://www.bfmtv.com/assets/v11/images/Techandco_default_16x9.b9a077cc64e7c27746bd0b6ae412eb81.jpg</url>
            <link>https://www.bfmtv.com/tech/nouveautes-produits/</link>
        </image>
        <copyright>Copyright BFMTV</copyright>
        <category>Home Nouveautés Produits - actualités</category>
        <atom:link href="https://www.bfmtv.com/tech/nouveautes-produits/" rel="self" type="application/rss+xml"/>
        <item>
            <title><![CDATA[Sennheiser HD 505: le casque filaire pour audiophiles qui se veut plus abordable]]></title>
            <link>https://www.bfmtv.com/tech/nouveautes-produits/sennheiser-hd-505-le-casque-filaire-pour-audiophiles-qui-se-veut-plus-abordable_AV-202502100267.html</link>
            <guid>https://www.bfmtv.com/tech/nouveautes-produits/sennheiser-hd-505-le-casque-filaire-pour-audiophiles-qui-se-veut-plus-abordable_AV-202502100267.html</guid>
            <pubDate>Mon, 10 Feb 2025 08:00:14 GMT</pubDate>
            <description><![CDATA[Sennheiser enrichit sa gamme de casques filaires destinés aux amateurs de bon son en ajoutant un modèle plus abordable, le HD 505, sans compromis sur la qualité audio ni le design.<br /><br /><img src="https://images.bfmtv.com/FuPcFZGKuU6NmJ3SJhwc7Zt-ssw=/0x0:2048x1152/800x0/images/Sennheiser-HD-505-2030264.jpg" />]]></description>
            <enclosure url="https://images.bfmtv.com/FuPcFZGKuU6NmJ3SJhwc7Zt-ssw=/0x0:2048x1152/800x0/images/Sennheiser-HD-505-2030264.jpg" length="0" type="image/jpg"/>
        </item>
        <item>
            <title><![CDATA[Les écouteurs Wifi arrivent: ce que cela va changer pour vous]]></title>
            <link>https://www.bfmtv.com/tech/nouveautes-produits/les-ecouteurs-wifi-arrivent-ce-que-cela-va-changer-pour-vous_AV-202501230743.html</link>
            <guid>https://www.bfmtv.com/tech/nouveautes-produits/les-ecouteurs-wifi-arrivent-ce-que-cela-va-changer-pour-vous_AV-202501230743.html</guid>
            <pubDate>Thu, 23 Jan 2025 16:49:58 GMT</pubDate>
            <description><![CDATA[Depuis près de deux ans, Qualcomm travaille sur une technologie permettant de se passer du Bluetooth sur les accessoires audio. <br /><br /><img src="https://images.bfmtv.com/suw3V6kUQjl7fmDxFakTq_EJmKk=/0x0:1600x900/800x0/images/Ce-casque-Bowers-and-Wilkins-profite-d-un-rapport-qualite-prix-quasiment-imbattable-avec-cette-offre-1915181.jpg" />]]></description>
            <enclosure url="https://images.bfmtv.com/suw3V6kUQjl7fmDxFakTq_EJmKk=/0x0:1600x900/800x0/images/Ce-casque-Bowers-and-Wilkins-profite-d-un-rapport-qualite-prix-quasiment-imbattable-avec-cette-offre-1915181.jpg" length="0" type="image/jpg"/>
        </item>
        <item>
            <title><![CDATA[Samsung annonce un Galaxy S25 "Edge" ultra-fin]]></title>
            <link>https://www.bfmtv.com/tech/nouveautes-produits/samsung-annonce-un-galaxy-s25-edge-ultra-fin_AV-202501220913.html</link>
            <guid>https://www.bfmtv.com/tech/nouveautes-produits/samsung-annonce-un-galaxy-s25-edge-ultra-fin_AV-202501220913.html</guid>
            <pubDate>Wed, 22 Jan 2025 19:32:47 GMT</pubDate>
            <description><![CDATA[Le géant coréen des smartphones n'avait pas que sa gamme classique de Galaxy S25 lors de sa conférence et réservait une annonce surprise.<br /><br /><img src="https://images.bfmtv.com/W-xlAltwTxbf5msFeajf0YAXPsw=/0x0:2048x1152/800x0/images/Le-Galaxy-S25-Edge-2018858.jpg" />]]></description>
            <enclosure url="https://images.bfmtv.com/W-xlAltwTxbf5msFeajf0YAXPsw=/0x0:2048x1152/800x0/images/Le-Galaxy-S25-Edge-2018858.jpg" length="0" type="image/jpg"/>
        </item>
        <item>
            <title><![CDATA[Nuance Audio: on a testé les lunettes qui permettent... de mieux entendre]]></title>
            <link>https://www.bfmtv.com/tech/nouveautes-produits/nuance-audio-on-a-teste-les-lunettes-qui-permettent-de-mieux-entendre_AV-202501100383.html</link>
            <guid>https://www.bfmtv.com/tech/nouveautes-produits/nuance-audio-on-a-teste-les-lunettes-qui-permettent-de-mieux-entendre_AV-202501100383.html</guid>
            <pubDate>Fri, 10 Jan 2025 09:49:03 GMT</pubDate>
            <description><![CDATA[Sur le CES de Las Vegas, le lunetier EssilorLuxottica présente des montures très particulières. Les Nuance Audio permettent de mieux voir… et mieux entendre.<br /><br /><img src="https://images.bfmtv.com/y_nEDfJmLT_7eqCSrmVcfSopmOQ=/0x0:2048x1152/800x0/images/Les-Nuance-Audio-2010893.jpg" />]]></description>
            <enclosure url="https://images.bfmtv.com/y_nEDfJmLT_7eqCSrmVcfSopmOQ=/0x0:2048x1152/800x0/images/Les-Nuance-Audio-2010893.jpg" length="0" type="image/jpg"/>
        </item>
        <item>
            <title><![CDATA[Un "lave-personne": une entreprise japonaise dévoile une capsule pour être nettoyé automatiquement]]></title>
            <link>https://www.bfmtv.com/tech/nouveautes-produits/un-lave-personne-une-entreprise-japonaise-devoile-une-capsule-pour-etre-nettoye-automatiquement_AV-202411250687.html</link>
            <guid>https://www.bfmtv.com/tech/nouveautes-produits/un-lave-personne-une-entreprise-japonaise-devoile-une-capsule-pour-etre-nettoye-automatiquement_AV-202411250687.html</guid>
            <pubDate>Mon, 25 Nov 2024 14:53:08 GMT</pubDate>
            <description><![CDATA[Lors de la prochaine exposition universelle d'Osaka Kansai, un prototype de "lave-personne" sera présenté au grand public.<br /><br /><img src="https://images.bfmtv.com/SPyBhd48h_UbyNGRUyh2ias9daw=/0x93:1200x768/800x0/images/Une-capsule-permettant-d-etre-lave-sans-bouger-1984046.jpg" />]]></description>
            <enclosure url="https://images.bfmtv.com/SPyBhd48h_UbyNGRUyh2ias9daw=/0x93:1200x768/800x0/images/Une-capsule-permettant-d-etre-lave-sans-bouger-1984046.jpg" length="0" type="image/jpg"/>
        </item>
        <item>
            <title><![CDATA[Des Airpods pour remplacer les aides auditives? On a essayé la nouvelle promesse d'Apple]]></title>
            <link>https://www.bfmtv.com/tech/nouveautes-produits/des-airpods-pour-remplacer-les-aides-auditives-on-a-essaye-la-nouvelle-promesse-d-apple_AV-202409120534.html</link>
            <guid>https://www.bfmtv.com/tech/nouveautes-produits/des-airpods-pour-remplacer-les-aides-auditives-on-a-essaye-la-nouvelle-promesse-d-apple_AV-202409120534.html</guid>
            <pubDate>Thu, 21 Nov 2024 15:59:28 GMT</pubDate>
            <description><![CDATA[Avec le déploiement de la beta d’iOS 18.3, Apple transforme vos Airpods Pro 2 en appareil capable de vérifier, surveiller et épauler votre santé auditive. On a testé les promesses de révolution.<br /><br /><img src="https://images.bfmtv.com/37YUT0vMmQCbzAHOjbkk_tpambk=/1x1027:1681x1972/800x0/images/Airpods-2-aide-auditive-1935543.jpg" />]]></description>
            <enclosure url="https://images.bfmtv.com/37YUT0vMmQCbzAHOjbkk_tpambk=/1x1027:1681x1972/800x0/images/Airpods-2-aide-auditive-1935543.jpg" length="0" type="image/jpg"/>
        </item>
        <item>
            <title><![CDATA[Nothing lance ses Ear (open): des écouteurs ouverts taillés pour le sport]]></title>
            <link>https://www.bfmtv.com/tech/nouveautes-produits/nothing-lance-ses-ear-open-des-ecouteurs-ouverts-tailles-pour-le-sport_AV-202409240625.html</link>
            <guid>https://www.bfmtv.com/tech/nouveautes-produits/nothing-lance-ses-ear-open-des-ecouteurs-ouverts-tailles-pour-le-sport_AV-202409240625.html</guid>
            <pubDate>Tue, 24 Sep 2024 14:10:35 GMT</pubDate>
            <description><![CDATA[Nothing continue de s'installer doucement sur le marché des nouvelles technologies et propose de nouveaux écouteurs résolument tournés pour les sportifs.<br /><br /><img src="https://images.bfmtv.com/kBFwt8DjvWTmJb0DfwDC5ozPlgc=/2x52:866x538/800x0/images/Les-Nothing-Ear-open-1943170.jpg" />]]></description>
            <enclosure url="https://images.bfmtv.com/kBFwt8DjvWTmJb0DfwDC5ozPlgc=/2x52:866x538/800x0/images/Les-Nothing-Ear-open-1943170.jpg" length="0" type="image/jpg"/>
        </item>
        <item>
            <title><![CDATA[Huawei revient avec une nouvelle série de montres pour la santé et le sport de haut niveau]]></title>
            <link>https://www.bfmtv.com/tech/nouveautes-produits/huawei-revient-avec-une-nouvelle-serie-de-montres-pour-la-sante-et-le-sport-de-haut-niveau_AV-202409190631.html</link>
            <guid>https://www.bfmtv.com/tech/nouveautes-produits/huawei-revient-avec-une-nouvelle-serie-de-montres-pour-la-sante-et-le-sport-de-haut-niveau_AV-202409190631.html</guid>
            <pubDate>Thu, 19 Sep 2024 14:37:41 GMT</pubDate>
            <description><![CDATA[Disponible à partir de 249,99 euros et se déclinant en version Standard et Pro, les nouvelles montres  GT 5 disposent du tout nouveau système TruSense, une technologie intégrée de suivi de la santé et de l’activité physique.  <br /><br /><img src="https://images.bfmtv.com/iKvYlxiqxgPc6Tw-CqaJ0MmiVT8=/7x35:2039x1178/800x0/images/Huawei-Watch-GT-5-1940266.jpg" />]]></description>
            <enclosure url="https://images.bfmtv.com/iKvYlxiqxgPc6Tw-CqaJ0MmiVT8=/7x35:2039x1178/800x0/images/Huawei-Watch-GT-5-1940266.jpg" length="0" type="image/jpg"/>
        </item>
        <item>
            <title><![CDATA[Huawei sort une montre pour surveiller son hypertension]]></title>
            <link>https://www.bfmtv.com/tech/nouveautes-produits/huawei-sort-une-montre-pour-surveiller-son-hypertension_AV-202409190607.html</link>
            <guid>https://www.bfmtv.com/tech/nouveautes-produits/huawei-sort-une-montre-pour-surveiller-son-hypertension_AV-202409190607.html</guid>
            <pubDate>Thu, 19 Sep 2024 14:02:43 GMT</pubDate>
            <description><![CDATA[À l’heure où les montres connectées regorgent de capteurs pour tout surveiller, Huawei s’intéresse à une maladie qui touche de plus en plus de personnes: l’hypertension. La Watch D2 va permettre d’avoir un tensiomètre au poignet.<br /><br /><img src="https://images.bfmtv.com/yxkxRIPDdjJszRPxIOrv-Ai4jlk=/0x106:2048x1258/800x0/images/Huawei-D2-1940274.jpg" />]]></description>
            <enclosure url="https://images.bfmtv.com/yxkxRIPDdjJszRPxIOrv-Ai4jlk=/0x106:2048x1258/800x0/images/Huawei-D2-1940274.jpg" length="0" type="image/jpg"/>
        </item>
        <item>
            <title><![CDATA[Dyson: le roi de l'aspirateur lance un casque audio à 500 euros]]></title>
            <link>https://www.bfmtv.com/tech/nouveautes-produits/dyson-le-roi-de-l-aspirateur-devoile-un-casque-audio-pour-rivaliser-avec-bose-ou-apple_AN-202407180002.html</link>
            <guid>https://www.bfmtv.com/tech/nouveautes-produits/dyson-le-roi-de-l-aspirateur-devoile-un-casque-audio-pour-rivaliser-avec-bose-ou-apple_AN-202407180002.html</guid>
            <pubDate>Thu, 18 Jul 2024 07:30:00 GMT</pubDate>
            <description><![CDATA[Un an après avoir lancé le Dyson Zone, un casque audio avec purificateur d'air, l'entreprise britannique tente à nouveau l'aventure sonore. Mais le Dyson Ontrac mise cette fois sur sa simple qualité sonore.<br /><br /><img src="https://images.bfmtv.com/7YEo0Ph7qCJwhUN2B7hud606tGM=/0x0:2048x1152/800x0/images/Casque-1896133.jpg" />]]></description>
            <enclosure url="https://images.bfmtv.com/7YEo0Ph7qCJwhUN2B7hud606tGM=/0x0:2048x1152/800x0/images/Casque-1896133.jpg" length="0" type="image/jpg"/>
        </item>
        <item>
            <title><![CDATA[Samsung dévoile ses nouveaux smartphones pliants]]></title>
            <link>https://www.bfmtv.com/tech/nouveautes-produits/z-fold-6-et-z-flip-6-samsung-devoile-ses-nouveaux-smartphones-pliants_AV-202407100537.html</link>
            <guid>https://www.bfmtv.com/tech/nouveautes-produits/z-fold-6-et-z-flip-6-samsung-devoile-ses-nouveaux-smartphones-pliants_AV-202407100537.html</guid>
            <pubDate>Tue, 16 Jul 2024 10:25:08 GMT</pubDate>
            <description><![CDATA[Ce mercredi 10 juillet, comme prévu, Samsung a dévoilé ses nouveautés en matière de smartphones pliants.<br /><br /><img src="https://images.bfmtv.com/aluEgk7wT8TJLgDfeKkXVMLmris=/0x192:2048x1344/800x0/images/Le-Galaxy-Z-Fold-6-et-Z-Flip-6-1901282.jpg" />]]></description>
            <enclosure url="https://images.bfmtv.com/aluEgk7wT8TJLgDfeKkXVMLmris=/0x192:2048x1344/800x0/images/Le-Galaxy-Z-Fold-6-et-Z-Flip-6-1901282.jpg" length="0" type="image/jpg"/>
        </item>
        <item>
            <title><![CDATA[Ultimate Ears lance une nouvelle enceinte portable prête pour les vacances]]></title>
            <link>https://www.bfmtv.com/tech/nouveautes-produits/ultimate-ears-lance-une-nouvelle-enceinte-portable-prete-pour-les-vacances_AN-202406260357.html</link>
            <guid>https://www.bfmtv.com/tech/nouveautes-produits/ultimate-ears-lance-une-nouvelle-enceinte-portable-prete-pour-les-vacances_AN-202406260357.html</guid>
            <pubDate>Wed, 26 Jun 2024 07:01:00 GMT</pubDate>
            <description><![CDATA[Avec les vacances d'été qui approchent et le retour du soleil, c'est le moment parfait choisi par Ultimate Ears pour lancer Everboom. Une enceinte prête pour les virées en extérieur, dans toutes les conditions.<br /><br /><img src="https://images.bfmtv.com/tW0bQClGFuO57W6sX54_xWQ96rc=/8x104:984x653/800x0/images/Ultimate-Ears-1891421.jpg" />]]></description>
            <enclosure url="https://images.bfmtv.com/tW0bQClGFuO57W6sX54_xWQ96rc=/8x104:984x653/800x0/images/Ultimate-Ears-1891421.jpg" length="0" type="image/jpg"/>
        </item>
        <item>
            <title><![CDATA[Backbone lance une manette de jeu mobile avec le chanteur Post Malone]]></title>
            <link>https://www.bfmtv.com/tech/nouveautes-produits/backbone-lance-une-manette-de-jeu-mobile-avec-le-chanteur-post-malone_AV-202406180699.html</link>
            <guid>https://www.bfmtv.com/tech/nouveautes-produits/backbone-lance-une-manette-de-jeu-mobile-avec-le-chanteur-post-malone_AV-202406180699.html</guid>
            <pubDate>Tue, 18 Jun 2024 16:00:00 GMT</pubDate>
            <description><![CDATA[Après ses versions Lightning, USB-C ou encore Playstation, la Backbone One s’offre une édition limitée avec le chanteur Post Malone, grand fan de jeu mobile.<br /><br /><img src="https://images.bfmtv.com/2PdV0vuMCZuI8dGyHk_5kkDj0X8=/0x0:2048x1152/800x0/images/Backbone-One-x-Post-Malone-1885867.jpg" />]]></description>
            <enclosure url="https://images.bfmtv.com/2PdV0vuMCZuI8dGyHk_5kkDj0X8=/0x0:2048x1152/800x0/images/Backbone-One-x-Post-Malone-1885867.jpg" length="0" type="image/jpg"/>
        </item>
        <item>
            <title><![CDATA[Amazfit lance sa bague connectée avant la Galaxy Ring de Samsung]]></title>
            <link>https://www.bfmtv.com/tech/nouveautes-produits/amazfit-lance-sa-bague-connectee-avant-la-galaxy-ring-de-samsung_AV-202406170621.html</link>
            <guid>https://www.bfmtv.com/tech/nouveautes-produits/amazfit-lance-sa-bague-connectee-avant-la-galaxy-ring-de-samsung_AV-202406170621.html</guid>
            <pubDate>Mon, 17 Jun 2024 13:31:42 GMT</pubDate>
            <description><![CDATA[A quelques semaines du lancement supposé de la Galaxy Ring de Samsung, Amazfit lance son Helio Ring.<br /><br /><img src="https://images.bfmtv.com/ygpd4wDdlWSQhdYxYJ-3iPcwgIs=/1x6:1457x825/800x0/images/Amazfit-Helio-Ring-1885534.jpg" />]]></description>
            <enclosure url="https://images.bfmtv.com/ygpd4wDdlWSQhdYxYJ-3iPcwgIs=/1x6:1457x825/800x0/images/Amazfit-Helio-Ring-1885534.jpg" length="0" type="image/jpg"/>
        </item>
        <item>
            <title><![CDATA[Samsung dévoile la Galaxy Watch FE, sa première montre connectée d’entrée de gamme]]></title>
            <link>https://www.bfmtv.com/tech/nouveautes-produits/samsung-devoile-la-galaxy-watch-fe-sa-premiere-montre-connectee-d-entree-de-gamme_AV-202406130656.html</link>
            <guid>https://www.bfmtv.com/tech/nouveautes-produits/samsung-devoile-la-galaxy-watch-fe-sa-premiere-montre-connectee-d-entree-de-gamme_AV-202406130656.html</guid>
            <pubDate>Thu, 13 Jun 2024 14:24:01 GMT</pubDate>
            <description><![CDATA[Disponible dès cet été, la Galaxy Watch FE se déclinera en deux modèles: une version Bluetooth et une version 4G LTE.  <br /><br /><img src="https://images.bfmtv.com/Lg575JuFVlMx3DFhKK-WnKKVNWw=/4x52:996x610/800x0/images/Samsung-Galaxy-Watch-FE-1883118.jpg" />]]></description>
            <enclosure url="https://images.bfmtv.com/Lg575JuFVlMx3DFhKK-WnKKVNWw=/4x52:996x610/800x0/images/Samsung-Galaxy-Watch-FE-1883118.jpg" length="0" type="image/jpg"/>
        </item>
        <item>
            <title><![CDATA[Xiaomi dévoile son nouveau bestseller à moins de 200 euros]]></title>
            <link>https://www.bfmtv.com/tech/nouveautes-produits/xiaomi-devoile-son-nouveau-bestseller-a-moins-de-200-euros_AV-202406050394.html</link>
            <guid>https://www.bfmtv.com/tech/nouveautes-produits/xiaomi-devoile-son-nouveau-bestseller-a-moins-de-200-euros_AV-202406050394.html</guid>
            <pubDate>Wed, 05 Jun 2024 09:29:24 GMT</pubDate>
            <description><![CDATA[Commercialisé à partir de 199 euros, le Redmi 13 est présenté comme un smartphone proposant une meilleure expérience photographique grâce à un capteur amélioré.  <br /><br /><img src="https://images.bfmtv.com/Ap6qWasirpvkuurcfTcL9M3TzQk=/0x0:2048x1152/800x0/images/Redmi-13-1877277.jpg" />]]></description>
            <enclosure url="https://images.bfmtv.com/Ap6qWasirpvkuurcfTcL9M3TzQk=/0x0:2048x1152/800x0/images/Redmi-13-1877277.jpg" length="0" type="image/jpg"/>
        </item>
        <item>
            <title><![CDATA["Réveiller la langue": cette cuillère promet de rendre vos plats plus goûtus]]></title>
            <link>https://www.bfmtv.com/tech/nouveautes-produits/reveiller-la-langue-cette-cuillere-promet-de-rendre-vos-plats-plus-appetissants_AV-202405230681.html</link>
            <guid>https://www.bfmtv.com/tech/nouveautes-produits/reveiller-la-langue-cette-cuillere-promet-de-rendre-vos-plats-plus-appetissants_AV-202405230681.html</guid>
            <pubDate>Thu, 23 May 2024 14:29:46 GMT</pubDate>
            <description><![CDATA[Une entreprise japonaise a imaginé une cuillière qui a la possibilité de rendre des plats meilleurs sans devoir trop les saler.<br /><br /><img src="https://images.bfmtv.com/ktGuc7PWZCXhZOw_vse4Guv7FYU=/1x56:593x389/800x0/images/Une-cuillere-qui-permet-de-saler-sans-saler-1869001.jpg" />]]></description>
            <enclosure url="https://images.bfmtv.com/ktGuc7PWZCXhZOw_vse4Guv7FYU=/1x56:593x389/800x0/images/Une-cuillere-qui-permet-de-saler-sans-saler-1869001.jpg" length="0" type="image/jpg"/>
        </item>
        <item>
            <title><![CDATA[Rapides et puissants, les Poco F6 débarquent à moins de 500 euros]]></title>
            <link>https://www.bfmtv.com/tech/nouveautes-produits/rapides-et-puissants-les-poco-f6-debarquent-a-moins-de-500-euros_AV-202405230506.html</link>
            <guid>https://www.bfmtv.com/tech/nouveautes-produits/rapides-et-puissants-les-poco-f6-debarquent-a-moins-de-500-euros_AV-202405230506.html</guid>
            <pubDate>Thu, 23 May 2024 12:15:55 GMT</pubDate>
            <description><![CDATA[Xiaomi dévoile sa nouvelle gamme de smartphones pensés pour être aussi rapides que puissants, et équipés des nouvelles puces Snapdragon de Qualcomm.<br /><br /><img src="https://images.bfmtv.com/wT9WayqqkS5qPIy28OI4WM33lGs=/0x0:2048x1152/800x0/images/Le-Poco-F6-1868830.jpg" />]]></description>
            <enclosure url="https://images.bfmtv.com/wT9WayqqkS5qPIy28OI4WM33lGs=/0x0:2048x1152/800x0/images/Le-Poco-F6-1868830.jpg" length="0" type="image/jpg"/>
        </item>
        <item>
            <title><![CDATA[Xiaomi dévoile la Redmi Pad Pro pour concurrencer l'iPad]]></title>
            <link>https://www.bfmtv.com/tech/nouveautes-produits/xiaomi-devoile-la-redmi-pad-pro-pour-concurrencer-l-i-pad_AV-202405210473.html</link>
            <guid>https://www.bfmtv.com/tech/nouveautes-produits/xiaomi-devoile-la-redmi-pad-pro-pour-concurrencer-l-i-pad_AV-202405210473.html</guid>
            <pubDate>Tue, 21 May 2024 10:22:32 GMT</pubDate>
            <description><![CDATA[Quelques jours après l'annonce des nouveaux iPad chez Apple, Xiaomi lève le voile sur sa nouvelle gamme de tablettes tactiles.<br /><br /><img src="https://images.bfmtv.com/gCONhS_Eypqpb6vvTiZNLmvKvW0=/6x28:1366x793/800x0/images/Redmi-Pad-Pro-1867325.jpg" />]]></description>
            <enclosure url="https://images.bfmtv.com/gCONhS_Eypqpb6vvTiZNLmvKvW0=/6x28:1366x793/800x0/images/Redmi-Pad-Pro-1867325.jpg" length="0" type="image/jpg"/>
        </item>
        <item>
            <title><![CDATA[Swatch lance son service de paiement sans contact en France]]></title>
            <link>https://www.bfmtv.com/tech/nouveautes-produits/swatch-lance-son-service-de-paiement-sans-contact-en-france_AV-202405140614.html</link>
            <guid>https://www.bfmtv.com/tech/nouveautes-produits/swatch-lance-son-service-de-paiement-sans-contact-en-france_AV-202405140614.html</guid>
            <pubDate>Tue, 14 May 2024 12:36:10 GMT</pubDate>
            <description><![CDATA[A partir du 16 mai, les Français pourront acheter des montres Swatch avec lesquelles ils pourront effectuer des paiements sans contact.  <br /><br /><img src="https://images.bfmtv.com/rfcqP7cs_uQBzCct1R4VJPcWfCo=/0x106:2048x1258/800x0/images/Swatchpay-1862841.jpg" />]]></description>
            <enclosure url="https://images.bfmtv.com/rfcqP7cs_uQBzCct1R4VJPcWfCo=/0x106:2048x1258/800x0/images/Swatchpay-1862841.jpg" length="0" type="image/jpg"/>
        </item>
        <item>
            <title><![CDATA[Le chinois DJI se lance dans la livraison par drones]]></title>
            <link>https://www.bfmtv.com/tech/nouveautes-produits/le-chinois-dji-se-lance-dans-la-livraison-par-drones_AV-202405090327.html</link>
            <guid>https://www.bfmtv.com/tech/nouveautes-produits/le-chinois-dji-se-lance-dans-la-livraison-par-drones_AV-202405090327.html</guid>
            <pubDate>Thu, 09 May 2024 09:25:33 GMT</pubDate>
            <description><![CDATA[Incontournable dans le secteur des drones pour les particuliers, DJI se lance dans le secteur très concurrentiel des drones de livraisons.<br /><br /><img src="https://images.bfmtv.com/wGczoIE8ITAoFfIc6Rg33_HvbxI=/0x0:1280x720/800x0/images/Le-FlyCart-30-de-DJI-1859880.jpg" />]]></description>
            <enclosure url="https://images.bfmtv.com/wGczoIE8ITAoFfIc6Rg33_HvbxI=/0x0:1280x720/800x0/images/Le-FlyCart-30-de-DJI-1859880.jpg" length="0" type="image/jpg"/>
        </item>
        <item>
            <title><![CDATA[Huawei lance la Watch Fit 3, sa montre connectée inspirée de l’Apple Watch]]></title>
            <link>https://www.bfmtv.com/tech/nouveautes-produits/huawei-lance-la-watch-fit-3-sa-montre-connectee-inspiree-de-l-apple-watch_AV-202405070783.html</link>
            <guid>https://www.bfmtv.com/tech/nouveautes-produits/huawei-lance-la-watch-fit-3-sa-montre-connectee-inspiree-de-l-apple-watch_AV-202405070783.html</guid>
            <pubDate>Tue, 07 May 2024 16:00:58 GMT</pubDate>
            <description><![CDATA[Huawei a dévoilé de nouveaux produits, dont la troisième version de sa gamme de montres Watch Fit, lors de son événement Innovative Product Launch.  <br /><br /><img src="https://images.bfmtv.com/A59aDqAxRKLOOxVej_KeQvkPJFg=/0x180:1920x1260/800x0/images/Huawei-Watch-Fit-3-1858875.jpg" />]]></description>
            <enclosure url="https://images.bfmtv.com/A59aDqAxRKLOOxVej_KeQvkPJFg=/0x180:1920x1260/800x0/images/Huawei-Watch-Fit-3-1858875.jpg" length="0" type="image/jpg"/>
        </item>
        <item>
            <title><![CDATA[Fairphone annonce les Fairbuds, des écouteurs sans fil réparables et durables]]></title>
            <link>https://www.bfmtv.com/tech/nouveautes-produits/fairphone-annonce-les-fairbuds-des-ecouteurs-sans-fil-reparables-et-durables_AV-202404090473.html</link>
            <guid>https://www.bfmtv.com/tech/nouveautes-produits/fairphone-annonce-les-fairbuds-des-ecouteurs-sans-fil-reparables-et-durables_AV-202404090473.html</guid>
            <pubDate>Tue, 09 Apr 2024 10:39:51 GMT</pubDate>
            <description><![CDATA[Le spécialiste des produits durables Fairphone vient d'annoncer une nouvelle gamme d'écouteurs reprenant sa philosophie en matière de réparabilité.<br /><br /><img src="https://images.bfmtv.com/ADl7Sivml22DbXCdfDfmuyBFx9A=/2x116:994x674/800x0/images/Les-Fairbuds-1840864.jpg" />]]></description>
            <enclosure url="https://images.bfmtv.com/ADl7Sivml22DbXCdfDfmuyBFx9A=/2x116:994x674/800x0/images/Les-Fairbuds-1840864.jpg" length="0" type="image/jpg"/>
        </item>
        <item>
            <title><![CDATA[Logitech G sort un nouveau clavier pour les esportifs]]></title>
            <link>https://www.bfmtv.com/tech/nouveautes-produits/logitech-g-sort-un-nouveau-clavier-pour-les-esportifs_AV-202404090335.html</link>
            <guid>https://www.bfmtv.com/tech/nouveautes-produits/logitech-g-sort-un-nouveau-clavier-pour-les-esportifs_AV-202404090335.html</guid>
            <pubDate>Tue, 09 Apr 2024 08:17:04 GMT</pubDate>
            <description><![CDATA[Pour répondre aux besoins des joueurs PC, professionnels ou non, Logitech ajoute une nouvelle référence à son catalogue de claviers spécialisés avec le Pro X60. Un modèle compact, coloré et réactif, conçu pour et avec les esportifs.<br /><br /><img src="https://images.bfmtv.com/cBcEsRn6InO3B7OV2GadUwiKbRc=/152x1:1896x982/800x0/images/Logitech-G-Pro-X-60-Lightspeed-1840801.jpg" />]]></description>
            <enclosure url="https://images.bfmtv.com/cBcEsRn6InO3B7OV2GadUwiKbRc=/152x1:1896x982/800x0/images/Logitech-G-Pro-X-60-Lightspeed-1840801.jpg" length="0" type="image/jpg"/>
        </item>
        <item>
            <title><![CDATA[Moins de 300 euros: iRobot dévoile son nouveau robot aspirateur "Essential"]]></title>
            <link>https://www.bfmtv.com/tech/nouveautes-produits/moins-de-300-euros-i-robot-devoile-son-nouveau-robot-aspirateur-essential_AV-202404040662.html</link>
            <guid>https://www.bfmtv.com/tech/nouveautes-produits/moins-de-300-euros-i-robot-devoile-son-nouveau-robot-aspirateur-essential_AV-202404040662.html</guid>
            <pubDate>Thu, 04 Apr 2024 14:30:46 GMT</pubDate>
            <description><![CDATA[Avec le Roomba Combo Essential, iRobot veut proposer un appareil plus accessible à tous.  <br /><br /><img src="https://images.bfmtv.com/oMdm2WZA0bE0YNmq-4W_FeRS-vA=/0x87:400x312/800x0/images/Roomba-Combo-Essential-1838167.jpg" />]]></description>
            <enclosure url="https://images.bfmtv.com/oMdm2WZA0bE0YNmq-4W_FeRS-vA=/0x87:400x312/800x0/images/Roomba-Combo-Essential-1838167.jpg" length="0" type="image/jpg"/>
        </item>
        <item>
            <title><![CDATA[Nothing Phone (2a): faut-il être séduit par ce smartphone futuriste à 350 euros?]]></title>
            <link>https://www.bfmtv.com/tech/nouveautes-produits/nothing-phone-2a-faut-il-etre-seduit-par-ce-smartphone-futuriste-a-350-euros_AV-202403100026.html</link>
            <guid>https://www.bfmtv.com/tech/nouveautes-produits/nothing-phone-2a-faut-il-etre-seduit-par-ce-smartphone-futuriste-a-350-euros_AV-202403100026.html</guid>
            <pubDate>Sun, 10 Mar 2024 06:30:00 GMT</pubDate>
            <description><![CDATA[Le fabricant Nothing a présenté son dernier smartphone baptisé (2a), un appareil de milieu de gamme, continuant de miser sur l’originalité avec son design.<br /><br /><img src="https://images.bfmtv.com/A6pN7eZgoGwz8ZsaBvoyBknNG3I=/0x0:2048x1152/800x0/images/Le-Nothing-Phone-2a-1821507.jpg" />]]></description>
            <enclosure url="https://images.bfmtv.com/A6pN7eZgoGwz8ZsaBvoyBknNG3I=/0x0:2048x1152/800x0/images/Le-Nothing-Phone-2a-1821507.jpg" length="0" type="image/jpg"/>
        </item>
        <item>
            <title><![CDATA[Honor mise sur la finesse de sa nouvelle tablette pour rivaliser avec l’iPad]]></title>
            <link>https://www.bfmtv.com/tech/nouveautes-produits/honor-mise-sur-la-finesse-de-sa-nouvelle-tablette-pour-rivaliser-avec-l-i-pad_AV-202402220790.html</link>
            <guid>https://www.bfmtv.com/tech/nouveautes-produits/honor-mise-sur-la-finesse-de-sa-nouvelle-tablette-pour-rivaliser-avec-l-i-pad_AV-202402220790.html</guid>
            <pubDate>Thu, 22 Feb 2024 17:27:57 GMT</pubDate>
            <description><![CDATA[Annoncée en amont du Mobile World Congress de Barcelone et à moins de 400 euros, la Pad 9 d'Honor veut venir se faire une place sur un marché outrageusement dominé par Apple.<br /><br /><img src="https://images.bfmtv.com/bvxNg8-y-4s9MhbBp33vZ3zZWtw=/8x4:2040x1147/800x0/images/Honor-Pad-9-1811375.jpg" />]]></description>
            <enclosure url="https://images.bfmtv.com/bvxNg8-y-4s9MhbBp33vZ3zZWtw=/8x4:2040x1147/800x0/images/Honor-Pad-9-1811375.jpg" length="0" type="image/jpg"/>
        </item>
        <item>
            <title><![CDATA[CES 2024: jumelles identifiant les oiseaux, IA avec un visage... Tous les produits présentés]]></title>
            <link>https://www.bfmtv.com/tech/nouveautes-produits/direct-ces-2024-sommeil-handicap-les-innovations-tech-ciblent-le-bien-etre-et-la-sante_LN-202401110095.html</link>
            <guid>https://www.bfmtv.com/tech/nouveautes-produits/direct-ces-2024-sommeil-handicap-les-innovations-tech-ciblent-le-bien-etre-et-la-sante_LN-202401110095.html</guid>
            <pubDate>Thu, 11 Jan 2024 21:10:34 GMT</pubDate>
            <description><![CDATA[Le CES 2024 entame sa troisième journée. Le salon de Las Vegas continue de dévoiler les innovations qui feront le quotidien de demain, notamment dans le domaine de la santé, du bien-être et de l'aide à la personne.<br /><br /><img src="https://images.bfmtv.com/evxLEsYO9EhV5M5g8OYp-dD_Ld0=/0x206:2048x1358/800x0/images/Salon-CES-au-Las-Vegas-Convention-Center-1550767.jpg" />]]></description>
            <enclosure url="https://images.bfmtv.com/evxLEsYO9EhV5M5g8OYp-dD_Ld0=/0x206:2048x1358/800x0/images/Salon-CES-au-Las-Vegas-Convention-Center-1550767.jpg" length="0" type="image/jpg"/>
        </item>
        <item>
            <title><![CDATA[CES 2024: cette machine à hologramme géant donne un avant-goût de Star Wars]]></title>
            <link>https://www.bfmtv.com/tech/nouveautes-produits/55-000-euros-au-ces-2024-on-a-teste-une-machine-a-hologramme-geant_AV-202401110341.html</link>
            <guid>https://www.bfmtv.com/tech/nouveautes-produits/55-000-euros-au-ces-2024-on-a-teste-une-machine-a-hologramme-geant_AV-202401110341.html</guid>
            <pubDate>Thu, 11 Jan 2024 13:22:58 GMT</pubDate>
            <description><![CDATA[Holoconnects a dévoilé sa solution Holobox pour créer un hologramme en 3D à partir d'une simple vidéo, en temps réel.<br /><br /><img src="https://images.bfmtv.com/YBw_LVFVYl6RDzTYtYvPgbb-sJo=/0x108:1920x1188/800x0/images/Les-boites-a-hologrammes-d-Holoconnects-1782994.jpg" />]]></description>
            <enclosure url="https://images.bfmtv.com/YBw_LVFVYl6RDzTYtYvPgbb-sJo=/0x108:1920x1188/800x0/images/Les-boites-a-hologrammes-d-Holoconnects-1782994.jpg" length="0" type="image/jpg"/>
        </item>
        <item>
            <title><![CDATA[CES 2024: une bague connectée, une console portable... toutes les nouveautés du salon]]></title>
            <link>https://www.bfmtv.com/tech/nouveautes-produits/direct-ces-2024-rog-phone-msi-claw-les-innovations-gaming-se-devoilent_LN-202401090074.html</link>
            <guid>https://www.bfmtv.com/tech/nouveautes-produits/direct-ces-2024-rog-phone-msi-claw-les-innovations-gaming-se-devoilent_LN-202401090074.html</guid>
            <pubDate>Tue, 09 Jan 2024 21:46:25 GMT</pubDate>
            <description><![CDATA[Après une mise en bouche avec le CES Unveiled, le salon de Las Vegas ouvre officiellement ses portes ce mardi 9 janvier. La grand-messe de la tech prend un tournant gaming, mais toujours saupoudré d'IA.<br /><br /><img src="https://images.bfmtv.com/EJvs93HVBRUS4y5jXrEbUvy-79s=/12x143:2044x1286/800x0/images/CES-2023-1780503.jpg" />]]></description>
            <enclosure url="https://images.bfmtv.com/EJvs93HVBRUS4y5jXrEbUvy-79s=/12x143:2044x1286/800x0/images/CES-2023-1780503.jpg" length="0" type="image/jpg"/>
        </item>
    </channel>
</rss>