<?xml version="1.0" encoding="utf-8"?>
<rss version="2.0" xmlns:atom="http://www.w3.org/2005/Atom">
    <channel>
        <title>Home Entreprises - actualités</title>
        <link>https://www.bfmtv.com/economie/entreprises/</link>
        <description>Retrouvez toute l'actualité économique des entreprises en direct: acquisition, chiffre d'affaire, distribution, services, transport, btp, énergie... - BFM Business</description>
        <lastBuildDate>Tue, 11 Feb 2025 15:44:33 GMT</lastBuildDate>
        <docs>http://blogs.law.harvard.edu/tech/rss</docs>
        <generator>BFMTV</generator>
        <language>fr</language>
        <image>
            <title>Home Entreprises - actualités</title>
            <url>https://www.bfmtv.com/assets/v11/images/BFM_BUSINESS_default_16x9.1fe02e665ff091273c91059447a69de8.jpg</url>
            <link>https://www.bfmtv.com/economie/entreprises/</link>
        </image>
        <copyright>Copyright BFMTV</copyright>
        <category>Home Entreprises - actualités</category>
        <atom:link href="https://www.bfmtv.com/economie/entreprises/" rel="self" type="application/rss+xml"/>
        <item>
            <title><![CDATA[Thales va fournir des missiles de défense aérienne à l'Inde]]></title>
            <link>https://www.bfmtv.com/economie/entreprises/defense/thales-va-fournir-des-missiles-de-defense-aerienne-a-l-inde_AD-202502110567.html</link>
            <guid>https://www.bfmtv.com/economie/entreprises/defense/thales-va-fournir-des-missiles-de-defense-aerienne-a-l-inde_AD-202502110567.html</guid>
            <pubDate>Tue, 11 Feb 2025 14:27:03 GMT</pubDate>
            <description><![CDATA[Le groupe français a signé un contrat avec une entreprise publique indienne pour la fourniture de systèmes de défense aérienne portables à l'armée indienne. Ces missiles seront produits à 60% en Inde.<br /><br /><img src="https://images.bfmtv.com/dPdGFUY5wxVRJzL0bDctXSFdfwM=/0x36:768x468/800x0/images/Thales-prevoit-de-recruter-plus-de-12-000-salaries-dans-le-monde-en-2023-dont-4-000-creations-de-postes-1585629.jpg" />]]></description>
            <enclosure url="https://images.bfmtv.com/dPdGFUY5wxVRJzL0bDctXSFdfwM=/0x36:768x468/800x0/images/Thales-prevoit-de-recruter-plus-de-12-000-salaries-dans-le-monde-en-2023-dont-4-000-creations-de-postes-1585629.jpg" length="0" type="image/jpg"/>
        </item>
        <item>
            <title><![CDATA[Le siège de Tesla à Saint-Ouen vandalisé, des traces marron découvertes sur la façade]]></title>
            <link>https://www.bfmtv.com/economie/entreprises/le-siege-de-tesla-a-saint-ouen-vandalise-des-traces-marrons-decouvertes-sur-la-facade_AN-202502110343.html</link>
            <guid>https://www.bfmtv.com/economie/entreprises/le-siege-de-tesla-a-saint-ouen-vandalise-des-traces-marrons-decouvertes-sur-la-facade_AN-202502110343.html</guid>
            <pubDate>Tue, 11 Feb 2025 12:50:21 GMT</pubDate>
            <description><![CDATA[En arrivant ce matin, les employés du siège de Tesla France à Saint-Ouen ont découvert des traces d'un liquide marron projeté sur les vitres et la devanture. Ce n'est pas la première fois que l'entreprise d'Elon Musk est visée. <br /><br /><img src="https://images.bfmtv.com/ZZ-FCQdaSl_xwyrJ7o2JakIY1jQ=/0x336:2048x1488/800x0/images/Le-siege-de-Tesla-a-Saint-Ouen-mardi-11-fevrier-2025-2031219.jpg" />]]></description>
            <enclosure url="https://images.bfmtv.com/ZZ-FCQdaSl_xwyrJ7o2JakIY1jQ=/0x336:2048x1488/800x0/images/Le-siege-de-Tesla-a-Saint-Ouen-mardi-11-fevrier-2025-2031219.jpg" length="0" type="image/jpg"/>
        </item>
        <item>
            <title><![CDATA[Le fabricant d'armes Verney-Carron en cessation des paiements]]></title>
            <link>https://www.bfmtv.com/economie/entreprises/defense/le-fabricant-d-armes-verney-carron-en-cessation-des-paiements_AD-202502110507.html</link>
            <guid>https://www.bfmtv.com/economie/entreprises/defense/le-fabricant-d-armes-verney-carron-en-cessation-des-paiements_AD-202502110507.html</guid>
            <pubDate>Tue, 11 Feb 2025 12:37:56 GMT</pubDate>
            <description><![CDATA[Créée en 1820, Verney-Carron est le dernier fabricant français d'armes de petit calibre. Longtemps spécialisée dans les armes de chasse, la manufacture a inventé et commercialisé à partir de 1990 les "Flashballs".<br /><br /><img src="https://images.bfmtv.com/sJntd9Um6iaeAT29nU9XP5QEZd0=/220x3:780x318/800x0/images/Verney-Carron-471945.jpg" />]]></description>
            <enclosure url="https://images.bfmtv.com/sJntd9Um6iaeAT29nU9XP5QEZd0=/220x3:780x318/800x0/images/Verney-Carron-471945.jpg" length="0" type="image/jpg"/>
        </item>
        <item>
            <title><![CDATA[Les exportations de vins et spiritueux reculent en 2024, pénalisées par la Chine]]></title>
            <link>https://www.bfmtv.com/economie/entreprises/les-exportations-de-vins-et-spiritueux-reculent-en-2024-penalisees-par-la-chine_AV-202502110393.html</link>
            <guid>https://www.bfmtv.com/economie/entreprises/les-exportations-de-vins-et-spiritueux-reculent-en-2024-penalisees-par-la-chine_AV-202502110393.html</guid>
            <pubDate>Tue, 11 Feb 2025 10:35:31 GMT</pubDate>
            <description><![CDATA[Ces exportations ont totalisé 15,6 milliards d'euros l'an dernier, soit une baisse de 4% par rapport à 2023, malgré des volumes quasiment stables (-0,1%).<br /><br /><img src="https://images.bfmtv.com/KosNnHxXBIYhpTQSlU99uGkvGN8=/0x60:640x420/800x0/images/Cognac-1952382.jpg" />]]></description>
            <enclosure url="https://images.bfmtv.com/KosNnHxXBIYhpTQSlU99uGkvGN8=/0x60:640x420/800x0/images/Cognac-1952382.jpg" length="0" type="image/jpg"/>
        </item>
        <item>
            <title><![CDATA[SNCF: une panne informatique entraîne perturbations et retards pour les TER de plusieurs régions]]></title>
            <link>https://www.bfmtv.com/economie/entreprises/transports/sncf-une-panne-informatique-entraine-perturbations-et-retards-pour-les-ter-de-plusieurs-regions_AN-202502110313.html</link>
            <guid>https://www.bfmtv.com/economie/entreprises/transports/sncf-une-panne-informatique-entraine-perturbations-et-retards-pour-les-ter-de-plusieurs-regions_AN-202502110313.html</guid>
            <pubDate>Tue, 11 Feb 2025 08:54:18 GMT</pubDate>
            <description><![CDATA[Sont concernées les régions  Auvergne-Rhône-Alpes, Bourgogne-Franche-Comté, Hauts-de-France, Nouvelle Aquitaine et Occitanie.  <br /><br /><img src="https://images.bfmtv.com/EIxEelxmiQFEEFMHoJ5p-ucI5Sc=/0x105:2048x1257/800x0/images/Des-trains-TER-a-Rennes-le-9-decembre-2019-2020858.jpg" />]]></description>
            <enclosure url="https://images.bfmtv.com/EIxEelxmiQFEEFMHoJ5p-ucI5Sc=/0x105:2048x1257/800x0/images/Des-trains-TER-a-Rennes-le-9-decembre-2019-2020858.jpg" length="0" type="image/jpg"/>
        </item>
        <item>
            <title><![CDATA[Ginette Moulin, la propriétaire du Groupe Galeries Lafayette, est morte à 98 ans]]></title>
            <link>https://www.bfmtv.com/economie/entreprises/ginette-moulin-la-proprietaire-du-groupe-galeries-lafayette-est-morte-a-98-ans_AD-202502110290.html</link>
            <guid>https://www.bfmtv.com/economie/entreprises/ginette-moulin-la-proprietaire-du-groupe-galeries-lafayette-est-morte-a-98-ans_AD-202502110290.html</guid>
            <pubDate>Tue, 11 Feb 2025 08:25:07 GMT</pubDate>
            <description><![CDATA[Petite-fille du co-fondateur du grand magasin, elle était, avec sa famille, la 34e fortune française en 2024.<br /><br /><img src="https://images.bfmtv.com/u6VO-1ZIfWwKk4Cg9-Qbc2CqI58=/0x53:1024x629/800x0/images/Galeries-Lafayette-1612222.jpg" />]]></description>
            <enclosure url="https://images.bfmtv.com/u6VO-1ZIfWwKk4Cg9-Qbc2CqI58=/0x53:1024x629/800x0/images/Galeries-Lafayette-1612222.jpg" length="0" type="image/jpg"/>
        </item>
        <item>
            <title><![CDATA[La mise en commun des distributeurs de billets de trois grandes banques s'accélère]]></title>
            <link>https://www.bfmtv.com/economie/entreprises/assurance-banque/la-mise-en-commun-des-distributeurs-de-billets-de-trois-grandes-banques-s-accelere_AD-202502110283.html</link>
            <guid>https://www.bfmtv.com/economie/entreprises/assurance-banque/la-mise-en-commun-des-distributeurs-de-billets-de-trois-grandes-banques-s-accelere_AD-202502110283.html</guid>
            <pubDate>Tue, 11 Feb 2025 08:11:30 GMT</pubDate>
            <description><![CDATA[La société commune aux trois groupes bancaires prévoit de passer d'environ 200 sites Cash Services opérationnels aujourd'hui à 300 à la fin du mois de février, plus de 1.000 fin juin et près de 3.000 sites fin 2025. <br /><br /><img src="https://images.bfmtv.com/X1uol0qNvtKVpaPPxeyOZt9YPPo=/7x52:1079x655/800x0/images/-322141.jpg" />]]></description>
            <enclosure url="https://images.bfmtv.com/X1uol0qNvtKVpaPPxeyOZt9YPPo=/7x52:1079x655/800x0/images/-322141.jpg" length="0" type="image/jpg"/>
        </item>
        <item>
            <title><![CDATA[Train à grande vitesse: la Renfe a attiré un million de voyageurs en France]]></title>
            <link>https://www.bfmtv.com/economie/entreprises/transports/train-a-grande-vitesse-la-renfe-a-attire-un-million-de-voyageurs-en-france_AV-202502110183.html</link>
            <guid>https://www.bfmtv.com/economie/entreprises/transports/train-a-grande-vitesse-la-renfe-a-attire-un-million-de-voyageurs-en-france_AV-202502110183.html</guid>
            <pubDate>Tue, 11 Feb 2025 06:42:28 GMT</pubDate>
            <description><![CDATA[L'opérateur espagnol s'est lancé sur le marché hexagonal à l'été 2023 avec deux lignes reliant Lyon et Marseille à Madrid et Barcelone. Une troisième liaison sera lancée cette année.<br /><br /><img src="https://images.bfmtv.com/MoTAQ2gFsoNduVSYnxH5fAO3KmA=/0x107:2048x1259/800x0/images/Renfe-1933199.jpg" />]]></description>
            <enclosure url="https://images.bfmtv.com/MoTAQ2gFsoNduVSYnxH5fAO3KmA=/0x107:2048x1259/800x0/images/Renfe-1933199.jpg" length="0" type="image/jpg"/>
        </item>
        <item>
            <title><![CDATA[Amazon annonce la construction d'un nouveau site de distribution en Eure-et-Loir]]></title>
            <link>https://www.bfmtv.com/economie/entreprises/amazon-annonce-la-construction-d-un-nouveau-site-de-distribution-en-eure-et-loir_AD-202502100889.html</link>
            <guid>https://www.bfmtv.com/economie/entreprises/amazon-annonce-la-construction-d-un-nouveau-site-de-distribution-en-eure-et-loir_AD-202502100889.html</guid>
            <pubDate>Mon, 10 Feb 2025 19:23:25 GMT</pubDate>
            <description><![CDATA[Le groupe américain prévoit l'embauche de 1.000 salariés dans la région. Le site est prévu d'ici fin 2026. <br /><br /><img src="https://images.bfmtv.com/Lw3KBQGPVtiOXwWBx7vllz3wnkc=/4x3:1252x705/800x0/images/-461234.jpg" />]]></description>
            <enclosure url="https://images.bfmtv.com/Lw3KBQGPVtiOXwWBx7vllz3wnkc=/4x3:1252x705/800x0/images/-461234.jpg" length="0" type="image/jpg"/>
        </item>
        <item>
            <title><![CDATA[La Confédération paysanne veut "mettre de la transparence" dans les chambres d'agriculture]]></title>
            <link>https://www.bfmtv.com/economie/entreprises/agriculture/la-confederation-paysanne-veut-mettre-de-la-transparence-dans-les-chambres-d-agriculture_AN-202502100754.html</link>
            <guid>https://www.bfmtv.com/economie/entreprises/agriculture/la-confederation-paysanne-veut-mettre-de-la-transparence-dans-les-chambres-d-agriculture_AN-202502100754.html</guid>
            <pubDate>Mon, 10 Feb 2025 17:27:03 GMT</pubDate>
            <description><![CDATA[La Confédération paysanne est arrivée dans trois départements lors des élections agricoles. Le syndicat agroécologique espère désormais bénéficier d'une meilleure attention de la part du gouvernement.<br /><br /><img src="https://images.bfmtv.com/sHL9OJJ9HkAr7aFNxl1S_nVPb0s=/0x106:2048x1258/800x0/images/Laurence-Marandola-Confederation-paysanne-2030825.jpg" />]]></description>
            <enclosure url="https://images.bfmtv.com/sHL9OJJ9HkAr7aFNxl1S_nVPb0s=/0x106:2048x1258/800x0/images/Laurence-Marandola-Confederation-paysanne-2030825.jpg" length="0" type="image/jpg"/>
        </item>
        <item>
            <title><![CDATA[Après sa percée aux élections agricoles, la Coordination rurale veut "prouver qu'elle est un syndicat responsable"]]></title>
            <link>https://www.bfmtv.com/economie/entreprises/agriculture/apres-sa-percee-aux-elections-agricoles-la-coordination-rurale-veut-prouver-qu-elle-est-un-syndicat-responsable_AN-202502100589.html</link>
            <guid>https://www.bfmtv.com/economie/entreprises/agriculture/apres-sa-percee-aux-elections-agricoles-la-coordination-rurale-veut-prouver-qu-elle-est-un-syndicat-responsable_AN-202502100589.html</guid>
            <pubDate>Mon, 10 Feb 2025 14:40:01 GMT</pubDate>
            <description><![CDATA[La Coordination rurale est arrivée en tête dans une quinzaine de départements à l'issue des récentes élections aux chambres d'agriculture. <br /><br /><img src="https://images.bfmtv.com/C1CIzQtZRfNgS0rqOWW7zqVss3c=/0x106:2048x1258/800x0/images/Veronique-Le-Floc-h-Coordination-rurale-2012400.jpg" />]]></description>
            <enclosure url="https://images.bfmtv.com/C1CIzQtZRfNgS0rqOWW7zqVss3c=/0x106:2048x1258/800x0/images/Veronique-Le-Floc-h-Coordination-rurale-2012400.jpg" length="0" type="image/jpg"/>
        </item>
        <item>
            <title><![CDATA[Le salon du vin Wine Paris ouvre sur fond de craintes de guerre commerciale]]></title>
            <link>https://www.bfmtv.com/economie/entreprises/le-salon-du-vin-wine-paris-ouvre-sur-fond-de-craintes-de-guerre-commerciale_AD-202502100463.html</link>
            <guid>https://www.bfmtv.com/economie/entreprises/le-salon-du-vin-wine-paris-ouvre-sur-fond-de-craintes-de-guerre-commerciale_AD-202502100463.html</guid>
            <pubDate>Mon, 10 Feb 2025 11:54:31 GMT</pubDate>
            <description><![CDATA[Quelque 5.300 exposants de la filière vins et spiritueux sont présents porte de Versailles, dans le sud de Paris, et 50.000 visiteurs sont attendus jusqu'à mercredi. <br /><br /><img src="https://images.bfmtv.com/aCA45m--HCvUTJbJ2q3Zib8p2IM=/0x67:1280x787/800x0/images/Beaujolais-nouveau-d-ou-vient-son-nom-et-pourquoi-sa-vente-est-elle-si-encadree-1978688.jpg" />]]></description>
            <enclosure url="https://images.bfmtv.com/aCA45m--HCvUTJbJ2q3Zib8p2IM=/0x67:1280x787/800x0/images/Beaujolais-nouveau-d-ou-vient-son-nom-et-pourquoi-sa-vente-est-elle-si-encadree-1978688.jpg" length="0" type="image/jpg"/>
        </item>
        <item>
            <title><![CDATA[Orly: un passager se jette d'un avion qui s'apprêtait à décoller]]></title>
            <link>https://www.bfmtv.com/economie/entreprises/transports/orly-un-passager-se-jette-d-un-avion-qui-s-appretait-a-decoller_AN-202502100460.html</link>
            <guid>https://www.bfmtv.com/economie/entreprises/transports/orly-un-passager-se-jette-d-un-avion-qui-s-appretait-a-decoller_AN-202502100460.html</guid>
            <pubDate>Mon, 10 Feb 2025 11:45:51 GMT</pubDate>
            <description><![CDATA[Pour des raisons encore mystérieuses, le passager s'en est pris à une hôtesse de l'air avant de se précipiter vers une issue de secours et de se jeter sur la piste. <br /><br /><img src="https://images.bfmtv.com/uqOCKn8HBfvNJf3uNJSI0afMi-c=/0x104:2000x1229/800x0/images/Le-nouvel-Airbus-A321XLR-d-Iberia-se-prepare-pour-son-vol-de-convoyage-vers-Madrid-1966883.jpg" />]]></description>
            <enclosure url="https://images.bfmtv.com/uqOCKn8HBfvNJf3uNJSI0afMi-c=/0x104:2000x1229/800x0/images/Le-nouvel-Airbus-A321XLR-d-Iberia-se-prepare-pour-son-vol-de-convoyage-vers-Madrid-1966883.jpg" length="0" type="image/jpg"/>
        </item>
        <item>
            <title><![CDATA[Soupçon de corruption entre IBM et la SNCF: Anticor demande au juge d'instruction de poursuivre les investigations]]></title>
            <link>https://www.bfmtv.com/economie/entreprises/soupcon-de-corruption-entre-ibm-et-la-sncf-anticor-demande-au-juge-d-instruction-de-poursuivre-les-investigations_AD-202502100428.html</link>
            <guid>https://www.bfmtv.com/economie/entreprises/soupcon-de-corruption-entre-ibm-et-la-sncf-anticor-demande-au-juge-d-instruction-de-poursuivre-les-investigations_AD-202502100428.html</guid>
            <pubDate>Mon, 10 Feb 2025 11:08:02 GMT</pubDate>
            <description><![CDATA[Les soupçons portent notamment sur le partenariat informatique scellé entre les deux groupes entre 2009 et 2011, devant permettre à la SNCF de réaliser des économies et d'augmenter son chiffre d'affaires. <br /><br /><img src="https://images.bfmtv.com/39qJU_HNTT4Yf8NdiVUYBsVYmjs=/0x41:800x491/800x0/images/-50735.jpg" />]]></description>
            <enclosure url="https://images.bfmtv.com/39qJU_HNTT4Yf8NdiVUYBsVYmjs=/0x41:800x491/800x0/images/-50735.jpg" length="0" type="image/jpg"/>
        </item>
        <item>
            <title><![CDATA["Un million de mines marines dans le monde": Thales livre à la Marine française le premier système de drones anti-mines]]></title>
            <link>https://www.bfmtv.com/economie/entreprises/industries/un-million-de-mines-marines-dans-le-monde-thales-livre-a-la-marine-francaise-le-premier-systeme-de-drones-anti-mines_AD-202502100334.html</link>
            <guid>https://www.bfmtv.com/economie/entreprises/industries/un-million-de-mines-marines-dans-le-monde-thales-livre-a-la-marine-francaise-le-premier-systeme-de-drones-anti-mines_AD-202502100334.html</guid>
            <pubDate>Mon, 10 Feb 2025 09:45:48 GMT</pubDate>
            <description><![CDATA[Ce système comporte un drone de surface équipé du sonar tracté pour la détection et l'identification des mines marines.  <br /><br /><img src="https://images.bfmtv.com/qo9TawQncQNGfA-AwkiHpczmYrY=/1x1:1025x577/800x0/images/Ce-drone-de-lutte-anti-mines-sous-marine-equipera-les-forces-navales-francaise-et-britannique-des-2022-1142626.jpg" />]]></description>
            <enclosure url="https://images.bfmtv.com/qo9TawQncQNGfA-AwkiHpczmYrY=/1x1:1025x577/800x0/images/Ce-drone-de-lutte-anti-mines-sous-marine-equipera-les-forces-navales-francaise-et-britannique-des-2022-1142626.jpg" length="0" type="image/jpg"/>
        </item>
        <item>
            <title><![CDATA[Transilien: la SNCF vise 800 recrutements cette année]]></title>
            <link>https://www.bfmtv.com/economie/entreprises/transports/transilien-la-sncf-vise-800-recrutements-cette-annee_AV-202502100324.html</link>
            <guid>https://www.bfmtv.com/economie/entreprises/transports/transilien-la-sncf-vise-800-recrutements-cette-annee_AV-202502100324.html</guid>
            <pubDate>Mon, 10 Feb 2025 09:29:01 GMT</pubDate>
            <description><![CDATA[La moitié de ces recrutements concerne des conducteurs et conductrices mais le transporteur cherche aussi des agents en gare et des techniciens de maintenance. Si la SNCF recrute assez facilement, elle peine parfois à retenir ses jeunes recrues.<br /><br /><img src="https://images.bfmtv.com/eTC2a4FPexvL-HL1a475kHUTNos=/4x3:1252x705/800x0/images/-459324.jpg" />]]></description>
            <enclosure url="https://images.bfmtv.com/eTC2a4FPexvL-HL1a475kHUTNos=/4x3:1252x705/800x0/images/-459324.jpg" length="0" type="image/jpg"/>
        </item>
        <item>
            <title><![CDATA[SNCF]]></title>
            <link>https://www.bfmtv.com/economie/entreprises/sncf-entreprise-ferroviaire-francaise-trains_DN-202108310516.html</link>
            <guid>https://www.bfmtv.com/economie/entreprises/sncf-entreprise-ferroviaire-francaise-trains_DN-202108310516.html</guid>
            <pubDate>Mon, 10 Feb 2025 09:29:01 GMT</pubDate>
            <description><![CDATA[<img src="https://images.bfmtv.com/q-v1y4v1J6SYkFW2LK4m6py5o5c=/2x60:1122x690/800x0/images/1107545.jpg" />]]></description>
            <enclosure url="https://images.bfmtv.com/q-v1y4v1J6SYkFW2LK4m6py5o5c=/2x60:1122x690/800x0/images/1107545.jpg" length="0" type="image/jpg"/>
        </item>
        <item>
            <title><![CDATA[Il est désormais possible de convertir ses Miles Air France en bons d'achat TGV]]></title>
            <link>https://www.bfmtv.com/economie/entreprises/transports/air-france-il-est-desormais-possible-de-convertir-ses-miles-en-bons-d-achat-tgv_AV-202502100163.html</link>
            <guid>https://www.bfmtv.com/economie/entreprises/transports/air-france-il-est-desormais-possible-de-convertir-ses-miles-en-bons-d-achat-tgv_AV-202502100163.html</guid>
            <pubDate>Mon, 10 Feb 2025 09:20:48 GMT</pubDate>
            <description><![CDATA[Ces bons d’achats (entre 25 et 100 euros) dépendront du nombre de Miles détenus par le passager dans son programme de fidélité Flying Blue d’Air France. <br /><br /><img src="https://images.bfmtv.com/o-9dGXMGnrD527h_teumWQ8DK-g=/0x189:2016x1323/800x0/images/-465933.jpg" />]]></description>
            <enclosure url="https://images.bfmtv.com/o-9dGXMGnrD527h_teumWQ8DK-g=/0x189:2016x1323/800x0/images/-465933.jpg" length="0" type="image/jpg"/>
        </item>
        <item>
            <title><![CDATA["Je ne prends jamais le train": victime d'usurpation d'identité, elle doit près de 22.000 euros à la SNCF]]></title>
            <link>https://www.bfmtv.com/economie/entreprises/transports/je-ne-prends-jamais-le-train-victime-d-usurpation-d-identite-elle-doit-pres-de-22-000-euros-a-la-sncf_AV-202502100238.html</link>
            <guid>https://www.bfmtv.com/economie/entreprises/transports/je-ne-prends-jamais-le-train-victime-d-usurpation-d-identite-elle-doit-pres-de-22-000-euros-a-la-sncf_AV-202502100238.html</guid>
            <pubDate>Mon, 10 Feb 2025 07:36:33 GMT</pubDate>
            <description><![CDATA[Une jeune femme a reçu en deux ans des dizaines d'amendes majorées de la part de l'opérateur. <br /><br /><img src="https://images.bfmtv.com/eja9LZrp6tU2fca-c8NNnIHPRtc=/0x8:1120x638/800x0/images/-144237.jpg" />]]></description>
            <enclosure url="https://images.bfmtv.com/eja9LZrp6tU2fca-c8NNnIHPRtc=/0x8:1120x638/800x0/images/-144237.jpg" length="0" type="image/jpg"/>
        </item>
        <item>
            <title><![CDATA[L'UE "répliquera" à tout nouveau droit de douane américain]]></title>
            <link>https://www.bfmtv.com/economie/entreprises/l-ue-repliquera-a-tout-nouveau-droit-de-douane-americain_AD-202502100208.html</link>
            <guid>https://www.bfmtv.com/economie/entreprises/l-ue-repliquera-a-tout-nouveau-droit-de-douane-americain_AD-202502100208.html</guid>
            <pubDate>Mon, 10 Feb 2025 07:11:53 GMT</pubDate>
            <description><![CDATA[ "Il n'y a aucune hésitation quand il s'agit de défendre nos intérêts", souligne le ministre français des Affaires étrangères Jean-Noël Barrot.<br /><br /><img src="https://images.bfmtv.com/Lhh59XUiQAAvR6bP4PSveoo9BaU=/4x42:1364x807/800x0/images/Le-ministre-francais-de-l-Europe-et-des-Affaires-etrangeres-Jean-Noel-Barrot-le-15-janvier-2025-Photo-d-illustration-2014499.jpg" />]]></description>
            <enclosure url="https://images.bfmtv.com/Lhh59XUiQAAvR6bP4PSveoo9BaU=/4x42:1364x807/800x0/images/Le-ministre-francais-de-l-Europe-et-des-Affaires-etrangeres-Jean-Noel-Barrot-le-15-janvier-2025-Photo-d-illustration-2014499.jpg" length="0" type="image/jpg"/>
        </item>
        <item>
            <title><![CDATA[Inde: le boom du trafic aérien aiguise l'appétit de Boeing et Airbus]]></title>
            <link>https://www.bfmtv.com/economie/entreprises/aeronautique/inde-le-boom-du-trafic-aerien-aiguise-l-appetit-de-boeing-et-airbus_AD-202502100079.html</link>
            <guid>https://www.bfmtv.com/economie/entreprises/aeronautique/inde-le-boom-du-trafic-aerien-aiguise-l-appetit-de-boeing-et-airbus_AD-202502100079.html</guid>
            <pubDate>Mon, 10 Feb 2025 05:38:17 GMT</pubDate>
            <description><![CDATA[Des aéroports qui poussent comme des champignons, des pilotes et des techniciens à former à la pelle, des commandes en pagaille: le trafic aérien explose en Inde et aiguise l'appétit de Boeing et Airbus, à la veille du salon AeroIndia à Bangalore (10-14 février). <br /><br /><img src="https://images.bfmtv.com/eM8iiAWtyw_GiX5nzkfKT8iQdpA=/0x106:2048x1258/800x0/images/Des-avions-d-IndiGo-sur-le-tarmac-de-l-aeroport-international-Netaji-Subhas-Chandra-Bose-a-Kolkata-Inde-le-17-octobre-2019-1142677.jpg" />]]></description>
            <enclosure url="https://images.bfmtv.com/eM8iiAWtyw_GiX5nzkfKT8iQdpA=/0x106:2048x1258/800x0/images/Des-avions-d-IndiGo-sur-le-tarmac-de-l-aeroport-international-Netaji-Subhas-Chandra-Bose-a-Kolkata-Inde-le-17-octobre-2019-1142677.jpg" length="0" type="image/jpg"/>
        </item>
        <item>
            <title><![CDATA["Nous devons être prêts": Emmanuel Macron intime l'UE à réagir face aux droits de douane de Trump]]></title>
            <link>https://www.bfmtv.com/economie/entreprises/emmanuel-macron-nous-devons-etre-prets-face-aux-droits-de-douane-de-trump_AD-202502100055.html</link>
            <guid>https://www.bfmtv.com/economie/entreprises/emmanuel-macron-nous-devons-etre-prets-face-aux-droits-de-douane-de-trump_AD-202502100055.html</guid>
            <pubDate>Mon, 10 Feb 2025 05:20:20 GMT</pubDate>
            <description><![CDATA["Si vous voulez que l'Europe investisse davantage et s'engage dans la sécurité et la défense (...) je pense qu'il est dans l'intérêt des Etats-Unis de ne pas s'en prendre à l'Europe et de ne pas la menacer avec des tarifs douaniers", a souligné le Président français dans une interview à CNN. <br /><br /><img src="https://images.bfmtv.com/tWcjhtimK0jrRr9dsum-d6qpgTQ=/0x28:2048x1180/800x0/images/Emmanuel-Macron-et-Donald-Trump-a-l-Elysee-le-7-decembre-2024-2027693.jpg" />]]></description>
            <enclosure url="https://images.bfmtv.com/tWcjhtimK0jrRr9dsum-d6qpgTQ=/0x28:2048x1180/800x0/images/Emmanuel-Macron-et-Donald-Trump-a-l-Elysee-le-7-decembre-2024-2027693.jpg" length="0" type="image/jpg"/>
        </item>
        <item>
            <title><![CDATA["Soyez patriotes vous-mêmes!": Emmanuel Macron lance un message aux patrons prêts à délocaliser]]></title>
            <link>https://www.bfmtv.com/economie/entreprises/soyez-patriotes-vous-memes-emmanuel-macron-lance-un-message-aux-patrons-prets-a-delocaliser_AD-202502090431.html</link>
            <guid>https://www.bfmtv.com/economie/entreprises/soyez-patriotes-vous-memes-emmanuel-macron-lance-un-message-aux-patrons-prets-a-delocaliser_AD-202502090431.html</guid>
            <pubDate>Sun, 09 Feb 2025 20:22:05 GMT</pubDate>
            <description><![CDATA[Emmanuel Macron s'est adressé aux patrons prêts à délocaliser leurs activités, estimant qu'il ne les avait "parfois pas assez entendu ces sept dernières années".<br /><br /><img src="https://images.bfmtv.com/NrGohytFL3vtrvYWLgEdpVh5VT4=/0x40:768x472/800x0/images/Emmanuel-Macron-a-l-Elysee-le-28-novembre-2024-1993398.jpg" />]]></description>
            <enclosure url="https://images.bfmtv.com/NrGohytFL3vtrvYWLgEdpVh5VT4=/0x40:768x472/800x0/images/Emmanuel-Macron-a-l-Elysee-le-28-novembre-2024-1993398.jpg" length="0" type="image/jpg"/>
        </item>
        <item>
            <title><![CDATA["Nous avons commencé à paniquer": un avion d'Easyjet atterrit en urgence après un malaise du pilote]]></title>
            <link>https://www.bfmtv.com/economie/entreprises/aeronautique/nous-avons-commence-a-paniquer-un-avion-reliant-l-egypte-a-l-angleterre-atterrit-en-urgence-apres-un-malaise-du-pilote_AN-202502090415.html</link>
            <guid>https://www.bfmtv.com/economie/entreprises/aeronautique/nous-avons-commence-a-paniquer-un-avion-reliant-l-egypte-a-l-angleterre-atterrit-en-urgence-apres-un-malaise-du-pilote_AN-202502090415.html</guid>
            <pubDate>Sun, 09 Feb 2025 19:34:07 GMT</pubDate>
            <description><![CDATA[Un vol EasyJet, qui reliait la ville d'Hurghada à celle de Manchester, a dû atterrir en urgence, après le malaise d'un pilote. Les passagers sont depuis bloqués à Athènes.<br /><br /><img src="https://images.bfmtv.com/NDiEILL2iDfq1qOadITtLPms0VQ=/0x106:2048x1258/800x0/images/Image-d-illustration-un-avion-Easy-Jet-au-decollage-1071735.jpg" />]]></description>
            <enclosure url="https://images.bfmtv.com/NDiEILL2iDfq1qOadITtLPms0VQ=/0x106:2048x1258/800x0/images/Image-d-illustration-un-avion-Easy-Jet-au-decollage-1071735.jpg" length="0" type="image/jpg"/>
        </item>
        <item>
            <title><![CDATA[Hausse de la taxe sur les billets d'avion: Air France alerte sur une baisse de résultat d'environ 100 millions d'euros]]></title>
            <link>https://www.bfmtv.com/economie/entreprises/transports/hausse-de-la-taxe-sur-les-billets-d-avion-air-france-alerte-sur-une-baisse-de-resultat-d-environ-100-millions-d-euros_AD-202502090190.html</link>
            <guid>https://www.bfmtv.com/economie/entreprises/transports/hausse-de-la-taxe-sur-les-billets-d-avion-air-france-alerte-sur-une-baisse-de-resultat-d-environ-100-millions-d-euros_AD-202502090190.html</guid>
            <pubDate>Sun, 09 Feb 2025 10:36:47 GMT</pubDate>
            <description><![CDATA[Dans La Tribune Dimanche, la directrice générale d'Air France, Anne Rigail, alerte sur les effets pervers de la mesure, inscrite au budget 2025.<br /><br /><img src="https://images.bfmtv.com/Eak3FhO21gUtKLN1Kr-Hvl07IiY=/55x0:1255x675/800x0/images/-335038.jpg" />]]></description>
            <enclosure url="https://images.bfmtv.com/Eak3FhO21gUtKLN1Kr-Hvl07IiY=/55x0:1255x675/800x0/images/-335038.jpg" length="0" type="image/jpg"/>
        </item>
        <item>
            <title><![CDATA[Bretagne: victime des inondations, l'agriculture peut-elle aussi être une solution?]]></title>
            <link>https://www.bfmtv.com/economie/entreprises/agriculture/bretagne-victime-des-inondations-l-agriculture-peut-elle-aussi-etre-une-solution_AD-202502090134.html</link>
            <guid>https://www.bfmtv.com/economie/entreprises/agriculture/bretagne-victime-des-inondations-l-agriculture-peut-elle-aussi-etre-une-solution_AD-202502090134.html</guid>
            <pubDate>Sun, 09 Feb 2025 08:52:53 GMT</pubDate>
            <description><![CDATA[Les crues en Ille-et-Vilaine ont ravagé les exploitations agricoles. Mais en travaillant sur son modèle, l'agriculture bretonne peut aussi aider à limiter l'impact de crues futures.<br /><br /><img src="https://images.bfmtv.com/0PRUNxRu3tBCrFUeVfRkpLZClFs=/0x0:1920x1080/800x0/images/Des-images-aeriennes-du-secteur-de-Redon-sous-les-eaux-dans-l-Ille-et-Vilaine-ce-mardi-28-janvier-2025-apres-des-crues-historiques-2023087.jpg" />]]></description>
            <enclosure url="https://images.bfmtv.com/0PRUNxRu3tBCrFUeVfRkpLZClFs=/0x0:1920x1080/800x0/images/Des-images-aeriennes-du-secteur-de-Redon-sous-les-eaux-dans-l-Ille-et-Vilaine-ce-mardi-28-janvier-2025-apres-des-crues-historiques-2023087.jpg" length="0" type="image/jpg"/>
        </item>
        <item>
            <title><![CDATA[L'armée française commande 530 blindés légers Serval]]></title>
            <link>https://www.bfmtv.com/economie/entreprises/defense/l-armee-francaise-commande-530-blindes-legers-serval_AD-202502080242.html</link>
            <guid>https://www.bfmtv.com/economie/entreprises/defense/l-armee-francaise-commande-530-blindes-legers-serval_AD-202502080242.html</guid>
            <pubDate>Sat, 08 Feb 2025 11:25:02 GMT</pubDate>
            <description><![CDATA[La France a commandé 530 blindés légers Serval destinés à moderniser les équipements de son armée de terre, pour plus d'un milliard d'euros.<br /><br /><img src="https://images.bfmtv.com/yAUCy4pRebll7GI3t2lmOEAQEkM=/0x192:2048x1344/800x0/images/Un-blinde-Serval-devant-le-ministere-des-Armees-1607804.jpg" />]]></description>
            <enclosure url="https://images.bfmtv.com/yAUCy4pRebll7GI3t2lmOEAQEkM=/0x192:2048x1344/800x0/images/Un-blinde-Serval-devant-le-ministere-des-Armees-1607804.jpg" length="0" type="image/jpg"/>
        </item>
        <item>
            <title><![CDATA["Attention aux idées reçues": le ski est-il vraiment une activité réservée aux privilégiés?]]></title>
            <link>https://www.bfmtv.com/economie/entreprises/culture-loisirs/attention-aux-idees-recues-le-ski-est-il-vraiment-une-activite-reservee-aux-privilegies_AN-202502080216.html</link>
            <guid>https://www.bfmtv.com/economie/entreprises/culture-loisirs/attention-aux-idees-recues-le-ski-est-il-vraiment-une-activite-reservee-aux-privilegies_AN-202502080216.html</guid>
            <pubDate>Sat, 08 Feb 2025 10:33:34 GMT</pubDate>
            <description><![CDATA[Une étude d'Atout France bat en brèche la vision d'une pratique réservée aux nantis. Si les vacances à la neige sont coûteuses, de nombreux foyers de la classe moyenne sont prêts à faire des sacrifices.<br /><br /><img src="https://images.bfmtv.com/Iato0lc7vsJ2eLLoKUkvm-wY1EM=/0x106:2048x1258/800x0/images/Ski-France-2029282.jpg" />]]></description>
            <enclosure url="https://images.bfmtv.com/Iato0lc7vsJ2eLLoKUkvm-wY1EM=/0x106:2048x1258/800x0/images/Ski-France-2029282.jpg" length="0" type="image/jpg"/>
        </item>
        <item>
            <title><![CDATA[A89, A72... Entre neige et départs en vacances, ce samedi s'annonce "très difficile" sur les routes]]></title>
            <link>https://www.bfmtv.com/economie/entreprises/transports/a89-a72-entre-neige-et-depart-en-vacances-ce-samedi-s-annonce-tres-difficile-sur-les-routes_AN-202502080061.html</link>
            <guid>https://www.bfmtv.com/economie/entreprises/transports/a89-a72-entre-neige-et-depart-en-vacances-ce-samedi-s-annonce-tres-difficile-sur-les-routes_AN-202502080061.html</guid>
            <pubDate>Sat, 08 Feb 2025 05:45:23 GMT</pubDate>
            <description><![CDATA[Dans son bulletin de ce samedi 8 février, Bison Futé voit rouge sur tout le tiers Est du pays en ce qui concerne le trafic routier. La neige "lourde et collante" ne va pas faciliter le trafic sur plusieurs axes autoroutiers.<br /><br /><img src="https://images.bfmtv.com/JXEfm-4lNgdZX3xVO-eDdhj_RaE=/0x40:768x472/800x0/images/Un-bouchon-sur-la-RN90-entre-Albertville-et-Moutiers-dans-la-vallee-alpine-de-la-Tarentaise-le-30-decembre-2017-2025667.jpg" />]]></description>
            <enclosure url="https://images.bfmtv.com/JXEfm-4lNgdZX3xVO-eDdhj_RaE=/0x40:768x472/800x0/images/Un-bouchon-sur-la-RN90-entre-Albertville-et-Moutiers-dans-la-vallee-alpine-de-la-Tarentaise-le-30-decembre-2017-2025667.jpg" length="0" type="image/jpg"/>
        </item>
        <item>
            <title><![CDATA[Cadences, conditions de travail, travail le dimanche… Les revendications des salariés de Lidl en grève illimitée]]></title>
            <link>https://www.bfmtv.com/economie/entreprises/cadences-conditions-de-travail-travail-le-dimanche-les-revendications-des-salaries-de-lidl-en-greve-illimitee_VN-202502070867.html</link>
            <guid>https://www.bfmtv.com/economie/entreprises/cadences-conditions-de-travail-travail-le-dimanche-les-revendications-des-salaries-de-lidl-en-greve-illimitee_VN-202502070867.html</guid>
            <pubDate>Fri, 07 Feb 2025 19:18:36 GMT</pubDate>
            <description><![CDATA[Une grève illimitée est en cours ce vendredi chez Lidl. D'après les syndicats contactés par BFM Business, environ 300 magasins ainsi qu'une vingtaine d'entrepôts ont été affectés.<br /><br /><img src="https://images.bfmtv.com/xopvrLqDt0T4c9V4o2pvNqQSDTM=/0x0:1280x720/800x0/images/Cadences-conditions-de-travail-travail-le-dimanche-Les-revendications-des-salaries-de-Lidl-en-greve-illimitee-2029514.jpg" />]]></description>
            <enclosure url="https://images.bfmtv.com/xopvrLqDt0T4c9V4o2pvNqQSDTM=/0x0:1280x720/800x0/images/Cadences-conditions-de-travail-travail-le-dimanche-Les-revendications-des-salaries-de-Lidl-en-greve-illimitee-2029514.jpg" length="0" type="image/jpg"/>
        </item>
    </channel>
</rss>