<?xml version="1.0" encoding="utf-8"?>
<rss version="2.0" xmlns:atom="http://www.w3.org/2005/Atom">
    <channel>
        <title>Home Auto - actualités</title>
        <link>https://www.bfmtv.com/auto/</link>
        <description>Retrouvez les conseils et l'actu auto-moto en temps réel sur BFM Auto: Essais, salons automobiles, voitures électriques, deux roues, et dernières nouveautés</description>
        <lastBuildDate>Tue, 11 Feb 2025 15:44:31 GMT</lastBuildDate>
        <docs>http://blogs.law.harvard.edu/tech/rss</docs>
        <generator>BFMTV</generator>
        <language>fr</language>
        <image>
            <title>Home Auto - actualités</title>
            <url>https://www.bfmtv.com/assets/v11/images/BFMTV_default_16x9.8715a163008e9f3fc3799c8e2c6ebafa.jpg</url>
            <link>https://www.bfmtv.com/auto/</link>
        </image>
        <copyright>Copyright BFMTV</copyright>
        <category>Home Auto - actualités</category>
        <atom:link href="https://www.bfmtv.com/auto/" rel="self" type="application/rss+xml"/>
        <item>
            <title><![CDATA[Des conducteurs interpellés en France pour du CBD acheté en Suisse: la mise en garde des autorités]]></title>
            <link>https://www.bfmtv.com/auto/des-conducteurs-interpelles-en-france-pour-du-cbd-achete-en-suisse-la-mise-en-garde-des-autorites_AN-202502110577.html</link>
            <guid>https://www.bfmtv.com/auto/des-conducteurs-interpelles-en-france-pour-du-cbd-achete-en-suisse-la-mise-en-garde-des-autorites_AN-202502110577.html</guid>
            <pubDate>Tue, 11 Feb 2025 14:36:08 GMT</pubDate>
            <description><![CDATA[La procureure de la République d'Annecy, Line Bonnet, fait part d'un nombre grandissant de conducteurs hauts-savoyards arrêtés pour conduite sous stupéfiants. S'ils ont pu affirmer n'avoir consommé que du CBD suisse, les réglementations sont bien différentes entre les deux pays?<br /><br /><img src="https://images.bfmtv.com/4Wc2mCYxyArLaqO34au7IguXGOc=/0x40:768x472/800x0/images/Fleurs-de-CBD-sechees-photo-prise-le-16-fevrier-2022-a-Paris-1548045.jpg" />]]></description>
            <enclosure url="https://images.bfmtv.com/4Wc2mCYxyArLaqO34au7IguXGOc=/0x40:768x472/800x0/images/Fleurs-de-CBD-sechees-photo-prise-le-16-fevrier-2022-a-Paris-1548045.jpg" length="0" type="image/jpg"/>
        </item>
        <item>
            <title><![CDATA["On doit donner du fric à ce type?": le comportement d'Elon Musk fait-il baisser les ventes de Tesla?]]></title>
            <link>https://www.bfmtv.com/auto/on-doit-donner-du-fric-a-ce-type-le-comportement-d-elon-musk-fait-il-baisser-les-ventes-de-tesla_AD-202502110256.html</link>
            <guid>https://www.bfmtv.com/auto/on-doit-donner-du-fric-a-ce-type-le-comportement-d-elon-musk-fait-il-baisser-les-ventes-de-tesla_AD-202502110256.html</guid>
            <pubDate>Tue, 11 Feb 2025 07:54:53 GMT</pubDate>
            <description><![CDATA[Les prises de position d'Elon Musk aux côtés de Donald Trump font "peur" à des acheteurs de Tesla en Europe et des appels au boycott ont été lancés. Mais il reste difficile d'évaluer à quel point le milliardaire effraie les potentiels clients. <br /><br /><img src="https://images.bfmtv.com/GPjTP3zFJCe4VW_8UaSog0t2_s8=/0x58:2048x1210/800x0/images/Sticker-Tesla-anti-Elon-Musk-2030811.jpg" />]]></description>
            <enclosure url="https://images.bfmtv.com/GPjTP3zFJCe4VW_8UaSog0t2_s8=/0x58:2048x1210/800x0/images/Sticker-Tesla-anti-Elon-Musk-2030811.jpg" length="0" type="image/jpg"/>
        </item>
        <item>
            <title><![CDATA[Renault dévoile ses nouveaux utilitaires électriques Estafette, Goelette et Trafic]]></title>
            <link>https://www.bfmtv.com/auto/nouveautes/renault-devoile-ses-nouveaux-utilitaires-electriques-estafette-goelette-et-trafic_AN-202502100493.html</link>
            <guid>https://www.bfmtv.com/auto/nouveautes/renault-devoile-ses-nouveaux-utilitaires-electriques-estafette-goelette-et-trafic_AN-202502100493.html</guid>
            <pubDate>Mon, 10 Feb 2025 12:30:51 GMT</pubDate>
            <description><![CDATA[La marque au losange vient de dévoiler ses futurs utilitaires 100% électriques. Des modèles qui seront lancés en 2026 et qui seront produits à l'usine de Sandouville.<br /><br /><img src="https://images.bfmtv.com/E2tjTxX5TDMISwDiIKmXESQ3pjo=/0x0:2048x1152/800x0/images/Renault-2030594.jpg" />]]></description>
            <enclosure url="https://images.bfmtv.com/E2tjTxX5TDMISwDiIKmXESQ3pjo=/0x0:2048x1152/800x0/images/Renault-2030594.jpg" length="0" type="image/jpg"/>
        </item>
        <item>
            <title><![CDATA[Vacances d'hiver: premiers bouchons vers les stations de ski]]></title>
            <link>https://www.bfmtv.com/auto/vacances-d-hiver-premiers-bouchons-vers-les-stations-de-ski_AD-202502080188.html</link>
            <guid>https://www.bfmtv.com/auto/vacances-d-hiver-premiers-bouchons-vers-les-stations-de-ski_AD-202502080188.html</guid>
            <pubDate>Sat, 08 Feb 2025 09:44:16 GMT</pubDate>
            <description><![CDATA[Avec les premiers départs en vacances d'hiver, une soixantaine de kilomètres de bouchons encombrait déjà samedi matin les routes d'Isère et de Savoie.<br /><br /><img src="https://images.bfmtv.com/JNWvUKOvUR7Jr7OYmNbYbu6Ajfc=/4x3:1252x705/800x0/images/-147406.jpg" />]]></description>
            <enclosure url="https://images.bfmtv.com/JNWvUKOvUR7Jr7OYmNbYbu6Ajfc=/4x3:1252x705/800x0/images/-147406.jpg" length="0" type="image/jpg"/>
        </item>
        <item>
            <title><![CDATA[Malus automobile: votre voiture est-elle concernée par le durcissement du barème?]]></title>
            <link>https://www.bfmtv.com/auto/malus-automobile-votre-voiture-est-elle-concernee-par-le-durcissement-du-bareme_AV-202502060680.html</link>
            <guid>https://www.bfmtv.com/auto/malus-automobile-votre-voiture-est-elle-concernee-par-le-durcissement-du-bareme_AV-202502060680.html</guid>
            <pubDate>Thu, 06 Feb 2025 16:18:52 GMT</pubDate>
            <description><![CDATA[À partir du 1er mars, le nouveau barème du malus automobile entrera en vigueur. Les critères sont durcis et la facture va s'alourdir progressivement au cours des prochaines années, y compris pour des véhicules très vendus.<br /><br /><img src="https://images.bfmtv.com/GIui3z4rh3vBGuIfvvOHUrOVuYc=/6x0:2022x1134/800x0/images/Peugeot-208-restylee-juillet-2023-1669931.jpg" />]]></description>
            <enclosure url="https://images.bfmtv.com/GIui3z4rh3vBGuIfvvOHUrOVuYc=/6x0:2022x1134/800x0/images/Peugeot-208-restylee-juillet-2023-1669931.jpg" length="0" type="image/jpg"/>
        </item>
        <item>
            <title><![CDATA[Volkswagen donne des nouvelles de sa future voiture électrique à 20.000 euros]]></title>
            <link>https://www.bfmtv.com/auto/volkswagen-donne-des-nouvelles-de-sa-future-voiture-electrique-a-20-000-euros_AV-202502060643.html</link>
            <guid>https://www.bfmtv.com/auto/volkswagen-donne-des-nouvelles-de-sa-future-voiture-electrique-a-20-000-euros_AV-202502060643.html</guid>
            <pubDate>Thu, 06 Feb 2025 15:40:29 GMT</pubDate>
            <description><![CDATA[La marque allemande dévoilera en mars un "show car" qui donnera un aperçu de sa voiture électrique d'entrée de gamme à 20.000 euros attendue pour 2027. Un autre modèle à moins de 25.000 euros est lui confirmé pour 2026.<br /><br /><img src="https://images.bfmtv.com/XpHTzZbsAqHbSANqcDq59t_AHgk=/8x4:2040x1147/800x0/images/Volkswagen-voiture-electrique-20-000-euros-2028560.jpg" />]]></description>
            <enclosure url="https://images.bfmtv.com/XpHTzZbsAqHbSANqcDq59t_AHgk=/8x4:2040x1147/800x0/images/Volkswagen-voiture-electrique-20-000-euros-2028560.jpg" length="0" type="image/jpg"/>
        </item>
        <item>
            <title><![CDATA[Malus automobile: vers une surtaxe pouvant atteindre 70.000 euros en 2025]]></title>
            <link>https://www.bfmtv.com/auto/malus-automobile-vers-une-surtaxe-pouvant-atteindre-70-000-euros-en-2025_AV-202502030576.html</link>
            <guid>https://www.bfmtv.com/auto/malus-automobile-vers-une-surtaxe-pouvant-atteindre-70-000-euros-en-2025_AV-202502030576.html</guid>
            <pubDate>Thu, 06 Feb 2025 14:57:22 GMT</pubDate>
            <description><![CDATA[Le projet de budget 2025 fixe les montants du malus automobile, cette surtaxe qui cible les véhicules émettant le plus de CO2, pour cette année et jusqu'à 2027. Avec un plafond qui passerait de 70.000 à 90.000 euros sur cette période. <br /><br /><img src="https://images.bfmtv.com/Ru59xuYxPghAwxYmbRM-J9wqFUI=/0x212:2048x1364/800x0/images/L-Assemblee-nationale-le-10-juin-2024-photo-d-illustration-2023888.jpg" />]]></description>
            <enclosure url="https://images.bfmtv.com/Ru59xuYxPghAwxYmbRM-J9wqFUI=/0x212:2048x1364/800x0/images/L-Assemblee-nationale-le-10-juin-2024-photo-d-illustration-2023888.jpg" length="0" type="image/jpg"/>
        </item>
        <item>
            <title><![CDATA["Un vol de voiture toutes les 4 minutes": comment Coyote a récupéré pour 52 millions d'euros de véhicules volés en 2024]]></title>
            <link>https://www.bfmtv.com/auto/un-vol-de-voiture-toutes-les-4-minutes-comment-coyote-a-recupere-pour-52-millions-d-euros-de-vehicules-voles-en-2024_AV-202502060297.html</link>
            <guid>https://www.bfmtv.com/auto/un-vol-de-voiture-toutes-les-4-minutes-comment-coyote-a-recupere-pour-52-millions-d-euros-de-vehicules-voles-en-2024_AV-202502060297.html</guid>
            <pubDate>Thu, 06 Feb 2025 08:33:22 GMT</pubDate>
            <description><![CDATA[L'entreprise française Coyote, connue pour ses assistants de conduite, propose aussi une solution antivol qui équipe près de 500.000 véhicules en France. De quoi réduire la facture pour les assureurs.<br /><br /><img src="https://images.bfmtv.com/aRCc00hLRMf283g3UP3nlc6uOzc=/0x189:2016x1323/800x0/images/Voitures-volees-2028037.jpg" />]]></description>
            <enclosure url="https://images.bfmtv.com/aRCc00hLRMf283g3UP3nlc6uOzc=/0x189:2016x1323/800x0/images/Voitures-volees-2028037.jpg" length="0" type="image/jpg"/>
        </item>
        <item>
            <title><![CDATA[LE REPORTAGE DU 20H - La mythique Citroën DS fête ses 70 ans ]]></title>
            <link>https://www.bfmtv.com/auto/le-reportage-du-20h-la-mythique-citroen-ds-fete-ses-70-ans_VN-202502050898.html</link>
            <guid>https://www.bfmtv.com/auto/le-reportage-du-20h-la-mythique-citroen-ds-fete-ses-70-ans_VN-202502050898.html</guid>
            <pubDate>Wed, 05 Feb 2025 19:42:03 GMT</pubDate>
            <description><![CDATA[La Citroën DS fête ses 70 ans cette année. Elle est la star du salon Rétromobile, dédié aux voitures de collection, qui ouvre ses portes ce mercredi.<br /><br /><img src="https://images.bfmtv.com/4gEYV4H-us5AdsHyylTYAI_crHA=/0x0:1280x720/800x0/images/LE-REPORTAGE-DU-20H-La-mythique-Citroen-DS-fete-ses-70-ans-2028092.jpg" />]]></description>
            <enclosure url="https://images.bfmtv.com/4gEYV4H-us5AdsHyylTYAI_crHA=/0x0:1280x720/800x0/images/LE-REPORTAGE-DU-20H-La-mythique-Citroen-DS-fete-ses-70-ans-2028092.jpg" length="0" type="image/jpg"/>
        </item>
        <item>
            <title><![CDATA[Sécurité routière: le gyrophare ne sera pas obligatoire pour les Français de passage en Espagne]]></title>
            <link>https://www.bfmtv.com/auto/securite-routiere-le-gyrophare-ne-sera-pas-obligatoire-pour-les-francais-de-passage-en-espagne_AV-202502050665.html</link>
            <guid>https://www.bfmtv.com/auto/securite-routiere-le-gyrophare-ne-sera-pas-obligatoire-pour-les-francais-de-passage-en-espagne_AV-202502050665.html</guid>
            <pubDate>Wed, 05 Feb 2025 16:02:57 GMT</pubDate>
            <description><![CDATA[Alors que l'Espagne va imposer de disposer d'un gyrophare à bord en remplacement du triangle de pré-signalisation en 2026, cet équipement ne sera pas obligatoire pour les voyageurs étrangers de passage. <br /><br /><img src="https://images.bfmtv.com/c2hNcraRV2gSVADCXfLZjBKbUPA=/5x99:1045x684/800x0/images/Gyrophare-accident-Espagne-2027888.jpg" />]]></description>
            <enclosure url="https://images.bfmtv.com/c2hNcraRV2gSVADCXfLZjBKbUPA=/5x99:1045x684/800x0/images/Gyrophare-accident-Espagne-2027888.jpg" length="0" type="image/jpg"/>
        </item>
        <item>
            <title><![CDATA[Les ventes de Tesla ont chuté de 60% sur un an en Allemagne]]></title>
            <link>https://www.bfmtv.com/auto/les-ventes-de-tesla-ont-chute-de-60-sur-un-an-en-allemagne_AD-202502050618.html</link>
            <guid>https://www.bfmtv.com/auto/les-ventes-de-tesla-ont-chute-de-60-sur-un-an-en-allemagne_AD-202502050618.html</guid>
            <pubDate>Wed, 05 Feb 2025 15:03:48 GMT</pubDate>
            <description><![CDATA[La chute des ventes est marquée par l'arrêt des bonus à l'achat ainsi que l'inflation, tandis que les critiques à l'égard d'Elon Musk se sont multipliées. Mais les perspectives pour 2025 sont optimistes. <br /><br /><img src="https://images.bfmtv.com/Zt2Xi9Wv7Jda6zAVAND1vEgNtWc=/0x916:784x1357/800x0/images/Tesla-restyle-le-Model-Y-debut-janvier-2025-2010977.jpg" />]]></description>
            <enclosure url="https://images.bfmtv.com/Zt2Xi9Wv7Jda6zAVAND1vEgNtWc=/0x916:784x1357/800x0/images/Tesla-restyle-le-Model-Y-debut-janvier-2025-2010977.jpg" length="0" type="image/jpg"/>
        </item>
        <item>
            <title><![CDATA["Ce qui plaît, c'est le côté nostalgique": La Citroën DS fête ses 70 ans]]></title>
            <link>https://www.bfmtv.com/auto/ce-qui-plait-c-est-le-cote-nostalgique-la-citroen-ds-fete-ses-70-ans_VN-202502050164.html</link>
            <guid>https://www.bfmtv.com/auto/ce-qui-plait-c-est-le-cote-nostalgique-la-citroen-ds-fete-ses-70-ans_VN-202502050164.html</guid>
            <pubDate>Wed, 05 Feb 2025 06:21:29 GMT</pubDate>
            <description><![CDATA[La Citroën DS fête ses 70 ans cette année. Elle est la star du salon Rétromobile, dédié aux voitures de collection, qui ouvre ses portes ce mercredi.<br /><br /><img src="https://images.bfmtv.com/8OdlCWLpMxM0CRdQmcsbvqxARW8=/0x0:1280x720/800x0/images/Ce-qui-plait-c-est-le-cote-nostalgique-La-Citroen-DS-fete-ses-70-ans-2027516.jpg" />]]></description>
            <enclosure url="https://images.bfmtv.com/8OdlCWLpMxM0CRdQmcsbvqxARW8=/0x0:1280x720/800x0/images/Ce-qui-plait-c-est-le-cote-nostalgique-La-Citroen-DS-fete-ses-70-ans-2027516.jpg" length="0" type="image/jpg"/>
        </item>
        <item>
            <title><![CDATA[En Europe, les constructeurs automobiles chinois ciblent en priorité les marchés nordiques et du Sud]]></title>
            <link>https://www.bfmtv.com/auto/en-europe-les-constructeurs-automobiles-chinois-ciblent-en-priorite-les-marches-nordiques-et-du-sud_AV-202502040721.html</link>
            <guid>https://www.bfmtv.com/auto/en-europe-les-constructeurs-automobiles-chinois-ciblent-en-priorite-les-marches-nordiques-et-du-sud_AV-202502040721.html</guid>
            <pubDate>Tue, 04 Feb 2025 16:55:24 GMT</pubDate>
            <description><![CDATA[D'après une étude, les fabricants chinois de voitures ciblent les marchés nordiques, riches en véhicules électriques, et les marchés du Sud de l'Europe, plus sensibles aux prix. Les grands marchés comme la France et l'Allemagne semblent difficiles à cibler. <br /><br /><img src="https://images.bfmtv.com/vI7x6tXF8M4YhMDvJFB4qsnZZm0=/7x111:2039x1254/800x0/images/Leapmotor-T03-1851363.jpg" />]]></description>
            <enclosure url="https://images.bfmtv.com/vI7x6tXF8M4YhMDvJFB4qsnZZm0=/7x111:2039x1254/800x0/images/Leapmotor-T03-1851363.jpg" length="0" type="image/jpg"/>
        </item>
        <item>
            <title><![CDATA[En Bourgogne, un conducteur suit son GPS et finit au fond d'un canal]]></title>
            <link>https://www.bfmtv.com/auto/en-bourgogne-un-conducteur-suit-son-gps-et-finit-au-fond-d-un-canal_AN-202502040399.html</link>
            <guid>https://www.bfmtv.com/auto/en-bourgogne-un-conducteur-suit-son-gps-et-finit-au-fond-d-un-canal_AN-202502040399.html</guid>
            <pubDate>Tue, 04 Feb 2025 10:52:57 GMT</pubDate>
            <description><![CDATA[Un automobiliste a fini au fond du canal de Bourgogne à Dijon en expliquant avoir suivi son signal GPS.<br /><br /><img src="https://images.bfmtv.com/wAGDraXuugGhSdTu1XO7mh3WMm4=/0x0:1920x1080/800x0/images/74-des-automobilistes-utilisent-leur-smartphone-en-voiture-1638956.jpg" />]]></description>
            <enclosure url="https://images.bfmtv.com/wAGDraXuugGhSdTu1XO7mh3WMm4=/0x0:1920x1080/800x0/images/74-des-automobilistes-utilisent-leur-smartphone-en-voiture-1638956.jpg" length="0" type="image/jpg"/>
        </item>
        <item>
            <title><![CDATA[Paris: une voie réservée au covoiturage instaurée sur le périphérique en mars]]></title>
            <link>https://www.bfmtv.com/auto/paris-une-voie-reservee-au-covoiturage-instauree-sur-le-peripherique-en-mars_VN-202502040165.html</link>
            <guid>https://www.bfmtv.com/auto/paris-une-voie-reservee-au-covoiturage-instauree-sur-le-peripherique-en-mars_VN-202502040165.html</guid>
            <pubDate>Tue, 04 Feb 2025 06:49:26 GMT</pubDate>
            <description><![CDATA[Une voie réservée au covoiturage sera instaurée sur le périphérique parisien à partir du lundi 3 mars. Des tronçons des autoroutes A1 et A13 seront également concernés. <br /><br /><img src="https://images.bfmtv.com/8l-gcgW7m32BeYMk3YFbBH_WJNs=/0x0:1280x720/800x0/images/Paris-une-voie-reservee-au-covoiturage-instauree-sur-le-peripherique-en-mars-2026824.jpg" />]]></description>
            <enclosure url="https://images.bfmtv.com/8l-gcgW7m32BeYMk3YFbBH_WJNs=/0x0:1280x720/800x0/images/Paris-une-voie-reservee-au-covoiturage-instauree-sur-le-peripherique-en-mars-2026824.jpg" length="0" type="image/jpg"/>
        </item>
        <item>
            <title><![CDATA[Paris: la voie de covoiturage sur le périphérique démarrera le 3 mars]]></title>
            <link>https://www.bfmtv.com/auto/paris-la-voie-de-covoiturage-sur-le-peripherique-demarrera-le-3-mars_AN-202502030719.html</link>
            <guid>https://www.bfmtv.com/auto/paris-la-voie-de-covoiturage-sur-le-peripherique-demarrera-le-3-mars_AN-202502030719.html</guid>
            <pubDate>Mon, 03 Feb 2025 18:58:55 GMT</pubDate>
            <description><![CDATA[Le premier lundi du mois de mars marquera les débuts de la voie réservée au covoiturage sur le périphérique parisien, l'A1, l'A12 et l'A13. Une première phase pédagogique avant le début de la verbalisation prévu pour le 1er mai.<br /><br /><img src="https://images.bfmtv.com/jcodNwqU4ksf5IVLBOsQMvc5CT0=/0x106:2048x1258/800x0/images/Calendrier-travaux-amendes-Ce-qu-il-faut-savoir-sur-le-passage-a-50-km-h-du-peripherique-parisien-1946850.jpg" />]]></description>
            <enclosure url="https://images.bfmtv.com/jcodNwqU4ksf5IVLBOsQMvc5CT0=/0x106:2048x1258/800x0/images/Calendrier-travaux-amendes-Ce-qu-il-faut-savoir-sur-le-passage-a-50-km-h-du-peripherique-parisien-1946850.jpg" length="0" type="image/jpg"/>
        </item>
        <item>
            <title><![CDATA[Chez Stellantis, John Elkann continue de faire le ménage]]></title>
            <link>https://www.bfmtv.com/auto/chez-stellantis-john-elkann-continue-de-faire-le-menage_AN-202502030727.html</link>
            <guid>https://www.bfmtv.com/auto/chez-stellantis-john-elkann-continue-de-faire-le-menage_AN-202502030727.html</guid>
            <pubDate>Mon, 03 Feb 2025 16:37:46 GMT</pubDate>
            <description><![CDATA[Quatre dirigeants et figures de l'époque PSA quittent leur poste au sein du constructeur automobile. La nouvelle organisation de l'ère post-Tavares se met en place, en attendant son successeur.<br /><br /><img src="https://images.bfmtv.com/NUWaHw7yi8bv0rIOarsq_BBh1vY=/0x73:464x334/800x0/images/-476340.jpg" />]]></description>
            <enclosure url="https://images.bfmtv.com/NUWaHw7yi8bv0rIOarsq_BBh1vY=/0x73:464x334/800x0/images/-476340.jpg" length="0" type="image/jpg"/>
        </item>
        <item>
            <title><![CDATA[Angell: voici comment vous faire rembourser votre vélo connecté]]></title>
            <link>https://www.bfmtv.com/auto/deux-roues/angell-voici-comment-vous-faire-rembourser-votre-velo-connecte_AV-202502030539.html</link>
            <guid>https://www.bfmtv.com/auto/deux-roues/angell-voici-comment-vous-faire-rembourser-votre-velo-connecte_AV-202502030539.html</guid>
            <pubDate>Mon, 03 Feb 2025 12:48:54 GMT</pubDate>
            <description><![CDATA[Avec la fin de l'aventure Angell, il reste un moyen pour les possesseurs de vélo de première génération d'obtenir un remboursement.<br /><br /><img src="https://images.bfmtv.com/cfZI5zdMwL2QE3ARaAMbt2nIq70=/2x30:930x552/800x0/images/Les-velos-Angell-2022492.jpg" />]]></description>
            <enclosure url="https://images.bfmtv.com/cfZI5zdMwL2QE3ARaAMbt2nIq70=/2x30:930x552/800x0/images/Les-velos-Angell-2022492.jpg" length="0" type="image/jpg"/>
        </item>
        <item>
            <title><![CDATA[Départ surprise de deux dirigeants de Porsche]]></title>
            <link>https://www.bfmtv.com/auto/depart-surprise-de-deux-dirigeants-de-porsche_AD-202502030351.html</link>
            <guid>https://www.bfmtv.com/auto/depart-surprise-de-deux-dirigeants-de-porsche_AD-202502030351.html</guid>
            <pubDate>Mon, 03 Feb 2025 09:51:32 GMT</pubDate>
            <description><![CDATA[Le conseil de surveillance de Porsche prévoit "le départ anticipé à l'amiable" du vice-président du conseil d'administration, Lutz Meschke, et du directeur des ventes de la marque, Detlev von Platen.<br /><br /><img src="https://images.bfmtv.com/jX7rorYs0p0t8B9Al5cpR_JmlE8=/0x49:2048x1201/800x0/images/Remous-chez-Porsche-avec-le-depart-de-deux-responsables-2026199.jpg" />]]></description>
            <enclosure url="https://images.bfmtv.com/jX7rorYs0p0t8B9Al5cpR_JmlE8=/0x49:2048x1201/800x0/images/Remous-chez-Porsche-avec-le-depart-de-deux-responsables-2026199.jpg" length="0" type="image/jpg"/>
        </item>
        <item>
            <title><![CDATA[96% des voitures neuves vendues en Norvège sont désormais des électriques]]></title>
            <link>https://www.bfmtv.com/auto/96-des-voitures-neuves-vendues-en-norvege-sont-desormais-des-electriques_AD-202502030328.html</link>
            <guid>https://www.bfmtv.com/auto/96-des-voitures-neuves-vendues-en-norvege-sont-desormais-des-electriques_AD-202502030328.html</guid>
            <pubDate>Mon, 03 Feb 2025 09:28:58 GMT</pubDate>
            <description><![CDATA[Le pays n'est plus très loin de son objectif pour 2025 de 100% de voitures électriques pour les nouvelles immatriculations.<br /><br /><img src="https://images.bfmtv.com/snWWBdlN2Q9MGZ_Acr0qWGnali0=/0x106:2048x1258/800x0/images/Norvege-2026182.jpg" />]]></description>
            <enclosure url="https://images.bfmtv.com/snWWBdlN2Q9MGZ_Acr0qWGnali0=/0x106:2048x1258/800x0/images/Norvege-2026182.jpg" length="0" type="image/jpg"/>
        </item>
        <item>
            <title><![CDATA[ESSAI. Hyundai Inster, petit plaisir électrique]]></title>
            <link>https://www.bfmtv.com/auto/essais/essai-hyundai-inster-petit-plaisir-electrique_AN-202502020306.html</link>
            <guid>https://www.bfmtv.com/auto/essais/essai-hyundai-inster-petit-plaisir-electrique_AN-202502020306.html</guid>
            <pubDate>Sun, 02 Feb 2025 15:31:06 GMT</pubDate>
            <description><![CDATA[La marque coréenne lance une proposition assez originale de petite citadine-SUV 100% électrique. Un mini gabarit pour des performances et des équipements dignes des segments supérieurs. Les versions d'entrée de gamme offrent un compromis séduisant, à partir de 23.000 euros bonus déduit. <br /><br /><img src="https://images.bfmtv.com/TObdYv9cs9OR4dgv8LfhpmF3Mvc=/0x308:2048x1460/800x0/images/Hyundai-Inster-2024054.jpg" />]]></description>
            <enclosure url="https://images.bfmtv.com/TObdYv9cs9OR4dgv8LfhpmF3Mvc=/0x308:2048x1460/800x0/images/Hyundai-Inster-2024054.jpg" length="0" type="image/jpg"/>
        </item>
        <item>
            <title><![CDATA["On savait à quoi s'attendre": face à la fin d'Angell, des clients "urbains" désabusés]]></title>
            <link>https://www.bfmtv.com/auto/deux-roues/on-savait-a-quoi-s-attendre-face-a-la-fin-d-angell-des-clients-urbains-desabuses_AV-202502020298.html</link>
            <guid>https://www.bfmtv.com/auto/deux-roues/on-savait-a-quoi-s-attendre-face-a-la-fin-d-angell-des-clients-urbains-desabuses_AV-202502020298.html</guid>
            <pubDate>Sun, 02 Feb 2025 15:00:12 GMT</pubDate>
            <description><![CDATA[Quelques jours après l'annonce de la fin d'Angell, les clients de la start-up qui se voulait "révolutionnaire" se retrouvent souvent sans solution. Un chaos de plus pour une marque qui n'a jamais convaincu.<br /><br /><img src="https://images.bfmtv.com/cPJ3pJien01qEtrDTIUbwih6_Q0=/47x0:1503x819/800x0/images/Les-velos-Angell-2022614.jpg" />]]></description>
            <enclosure url="https://images.bfmtv.com/cPJ3pJien01qEtrDTIUbwih6_Q0=/47x0:1503x819/800x0/images/Les-velos-Angell-2022614.jpg" length="0" type="image/jpg"/>
        </item>
        <item>
            <title><![CDATA[ESSAI. Citroën ë-C3, pari manqué pour démocratiser l'électrique]]></title>
            <link>https://www.bfmtv.com/auto/essais/essai-citroen-e-c3-pari-manque-pour-democratiser-l-electrique_AN-202502010309.html</link>
            <guid>https://www.bfmtv.com/auto/essais/essai-citroen-e-c3-pari-manque-pour-democratiser-l-electrique_AN-202502010309.html</guid>
            <pubDate>Sat, 01 Feb 2025 15:44:19 GMT</pubDate>
            <description><![CDATA[Dans une tentative de proposer une voiture électrique à prix abordable, la Citroën ë-C3 demande trop de compromis sur l'autonomie, les temps de recharge ou les options proposées, surtout dans sa finition "haut de gamme" Max, qui n'est pas si donnée.<br /><br /><img src="https://images.bfmtv.com/bylGbpe09OujI4ies2y5vsGny1o=/0x195:2048x1347/800x0/images/Citroen-e-C3-2021999.jpg" />]]></description>
            <enclosure url="https://images.bfmtv.com/bylGbpe09OujI4ies2y5vsGny1o=/0x195:2048x1347/800x0/images/Citroen-e-C3-2021999.jpg" length="0" type="image/jpg"/>
        </item>
        <item>
            <title><![CDATA["L'arrêté peut bouger": dans le Grand Paris, les dérogations pour la ZFE ne sont pas forcément figées]]></title>
            <link>https://www.bfmtv.com/auto/l-arrete-peut-bouger-dans-le-grand-paris-les-derogations-pour-la-zfe-ne-sont-pas-forcement-figees_AV-202502010273.html</link>
            <guid>https://www.bfmtv.com/auto/l-arrete-peut-bouger-dans-le-grand-paris-les-derogations-pour-la-zfe-ne-sont-pas-forcement-figees_AV-202502010273.html</guid>
            <pubDate>Sat, 01 Feb 2025 13:45:10 GMT</pubDate>
            <description><![CDATA[Le Grand Paris a durci la réglementation de sa ZFE cette année, mais sans verbalisation. La Métropole compte sur cette "année pédagogique" pour éventuellement adapter le système de dérogations.<br /><br /><img src="https://images.bfmtv.com/aqyxYWrNG3uZ7HUuwF4QzjLFZv0=/0x0:1920x1080/800x0/images/ZFE-Rouen-2016200.jpg" />]]></description>
            <enclosure url="https://images.bfmtv.com/aqyxYWrNG3uZ7HUuwF4QzjLFZv0=/0x0:1920x1080/800x0/images/ZFE-Rouen-2016200.jpg" length="0" type="image/jpg"/>
        </item>
        <item>
            <title><![CDATA[Les immatriculations de voitures neuves en baisse de 6,23% en janvier]]></title>
            <link>https://www.bfmtv.com/auto/les-immatriculations-de-voitures-neuves-en-baisse-de-6-23-en-janvier_AV-202502010169.html</link>
            <guid>https://www.bfmtv.com/auto/les-immatriculations-de-voitures-neuves-en-baisse-de-6-23-en-janvier_AV-202502010169.html</guid>
            <pubDate>Sat, 01 Feb 2025 09:29:44 GMT</pubDate>
            <description><![CDATA[Selon les données de la Plateforme automobile (PFA), il s'est immatriculé 114.665 véhicules particuliers dans l'Hexagone le mois dernier.<br /><br /><img src="https://images.bfmtv.com/I6-tkQNkelK3zZjpNou9TlUd_vc=/0x153:2048x1305/800x0/images/Automobile-Voitures-neuves-usine-Sochaux-Stellantis-decembre-2022-1549599.jpg" />]]></description>
            <enclosure url="https://images.bfmtv.com/I6-tkQNkelK3zZjpNou9TlUd_vc=/0x153:2048x1305/800x0/images/Automobile-Voitures-neuves-usine-Sochaux-Stellantis-decembre-2022-1549599.jpg" length="0" type="image/jpg"/>
        </item>
        <item>
            <title><![CDATA[Emissions de CO2: quels constructeurs automobiles paieront des amendes en 2025?]]></title>
            <link>https://www.bfmtv.com/auto/emissions-de-co2-quels-constructeurs-automobiles-paieront-des-amendes-en-2025_AN-202501310649.html</link>
            <guid>https://www.bfmtv.com/auto/emissions-de-co2-quels-constructeurs-automobiles-paieront-des-amendes-en-2025_AN-202501310649.html</guid>
            <pubDate>Fri, 31 Jan 2025 13:59:04 GMT</pubDate>
            <description><![CDATA[AVIS D'EXPERT. La baisse du seuil d’émissions de CO2 de 15% sur les véhicules neufs vendus en Europe agite les pouvoirs publics, les constructeurs et la filière automobile… Est-ce que des constructeurs vont vraiment payer des milliards d’euros d’amendes à cause des émissions de CO2 de leurs véhicules neufs?<br /><br /><img src="https://images.bfmtv.com/xgHL49CAkZXi6ytTXXZWsJQ_2ZM=/9x3:1241x696/800x0/images/-468425.jpg" />]]></description>
            <enclosure url="https://images.bfmtv.com/xgHL49CAkZXi6ytTXXZWsJQ_2ZM=/9x3:1241x696/800x0/images/-468425.jpg" length="0" type="image/jpg"/>
        </item>
        <item>
            <title><![CDATA["Des intentions d'achats en baisse de 10 points": elles arrivent quand les voitures électriques (vraiment) abordables?]]></title>
            <link>https://www.bfmtv.com/auto/des-intentions-d-achats-en-baisse-de-10-points-elles-arrivent-quand-les-voitures-electriques-vraiment-abordables_AV-202501310397.html</link>
            <guid>https://www.bfmtv.com/auto/des-intentions-d-achats-en-baisse-de-10-points-elles-arrivent-quand-les-voitures-electriques-vraiment-abordables_AV-202501310397.html</guid>
            <pubDate>Fri, 31 Jan 2025 09:31:13 GMT</pubDate>
            <description><![CDATA[Alors que les intentions d'achat sont en recul, une étude se penche sur la raison de ce désamour entre la majorité des Français et la voiture électrique. Les constructeurs automobiles préparent l'arrivée de modèles électriques à prix plus abordables cette année. Une manière aussi de répondre au durcissement des normes CO2.
 <br /><br /><img src="https://images.bfmtv.com/BsYssRwx4f-kopqTzz-rAh91i00=/0x40:768x472/800x0/images/La-France-va-accentuer-son-virage-vers-la-voiture-electrique-au-cours-des-trois-prochaines-annees-avec-un-objectif-de-800-000-ventes-des-2027-1857417.jpg" />]]></description>
            <enclosure url="https://images.bfmtv.com/BsYssRwx4f-kopqTzz-rAh91i00=/0x40:768x472/800x0/images/La-France-va-accentuer-son-virage-vers-la-voiture-electrique-au-cours-des-trois-prochaines-annees-avec-un-objectif-de-800-000-ventes-des-2027-1857417.jpg" length="0" type="image/jpg"/>
        </item>
        <item>
            <title><![CDATA[Sécurité routière: un bilan sous les 3.200 morts pour la deuxième année consécutive]]></title>
            <link>https://www.bfmtv.com/auto/securite-routiere-un-bilan-sous-les-3-200-morts-pour-la-deuxieme-annee-consecutive_AD-202501300598.html</link>
            <guid>https://www.bfmtv.com/auto/securite-routiere-un-bilan-sous-les-3-200-morts-pour-la-deuxieme-annee-consecutive_AD-202501300598.html</guid>
            <pubDate>Thu, 30 Jan 2025 14:04:45 GMT</pubDate>
            <description><![CDATA[Malgré une légère hausse de la mortalité routière en 2024, le bilan reste plutôt stable en métropole. Ce n'est pas le cas en outre-mer avec une hausse de 4%.<br /><br /><img src="https://images.bfmtv.com/QgSqfbuY8QF-XoQsnhm2NYnMKWg=/0x0:2000x1125/800x0/images/Bron-le-peripherique-Laurent-Bonnevay-bloque-en-raison-d-un-accident-de-la-route-1893446.jpg" />]]></description>
            <enclosure url="https://images.bfmtv.com/QgSqfbuY8QF-XoQsnhm2NYnMKWg=/0x0:2000x1125/800x0/images/Bron-le-peripherique-Laurent-Bonnevay-bloque-en-raison-d-un-accident-de-la-route-1893446.jpg" length="0" type="image/jpg"/>
        </item>
        <item>
            <title><![CDATA[Autoroutes: de combien augmenteront les tarifs des péages au 1er février?]]></title>
            <link>https://www.bfmtv.com/auto/autoroutes-de-combien-augmenteront-les-tarifs-des-peages-au-1er-fevrier_AN-202501300481.html</link>
            <guid>https://www.bfmtv.com/auto/autoroutes-de-combien-augmenteront-les-tarifs-des-peages-au-1er-fevrier_AN-202501300481.html</guid>
            <pubDate>Thu, 30 Jan 2025 11:38:12 GMT</pubDate>
            <description><![CDATA[Le prix des péages des autoroutes augmentera en moyenne de 0,92% au 1er février 2025, en dessous de l'inflation.<br /><br /><img src="https://images.bfmtv.com/kZ3VwLWrAjts8H-0rX1MoZ0Evlw=/0x0:1920x1080/800x0/images/peage-1565059.jpg" />]]></description>
            <enclosure url="https://images.bfmtv.com/kZ3VwLWrAjts8H-0rX1MoZ0Evlw=/0x0:1920x1080/800x0/images/peage-1565059.jpg" length="0" type="image/jpg"/>
        </item>
        <item>
            <title><![CDATA["Tesla des utilitaires": Flexis présente ses premiers fourgons électriques]]></title>
            <link>https://www.bfmtv.com/auto/renault-et-volvo-trucks-presentent-leur-tesla-des-utilitaires_AD-202501280880.html</link>
            <guid>https://www.bfmtv.com/auto/renault-et-volvo-trucks-presentent-leur-tesla-des-utilitaires_AD-202501280880.html</guid>
            <pubDate>Wed, 29 Jan 2025 12:06:33 GMT</pubDate>
            <description><![CDATA[Neuf mois après le lancement de cette coentreprise entre Renault, Volvo et l'armateur CMA CGM, 350 millions d'euros ont été investis en R&D. Des prototypes roulent déjà et le début de la production est prévu mi-2026 dans l'usine Renault de Sandouville. <br /><br /><img src="https://images.bfmtv.com/OV4AujboiKGP4eiqx5L1syLkQeE=/0x24:2048x1176/800x0/images/Renault-Sandouville-1055336.jpg" />]]></description>
            <enclosure url="https://images.bfmtv.com/OV4AujboiKGP4eiqx5L1syLkQeE=/0x24:2048x1176/800x0/images/Renault-Sandouville-1055336.jpg" length="0" type="image/jpg"/>
        </item>
    </channel>
</rss>