<?xml version="1.0" encoding="UTF-8"?>
<rss version="2.0" xmlns:atom="http://www.w3.org/2005/Atom" xmlns:media="http://search.yahoo.com/mrss/">
    <channel>
        <atom:link href="https://www.lefigaro.fr/rss/madame.xml" rel="self" type="application/rss+xml"/>
        <category>Mode</category>
        <title>Madame Figaro : Mode, Beauté, Recettes, Société, Horoscope, Célébrités</title>
        <description>L&#039;univers féminin du Figaro : toutes les tendances mode, beauté, people, bijoux, déco, design, recettes, mariage, enfants, cuisine... Le Web version luxe.</description>
        <link>http://madame.lefigaro.fr</link>
        <language>fr</language>
        <copyright>Droits de reproduction et de diffusion réservés LeFigaro.fr</copyright>
        <lastBuildDate>Tue, 11 Feb 2025 16:39:49 +0100</lastBuildDate>
        <docs>https://www.lefigaro.fr/rss</docs>
        <image>
            <title>Madame Figaro : Mode, Beauté, Recettes, Société, Horoscope, Célébrités</title>
            <url>https://static.lefigaro.fr/common/logos/logo-madame-160x160.png</url>
            <link>http://madame.lefigaro.fr</link>
            <description>L&#039;univers féminin du Figaro : toutes les tendances mode, beauté, people, bijoux, déco, design, recettes, mariage, enfants, cuisine... Le Web version luxe.</description>
        </image>

                    <item>
                <guid>https://madame.lefigaro.fr/business/actu-business/laura-andre-boyet-instructrice-d-astronautes-leur-entrainement-est-moins-sexy-que-ce-qu-on-imagine-20250211</guid>
                <title>Laura André-Boyet, instructrice d’astronautes : «Leur entraînement est moins sexy que ce qu’on imagine»</title>
                                <link>https://madame.lefigaro.fr/business/actu-business/laura-andre-boyet-instructrice-d-astronautes-leur-entrainement-est-moins-sexy-que-ce-qu-on-imagine-20250211</link>
                                    <description>INTERVIEW.- À 42 ans, elle est la seule instructrice d’astronautes française à l’Agence spatiale européenne (ESA) et fait partie de l’équipe qui a formé Thomas Pesquet. À l’occasion de la Journée internationale des femmes de science, rencontre avec une spécialiste des missions dans l’espace.</description>
                                <category>Actu business</category>
                <pubDate>Tue, 11 Feb 2025 15:56:20 +0100</pubDate>

                                                            <media:content url="https://i.f1g.fr/media/cms/3000x2003_crop/2025/02/11/46ea676c2b3de4f2e456473fcc5fbb37a310bfaad549b9693b9316129f755cc1.jpg" width="3000" height="2003">
                            <media:description type="plain">Laura André-Boyet, instructrice d’astronautes.</media:description>
                            <media:credit>Laura André-Boyet</media:credit>
                        </media:content>
                                                </item>
                    <item>
                <guid>https://madame.lefigaro.fr/celebrites/cinema/on-y-etait-le-diner-des-nommes-de-la-50e-ceremonie-des-cesar-20250211</guid>
                <title>On y était : le dîner des nommés de la 50e cérémonie des César</title>
                                <link>https://madame.lefigaro.fr/celebrites/cinema/on-y-etait-le-diner-des-nommes-de-la-50e-ceremonie-des-cesar-20250211</link>
                                    <description>À quelques jours de la Cérémonie des César qui se déroulera le 28 février à l’Olympia, acteurs, actrices et autres artistes étaient invités pour célébrer leurs nominations. Entre embrassades et idées de discours, comme une répétition.</description>
                                <category>Cinéma</category>
                <pubDate>Tue, 11 Feb 2025 15:53:51 +0100</pubDate>

                                                            <media:content url="https://i.f1g.fr/media/cms/3000x2000_crop/2025/02/11/31ca9359302ed896a4d451d44abe9811158d1da50cf76a12dfc9b4e2e5bfdc05.jpg" width="3000" height="2000">
                            <media:description type="plain">Malik Frikah, Gilles Lellouche et Mallory Wanecque au Dîner des nommés de la 50e cérémonie des César. (Paris, le 10 février 2025).</media:description>
                            <media:credit>Castel Franck/ABACA</media:credit>
                        </media:content>
                                                </item>
                    <item>
                <guid>https://madame.lefigaro.fr/style/news/son-bracelet-electronique-a-la-cheville-anna-delvey-defile-a-la-fashion-week-de-new-york-20250211</guid>
                <title>Son bracelet électronique à la cheville, Anna Delvey défilé à la Fashion Week de New York</title>
                                <link>https://madame.lefigaro.fr/style/news/son-bracelet-electronique-a-la-cheville-anna-delvey-defile-a-la-fashion-week-de-new-york-20250211</link>
                                    <description>La célèbre arnaqueuse a défilé à New York en arborant son bracelet électronique, tel un accessoire de mode.</description>
                                <category>Actu mode</category>
                <pubDate>Tue, 11 Feb 2025 14:55:51 +0100</pubDate>

                                                            <media:content url="https://i.f1g.fr/media/cms/3000x2000_crop/2025/02/11/214511081f517878a3f5b32d91ce7c86676da986847fad05929e58db4ca44dcc.jpg" width="3000" height="2000">
                            <media:description type="plain">Anna Delvey arrivant pour faire une déposition à New York. (New York, le 12 décembre 2024.)</media:description>
                            <media:credit>MEGA / GC Images</media:credit>
                        </media:content>
                                                </item>
                    <item>
                <guid>https://madame.lefigaro.fr/celebrites/actu-people/piscine-en-verre-suspendue-spa-souterrain-chambre-cryogenique-le-chalet-d-elon-musk-dans-les-alpes-s-annonce-gigantesque-20250211</guid>
                <title>Piscine suspendue en verre, spa souterrain, chambre cryogénique : le chalet d’Elon Musk dans les Alpes s’annonce gigantesque</title>
                                <link>https://madame.lefigaro.fr/celebrites/actu-people/piscine-en-verre-suspendue-spa-souterrain-chambre-cryogenique-le-chalet-d-elon-musk-dans-les-alpes-s-annonce-gigantesque-20250211</link>
                                    <description>Le patron de Tesla, qui souhaite s’implanter dans les Dolomites, en Italie, prépare la construction d’une maison ultramoderne au design unique sur un terrain de 4000 m².</description>
                                <category>Actu people</category>
                <pubDate>Tue, 11 Feb 2025 15:46:15 +0100</pubDate>

                                                            <media:content url="https://i.f1g.fr/media/cms/3000x1687_crop/2025/02/11/be030f41896926cf7d6259e84cb3ab007672124d1e7d0fa0723cda1475c4dfe0.jpg" width="3000" height="1687">
                            <media:description type="plain">Elon Musk a assisté à l’investiture de Donald Trump. (Washington DC, le 20 janvier 2025.)</media:description>
                            <media:credit>ABACA</media:credit>
                        </media:content>
                                                </item>
                    <item>
                <guid>https://madame.lefigaro.fr/style/news/pull-en-cachemire-doudoune-hermes-jean-flare-le-look-quiet-luxury-de-meghan-markle-aux-invictus-games-2025-20250211</guid>
                <title>Pull en cachemire, doudoune Hermès, jean flare… Le look quiet luxury de Meghan Markle aux Invictus Games 2025</title>
                                <link>https://madame.lefigaro.fr/style/news/pull-en-cachemire-doudoune-hermes-jean-flare-le-look-quiet-luxury-de-meghan-markle-aux-invictus-games-2025-20250211</link>
                                    <description>Depuis son arrivée à Vancouver le 8 février, la duchesse de Sussex enchaîne les looks élégants et luxueux. Une sorte de tradition lors de chacun de ses déplacements avec son époux, le prince Harry.</description>
                                <category>Actu mode</category>
                <pubDate>Tue, 11 Feb 2025 11:48:32 +0100</pubDate>

                                                            <media:content url="https://i.f1g.fr/media/cms/3000x1687_crop/2025/02/11/2b6e10544e2528df556f97052e059e5efa7312948f9887952eb76d50780a402d.jpg" width="3000" height="1687">
                            <media:description type="plain">Entre doudoune de luxe et mailles précieuses, la duchesse de Sussex rivalise de style au Canada.</media:description>
                            <media:credit>JEFF VINNICK / Getty Images via AFP</media:credit>
                        </media:content>
                                                </item>
                    <item>
                <guid>https://madame.lefigaro.fr/celebrites/actu-people/pourquoi-bill-gates-ne-leguera-pas-sa-fortune-a-ses-enfants-20250211</guid>
                <title>Pourquoi Bill Gates ne léguera pas sa fortune à ses enfants ?</title>
                                <link>https://madame.lefigaro.fr/celebrites/actu-people/pourquoi-bill-gates-ne-leguera-pas-sa-fortune-a-ses-enfants-20250211</link>
                                    <description>Bill Gates a confié devant les caméras de «Sept à Huit» que ses trois enfants ne percevront qu’un faible pourcentage de sa fortune à son décès.</description>
                                <category>Actu people</category>
                <pubDate>Tue, 11 Feb 2025 14:46:46 +0100</pubDate>

                                                            <media:content url="https://i.f1g.fr/media/cms/2850x1603_crop/2025/02/11/9c81681e60a8340c3a6ea614d8d5922c1360545479f8cba65e929e0acbacceba.jpg" width="2850" height="1603">
                            <media:description type="plain">Bill Gates à Berlin, en Allemagne, le 14 octobre 2024. </media:description>
                            <media:credit>Imago/ABACA</media:credit>
                        </media:content>
                                                </item>
                    <item>
                <guid>https://madame.lefigaro.fr/shopping/ce-nouveau-sextoy-design-discret-et-facile-a-transporter-saura-vous-seduire-20250211</guid>
                <title>Ce nouveau sextoy design, discret et facile à transporter saura vous séduire</title>
                                <link>https://madame.lefigaro.fr/shopping/ce-nouveau-sextoy-design-discret-et-facile-a-transporter-saura-vous-seduire-20250211</link>
                                    <description>Avec son incroyable design, il ressemble presque à un objet de décoration. Pourtant, il s’agit bien d’un sextoy signé par la marque bien connue, LELO. Le modèle Dot Travel est un cadeau parfait à faire ou à se faire à l’occasion de la Saint-Valentin. La bonne nouvelle ? Il s’agit d’une nouveauté déjà en promotion !</description>
                                <category>Shopping</category>
                <pubDate>Tue, 11 Feb 2025 08:15:00 +0100</pubDate>

                                                            <media:content url="https://i.f1g.fr/media/cms/1900x1200_crop/2025/02/10/22197ad42a2526c7f07896be7e5ee0e6789a59925f63b8c9fa9c6707acc042dd.jpg" width="1900" height="1200">
                            <media:description type="plain">Offrez(-vous) l’ultime expérience avec ce nouveau sextoy discret et facile à transporter</media:description>
                            <media:credit>Pexels</media:credit>
                        </media:content>
                                                </item>
                    <item>
                <guid>https://madame.lefigaro.fr/celebrites/sofia-de-suede-maman-le-visage-et-le-prenom-de-sa-fille-enfin-devoiles-20250211</guid>
                <title>Sofia de Suède dévoile le visage et le prénom de son bébé avec une attendrissante photo</title>
                                <link>https://madame.lefigaro.fr/celebrites/sofia-de-suede-maman-le-visage-et-le-prenom-de-sa-fille-enfin-devoiles-20250211</link>
                                    <description>Après leur sortie de la maternité le 10 février, le prince Carl Philip de Suède et son épouse la princesse Sofia ont divulgué une première photo de leur fille, dont le prénom a été révélé plus tôt dans la journée. Un cliché pris par la princesse elle-même.</description>
                                <category>People</category>
                <pubDate>Tue, 11 Feb 2025 09:37:20 +0100</pubDate>

                                                            <media:content url="https://i.f1g.fr/media/cms/2898x1675_crop/2025/02/11/95e800c418e57f78dc8daccdbcca5488d537a673bfac9bf1ed7308e52906c4c9.jpg" width="2898" height="1675">
                            <media:description type="plain">La princesse Sofia et le prince Carl Philip de Suède en septembre 2024. </media:description>
                            <media:credit>Stella Pictures/ABACA</media:credit>
                        </media:content>
                                                </item>
                    <item>
                <guid>https://madame.lefigaro.fr/shopping/voici-la-paire-de-baskets-que-vous-verrez-partout-en-2025-20250211</guid>
                <title>Voici la paire de baskets que vous verrez partout en 2025</title>
                                <link>https://madame.lefigaro.fr/shopping/voici-la-paire-de-baskets-que-vous-verrez-partout-en-2025-20250211</link>
                                    <description>Les Salomon XT-4 OG sont les nouvelles baskets proposées par la marque et leur look ne passera pas inaperçu. Ici en coloris violet, elles ne manquent pas de style et d’originalité. Vous pouvez les commander d’ores et déjà chez Farfetch.</description>
                                <category>Shopping</category>
                <pubDate>Tue, 11 Feb 2025 07:45:00 +0100</pubDate>

                                                            <media:content url="https://i.f1g.fr/media/cms/919x517_crop/2025/02/10/a353849837bc2f991ce4ffe1e2f3d4598a6ddd1b63557f2020ece92ad8c704bd.jpg" width="919" height="517">
                            <media:description type="plain">Voici la paire de baskets que vous verrez partout en 2025</media:description>
                            <media:credit>NET-A-PORTER</media:credit>
                        </media:content>
                                                </item>
                    <item>
                <guid>https://madame.lefigaro.fr/bien-etre/forme-detente/vous-devez-traiter-votre-sommeil-avec-le-meme-niveau-d-exigence-que-votre-travail-bryan-johnson-partage-sa-nouvelle-philosophie-autour-de-ses-nuits-20250211</guid>
                <title>«Vous devez traiter votre sommeil avec le même niveau d’exigence que votre travail» : Bryan Johnson partage sa nouvelle philosophie autour de ses nuits</title>
                                <link>https://madame.lefigaro.fr/bien-etre/forme-detente/vous-devez-traiter-votre-sommeil-avec-le-meme-niveau-d-exigence-que-votre-travail-bryan-johnson-partage-sa-nouvelle-philosophie-autour-de-ses-nuits-20250211</link>
                                    <description>Le multimillionnaire américain poursuit sa course vers l’immortalité en soignant notamment son sommeil. Dans une publication sur son compte Instagram, il détaille la routine qui lui offre, assure-t-il, des nuits parfaites.</description>
                                <category>Forme et détente</category>
                <pubDate>Tue, 11 Feb 2025 09:28:13 +0100</pubDate>

                                                            <media:content url="https://i.f1g.fr/media/cms/3000x2022_crop/2025/02/10/83863aa66adf81b693609ff223800d22355c09d13abb71b6eea8b2ea99b71e58.jpg" width="3000" height="2022">
                            <media:description type="plain">Bryan Johnson lors de la Milken Institute Global Conference à Beverly Hills. (Californie, le 20 octobre 2021).</media:description>
                            <media:credit>Bloomberg / Bloomberg via Getty Images</media:credit>
                        </media:content>
                                                </item>
                    <item>
                <guid>https://madame.lefigaro.fr/style/news/qui-sont-ces-hommes-qui-portent-des-doudounes-sans-manches-20250211</guid>
                <title>Qui sont ces hommes qui portent des doudounes sans manches ?</title>
                                <link>https://madame.lefigaro.fr/style/news/qui-sont-ces-hommes-qui-portent-des-doudounes-sans-manches-20250211</link>
                                    <description>DÉCRYPTAGE - Star des années 1980-1990, la doudoune sans manches est aujourd’hui imprégnée de stéréotypes dont elle peine à se défaire. Plongée dans le vestiaire de ces hommes qui ne comptent pas s’en passer de sitôt.</description>
                                <category>Actu mode</category>
                <pubDate>Tue, 11 Feb 2025 07:00:00 +0100</pubDate>

                                                            <media:content url="https://i.f1g.fr/media/cms/1782x1002_crop/2025/02/07/541882016162f3a14d0de3ac701c6c02edac29316d2b00ca6e59cc0c80079779.jpg" width="1782" height="1002">
                            <media:description type="plain">Jeff Bezos en doudoune sans manches. (Idaho, le 13 juillet 2017.)</media:description>
                            <media:credit>Bloomberg / Bloomberg via Getty Images</media:credit>
                        </media:content>
                                                </item>
                    <item>
                <guid>https://madame.lefigaro.fr/celebrites/kim-is-my-lawyer-kim-kardashian-future-avocate-de-mark-zuckerberg-20250211</guid>
                <title>«Kim is my lawyer» : Kim Kardashian, future avocate de Mark Zuckerberg ?</title>
                                <link>https://madame.lefigaro.fr/celebrites/kim-is-my-lawyer-kim-kardashian-future-avocate-de-mark-zuckerberg-20250211</link>
                                    <description>Le patron de Meta a fait un clin d’œil aux aspirations de carrière juridique de Kim Kardashian dimanche 9 février sur Instagram, en postant un selfie avec un message étonnant imprimé sur son sweat.</description>
                                <category>People</category>
                <pubDate>Tue, 11 Feb 2025 11:02:11 +0100</pubDate>

                                                            <media:content url="https://i.f1g.fr/media/cms/3000x1997_crop/2025/02/11/a1bdcedc39b759ec826cb7628cdf766e143405794ef69f01b4b1d3262f9c6765.jpg" width="3000" height="1997">
                            <media:description type="plain">Mark Zuckerberg en janvier 2024 à Washington.</media:description>
                            <media:credit>Lamkey Rod/CNP/ABACA</media:credit>
                        </media:content>
                                                </item>
                    <item>
                <guid>https://madame.lefigaro.fr/defiles/luar/automne-hiver-25-26/pret-a-porter/defile-luar-pret-a-porter-automne-hiver-25-26-20250207</guid>
                <title>Défilé - Luar - Prêt à porter Automne-Hiver 25-26</title>
                                <link>https://madame.lefigaro.fr/defiles/luar/automne-hiver-25-26/pret-a-porter/defile-luar-pret-a-porter-automne-hiver-25-26-20250207</link>
                                    <description>Découvrez le défilé Luar - Prêt à porter Automne-Hiver 25-26. Retrouvez tous les looks du show en photo ainsi que les coulisses, les détails et les meilleurs moments du défilé en vidéo. Bref, le meilleur de la mode !</description>
                                <category>Défilés</category>
                <pubDate>Tue, 11 Feb 2025 06:19:46 +0100</pubDate>

                                                            <media:content url="https://i.f1g.fr/media/madame_defiles/1667x2500_crop/WOMEN FW 25-26/NEW YORK/CLOSE UP/LUAR/G/Luar clp F25 001.jpg" width="1667" height="2500">
                            <media:description type="plain">Image 1</media:description>
                            <media:credit>Imaxtree</media:credit>
                        </media:content>
                                                </item>
                    <item>
                <guid>https://madame.lefigaro.fr/defiles/pamella-roland/automne-hiver-25-26/pret-a-porter/defile-pamella-roland-pret-a-porter-automne-hiver-25-26-20250207</guid>
                <title>Défilé - Pamella roland - Prêt à porter Automne-Hiver 25-26</title>
                                <link>https://madame.lefigaro.fr/defiles/pamella-roland/automne-hiver-25-26/pret-a-porter/defile-pamella-roland-pret-a-porter-automne-hiver-25-26-20250207</link>
                                    <description>Découvrez le défilé Pamella roland - Prêt à porter Automne-Hiver 25-26. Retrouvez tous les looks du show en photo ainsi que les coulisses, les détails et les meilleurs moments du défilé en vidéo. Bref, le meilleur de la mode !</description>
                                <category>Défilés</category>
                <pubDate>Tue, 11 Feb 2025 05:54:20 +0100</pubDate>

                                                            <media:content url="https://i.f1g.fr/media/madame_defiles/1667x2500_crop/WOMEN FW 25-26/NEW YORK/FULL LENGTH/PAMELLA ROLAND/G/Pamella Roland F25 001.jpg" width="1667" height="2500">
                            <media:description type="plain">Image 1</media:description>
                            <media:credit>Imaxtree</media:credit>
                        </media:content>
                                                </item>
                    <item>
                <guid>https://madame.lefigaro.fr/defiles/tory-burch/automne-hiver-25-26/pret-a-porter/defile-tory-burch-pret-a-porter-automne-hiver-25-26-20250207</guid>
                <title>Défilé - Tory burch - Prêt à porter Automne-Hiver 25-26</title>
                                <link>https://madame.lefigaro.fr/defiles/tory-burch/automne-hiver-25-26/pret-a-porter/defile-tory-burch-pret-a-porter-automne-hiver-25-26-20250207</link>
                                    <description>Découvrez le défilé Tory burch - Prêt à porter Automne-Hiver 25-26. Retrouvez tous les looks du show en photo ainsi que les coulisses, les détails et les meilleurs moments du défilé en vidéo. Bref, le meilleur de la mode !</description>
                                <category>Défilés</category>
                <pubDate>Tue, 11 Feb 2025 05:14:46 +0100</pubDate>

                                                            <media:content url="https://i.f1g.fr/media/madame_defiles/1667x2500_crop/WOMEN FW 25-26/NEW YORK/FULL LENGTH/TORY BURCH/G/Tory Burch F25 001.jpg" width="1667" height="2500">
                            <media:description type="plain">Image 1</media:description>
                            <media:credit>Imaxtree</media:credit>
                        </media:content>
                                                </item>
                    <item>
                <guid>https://madame.lefigaro.fr/defiles/bibhu-mohapatra/automne-hiver-25-26/pret-a-porter/defile-bibhu-mohapatra-pret-a-porter-automne-hiver-25-26-20250207</guid>
                <title>Défilé - Bibhu mohapatra - Prêt à porter Automne-Hiver 25-26</title>
                                <link>https://madame.lefigaro.fr/defiles/bibhu-mohapatra/automne-hiver-25-26/pret-a-porter/defile-bibhu-mohapatra-pret-a-porter-automne-hiver-25-26-20250207</link>
                                    <description>Découvrez le défilé Bibhu mohapatra - Prêt à porter Automne-Hiver 25-26. Retrouvez tous les looks du show en photo ainsi que les coulisses, les détails et les meilleurs moments du défilé en vidéo. Bref, le meilleur de la mode !</description>
                                <category>Défilés</category>
                <pubDate>Tue, 11 Feb 2025 02:09:18 +0100</pubDate>

                                                            <media:content url="https://i.f1g.fr/media/madame_defiles/1667x2500_crop/WOMEN FW 25-26/NEW YORK/FULL LENGTH/BIBHU MOHAPATRA/G/Mohapatra F25 001.jpg" width="1667" height="2500">
                            <media:description type="plain">Image 1</media:description>
                            <media:credit>Imaxtree</media:credit>
                        </media:content>
                                                </item>
                    <item>
                <guid>https://madame.lefigaro.fr/defiles/kobi-halperin/automne-hiver-25-26/pret-a-porter/defile-kobi-halperin-pret-a-porter-automne-hiver-25-26-20250207</guid>
                <title>Défilé - Kobi halperin - Prêt à porter Automne-Hiver 25-26</title>
                                <link>https://madame.lefigaro.fr/defiles/kobi-halperin/automne-hiver-25-26/pret-a-porter/defile-kobi-halperin-pret-a-porter-automne-hiver-25-26-20250207</link>
                                    <description>Découvrez le défilé Kobi halperin - Prêt à porter Automne-Hiver 25-26. Retrouvez tous les looks du show en photo ainsi que les coulisses, les détails et les meilleurs moments du défilé en vidéo. Bref, le meilleur de la mode !</description>
                                <category>Défilés</category>
                <pubDate>Tue, 11 Feb 2025 01:27:55 +0100</pubDate>

                                                            <media:content url="https://i.f1g.fr/media/madame_defiles/1666x2500_crop/WOMEN FW 25-26/NEW YORK/FULL LENGTH/KOBI HALPERIN/G/Halperin F25 001.jpg" width="1666" height="2500">
                            <media:description type="plain">Image 1</media:description>
                            <media:credit>Imaxtree</media:credit>
                        </media:content>
                                                </item>
                    <item>
                <guid>https://madame.lefigaro.fr/astro/horoscope/quotidien/cancer</guid>
                <title>Horoscope Cancer du jour, le 11 février 2025</title>
                                <link>https://madame.lefigaro.fr/astro/horoscope/quotidien/cancer</link>
                                    <description>Découvrez notre horoscope Cancer et toutes nos prévisions pour ce mardi 11 février 2025. Qu&#039;allez-vous faire aujourd&#039;hui ? Comment se déroulera votre journée au travail ou avec votre entourage ? Serez-vous en forme ?</description>
                                <category>Astro</category>
                <pubDate>Tue, 11 Feb 2025 02:59:02 +0100</pubDate>

                                                            <media:content url="https://i.f1g.fr/media/madame/1250x1250_crop/sites/default/files/img/2021/10/cancer.jpeg" width="1250" height="1250">
                            <media:description type="plain">Cancer</media:description>
                            <media:credit>DR</media:credit>
                        </media:content>
                                                </item>
                    <item>
                <guid>https://madame.lefigaro.fr/astro/horoscope/quotidien/verseau</guid>
                <title>Horoscope Verseau du jour, le 11 février 2025</title>
                                <link>https://madame.lefigaro.fr/astro/horoscope/quotidien/verseau</link>
                                    <description>Découvrez notre horoscope Verseau et toutes nos prévisions pour ce mardi 11 février 2025. Qu&#039;allez-vous faire aujourd&#039;hui ? Comment se déroulera votre journée au travail ou avec votre entourage ? Serez-vous en forme ?</description>
                                <category>Astro</category>
                <pubDate>Tue, 11 Feb 2025 02:59:04 +0100</pubDate>

                                                            <media:content url="https://i.f1g.fr/media/madame/1250x1250_crop/sites/default/files/img/2021/10/verseau.jpeg" width="1250" height="1250">
                            <media:description type="plain">Verseau</media:description>
                            <media:credit>DR</media:credit>
                        </media:content>
                                                </item>
                    <item>
                <guid>https://madame.lefigaro.fr/astro/horoscope/quotidien/belier</guid>
                <title>Horoscope Bélier du jour, le 11 février 2025</title>
                                <link>https://madame.lefigaro.fr/astro/horoscope/quotidien/belier</link>
                                    <description>Découvrez notre horoscope Bélier et toutes nos prévisions pour ce mardi 11 février 2025. Qu&#039;allez-vous faire aujourd&#039;hui ? Comment se déroulera votre journée au travail ou avec votre entourage ? Serez-vous en forme ?</description>
                                <category>Astro</category>
                <pubDate>Tue, 11 Feb 2025 02:59:02 +0100</pubDate>

                                                            <media:content url="https://i.f1g.fr/media/madame/1250x1250_crop/sites/default/files/img/2021/10/belier.jpeg" width="1250" height="1250">
                            <media:description type="plain">Bélier</media:description>
                            <media:credit>DR</media:credit>
                        </media:content>
                                                </item>
            </channel>
</rss>
