<?xml version="1.0" encoding="UTF-8"?>
<rss version="2.0" xmlns:atom="http://www.w3.org/2005/Atom" xmlns:media="http://search.yahoo.com/mrss/">
    <channel>
        <atom:link href="https://www.lefigaro.fr/rss/figaro_cinema.xml" rel="self" type="application/rss+xml"/>
        <category>Cinéma</category>
        <title>Le Figaro - Cinéma : Les films à l&#039;affiche</title>
        <description>Cinéma : Retrouvez tous les films en salle, les films à l&#039;affiche, les critiques, les bandes annonces, avant-première sur Le Figaro</description>
        <link>http://www.lefigaro.fr</link>
        <language>fr</language>
        <copyright>Droits de reproduction et de diffusion réservés LeFigaro.fr</copyright>
        <lastBuildDate>Tue, 11 Feb 2025 16:37:23 +0100</lastBuildDate>
        <docs>https://www.lefigaro.fr/rss</docs>
        <image>
            <title>Le Figaro - Cinéma : Les films à l&#039;affiche</title>
            <url>https://static.lefigaro.fr/common/logos/logo-150x150.png</url>
            <link>http://www.lefigaro.fr</link>
            <description>Cinéma : Retrouvez tous les films en salle, les films à l&#039;affiche, les critiques, les bandes annonces, avant-première sur Le Figaro</description>
        </image>

                    <item>
                <guid>https://www.lefigaro.fr/culture/brady-corbet-realisateur-de-the-brutalist-trump-et-les-autocrates-du-monde-entier-ont-une-facon-etrange-de-romantiser-les-annees-1950-20250211</guid>
                <title>Brady Corbet, réalisateur de The Brutalist : « Trump et les autocrates du monde entier ont une façon étrange de romantiser les années 1950 »</title>
                                <link>https://www.lefigaro.fr/culture/brady-corbet-realisateur-de-the-brutalist-trump-et-les-autocrates-du-monde-entier-ont-une-facon-etrange-de-romantiser-les-annees-1950-20250211</link>
                                    <description>Avec The Brutalist, le cinéaste américain signe une fresque passionnante sur un architecte juif hongrois dans l’Amérique d’après-guerre. Entretien avec l’un des favoris des prochains Oscars.</description>
                                <category>Culture</category>
                <pubDate>Tue, 11 Feb 2025 16:06:37 +0100</pubDate>

                                                            <media:content url="https://i.f1g.fr/media/cms/3000x2000_crop/2025/02/11/10cf8831fbd95e8409b524f3222bce87b9e8e53e4f29c7b4af74ff03a39a6138.jpg" width="3000" height="2000">
                            <media:description type="plain">Brady Corbet, réalisateur de The Brutalist, à la 77e cérémonie des DGA (Directors Guild of America) à Beverly Hills, Californie, États-Unis, le 8 février 2025.</media:description>
                            <media:credit>Mario Anzuoni / REUTERS</media:credit>
                        </media:content>
                                                </item>
                    <item>
                <guid>https://www.lefigaro.fr/cinema/notre-critique-de-the-brutalist-avec-adrien-brody-une-cathedrale-sur-pellicule-20250211</guid>
                <title>Notre critique de The Brutalist avec Adrien Brody: une cathédrale sur pellicule</title>
                                <link>https://www.lefigaro.fr/cinema/notre-critique-de-the-brutalist-avec-adrien-brody-une-cathedrale-sur-pellicule-20250211</link>
                                    <description>CRITIQUE - À 36 ans, Brady Corbet réussit un film fleuve de trois heures et demie sur le destin semé d’embûches d’un architecte juif hongrois immigré aux États-Unis. Un choc.</description>
                                <category>Cinéma</category>
                <pubDate>Tue, 11 Feb 2025 15:32:50 +0100</pubDate>

                                                            <media:content url="https://i.f1g.fr/media/cms/3000x1687_crop/2025/02/11/0ffd033ea24a22e26d567a5ef5858718fd0a730ab24411c21b4f8a17b284c426.jpg" width="3000" height="1687">
                            <media:description type="plain">Rescapé de la Shoah, Laszlo Toth (Adrien Brody) débarque aux États-Unis En 1947. À Philadelphie, Lee Van Buren (Guy Pearce), mielleux et éruptif rejeton d’un milliardaire, va l’embaucher pour des travaux dans son manoir.</media:description>
                            <media:credit>UPI France</media:credit>
                        </media:content>
                                                </item>
                    <item>
                <guid>https://www.lefigaro.fr/cinema/notre-critique-de-prima-la-vita-un-pere-nomme-comencini-20250211</guid>
                <title>Notre critique de Prima la vita, un père nommé Comencini</title>
                                <link>https://www.lefigaro.fr/cinema/notre-critique-de-prima-la-vita-un-pere-nomme-comencini-20250211</link>
                                    <description>CRITIQUE- Francesca Comencini se remémore son enfance enchantée et son adolescence troublée au côté du cinéaste. Un hommage vibrant.</description>
                                <category>Cinéma</category>
                <pubDate>Tue, 11 Feb 2025 14:42:43 +0100</pubDate>

                                                            <media:content url="https://i.f1g.fr/media/cms/3000x2000_crop/2025/02/11/e91cfc5e0f8c50c95e945869d39c4c934049ea5a8eead845437a64faf79bc965.jpg" width="3000" height="2000">
                            <media:description type="plain">Les acteurs Fabrizio Gifuni et Romana Maggiora Vergano dans Prima la vita.</media:description>
                            <media:credit>Pyramide Distribution</media:credit>
                        </media:content>
                                                </item>
                    <item>
                <guid>https://www.lefigaro.fr/cinema/francesca-comencini-j-ai-tu-cette-histoire-toute-ma-vie-20250211</guid>
                <title>Francesca Comencini, réalisatrice de Prima la vita: «J’ai tu cette histoire toute ma vie»</title>
                                <link>https://www.lefigaro.fr/cinema/francesca-comencini-j-ai-tu-cette-histoire-toute-ma-vie-20250211</link>
                                    <description>PORTRAIT - À 63 ans, la fille du réalisateur de L’Incompris met en scène dans Prima la vita les souvenirs de sa prime enfance jusqu’à la mort du cinéaste italien, en passant par l’épisode clé de son combat contre la drogue. Une rencontre aussi émouvante que joyeuse.</description>
                                <category>Cinéma</category>
                <pubDate>Tue, 11 Feb 2025 14:49:21 +0100</pubDate>

                                                            <media:content url="https://i.f1g.fr/media/cms/1434x677_crop/2025/02/11/56856ad41937a99244991286a6a245c96161e4cbd57e29c811a9e32d42455ca8.jpg" width="1434" height="677">
                            <media:description type="plain">La fille du cinéaste italien Luigi Comencini voulait avec ce film rendre «un hommage incandescent à son père»</media:description>
                            <media:credit>SEBASTIEN SORIANO / Le Figaro</media:credit>
                        </media:content>
                                                </item>
                    <item>
                <guid>https://www.lefigaro.fr/culture/notre-critique-de-strip-tease-integral-bimbos-autopsie-et-zero-dechet-20250211</guid>
                <title>Notre critique de Strip-tease intégral : bimbos, autopsie et zéro déchet</title>
                                <link>https://www.lefigaro.fr/culture/notre-critique-de-strip-tease-integral-bimbos-autopsie-et-zero-dechet-20250211</link>
                                    <description>CRITIQUE - L’émission culte de Jean Libon fête ses 40 ans sur grand écran avec cinq reportages aussi drôles qu’inquiétants. On ne sort pas indemne de cette exploration des mœurs étranges de nos chers contemporains.</description>
                                <category>Culture</category>
                <pubDate>Tue, 11 Feb 2025 14:45:52 +0100</pubDate>

                                                            <media:content url="https://i.f1g.fr/media/cms/1521x857_crop/2025/02/10/d4f17f817a3a163686dd39c854337c1d251206bcba7f2c1d16f441a9de3537af.jpg" width="1521" height="857">
                            <media:description type="plain">L’ébouriffant premier reportage de Strip-tease intégral suit deux influenceuses en goguette à Dubaï.</media:description>
                            <media:credit>© LE BUREAU - APOLLO - FRANCE 3 CINEMA - ARTEMIS PRODUCTIONS - RTBF - 2025</media:credit>
                        </media:content>
                                                </item>
                    <item>
                <guid>https://www.lefigaro.fr/cinema/adrien-brody-the-brutalist-depeint-la-complexite-du-reve-americain-20250211</guid>
                <title>Adrien Brody: «The Brutalist dépeint la complexité du rêve américain»</title>
                                <link>https://www.lefigaro.fr/cinema/adrien-brody-the-brutalist-depeint-la-complexite-du-reve-americain-20250211</link>
                                    <description>ENTRETIEN - L’acteur américain incarne avec brio un architecte juif hongrois rescapé des camps de la mort et immigré aux États-Unis. Une thématique qui résonne avec sa propre histoire familiale.</description>
                                <category>Cinéma</category>
                <pubDate>Tue, 11 Feb 2025 14:26:31 +0100</pubDate>

                                                            <media:content url="https://i.f1g.fr/media/cms/3000x1687_crop/2025/02/11/657f2dba954a80dfdda4236b5df1d2e12633e0fb982d56b685d78506237feae6.jpg" width="3000" height="1687">
                            <media:description type="plain">Adrien Brody est notamment connu pour son interprétation du Pianiste, de Roman Polanski. </media:description>
                            <media:credit>FRAZER HARRISON / Getty Images via AFP</media:credit>
                        </media:content>
                                                </item>
                    <item>
                <guid>https://www.lefigaro.fr/cinema/pourquoi-anthony-mackie-a-change-de-costume-pour-captain-america-brave-new-world-20250211</guid>
                <title>Pourquoi Anthony Mackie a changé de costume pour Captain America: Brave New World</title>
                                <link>https://www.lefigaro.fr/cinema/pourquoi-anthony-mackie-a-change-de-costume-pour-captain-america-brave-new-world-20250211</link>
                                    <description>L’acteur américain a délaissé le demi-casque blanc qu’il portait dans la série Falcon et le soldat de l’hiver, sortie en 2021, dans le nouveau film de super-héros attendu en salles le 12 février.</description>
                                <category>Cinéma</category>
                <pubDate>Tue, 11 Feb 2025 12:41:17 +0100</pubDate>

                                                            <media:content url="https://i.f1g.fr/media/cms/1918x1079_crop/2025/02/11/a176915a3b565f75df9b7bf71729469a1e6960d83ce244087f0d994c496b52d2.jpg" width="1918" height="1079">
                            <media:description type="plain">À gauche, le costume d’Anthony Mackie dans la série Falcon et le soldat de l’Hiver et à droite son costume dans Captain America : Brave New World.</media:description>
                            <media:credit>Marvel/Disney+</media:credit>
                        </media:content>
                                                </item>
                    <item>
                <guid>https://www.lefigaro.fr/cinema/veuve-et-eternelle-imparfaite-bridget-jones-folle-de-lui-une-quinqua-a-l-ere-metoo-20250211</guid>
                <title>Bridget Jones : folle de lui, une veuve quinqua à l’ère MeToo</title>
                                <link>https://www.lefigaro.fr/cinema/veuve-et-eternelle-imparfaite-bridget-jones-folle-de-lui-une-quinqua-a-l-ere-metoo-20250211</link>
                                    <description>CRITIQUE - Plus mélancolique et plus attachant, ce dernier volet voit Renée Zellweger, désormais veuve et mère de famille, tenter de retrouver l’amour au temps du consentement.</description>
                                <category>Cinéma</category>
                <pubDate>Tue, 11 Feb 2025 15:55:01 +0100</pubDate>

                                                            <media:content url="https://i.f1g.fr/media/cms/3000x2001_crop/2025/02/10/9dc22f7246d5aab0d4057e5cdaf60217caebbae495556dfecb5e8ed94653c7fc.jpg" width="3000" height="2001">
                            <media:description type="plain">Incarnée avec une joie de vivre irrésistible par Renée Zellweger, Bridget Jones reste chaotique, gaffeuse, fantasque, entourée d’une bande d’amis fidèles dysfonctionnels.</media:description>
                            <media:credit>StudioCanal</media:credit>
                        </media:content>
                                                </item>
                    <item>
                <guid>https://www.lefigaro.fr/cinema/un-film-coup-de-poing-le-mohican-met-tous-les-maux-de-la-corse-a-l-ecran-20250210</guid>
                <title>Un «film coup de poing»: Le Mohican met tous les maux de la Corse à l’écran</title>
                                <link>https://www.lefigaro.fr/cinema/un-film-coup-de-poing-le-mohican-met-tous-les-maux-de-la-corse-a-l-ecran-20250210</link>
                                    <description>REPORTAGE - Présenté en avant-première à Bastia, le long-métrage de Frédéric Farrucci met en scène un berger qui résiste à la mafia. Un film puissant très politique.</description>
                                <category>Cinéma</category>
                <pubDate>Mon, 10 Feb 2025 16:22:56 +0100</pubDate>

                                                            <media:content url="https://i.f1g.fr/media/cms/3000x1257_crop/2025/02/10/274b90c9300d99d029b8644d13cb9f8dc505f892f3fde94c0cfa7f2d678e8499.jpg" width="3000" height="1257">
                            <media:description type="plain">Joseph (Alexis Manenti) se dresse contre le rouleau compresseur de la société de consommation insulaire et ses dérives. </media:description>
                            <media:credit>© Koro Films - Atelier de production - Les Films Velvet - Novoprod/Ad Vitam</media:credit>
                        </media:content>
                                                </item>
                    <item>
                <guid>https://www.lefigaro.fr/cinema/tout-juste-apres-avoir-emmenage-a-madrid-richard-gere-qualifie-donald-trump-de-gangster-et-appelle-a-resister-20250210</guid>
                <title>Installé à Madrid, Richard Gere appelle à «résister» contre la «brute» et le «gangster» Donald Trump</title>
                                <link>https://www.lefigaro.fr/cinema/tout-juste-apres-avoir-emmenage-a-madrid-richard-gere-qualifie-donald-trump-de-gangster-et-appelle-a-resister-20250210</link>
                                    <description>L’acteur récompensé lors de la 39e cérémonie des Goya, les César espagnols, pour sa «contribution à l’art cinématographique» et son «engagement social», n’a pas mâché ses mots à propos du 47e président des États-Unis.</description>
                                <category>Cinéma</category>
                <pubDate>Mon, 10 Feb 2025 19:49:22 +0100</pubDate>

                                                            <media:content url="https://i.f1g.fr/media/cms/2127x1196_crop/2025/02/10/f88506293a797c81591a89f4edf63c74fab63d3ba11d0fdc5c32ad8484ceff77.jpg" width="2127" height="1196">
                            <media:description type="plain">« C’est irresponsable et corrosif qu’il y ait des millionnaires à la tête des États-Unis » a déclaré Richard Gere, lors d’une conférence de presse la veille des Goyas.</media:description>
                            <media:credit>GTres/ABACA</media:credit>
                        </media:content>
                                                </item>
                    <item>
                <guid>https://www.lefigaro.fr/cinema/une-partie-de-la-magie-a-disparu-selena-gomez-repond-a-la-polemique-de-karla-sofia-gascon-20250210</guid>
                <title>« Une partie de la magie a disparu » : Selena Gomez répond à la polémique de Karla Sofía Gascón</title>
                                <link>https://www.lefigaro.fr/cinema/une-partie-de-la-magie-a-disparu-selena-gomez-repond-a-la-polemique-de-karla-sofia-gascon-20250210</link>
                                    <description>L’interprète de Jessi dans le Emilia Pérez de Jacques Audiard se dit toutefois « fière » et « toujours aussi reconnaissante » d’avoir joué dans ce film nommé dans 13 catégories aux Oscars.</description>
                                <category>Cinéma</category>
                <pubDate>Mon, 10 Feb 2025 16:11:12 +0100</pubDate>

                                                            <media:content url="https://i.f1g.fr/media/cms/2000x1125_crop/2025/02/10/d07c24e250e7113d59ac1486399d3e179ef867c876dee8694b0beddf267bf8bb.jpg" width="2000" height="1125">
                            <media:description type="plain">Selena Gomez incarne Jessi dans Emilia Pérez. </media:description>
                            <media:credit>FRAZER HARRISON / Getty Images via AFP</media:credit>
                        </media:content>
                                                </item>
                    <item>
                <guid>https://www.lefigaro.fr/cinema/tourne-le-biopic-de-pharrell-williams-par-michel-gondry-ne-verra-finalement-jamais-le-jour-20250210</guid>
                <title>Tourné, le biopic de Pharrell Williams par Michel Gondry ne verra finalement jamais le jour</title>
                                <link>https://www.lefigaro.fr/cinema/tourne-le-biopic-de-pharrell-williams-par-michel-gondry-ne-verra-finalement-jamais-le-jour-20250210</link>
                                    <description>Golden, le film qui retrace l’enfance de la star de la musique américaine devait être dévoilé en mai aux États-Unis. Malgré un budget de 20 millions de dollars et casting 5 étoiles, le long-métrage ne serait pas à la hauteur des ambitions affichées par son équipe.</description>
                                <category>Cinéma</category>
                <pubDate>Mon, 10 Feb 2025 12:17:34 +0100</pubDate>

                                                            <media:content url="https://i.f1g.fr/media/cms/2403x1351_crop/2025/02/10/bcc2430d19e8062512016fbb4464afb1960529e3b12879b78ea1f3091af17e52.jpg" width="2403" height="1351">
                            <media:description type="plain">Le biopic devait retracer l’enfance du chanteur Pharrell Williams, à Virginia Beach, en se concentrant sur l’été 1977.</media:description>
                            <media:credit>KAYLA OADDAMS / Getty Images via AFP</media:credit>
                        </media:content>
                                                </item>
                    <item>
                <guid>https://www.lefigaro.fr/cinema/joan-baez-a-adore-la-performance-de-monica-barbaro-dans-un-parfait-inconnu-20250210</guid>
                <title>Joan Baez a adoré la performance de Monica Barbaro dans Un parfait inconnu</title>
                                <link>https://www.lefigaro.fr/cinema/joan-baez-a-adore-la-performance-de-monica-barbaro-dans-un-parfait-inconnu-20250210</link>
                                    <description>La reine du folk a largement salué l’actrice qui l’incarne dans le biopic consacré à Bob Dylan.</description>
                                <category>Cinéma</category>
                <pubDate>Mon, 10 Feb 2025 12:08:46 +0100</pubDate>

                                                            <media:content url="https://i.f1g.fr/media/cms/1918x1079_crop/2025/02/10/7a40b5bebc0c29e45da6e4ca8f5fba356ff26a13edfa0b2300e7b36e97a416a2.jpg" width="1918" height="1079">
                            <media:description type="plain">Monica Barbaro interprète Joan Baez dans Un parfait inconnu.</media:description>
                            <media:credit>Searchlight Pictures All Rights Reserved.</media:credit>
                        </media:content>
                                                </item>
                    <item>
                <guid>https://www.lefigaro.fr/cinema/david-lynch-est-decede-d-un-arret-cardiaque-20250210</guid>
                <title>David Lynch est décédé d’un arrêt cardiaque</title>
                                <link>https://www.lefigaro.fr/cinema/david-lynch-est-decede-d-un-arret-cardiaque-20250210</link>
                                    <description>Les raisons de la disparition, le 16 janvier, du cinéaste palme d’or à Cannes en 1990 pour Sailor et Lula ont été dévoilées.</description>
                                <category>Cinéma</category>
                <pubDate>Mon, 10 Feb 2025 11:11:19 +0100</pubDate>

                                                            <media:content url="https://i.f1g.fr/media/cms/2876x1617_crop/2025/02/10/a41427d7424103e570d28306626d3f39058b9d12d613b530cb8caeaec9a4b99a.jpg" width="2876" height="1617">
                            <media:description type="plain">Le réalisateur David Lynch a reçu une palme d’or à Cannes en 1990 pour le film Sailor et Lula.</media:description>
                            <media:credit>ABACA/Wenn</media:credit>
                        </media:content>
                                                </item>
                    <item>
                <guid>https://www.lefigaro.fr/cinema/en-lice-pour-les-oscars-adrian-brody-du-pianiste-au-buraliste-20250209</guid>
                <title>En lice pour les Oscars: Adrian Brody, du pianiste au brutaliste</title>
                                <link>https://www.lefigaro.fr/cinema/en-lice-pour-les-oscars-adrian-brody-du-pianiste-au-buraliste-20250209</link>
                                    <description>Après le Golden Globe du meilleur acteur dramatique, le comédien new-yorkais pourrait décrocher l’Oscar pour sa performance éblouissante dans The Brutalist de Brady Corbet. Une success-story qui en rappelle une précédente avec Le Pianiste de Roman Polanski.</description>
                                <category>Cinéma</category>
                <pubDate>Mon, 10 Feb 2025 12:47:32 +0100</pubDate>

                                                            <media:content url="https://i.f1g.fr/media/cms/2000x1125_crop/2025/02/06/4a2af902721f73de135fe238e562bbe1b554ef2b578f70524565332a94796e74.jpg" width="2000" height="1125">
                            <media:description type="plain">Pour ce gamin du Queens, qui a côtoyé, grâce à sa mère, artistes, peintres, décorateurs dès son plus jeune âge, la créativité est inscrite dans son ADN.</media:description>
                            <media:credit>Carlos Alvarez/Getty Images</media:credit>
                        </media:content>
                                                </item>
                    <item>
                <guid>https://www.lefigaro.fr/cinema/strip-tease-integral-l-emission-culte-de-la-tele-belge-revient-au-cinema-20250208</guid>
                <title>Strip-tease intégral, l’émission culte de la télé belge revient au cinéma</title>
                                <link>https://www.lefigaro.fr/cinema/strip-tease-integral-l-emission-culte-de-la-tele-belge-revient-au-cinema-20250208</link>
                                    <description>LA CHRONIQUE DE JEAN-CHRISTOPHE BUISSON - L’émission culte de la télé belge «Strip-Tease» fait son retour au cinéma le 12 février. C’est évidemment une réussite.</description>
                                <category>Cinéma</category>
                <pubDate>Sat, 08 Feb 2025 21:14:58 +0100</pubDate>

                                                            <media:content url="https://i.f1g.fr/media/cms/1217x685_crop/2025/02/06/963c9271b94525df8ccb634187113da096726575fe66de4e01e72a0499aadd96.jpg" width="1217" height="685">
                            <media:description type="plain">Le film «Strip-tease intégral» sort le 12 février.</media:description>
                            <media:credit>Strip-tease intégral</media:credit>
                        </media:content>
                                                </item>
                    <item>
                <guid>https://www.lefigaro.fr/cinema/quand-la-voix-contrefaite-de-sylvester-stallone-devient-le-symbole-de-la-lutte-des-comediens-contre-l-ia-20250208</guid>
                <title>Quand la voix contrefaite de Sylvester Stallone devient le symbole de la lutte des comédiens contre l’IA</title>
                                <link>https://www.lefigaro.fr/cinema/quand-la-voix-contrefaite-de-sylvester-stallone-devient-le-symbole-de-la-lutte-des-comediens-contre-l-ia-20250208</link>
                                    <description>ENQUÊTE - Le secteur du doublage, qui emploie 15 000 personnes dont 5000 comédiens, se mobilise contre la généralisation de l’intelligence artificielle en l’absence de législation qui protégerait « l’exception culturelle française ».</description>
                                <category>Cinéma</category>
                <pubDate>Sat, 08 Feb 2025 13:00:00 +0100</pubDate>

                                                            <media:content url="https://i.f1g.fr/media/cms/1916x1078_crop/2025/02/07/51dc4905f27fd9a4f5948d1f49a545a577791ea2609d1ad31fd219386d902d2c.jpg" width="1916" height="1078">
                            <media:description type="plain">Les comédiens se sont rassemblés le 3 décembre pour lutter contre l’utilisation de l’IA dans le métier de doubleur.</media:description>
                            <media:credit>Clement Hudson/ Capture Instagram UNSA Spectacle et Communication/ Les Voix</media:credit>
                        </media:content>
                                                </item>
                    <item>
                <guid>https://www.lefigaro.fr/cinema/les-tuche-5-les-aventures-britanniques-de-la-famille-de-bouzolles-ecrasent-la-concurrence-20250207</guid>
                <title>Les Tuche 5 : les aventures britanniques de la famille de Bouzolles écrasent la concurrence</title>
                                <link>https://www.lefigaro.fr/cinema/les-tuche-5-les-aventures-britanniques-de-la-famille-de-bouzolles-ecrasent-la-concurrence-20250207</link>
                                    <description>La comédie signée pour la première fois par Jean-Paul Rouve réalise le deuxième meilleur démarrage de la saga familiale.</description>
                                <category>Cinéma</category>
                <pubDate>Fri, 07 Feb 2025 09:28:28 +0100</pubDate>

                                                            <media:content url="https://i.f1g.fr/media/cms/1918x1079_crop/2025/02/07/361f1f99fe77e1126a1b9991a945ad8c1b34ac11611d71781c2072fcd215aae5.jpg" width="1918" height="1079">
                            <media:description type="plain">Mercredi soir, Les Tuche avaient enregistré 240 914 entrées au total, dont 140 000 grâce aux avant-premières du week-end dernier.</media:description>
                            <media:credit>  2025-PATHE FILMS-TF1 FILMS PRODUCTION-LES FILMS DU MONSIEUR-BESIDE PRODUCTIONS</media:credit>
                        </media:content>
                                                </item>
                    <item>
                <guid>https://www.lefigaro.fr/cinema/ceremonie-cesar/dans-leur-course-mouvementee-aux-oscars-jacques-audiard-coupe-les-ponts-avec-karla-sofia-gascon-20250206</guid>
                <title>Dans leur course mouvementée aux Oscars, Jacques Audiard coupe les ponts avec Karla Sofía Gascón</title>
                                <link>https://www.lefigaro.fr/cinema/ceremonie-cesar/dans-leur-course-mouvementee-aux-oscars-jacques-audiard-coupe-les-ponts-avec-karla-sofia-gascon-20250206</link>
                                    <description>Le réalisateur français explique ne plus vouloir parler avec l’actrice principale d’Emilia Pérez, qu’il juge « dans une démarche d’autodestruction ».</description>
                                <category>Cérémonie des César</category>
                <pubDate>Thu, 06 Feb 2025 17:35:59 +0100</pubDate>

                                                            <media:content url="https://i.f1g.fr/media/cms/3000x1687_crop/2025/02/06/42efae7562a6ac6b11603ee7b7d74a70eb2b20073767de0e51beb057c25c1da1.jpg" width="3000" height="1687">
                            <media:description type="plain">« Cette affaire blesse toute l’équipe du film qui a travaillé dur », affirme Jacques Audiard dans une interview à Deadline.</media:description>
                            <media:credit>RAUL ARBOLEDA / AFP</media:credit>
                        </media:content>
                                                </item>
                    <item>
                <guid>https://www.lefigaro.fr/culture/paris-marseille-montpellier-le-nouvel-hollywood-francais-a-vu-trop-grand-20250206</guid>
                <title>Paris, Marseille, Montpellier... Le nouvel «Hollywood français» a vu trop grand</title>
                                <link>https://www.lefigaro.fr/culture/paris-marseille-montpellier-le-nouvel-hollywood-francais-a-vu-trop-grand-20250206</link>
                                    <description>DÉCRYPTAGE - Si des studios de cinéma sortent de terre dans plusieurs villes, le plan d’Emmanuel Macron pour le secteur patine. Deux de ses lauréats ont jeté l’éponge et l’avenir de quatre projets reste incertain.</description>
                                <category>Culture</category>
                <pubDate>Fri, 07 Feb 2025 12:29:44 +0100</pubDate>

                                                            <media:content url="https://i.f1g.fr/media/cms/3000x1687_crop/2025/02/06/5b9f7c6a62cd326acceb6b82865ca7d6b7c80cf6a516e9e2e301e41bb63c9a65.jpg" width="3000" height="1687">
                            <media:description type="plain">Des extérieurs d'immeubles et rues de Paris reconstitués chez TSF studios et Backlot 77, sur l'aérodrome de Coulommiers-Voisins, en Seine-et-Marne.</media:description>
                            <media:credit>Sébastien SORIANO</media:credit>
                        </media:content>
                                                </item>
            </channel>
</rss>
