<?xml version="1.0" encoding="UTF-8"?>
<rss version="2.0" xmlns:atom="http://www.w3.org/2005/Atom" xmlns:media="http://search.yahoo.com/mrss/">
    <channel>
        <atom:link href="https://www.lefigaro.fr/rss/figaro_immobilier.xml" rel="self" type="application/rss+xml"/>
        <category>Immobilier</category>
        <title>Le Figaro - Gestion de patrimoine immobilier : Actualité et conseils pour la gestion de patrimoine immobilier : défiscalisation, location meublée</title>
        <description>Retrouvez toute l&#039;actualité et conseils pour la gestion de votre patrimoine immobilier, ainsi que nos outils de simulation avec Lefigaro.fr</description>
        <link>http://www.lefigaro.fr</link>
        <language>fr</language>
        <copyright>Droits de reproduction et de diffusion réservés LeFigaro.fr</copyright>
        <lastBuildDate>Tue, 11 Feb 2025 16:36:03 +0100</lastBuildDate>
        <docs>https://www.lefigaro.fr/rss</docs>
        <image>
            <title>Le Figaro - Gestion de patrimoine immobilier : Actualité et conseils pour la gestion de patrimoine immobilier : défiscalisation, location meublée</title>
            <url>https://static.lefigaro.fr/common/logos/logo-150x150.png</url>
            <link>http://www.lefigaro.fr</link>
            <description>Retrouvez toute l&#039;actualité et conseils pour la gestion de votre patrimoine immobilier, ainsi que nos outils de simulation avec Lefigaro.fr</description>
        </image>

                    <item>
                <guid>https://immobilier.lefigaro.fr/article/jusqu-a-150-000-logements-pourraient-voir-le-jour-en-ile-de-france-grace-a-la-transformation-de-bureaux-obsoletes-20250211</guid>
                <title>Jusqu’à 150.000 logements pourraient voir le jour en Île-de-France grâce à la transformation de bureaux obsolètes</title>
                                <link>https://immobilier.lefigaro.fr/article/jusqu-a-150-000-logements-pourraient-voir-le-jour-en-ile-de-france-grace-a-la-transformation-de-bureaux-obsoletes-20250211</link>
                                    <description>L’Observatoire régional de l’immobilier d’entreprise en Île-de-France estime que jusqu’à 8 millions de mètres carrés de logements pourraient être créés en région parisienne.</description>
                                <category>Immobilier</category>
                <pubDate>Tue, 11 Feb 2025 12:23:45 +0100</pubDate>

                                                            <media:content url="https://i.f1g.fr/media/cms/3000x2247_crop/2025/02/11/65eb30b4e0eb422ac76414c4776f3262a9beff19250ceb366661a6fa3a81c89b.jpg" width="3000" height="2247">
                            <media:description type="plain">Projet Boréales à Clichy, exemple de transformation de bureaux en logements. </media:description>
                            <media:credit>Arekipa</media:credit>
                        </media:content>
                                                </item>
                    <item>
                <guid>https://immobilier.lefigaro.fr/article/tout-le-monde-le-sait-le-couple-macron-vend-sa-villa-du-touquet-et-en-cherche-une-autre-20250211</guid>
                <title>«Tout le monde le sait» : le couple Macron vend sa villa du Touquet et en cherche une autre</title>
                                <link>https://immobilier.lefigaro.fr/article/tout-le-monde-le-sait-le-couple-macron-vend-sa-villa-du-touquet-et-en-cherche-une-autre-20250211</link>
                                    <description>Selon un agent immobilier local interrogé par Le Figaro, le couple présidentiel aurait eu un coup de cœur pour une villa face à la mer.</description>
                                <category>Immobilier</category>
                <pubDate>Tue, 11 Feb 2025 06:00:00 +0100</pubDate>

                                                            <media:content url="https://i.f1g.fr/media/cms/2850x1603_crop/2025/02/10/6a3d42ba48e788560bf3e8724cf5ddbe9c7bf19dd945e15dadef340efd2c6d51.jpg" width="2850" height="1603">
                            <media:description type="plain">La maison de quatre étages a souvent été prise d’assaut par des groupes de curieux et le couple aspirerait à plus de tranquillité. </media:description>
                            <media:credit>ABACA / ABACA</media:credit>
                        </media:content>
                                                </item>
                    <item>
                <guid>https://immobilier.lefigaro.fr/article/ils-n-ont-aucune-visibilite-les-investisseurs-desertent-le-marche-immobilier-20250210</guid>
                <title>«Ils n’ont aucune visibilité» : les investisseurs désertent le marché immobilier</title>
                                <link>https://immobilier.lefigaro.fr/article/ils-n-ont-aucune-visibilite-les-investisseurs-desertent-le-marche-immobilier-20250210</link>
                                    <description>Avec la fin du dispositif d’incitation fiscal Pinel et la sortie des passoires thermiques du marché locatif, les investisseurs disparaissent peu à peu.</description>
                                <category>Immobilier</category>
                <pubDate>Mon, 10 Feb 2025 06:00:00 +0100</pubDate>

                                                            <media:content url="https://i.f1g.fr/media/cms/3000x2000_crop/2025/02/06/d637408e541a7f3016c9db6a71a66dcf095d16565a2211d31f6b9a8ce2cc31a0.jpg" width="3000" height="2000">
                            <media:description type="plain">Les passoires thermiques sont retirées du marché locatif depuis le 1er janvier 2025. </media:description>
                            <media:credit>sofiko14 - stock.adobe.com</media:credit>
                        </media:content>
                                                </item>
                    <item>
                <guid>https://immobilier.lefigaro.fr/annonces/edito/acheter/video/immobilier-vers-une-reprise-durable-en-2025</guid>
                <title>Immobilier : vers une reprise durable en 2025 ?</title>
                                <link>https://immobilier.lefigaro.fr/annonces/edito/acheter/video/immobilier-vers-une-reprise-durable-en-2025</link>
                                    <description>Entre l’évolution des taux d’intérêt, les conditions de crédit, les prix de logements, les incertitudes politiques, économiques…Jordan Frarier (Foncia) et Ludovic Huzieux (Artemis courtage) partagent leurs points de vue dans l’émission Figaro Immo, animée par Olivier Marin.</description>
                                <category>investir</category>
                <pubDate>Sun, 09 Feb 2025 17:02:06 +0100</pubDate>

                            </item>
                    <item>
                <guid>https://immobilier.lefigaro.fr/article/a-los-angeles-cette-propriete-feng-shui-a-27-millions-d-euros-attire-les-ondes-positives_ccdecc82-ce68-11ef-b7ce-edfe2e768602/</guid>
                <title>À Los Angeles, cette propriété feng shui à 27 millions d’euros attire les ondes positives</title>
                                <link>https://immobilier.lefigaro.fr/article/a-los-angeles-cette-propriete-feng-shui-a-27-millions-d-euros-attire-les-ondes-positives_ccdecc82-ce68-11ef-b7ce-edfe2e768602/</link>
                                    <description>EN IMAGES - Avec cette propriété qui arrive sur le marché pour une somme rondelette, vous pourrez acquérir un domaine où règne l’harmonie, en Californie.</description>
                                <category>Architecture</category>
                <pubDate>Tue, 11 Feb 2025 09:51:07 +0100</pubDate>

                            </item>
                    <item>
                <guid>https://immobilier.lefigaro.fr/article/ce-musee-inedit-ouvre-au-rez-de-chaussee-d-une-barre-hlm-20250209</guid>
                <title>Ce musée inédit a ouvert au rez-de-chaussée d’une barre HLM</title>
                                <link>https://immobilier.lefigaro.fr/article/ce-musee-inedit-ouvre-au-rez-de-chaussee-d-une-barre-hlm-20250209</link>
                                    <description>EN IMAGES - C’est une première. À Rennes, un musée fleurit au pied d’un immeuble de logements sociaux, depuis le 1er février.</description>
                                <category>Immobilier</category>
                <pubDate>Sun, 09 Feb 2025 08:00:00 +0100</pubDate>

                            </item>
                    <item>
                <guid>https://immobilier.lefigaro.fr/article/la-spectaculaire-degringolade-des-ventes-du-numero-1-de-la-construction-de-maisons-20250208</guid>
                <title>La spectaculaire dégringolade des ventes du numéro 1 de la construction de maisons</title>
                                <link>https://immobilier.lefigaro.fr/article/la-spectaculaire-degringolade-des-ventes-du-numero-1-de-la-construction-de-maisons-20250208</link>
                                    <description>Le chiffre d’affaires d’Hexaom, qui entrevoit une amélioration en 2025, a chuté de 29% en 2024.</description>
                                <category>Immobilier</category>
                <pubDate>Sat, 08 Feb 2025 11:25:16 +0100</pubDate>

                                                            <media:content url="https://i.f1g.fr/media/cms/3000x2001_crop/2025/02/08/0b6aec333727756c1b57cadcc80cc0241e352bee2f3ffe2d2b4799f245783882.jpg" width="3000" height="2001">
                            <media:description type="plain">Vedettes du Covid, les maisons peinent à trouver preneur.</media:description>
                            <media:credit>Werner Dieterich/Westend61 - stock.adobe.com</media:credit>
                        </media:content>
                                                </item>
                    <item>
                <guid>https://immobilier.lefigaro.fr/article/cette-immense-villa-moderniste-au-passe-tourmente-est-a-vendre-pour-4-millions-d-euros-20250208</guid>
                <title>Cette immense villa moderniste au passé tourmenté est à vendre pour 4 millions d’euros</title>
                                <link>https://immobilier.lefigaro.fr/article/cette-immense-villa-moderniste-au-passe-tourmente-est-a-vendre-pour-4-millions-d-euros-20250208</link>
                                    <description>EN IMAGES - Située en région parisienne, cette réalisation majeure de l’architecte Robert Mallet-Stevens a connu de nombreux projets avortés et se cherche un avenir plus serein avec un nouveau propriétaire.</description>
                                <category>Immobilier</category>
                <pubDate>Sat, 08 Feb 2025 07:00:00 +0100</pubDate>

                            </item>
                    <item>
                <guid>https://immobilier.lefigaro.fr/article/des-proprietaires-decouvrent-dans-leur-immeuble-de-l-amiante-que-le-diagnostiqueur-n-avait-pas-trouvee-20250208</guid>
                <title>Des propriétaires découvrent dans leur immeuble de l’amiante que le diagnostiqueur n’avait pas trouvée</title>
                                <link>https://immobilier.lefigaro.fr/article/des-proprietaires-decouvrent-dans-leur-immeuble-de-l-amiante-que-le-diagnostiqueur-n-avait-pas-trouvee-20250208</link>
                                    <description>Un diagnostiqueur avait conclu, avant la vente, à l’absence de matériaux contenant de l’amiante mais les acquéreurs en ont repéré dans l’entrée du bâtiment.</description>
                                <category>Immobilier</category>
                <pubDate>Sat, 08 Feb 2025 07:00:00 +0100</pubDate>

                                                            <media:content url="https://i.f1g.fr/media/cms/2576x1727_crop/2025/02/07/fc33da353c23fabe345479f8476fa4145a6a76757d95a9a0d4c6583bb8ff217d.jpg" width="2576" height="1727">
                            <media:description type="plain">Des matériaux amiantés étaient présents dans un fourreau où circulaient les conduites de chauffage.</media:description>
                            <media:credit>Ecology - stock.adobe.com</media:credit>
                        </media:content>
                                                </item>
                    <item>
                <guid>https://immobilier.lefigaro.fr/article/ce-chantier-a-1-milliard-de-dollars-de-donald-trump-bloque-par-l-indonesie-20250207</guid>
                <title>Ce chantier à 1 milliard de dollars de Donald Trump bloqué par l’Indonésie</title>
                                <link>https://immobilier.lefigaro.fr/article/ce-chantier-a-1-milliard-de-dollars-de-donald-trump-bloque-par-l-indonesie-20250207</link>
                                    <description>Le ministre indonésien de l’Environnement a ordonné l’arrêt du projet en raison de plusieurs violations des règles environnementales.</description>
                                <category>Immobilier</category>
                <pubDate>Fri, 07 Feb 2025 11:56:58 +0100</pubDate>

                                                            <media:content url="https://i.f1g.fr/media/cms/3000x2001_crop/2025/02/07/18c46cf8aacaba38824b4cffcf5e1f1a29c6ffe67f330f279875e294a2f177d0.jpg" width="3000" height="2001">
                            <media:description type="plain">Des hôtels, résidences et un terrain de golf portant l’enseigne Trump faisaient partie du méga projet immobilier.</media:description>
                            <media:credit>Elizabeth Frantz / REUTERS</media:credit>
                        </media:content>
                                                </item>
                    <item>
                <guid>https://immobilier.lefigaro.fr/article/pour-le-prix-d-un-3-pieces-parisien-offrez-vous-cette-demeure-medievale-liee-a-richard-iii-et-a-cromwell-20250207</guid>
                <title>Pour le prix d’un 3-pièces parisien, offrez-vous cette demeure médiévale liée à Richard III et à Cromwell</title>
                                <link>https://immobilier.lefigaro.fr/article/pour-le-prix-d-un-3-pieces-parisien-offrez-vous-cette-demeure-medievale-liee-a-richard-iii-et-a-cromwell-20250207</link>
                                    <description>EN IMAGES - Au nord-ouest de l’Angleterre, cette demeure de la fin du 15e siècle est à vendre pour 660.000 euros. Le roi Richard III était propriétaire de ces terres et Oliver Cromwell a résidé dans ce bâtiment.</description>
                                <category>Immobilier</category>
                <pubDate>Fri, 07 Feb 2025 15:09:48 +0100</pubDate>

                            </item>
                    <item>
                <guid>https://immobilier.lefigaro.fr/article/pourquoi-y-a-t-il-toujours-autant-de-dpe-non-renseignes-dans-les-annonces-immobilieres-20250207</guid>
                <title>Pourquoi y a-t-il toujours autant de DPE non renseignés dans les annonces immobilières ?</title>
                                <link>https://immobilier.lefigaro.fr/article/pourquoi-y-a-t-il-toujours-autant-de-dpe-non-renseignes-dans-les-annonces-immobilieres-20250207</link>
                                    <description>Près d’une annonce sur cinq est diffusée sans information sur la performance énergétique du bien. À Paris, cela concerne une annonce sur trois.</description>
                                <category>Immobilier</category>
                <pubDate>Fri, 07 Feb 2025 10:26:31 +0100</pubDate>

                                                            <media:content url="https://i.f1g.fr/media/cms/3000x2001_crop/2025/02/06/0b6ee7e6578af22b9c22a1a57ab8e47755d90d6466902bd519ad56ce94912405.jpg" width="3000" height="2001">
                            <media:description type="plain">Sur les façades des agences immobilières, des annonces sans DPE. </media:description>
                            <media:credit>Sylvain Robin / OceanProd - stock.adobe.com</media:credit>
                        </media:content>
                                                </item>
                    <item>
                <guid>https://immobilier.lefigaro.fr/article/a-paris-les-charges-de-copropriete-s-envolent-20250206</guid>
                <title>À Paris, les charges de copropriété s’envolent</title>
                                <link>https://immobilier.lefigaro.fr/article/a-paris-les-charges-de-copropriete-s-envolent-20250206</link>
                                    <description>Les dépenses courantes des immeubles privés de la capitale ont bondi de 10,7 % en 2023. Les copropriétaires dépensent en moyenne 6500 euros par lot, travaux compris.</description>
                                <category>Immobilier</category>
                <pubDate>Thu, 06 Feb 2025 07:47:29 +0100</pubDate>

                                                            <media:content url="https://i.f1g.fr/media/cms/3000x2000_crop/2025/02/05/8bacbaeac8f4cca4189cf55345c6a6b85999f23ccc46fd86d93cc62c6e068ffa.jpg" width="3000" height="2000">
                            <media:description type="plain">Un copropriétaire parisien dépense en moyenne 6500 euros pour payer les charges courantes et financer les travaux votés par la copropriété. </media:description>
                            <media:credit>Brian Kinney / BRIAN_KINNEY - stock.adobe.com</media:credit>
                        </media:content>
                                                </item>
                    <item>
                <guid>https://immobilier.lefigaro.fr/article/a-nice-ce-logement-a-1-73-million-d-euros-mele-ambiance-de-riad-et-vue-sur-la-cathedrale-orthodoxe-20250206</guid>
                <title>À Nice, ce logement à 1,73 million d’euros mêle ambiance de riad et vue sur la cathédrale orthodoxe</title>
                                <link>https://immobilier.lefigaro.fr/article/a-nice-ce-logement-a-1-73-million-d-euros-mele-ambiance-de-riad-et-vue-sur-la-cathedrale-orthodoxe-20250206</link>
                                    <description>Proposé à la vente en plein cœur de Nice, l’appartement se déploie sur plus de 200 m² avec un patio inspiré de l’architecture mauresque andalouse.</description>
                                <category>Immobilier</category>
                <pubDate>Thu, 06 Feb 2025 06:00:00 +0100</pubDate>

                            </item>
                    <item>
                <guid>https://immobilier.lefigaro.fr/article/donations-frais-de-notaire-pret-a-taux-zero-ce-que-bayrou-prepare-pour-les-proprietaires-20250205</guid>
                <title>Donations, frais de notaire, prêt à taux zéro : ce que Bayrou prépare pour les propriétaires</title>
                                <link>https://immobilier.lefigaro.fr/article/donations-frais-de-notaire-pret-a-taux-zero-ce-que-bayrou-prepare-pour-les-proprietaires-20250205</link>
                                    <description>Les propriétaires immobiliers en savent désormais plus sur ce qui les attend pour 2025.</description>
                                <category>Immobilier</category>
                <pubDate>Wed, 05 Feb 2025 06:00:00 +0100</pubDate>

                                                            <media:content url="https://i.f1g.fr/media/cms/3000x2001_crop/2025/02/04/100495a510d2fdc42d73678ee8aa1282bac8b2d781ffbe6766f29177153dd7f7.jpg" width="3000" height="2001">
                            <media:description type="plain">Le projet de loi de finances 2025 comporte plusieurs mesures importantes pour les investisseurs immobiliers mais son examen traîne en longueur. </media:description>
                            <media:credit>fizkes - stock.adobe.com</media:credit>
                        </media:content>
                                                </item>
                    <item>
                <guid>https://immobilier.lefigaro.fr/article/biarritz-reclame-100-000-euros-a-un-proprietaire-qui-loue-son-logement-sur-airbnb-20250205</guid>
                <title>Biarritz réclame 100.000 euros à un propriétaire qui loue son logement sur Airbnb</title>
                                <link>https://immobilier.lefigaro.fr/article/biarritz-reclame-100-000-euros-a-un-proprietaire-qui-loue-son-logement-sur-airbnb-20250205</link>
                                    <description>Un propriétaire se voit attaquer en justice par la Ville de Biarritz pour ne pas avoir mis des logements en location à l’année en échange des biens touristiques qu’il louait sur Airbnb.</description>
                                <category>Immobilier</category>
                <pubDate>Wed, 05 Feb 2025 06:00:00 +0100</pubDate>

                                                            <media:content url="https://i.f1g.fr/media/cms/3000x1938_crop/2025/02/04/5216131970d8e7e2d269872676f1eb3582b475f735bc9a7e585f1f7989b23af1.jpg" width="3000" height="1938">
                            <media:description type="plain">Le propriétaire invoque la faute de la conciergerie qui s’occupe de ses biens. </media:description>
                            <media:credit>Krakenimages.com - stock.adobe.com</media:credit>
                        </media:content>
                                                </item>
                    <item>
                <guid>https://immobilier.lefigaro.fr/article/il-faudra-au-moins-5-ans-pour-reconstruire-les-milliers-de-maisons-detruites-a-los-angeles-20250204</guid>
                <title>Il faudra au moins 5 ans pour reconstruire les milliers de maisons détruites à Los Angeles</title>
                                <link>https://immobilier.lefigaro.fr/article/il-faudra-au-moins-5-ans-pour-reconstruire-les-milliers-de-maisons-detruites-a-los-angeles-20250204</link>
                                    <description>Rien que pour dépolluer les sols, de longs mois seront nécessaires avant de mettre en œuvre des normes tatillonnes et affronter le manque d’ouvriers du bâtiment et de matériaux. Un immense défi.</description>
                                <category>Immobilier</category>
                <pubDate>Tue, 04 Feb 2025 16:34:23 +0100</pubDate>

                                                            <media:content url="https://i.f1g.fr/media/cms/3000x1998_crop/2025/02/04/cc7b91fd8ccf77ed3a261dc7d6107a05b4b1bcf59c218877b3ed93b2ba627363.jpg" width="3000" height="1998">
                            <media:description type="plain">Plus de 10.000 habitations ont été détruites par les flammes.</media:description>
                            <media:credit>Ringo Chiu / SOPA Images via Reu</media:credit>
                        </media:content>
                                                </item>
                    <item>
                <guid>https://immobilier.lefigaro.fr/article/si-cette-condition-n-est-pas-respectee-le-conge-pour-vente-d-un-bien-detenu-par-une-sci-est-illegal-20250204</guid>
                <title>Si cette condition n’est pas respectée, le congé pour vente d’un bien détenu par une SCI est illégal</title>
                                <link>https://immobilier.lefigaro.fr/article/si-cette-condition-n-est-pas-respectee-le-conge-pour-vente-d-un-bien-detenu-par-une-sci-est-illegal-20250204</link>
                                    <description>La justice se penchait sur un bien immobilier détenu en indivision par une SCI pour lequel les locataires contestaient la régularité du congé.</description>
                                <category>Immobilier</category>
                <pubDate>Tue, 04 Feb 2025 06:00:00 +0100</pubDate>

                                                            <media:content url="https://i.f1g.fr/media/cms/3000x2000_crop/2025/02/03/5fa5665da3a84b224166e915bc60a97f8154f687801f404eb8b60777ec304c35.jpg" width="3000" height="2000">
                            <media:description type="plain">Pour donner congé à son locataire, un propriétaire doit respecter toute une série de règles formelles.</media:description>
                            <media:credit>Antonioguillem - stock.adobe.com</media:credit>
                        </media:content>
                                                </item>
                    <item>
                <guid>https://immobilier.lefigaro.fr/article/l-inadaptation-du-logement-au-handicap-un-critere-neglige-les-handicapes-particulierement-touches-par-le-mal-logement-20250203</guid>
                <title>« L’inadaptation du logement au handicap, un critère négligé » : les handicapés particulièrement touchés par le mal-logement</title>
                                <link>https://immobilier.lefigaro.fr/article/l-inadaptation-du-logement-au-handicap-un-critere-neglige-les-handicapes-particulierement-touches-par-le-mal-logement-20250203</link>
                                    <description>Les personnes en situation de handicap peinent plus que les autres à trouver un logement à louer et encore plus à accéder à la propriété, selon le 30e rapport de la Fondation pour le Logement des Défavorisés (ex-Fondation Abbé Pierre).</description>
                                <category>Immobilier</category>
                <pubDate>Mon, 03 Feb 2025 22:00:00 +0100</pubDate>

                                                            <media:content url="https://i.f1g.fr/media/cms/3000x1688_crop/2025/02/03/3fec11e7e14c2e083d4cdd97324400f5fd9a9ba0d1c769f82b200a9290abda1f.jpg" width="3000" height="1688">
                            <media:description type="plain">La Fondation liste une série de préconisations dont l’abrogation de l’article de la loi Elan qui réduit à 20 % la part de logements neufs accessibles au handicap. </media:description>
                            <media:credit>JAKA MUSIC AND GREGOR JERIC / 24K-Production - stock.adobe.com</media:credit>
                        </media:content>
                                                </item>
                    <item>
                <guid>https://immobilier.lefigaro.fr/annonces/edito/acheter/video/immobilier-de-luxe--quelles-sont-les-grandes-tenda</guid>
                <title>Immobilier de luxe : quelles sont les grandes tendances ?</title>
                                <link>https://immobilier.lefigaro.fr/annonces/edito/acheter/video/immobilier-de-luxe--quelles-sont-les-grandes-tenda</link>
                                    <description>Destinations les plus prisées mais aussi types de biens, architecture et design…Thibault de Saint Vincent, président du groupe Barnes et Guillaume de Saint Lager, fondateur de l’agence Paragone, apportent leurs éclairages, dans l’émission Figaro Immo, animée par Olivier Marin</description>
                                <category>investir</category>
                <pubDate>Mon, 03 Feb 2025 09:43:02 +0100</pubDate>

                            </item>
            </channel>
</rss>
