<?xml version="1.0" encoding="UTF-8"?>
<rss version="2.0" xmlns:atom="http://www.w3.org/2005/Atom" xmlns:media="http://search.yahoo.com/mrss/">
    <channel>
        <atom:link href="https://www.lefigaro.fr/rss/figaro_elections.xml" rel="self" type="application/rss+xml"/>
        <category>Election</category>
        <title>Le Figaro - Elections - L’actualité des élections</title>
        <description>Suivez les prochaines élections et retrouvez les sondages, les candidats et les enjeux des campagnes en France</description>
        <link>http://www.lefigaro.fr</link>
        <language>fr</language>
        <copyright>Droits de reproduction et de diffusion réservés LeFigaro.fr</copyright>
        <lastBuildDate>Tue, 11 Feb 2025 16:37:40 +0100</lastBuildDate>
        <docs>https://www.lefigaro.fr/rss</docs>
        <image>
            <title>Le Figaro - Elections - L’actualité des élections</title>
            <url>https://static.lefigaro.fr/common/logos/logo-150x150.png</url>
            <link>http://www.lefigaro.fr</link>
            <description>Suivez les prochaines élections et retrouvez les sondages, les candidats et les enjeux des campagnes en France</description>
        </image>

                    <item>
                <guid>https://www.lefigaro.fr/elections/legislatives/gabriel-attal-un-gout-d-inacheve-et-une-ambition-intacte-20240905</guid>
                <title>Gabriel Attal, un goût d’inachevé et une ambition intacte</title>
                                <link>https://www.lefigaro.fr/elections/legislatives/gabriel-attal-un-gout-d-inacheve-et-une-ambition-intacte-20240905</link>
                                    <description>RÉCIT - Moins de huit mois après avoir été nommé premier ministre, Gabriel Attal quitte Matignon. Un premier accroc après sept ans d’ascension fulgurante. Son départ s’accompagne d’une rupture politique avec le chef de l’État.</description>
                                <category>Législatives</category>
                <pubDate>Fri, 06 Sep 2024 07:40:30 +0200</pubDate>

                                                            <media:content url="https://i.f1g.fr/media/cms/3000x2001_crop/2024/07/04/dfa554efdde879d265ce8b19ad37a2e82aec9f54e2b8a54ce8dd4f7c0a21ae76.jpg" width="3000" height="2001">
                            <media:description type="plain">Gabriel Attal dans les jardins de Matignon, en mai dernier.</media:description>
                            <media:credit>Blondet Eliot / Blondet Eliot/ABACA</media:credit>
                        </media:content>
                                                </item>
                    <item>
                <guid>https://www.lefigaro.fr/politique/toutes-les-portes-nous-sont-fermees-la-difficile-reconversion-des-macronistes-defaits-aux-legislatives-20240820</guid>
                <title>«Toutes les portes nous sont fermées»: la difficile reconversion des macronistes défaits aux législatives</title>
                                <link>https://www.lefigaro.fr/politique/toutes-les-portes-nous-sont-fermees-la-difficile-reconversion-des-macronistes-defaits-aux-legislatives-20240820</link>
                                    <description>RÉCIT - Après le revers des législatives, le parti présidentiel a perdu près de 70&amp;#160;députés. Nombre d’entre eux peinent encore à retrouver un emploi.</description>
                                <category>Politique</category>
                <pubDate>Wed, 21 Aug 2024 10:49:12 +0200</pubDate>

                                                            <media:content url="https://i.f1g.fr/media/cms/3000x1687_crop/2024/08/20/82d8441ae05b7a8f48e36f53679a014de96bf4dbf2ea95a385e403827ef049a0.jpg" width="3000" height="1687">
                            <media:description type="plain">Les députés de la majorité présidentielle à l’Assemblée nationale, en janvier dernier.</media:description>
                            <media:credit>THOMAS SAMSON / AFP</media:credit>
                        </media:content>
                                                </item>
                    <item>
                <guid>https://www.lefigaro.fr/politique/assemblee-nationale-plus-de-150-propositions-de-loi-victimes-de-la-dissolution-en-attente-d-examen-20240820</guid>
                <title>Assemblée nationale: plus de 150&#160;propositions de loi, victimes de la dissolution, en attente d’examen</title>
                                <link>https://www.lefigaro.fr/politique/assemblee-nationale-plus-de-150-propositions-de-loi-victimes-de-la-dissolution-en-attente-d-examen-20240820</link>
                                    <description>La dissolution a stoppé net l’ensemble des travaux parlementaires, qui devraient reprendre au compte-goutte après la nomination d’un nouveau gouvernement.</description>
                                <category>Politique</category>
                <pubDate>Tue, 20 Aug 2024 19:39:11 +0200</pubDate>

                                                            <media:content url="https://i.f1g.fr/media/cms/3000x1687_crop/2024/08/20/5eb998d53d77a8c050c971dc7ff48d341be924e2c0c4881bea11319d7d80a7a6.jpg" width="3000" height="1687">
                            <media:description type="plain">Les députés de la nouvelle législature, ici lors de l’élection du Président de l'Assemblée nationale le 18 juillet.</media:description>
                            <media:credit>SEBASTIEN SORIANO / Le Figaro</media:credit>
                        </media:content>
                                                </item>
                    <item>
                <guid>https://www.lefigaro.fr/politique/tout-le-monde-est-dans-le-flou-face-au-blocage-politique-le-grand-desarroi-des-deputes-20240820</guid>
                <title>«Tout le monde est dans le flou» : face au blocage politique, le grand désarroi des députés</title>
                                <link>https://www.lefigaro.fr/politique/tout-le-monde-est-dans-le-flou-face-au-blocage-politique-le-grand-desarroi-des-deputes-20240820</link>
                                    <description>RÉCIT - Près d’un mois et demi après leur élection, les députés attendent toujours les choix de l’exécutif et une date de rentrée pour attaquer l’examen du budget.</description>
                                <category>Politique</category>
                <pubDate>Wed, 21 Aug 2024 10:49:25 +0200</pubDate>

                                                            <media:content url="https://i.f1g.fr/media/cms/3000x1687_crop/2024/08/20/0bc6d8db6ff9f8f194d9aee1fd9327725ebd1d9d07126e389b4491c81543135c.jpg" width="3000" height="1687">
                            <media:description type="plain">Les députés attendent toujours une date de rentrée</media:description>
                            <media:credit>SEBASTIEN SORIANO / Le Figaro</media:credit>
                        </media:content>
                                                </item>
                    <item>
                <guid>https://www.lefigaro.fr/politique/avec-un-nombre-de-groupes-record-l-assemblee-nationale-menacee-de-paralysie-20240820</guid>
                <title>Avec un nombre de groupes record, l’Assemblée nationale menacée de paralysie</title>
                                <link>https://www.lefigaro.fr/politique/avec-un-nombre-de-groupes-record-l-assemblee-nationale-menacee-de-paralysie-20240820</link>
                                    <description>En l’espace de sept ans, le nombre de groupes parlementaires a doublé dans l’Hémicycle, passant de 6 à 11 entre 2012 et 2024.</description>
                                <category>Politique</category>
                <pubDate>Wed, 21 Aug 2024 10:25:17 +0200</pubDate>

                                                            <media:content url="https://i.f1g.fr/media/cms/3000x1980_crop/2024/08/20/df36ab47726dc19516ac8143a54357b030e8d52442b024b9df3ae49a2c29a410.jpg" width="3000" height="1980">
                            <media:description type="plain">L’Assemblée nationale compte onze groupes parlementaires, un record.</media:description>
                            <media:credit>SEBASTIEN SORIANO / Le Figaro</media:credit>
                        </media:content>
                                                </item>
                    <item>
                <guid>https://www.lefigaro.fr/elections/legislatives/les-republicains-accueillent-froidement-le-pacte-d-action-des-macronistes-20240806</guid>
                <title>Les Républicains accueillent froidement le «pacte d’action» des macronistes</title>
                                <link>https://www.lefigaro.fr/elections/legislatives/les-republicains-accueillent-froidement-le-pacte-d-action-des-macronistes-20240806</link>
                                    <description>DÉCRYPTAGE - Si quelques points de convergence existent entre les projets présentés par Laurent Wauquiez puis par Gabriel Attal, il reste encore du chemin avant une éventuelle alliance entre la droite et le bloc central.</description>
                                <category>Politique</category>
                <pubDate>Wed, 21 Aug 2024 10:15:16 +0200</pubDate>

                                                            <media:content url="https://i.f1g.fr/media/cms/3000x2000_crop/2024/08/06/0fbbb2c640e98f457d0a07eff447db5fcf0015b77c0fd333bb7d2c151581a398.jpg" width="3000" height="2000">
                            <media:description type="plain">Laurent Wauquiez, député de Haute-Loire et chef du groupe Droite républicaine à l’Assemblée nationale.</media:description>
                            <media:credit>Sarah MEYSSONNIER / REUTERS</media:credit>
                        </media:content>
                                                </item>
                    <item>
                <guid>https://www.lefigaro.fr/elections/legislatives/emmenee-par-le-rn-et-lfi-la-generation-2000-a-fait-son-entree-a-l-assemblee-20240801</guid>
                <title>Emmenée par le RN et LFI, «la génération 2000 a fait son entrée à l’Assemblée»</title>
                                <link>https://www.lefigaro.fr/elections/legislatives/emmenee-par-le-rn-et-lfi-la-generation-2000-a-fait-son-entree-a-l-assemblee-20240801</link>
                                    <description>RÉCIT - Tous âgés de moins de 25&amp;#160;ans, six députés de la génération Z sont venus grossir les rangs de la représentation nationale après les législatives anticipées.</description>
                                <category>Politique</category>
                <pubDate>Thu, 01 Aug 2024 08:00:00 +0200</pubDate>

                                                            <media:content url="https://i.f1g.fr/media/cms/1918x1079_crop/2024/07/31/b13d468791c4ca4ec708882cfc11f60afa910af0009816f79c1cd8680a7e0f84.jpg" width="1918" height="1079">
                            <media:description type="plain">De gauche à droite : Flavien Termet, Hanane Mansouri et Louis Boyard.</media:description>
                            <media:credit>AFP / ALAIN JOCARD / Virginie Haffner / Hans Lucas vi / Virginie Haffner / AFP / BERTRAND GUAY</media:credit>
                        </media:content>
                                                </item>
                    <item>
                <guid>https://www.lefigaro.fr/politique/a-droite-les-nouveaux-visages-en-ordre-disperse-20240731</guid>
                <title>À droite, les nouveaux visages en ordre dispersé après les législatives</title>
                                <link>https://www.lefigaro.fr/politique/a-droite-les-nouveaux-visages-en-ordre-disperse-20240731</link>
                                    <description>RÉCIT - Sur les douze nouveaux députés soutenus par LR aux législatives, certains ont choisi un autre groupe en attendant de voir comment évolue la recomposition politique.</description>
                                <category>Politique</category>
                <pubDate>Wed, 31 Jul 2024 20:05:25 +0200</pubDate>

                                                            <media:content url="https://i.f1g.fr/media/cms/3000x1687_crop/2024/07/31/df50f033af40e14944f9eff3de48f6ab8a659859bb10ba8ade7306384ee355f2.jpg" width="3000" height="1687">
                            <media:description type="plain">L’Assemblée nationale, photographiée le 28 juillet 2024.</media:description>
                            <media:credit>Riccardo Milani / Riccardo Milani / Hans Lucas via</media:credit>
                        </media:content>
                                                </item>
                    <item>
                <guid>https://www.lefigaro.fr/vox/politique/legislatives-2024-les-republicains-ont-disparu-dans-de-nombreuses-villes-moyennes-20240730</guid>
                <title>Législatives 2024 : «Les Républicains ont disparu dans de nombreuses villes moyennes»</title>
                                <link>https://www.lefigaro.fr/vox/politique/legislatives-2024-les-republicains-ont-disparu-dans-de-nombreuses-villes-moyennes-20240730</link>
                                    <description>ENTRETIEN - Le géographe Achille Warnant vient de copublier une note pour la Fondation Jean-Jaurès sur les résultats du premier tour des élections législatives 2024 dans 139 villes moyennes.</description>
                                <category>Vox Politique</category>
                <pubDate>Tue, 30 Jul 2024 17:28:42 +0200</pubDate>

                                                            <media:content url="https://i.f1g.fr/media/cms/1024x682_crop/2024/07/30/b051a5f604860cfa9fde799f2ea8da0215ce38c2a9a52ef296890388336c4879.jpg" width="1024" height="682">
                            <media:description type="plain">Auch, en 2023.</media:description>
                            <media:credit>LIONEL BONAVENTURE / AFP</media:credit>
                        </media:content>
                                                </item>
                    <item>
                <guid>https://www.lefigaro.fr/politique/en-premiere-ligne-cet-ete-les-maires-refusent-d-etre-les-grands-oublies-de-la-rentree-20240729</guid>
                <title>En première ligne cet été, les maires refusent d’être les grands oubliés de la rentrée</title>
                                <link>https://www.lefigaro.fr/politique/en-premiere-ligne-cet-ete-les-maires-refusent-d-etre-les-grands-oublies-de-la-rentree-20240729</link>
                                    <description>RÉCIT - Dans un pays sans gouvernement et entièrement tourné vers les JO, les édiles ont le sentiment d’être une nouvelle fois laissés pour compte par Paris.</description>
                                <category>Politique</category>
                <pubDate>Tue, 30 Jul 2024 10:31:24 +0200</pubDate>

                                                            <media:content url="https://i.f1g.fr/media/cms/3000x1638_crop/2024/07/29/8810a63807e02102bafce22b95204434549c13e4b37d21305b238bbdf61842e4.jpg" width="3000" height="1638">
                            <media:description type="plain">Sans interlocuteurs dans des ministères vides, les maires se reposent sur les préfets et sous-préfets.</media:description>
                            <media:credit>JACQUES DEMARTHON / AFP</media:credit>
                        </media:content>
                                                </item>
                    <item>
                <guid>https://www.lefigaro.fr/elections/legislatives/on-passe-pour-des-fous-les-socialistes-se-divisent-deja-sur-leur-rapport-au-nouveau-front-populaire-20240726</guid>
                <title>«On passe pour des fous» : les socialistes se divisent déjà sur leur rapport au Nouveau Front populaire</title>
                                <link>https://www.lefigaro.fr/elections/legislatives/on-passe-pour-des-fous-les-socialistes-se-divisent-deja-sur-leur-rapport-au-nouveau-front-populaire-20240726</link>
                                    <description>Les opposants d’Olivier Faure estiment que le PS devrait ouvrir les discussions avec d’autres forces politiques non-issues du NFP pour consolider une majorité plus large.</description>
                                <category>Législatives</category>
                <pubDate>Fri, 26 Jul 2024 19:15:07 +0200</pubDate>

                                                            <media:content url="https://i.f1g.fr/media/cms/3000x2000_crop/2024/07/26/f24f50b9fc763c999a0e0207bef226931fdb4530f84baabdde11f26acd4cc185.jpg" width="3000" height="2000">
                            <media:description type="plain">Olivier Faure, le premier secrétaire du PS.</media:description>
                            <media:credit>Sarah Meyssonnier / REUTERS</media:credit>
                        </media:content>
                                                </item>
                    <item>
                <guid>https://www.lefigaro.fr/politique/macron-donne-rendez-vous-apres-les-jo-pour-la-nomination-d-un-premier-ministre-20240723</guid>
                <title>Emmanuel Macron donne rendez-vous après les JO pour la nomination d'un premier ministre</title>
                                <link>https://www.lefigaro.fr/politique/macron-donne-rendez-vous-apres-les-jo-pour-la-nomination-d-un-premier-ministre-20240723</link>
                                    <description>RÉCIT - Sur France 2 et Radio France mardi, le chef de l&#039;État a de nouveau défendu la dissolution et estimé que le Nouveau Front populaire n&#039;avait «pas de majorité, quelle qu&#039;elle soit».</description>
                                <category>Politique</category>
                <pubDate>Wed, 24 Jul 2024 10:05:48 +0200</pubDate>

                                                            <media:content url="https://i.f1g.fr/media/cms/2494x1403_crop/2024/07/23/0e05fbb612339821fbde957d7548c36fdb71aed89344c59ad419dec2e6404081.jpg" width="2494" height="1403">
                            <media:description type="plain">Emmanuel Macron réaffirme donc sa ligne : il veut que les partis se montrent disposés à «travailler ensemble».</media:description>
                            <media:credit>France 2</media:credit>
                        </media:content>
                                                </item>
                    <item>
                <guid>https://www.lefigaro.fr/elections/legislatives/matignon-avec-lucie-castets-le-nouveau-front-populaire-choisit-une-haute-fonctionnaire-comme-premiere-ministrable-20240723</guid>
                <title>Matignon : avec Lucie Castets, le Nouveau Front populaire choisit une haute fonctionnaire comme « première-ministrable »</title>
                                <link>https://www.lefigaro.fr/elections/legislatives/matignon-avec-lucie-castets-le-nouveau-front-populaire-choisit-une-haute-fonctionnaire-comme-premiere-ministrable-20240723</link>
                                    <description>La proposition des quatre principaux partis de gauche dans un communiqué est intervenue une heure avant un entretien du président de la République.</description>
                                <category>Législatives</category>
                <pubDate>Wed, 24 Jul 2024 12:13:45 +0200</pubDate>

                                                            <media:content url="https://i.f1g.fr/media/cms/orig/2024/07/23/77ef4d798c75f6e3c9ff9650a23e3e432a00f85099da529fd49dbe34f6b9f5c0.jpg" width="3000" height="2000">
                            <media:description type="plain">Lucie Castets, co-porte-parole du collectif Nos services publics</media:description>
                            <media:credit>Sebastien Calvet / Mediapart / Sebastien Calvet / Mediapart</media:credit>
                        </media:content>
                                                </item>
                    <item>
                <guid>https://www.lefigaro.fr/politique/matignon-apres-le-retrait-de-laurence-tubiana-le-difficile-recours-a-la-societe-civile-20240722</guid>
                <title>Matignon : après le retrait de Laurence Tubiana, le difficile recours à la société civile</title>
                                <link>https://www.lefigaro.fr/politique/matignon-apres-le-retrait-de-laurence-tubiana-le-difficile-recours-a-la-societe-civile-20240722</link>
                                    <description>RÉCIT - Alors que les discussions patinent à gauche depuis deux semaines, les socialistes poussent pour un consensus autour d’une personnalité issue de la société civile.</description>
                                <category>Politique</category>
                <pubDate>Mon, 22 Jul 2024 20:01:00 +0200</pubDate>

                                                            <media:content url="https://i.f1g.fr/media/cms/3000x1687_crop/2024/07/22/651039c334b536f4441e6de01d2dc9e871ff90d437f33c532f6aadeff9add89b.jpg" width="3000" height="1687">
                            <media:description type="plain">Laurence Tubiana.</media:description>
                            <media:credit>LUDOVIC MARIN / AFP</media:credit>
                        </media:content>
                                                </item>
                    <item>
                <guid>https://www.lefigaro.fr/elections/legislatives/on-nie-la-pensee-de-11-millions-de-francais-la-colere-des-electeurs-du-rn-invisibilises-a-l-assemblee-nationale-20240722</guid>
                <title>«On nie la pensée de 11 millions de Français» : la colère des électeurs du RN, «invisibilisés» à l’Assemblée nationale</title>
                                <link>https://www.lefigaro.fr/elections/legislatives/on-nie-la-pensee-de-11-millions-de-francais-la-colere-des-electeurs-du-rn-invisibilises-a-l-assemblee-nationale-20240722</link>
                                    <description>RÉCIT - Les députés du Rassemblement national n’ont obtenu aucun poste-clé au Palais Bourbon. Il s’agit pourtant du parti politique le plus représenté dans l’hémicycle. Un «déni de démocratie», fustigent de nombreux sympathisants du parti à la flamme.</description>
                                <category>Législatives</category>
                <pubDate>Mon, 22 Jul 2024 18:09:26 +0200</pubDate>

                                                            <media:content url="https://i.f1g.fr/media/cms/3000x2000_crop/2024/07/22/a2db137ede3662e2fec49689f4c15377bb3f157f5bfca2ba3b220c3b860c91cf.jpg" width="3000" height="2000">
                            <media:description type="plain">On a le «sentiment que nos électeurs sont quantité négligeable et qu'ils n'ont pas été entendus», a soutenu la cheffe de file du RN Marine Le Pen.</media:description>
                            <media:credit>Kevin Coombs / REUTERS</media:credit>
                        </media:content>
                                                </item>
                    <item>
                <guid>https://www.lefigaro.fr/elections/legislatives/assemblee-nationale-quatre-postes-cles-pour-le-groupe-de-laurent-wauquiez-20240721</guid>
                <title>Assemblée nationale: quatre postes clés pour le groupe de Laurent Wauquiez</title>
                                <link>https://www.lefigaro.fr/elections/legislatives/assemblee-nationale-quatre-postes-cles-pour-le-groupe-de-laurent-wauquiez-20240721</link>
                                    <description>DÉCRYPTAGE - La négociation conduite par le président de la Droite républicaine est saluée par les élus de son groupe mais fustigée par les oppositions.</description>
                                <category>Législatives</category>
                <pubDate>Sun, 21 Jul 2024 19:13:51 +0200</pubDate>

                                                            <media:content url="https://i.f1g.fr/media/cms/3000x1687_crop/2024/07/21/aa1e8cbec3066178ef9e5c5411bb64b408c94f592e6a48ac5177fc4c226431ec.jpg" width="3000" height="1687">
                            <media:description type="plain">Laurent Wauquiez à l'Assemblée nationale, à Paris, le 18 juillet 2024.</media:description>
                            <media:credit>Sarah Meyssonnier / REUTERS</media:credit>
                        </media:content>
                                                </item>
                    <item>
                <guid>https://www.lefigaro.fr/elections/legislatives/on-ne-partage-plus-les-memes-valeurs-en-famille-ou-entre-amis-ces-fractures-tenaces-depuis-les-legislatives-20240720</guid>
                <title>«On ne partage plus les mêmes valeurs» : en famille ou entre amis, ces fractures tenaces depuis les législatives</title>
                                <link>https://www.lefigaro.fr/elections/legislatives/on-ne-partage-plus-les-memes-valeurs-en-famille-ou-entre-amis-ces-fractures-tenaces-depuis-les-legislatives-20240720</link>
                                    <description>Après une campagne aussi expresse qu’explosive, les Français savent-ils encore se parler ? En famille ou entre amis, certains tentent de surmonter ces conflits, quand d&#039;autres déplorent des divergences «irréconciliables».</description>
                                <category>Législatives</category>
                <pubDate>Sat, 20 Jul 2024 09:23:04 +0200</pubDate>

                                                            <media:content url="https://i.f1g.fr/media/cms/1920x1080_crop/2024/07/18/228fda87111a338d56bc7f55694b088351104da0d1db5a4f312fa3e3d4677aef.jpg" width="1920" height="1080">
                            <media:description type="plain">Quand certains Français tentent de colmater les brèches qui se sont formées au cours des législatives, d'autres déplorent des clivages «irréconciliables».</media:description>
                            <media:credit>Charlotte Paroielle</media:credit>
                        </media:content>
                                                </item>
                    <item>
                <guid>https://www.lefigaro.fr/elections/legislatives/legislatives-plus-de-70-recours-deposes-aupres-du-conseil-constitutionnel-20240719</guid>
                <title>Législatives : plus de 70 recours déposés auprès du Conseil constitutionnel</title>
                                <link>https://www.lefigaro.fr/elections/legislatives/legislatives-plus-de-70-recours-deposes-aupres-du-conseil-constitutionnel-20240719</link>
                                    <description>DÉCRYPTAGE - Le calendrier serré de ces élections législatives anticipées a ralenti les recours, moins nombreux qu’en 2022. Les contestations concernent des scrutins très serrés… mais aussi quelques cas particuliers d’inéligibilité.</description>
                                <category>Législatives</category>
                <pubDate>Fri, 19 Jul 2024 20:14:22 +0200</pubDate>

                                                            <media:content url="https://i.f1g.fr/media/cms/1299x730_crop/2024/07/19/42f9d558ce24facbc64109142b478eb818ce197f37e8c4bc56ca2f4c9c32e215.jpg" width="1299" height="730">
                            <media:description type="plain">Raquel Garrido a déposé un recours, accusant le député élu d'inéligibilité.</media:description>
                            <media:credit>GEOFFROY VAN DER HASSELT / AFP</media:credit>
                        </media:content>
                                                </item>
                    <item>
                <guid>https://www.lefigaro.fr/politique/pour-nommer-un-premier-ministre-emmanuel-macron-donne-rendez-vous-apres-les-jeux-olympiques-20240719</guid>
                <title>Pour nommer un premier ministre, Emmanuel Macron donne rendez-vous après les Jeux olympiques</title>
                                <link>https://www.lefigaro.fr/politique/pour-nommer-un-premier-ministre-emmanuel-macron-donne-rendez-vous-apres-les-jeux-olympiques-20240719</link>
                                    <description>RÉCIT - Le chef de l’État voit une fenêtre de tir dans la deuxième quinzaine d’août, le temps que les discussions sur une coalition prospèrent. Gabriel Attal compte les faire avancer en dégainant rapidement des propositions.</description>
                                <category>Politique</category>
                <pubDate>Sat, 20 Jul 2024 12:23:43 +0200</pubDate>

                                                            <media:content url="https://i.f1g.fr/media/cms/3000x2001_crop/2024/07/19/b606916d0d70c8c92cdbc3944cb30a77cdf81c1beb1f94fcddcea8ea76813caf.jpg" width="3000" height="2001">
                            <media:description type="plain">Emmanuel Macron.</media:description>
                            <media:credit>Kin Cheung / REUTERS</media:credit>
                        </media:content>
                                                </item>
                    <item>
                <guid>https://www.lefigaro.fr/elections/legislatives/de-la-grande-union-au-risque-de-grand-gachis-la-desillusion-des-electeurs-du-nouveau-front-populaire-face-au-blocage-des-negociations-20240719</guid>
                <title>«De la grande union au risque de grand gâchis» : la désillusion des électeurs du Nouveau Front populaire face au blocage des négociations</title>
                                <link>https://www.lefigaro.fr/elections/legislatives/de-la-grande-union-au-risque-de-grand-gachis-la-desillusion-des-electeurs-du-nouveau-front-populaire-face-au-blocage-des-negociations-20240719</link>
                                    <description>RÉCIT - Dix jours ont passé depuis la victoire surprise de l’alliance de gauche aux élections législatives. Face à l’incapacité des partis à nommer un candidat pour Matignon, les électeurs de gauche s’impatientent, au risque de ne plus y croire.</description>
                                <category>Législatives</category>
                <pubDate>Fri, 19 Jul 2024 11:34:51 +0200</pubDate>

                                                            <media:content url="https://i.f1g.fr/media/cms/3000x2000_crop/2024/07/18/422211f1e3f30bd393c76590c183def05a4fc7040243fbffd3dc057736465168.jpg" width="3000" height="2000">
                            <media:description type="plain">Les partisans du NFP ont vu dans cette union de circonstances la possibilité d'un véritable renouveau.</media:description>
                            <media:credit>GEOFFROY VAN DER HASSELT / AFP</media:credit>
                        </media:content>
                                                </item>
            </channel>
</rss>
