<?xml version="1.0" encoding="UTF-8"?>
<rss version="2.0" xmlns:atom="http://www.w3.org/2005/Atom" xmlns:media="http://search.yahoo.com/mrss/">
    <channel>
        <atom:link href="https://www.lefigaro.fr/rss/figaro_jeux-olympiques.xml" rel="self" type="application/rss+xml"/>
        <category>Jeux Olympiques</category>
        <title>Le Figaro - Toutes les infos (dates, programme, médailles...) à savoir sur les Jeux olympiques</title>
        <description>Le Figaro - Toutes les infos (dates, programme, médailles...) à savoir sur les Jeux olympiques</description>
        <link>https://www.lefigaro.fr</link>
        <language>fr</language>
        <copyright>Droits de reproduction et de diffusion réservés LeFigaro.fr</copyright>
        <lastBuildDate>Tue, 11 Feb 2025 16:39:47 +0100</lastBuildDate>
        <docs>https://www.lefigaro.fr/rss</docs>
        <image>
            <title>Le Figaro - Toutes les infos (dates, programme, médailles...) à savoir sur les Jeux olympiques</title>
            <url>https://static.lefigaro.fr/common/logos/logo-150x150.png</url>
            <link>https://www.lefigaro.fr</link>
            <description>Le Figaro - Toutes les infos (dates, programme, médailles...) à savoir sur les Jeux olympiques</description>
        </image>

                    <item>
                <guid>https://www.lefigaro.fr/sports/jeux-olympiques/jo-2030-edgar-grospiron-officiellement-candidat-a-la-presidence-du-comite-d-organisation-20250211</guid>
                <title>JO 2030 : Edgar Grospiron officiellement candidat à la présidence du comité d’organisation</title>
                                <link>https://www.lefigaro.fr/sports/jeux-olympiques/jo-2030-edgar-grospiron-officiellement-candidat-a-la-presidence-du-comite-d-organisation-20250211</link>
                                    <description>Approché par le CNOSF il y a dix jours, le champion olympique d’Albertville a annoncé qu’il postulait à la présidence du futur COJO des Jeux 2030 dans les Alpes.</description>
                                <category>Jeux olympiques</category>
                <pubDate>Tue, 11 Feb 2025 16:14:33 +0100</pubDate>

                                                            <media:content url="https://i.f1g.fr/media/cms/2104x1183_crop/2025/02/11/4ea4018d7d3fd5583179de84152945d53b856c9720d4716af16a6cb50ee357ab.jpg" width="2104" height="1183">
                            <media:description type="plain">Edgar Grospiron futur président du COJO 2030 ?</media:description>
                            <media:credit>ARNAUD FINISTRE / AFP</media:credit>
                        </media:content>
                                                </item>
                    <item>
                <guid>https://www.lefigaro.fr/flash-sport/jo-2030-gerard-holtz-un-candidat-surprise-a-la-presidence-du-comite-d-organisation-20250210</guid>
                <title>JO 2030 : Gérard Holtz, un candidat surprise à la présidence du comité d’organisation</title>
                                <link>https://www.lefigaro.fr/flash-sport/jo-2030-gerard-holtz-un-candidat-surprise-a-la-presidence-du-comite-d-organisation-20250210</link>
                                    <description>L’ancien journaliste s’est faufilé dans la liste des candidats à la présidence du Cojo des Jeux olympiques d’hiver 2030.</description>
                                <category>Jeux olympiques</category>
                <pubDate>Mon, 10 Feb 2025 18:18:33 +0100</pubDate>

                                                            <media:content url="https://i.f1g.fr/media/cms/orig/2025/02/10/8254dacbb8cfd531007cde3690622fcade75f851b858dfac7ea54a8b15ee3985.jpg" width="3000" height="2053">
                            <media:description type="plain">Gérard Holtz, lors de la présentation des Jeux de Sotchi, en 2014.</media:description>
                            <media:credit>JACQUES DEMARTHON / AFP</media:credit>
                        </media:content>
                                                </item>
                    <item>
                <guid>https://www.lefigaro.fr/sports/jeux-olympiques/spectaculaire-proche-de-l-alpinisme-et-de-la-nature-pourquoi-l-escalade-sur-glace-reve-des-jo-2030-dans-les-alpes-20250207</guid>
                <title>«Spectaculaire», «proche de l’alpinisme et de la nature»... Pourquoi l’escalade sur glace rêve des JO 2030 dans les Alpes</title>
                                <link>https://www.lefigaro.fr/sports/jeux-olympiques/spectaculaire-proche-de-l-alpinisme-et-de-la-nature-pourquoi-l-escalade-sur-glace-reve-des-jo-2030-dans-les-alpes-20250207</link>
                                    <description>REPORTAGE - Discipline encore méconnue du grand public, l’escalade sur glace, dont une étape de Coupe du monde s’est déroulée en Savoie, pousse pour intégrer le programme des Jeux olympiques d’hiver dans cinq ans.</description>
                                <category>Jeux olympiques</category>
                <pubDate>Fri, 07 Feb 2025 10:34:54 +0100</pubDate>

                                                            <media:content url="https://i.f1g.fr/media/cms/2134x1200_crop/2025/02/04/4b5debc9e265a1c56c81bb7e8ef187eb8b367f4378daa149c86b9b79b369bf4a.jpg" width="2134" height="1200">
                            <media:description type="plain">Le Français Louna Ladevant en action sur la tour de glace de Champagny le Haut lors de la Coupe du monde d’escalade sur glace. </media:description>
                            <media:credit>Julia Roger-Veyer</media:credit>
                        </media:content>
                                                </item>
                    <item>
                <guid>https://www.lefigaro.fr/sports/jeux-olympiques/paris-2024-la-tenue-de-la-cavaliere-d-argent-des-jo-de-paris-sera-exposee-a-paris-20250206</guid>
                <title>Paris 2024 : la tenue de la cavalière d'argent des JO de Paris sera exposée à Paris</title>
                                <link>https://www.lefigaro.fr/sports/jeux-olympiques/paris-2024-la-tenue-de-la-cavaliere-d-argent-des-jo-de-paris-sera-exposee-a-paris-20250206</link>
                                    <description>La tenue de la cavalière d’argent qui avait fait sensation en chevauchant le cheval métallique de la cérémonie d’ouverture sera exposée à partir de samedi au Palais Galliera, musée de la mode parisien.</description>
                                <category>Jeux olympiques</category>
                <pubDate>Thu, 06 Feb 2025 15:12:20 +0100</pubDate>

                                                            <media:content url="https://i.f1g.fr/media/cms/3000x2000_crop/2025/02/06/375eadddb5991ea25705a0542ceaa334427bcba0a5a614e7de471cb079c302db.jpg" width="3000" height="2000">
                            <media:description type="plain">Lors de la cérémonie d’ouverture des JO. </media:description>
                            <media:credit>MAURO PIMENTEL / AFP</media:credit>
                        </media:content>
                                                </item>
                    <item>
                <guid>https://www.lefigaro.fr/sports/jeux-olympiques/jeux-2026-marie-bochet-et-fabien-saguez-chefs-de-mission-a-milan-cortina-20250206</guid>
                <title>Jeux 2026 : Marie Bochet et Fabien Saguez, chefs de mission à Milan-Cortina</title>
                                <link>https://www.lefigaro.fr/sports/jeux-olympiques/jeux-2026-marie-bochet-et-fabien-saguez-chefs-de-mission-a-milan-cortina-20250206</link>
                                    <description>La légende du ski paralympique et le président de la fédération française de ski accompagneront les athlètes tricolores lors des Jeux d’hiver 2026.</description>
                                <category>Jeux olympiques</category>
                <pubDate>Thu, 06 Feb 2025 13:17:17 +0100</pubDate>

                                                            <media:content url="https://i.f1g.fr/media/cms/3000x2000_crop/2025/02/06/0a6bf4b54db4a66473b87111060d689b4a9ff3a6c9b20b88d49d2f83569f259b.jpg" width="3000" height="2000">
                            <media:description type="plain">Marie Bochet.</media:description>
                            <media:credit>LUDOVIC MARIN / AFP</media:credit>
                        </media:content>
                                                </item>
                    <item>
                <guid>https://www.lefigaro.fr/flash-sport/jo-d-hiver-2026-milan-et-cortina-a-pile-un-an-de-leur-ceremonie-d-ouverture-20250206</guid>
                <title>JO d’hiver 2026 : à pile un an de la cérémonie d’ouverture, «l’Italie est prête» selon Thomas Bach</title>
                                <link>https://www.lefigaro.fr/flash-sport/jo-d-hiver-2026-milan-et-cortina-a-pile-un-an-de-leur-ceremonie-d-ouverture-20250206</link>
                                    <description>Ce jeudi marque le «J-365 jours» avant la XXVe édition des Jeux d’hiver. Les troisièmes de l’histoire qui se dérouleront en Italie.</description>
                                <category>Jeux olympiques</category>
                <pubDate>Thu, 06 Feb 2025 10:49:45 +0100</pubDate>

                                                            <media:content url="https://i.f1g.fr/media/cms/3000x2000_crop/2025/02/06/5a9ae31d5071bd7d6e4190ecd0671571d14cd15dd2cbdab3e32f2762cd275e9e.jpg" width="3000" height="2000">
                            <media:description type="plain">Thomas Bach</media:description>
                            <media:credit>Daniele Mascolo / REUTERS</media:credit>
                        </media:content>
                                                </item>
                    <item>
                <guid>https://www.lefigaro.fr/sports/jeux-olympiques/philippe-candeloro-au-figaro-sur-le-retrait-de-fourcade-des-jo-2030-a-ce-poste-tu-dois-apprendre-a-fermer-ta-gueule-20250204</guid>
                <title>Philippe Candeloro, au Figaro, sur le retrait de Fourcade des JO 2030 : «À ce poste, tu dois apprendre à fermer ta gueule»</title>
                                <link>https://www.lefigaro.fr/sports/jeux-olympiques/philippe-candeloro-au-figaro-sur-le-retrait-de-fourcade-des-jo-2030-a-ce-poste-tu-dois-apprendre-a-fermer-ta-gueule-20250204</link>
                                    <description>ENTRETIEN - Le double médaillé olympique de patinage artistique regrette le retrait de Martin Fourcade du projet français dans un contexte où «tout le monde se fout des JO».</description>
                                <category>Jeux olympiques</category>
                <pubDate>Tue, 04 Feb 2025 22:56:31 +0100</pubDate>

                                                            <media:content url="https://i.f1g.fr/media/cms/3000x2285_crop/2025/02/04/f3c39f64bed2c27bdbd1764f721b5a559abe1a09853a4678513d78dcd941ca4e.jpg" width="3000" height="2285">
                            <media:description type="plain">Philippe Candeloro s’exprime au Figaro sur les conditions de retrait de Martin Fourcade des JO 2030. </media:description>
                            <media:credit>JUAN MABROMATA / AFP</media:credit>
                        </media:content>
                                                </item>
                    <item>
                <guid>https://www.lefigaro.fr/sports/jeux-olympiques/jo-2030-un-concours-d-ego-fillon-maillet-fustige-les-guerres-politiques-pour-la-presidence-du-cojo-20250204</guid>
                <title>JO d’hiver 2030 : «Un concours d’ego»... Quentin Fillon Maillet fustige les «guerres politiques» pour la présidence du Cojo</title>
                                <link>https://www.lefigaro.fr/sports/jeux-olympiques/jo-2030-un-concours-d-ego-fillon-maillet-fustige-les-guerres-politiques-pour-la-presidence-du-cojo-20250204</link>
                                    <description>Le biathlète n’a pas caché son agacement mardi, au lendemain de l’annonce du retrait de Martin Fourcade en vue de la présidence du comité d’organisation.</description>
                                <category>Jeux olympiques</category>
                <pubDate>Wed, 05 Feb 2025 14:35:25 +0100</pubDate>

                                                            <media:content url="https://i.f1g.fr/media/cms/2850x1603_crop/2025/02/04/7c463fc3b50ddc1019d69fef7e92dbeec987a1a69cb9178b74811fc68436b333.jpg" width="2850" height="1603">
                            <media:description type="plain">Quentin Fillon Maillet, 32 ans et quintuple médaillé olympique.</media:description>
                            <media:credit>TOBIAS SCHWARZ / AFP</media:credit>
                        </media:content>
                                                </item>
                    <item>
                <guid>https://www.lefigaro.fr/sports/jeux-olympiques/jo-2030-l-ex-championne-de-patinage-nathalie-pechalat-est-catastrophee-par-le-retrait-de-fourcade-20250204</guid>
                <title>JO d’hiver 2030 : l'ex-championne de patinage Nathalie Péchalat est «catastrophée» par le retrait de Fourcade</title>
                                <link>https://www.lefigaro.fr/sports/jeux-olympiques/jo-2030-l-ex-championne-de-patinage-nathalie-pechalat-est-catastrophee-par-le-retrait-de-fourcade-20250204</link>
                                    <description>L’ancienne présidente de la Fédération des sports de glace s’est dite «catastrophée» par le retrait du biathlète du projet JO 2030, au cours d’une table ronde sur le sport santé au comité olympique français.</description>
                                <category>Jeux olympiques</category>
                <pubDate>Wed, 05 Feb 2025 14:36:29 +0100</pubDate>

                                                            <media:content url="https://i.f1g.fr/media/cms/orig/2025/02/04/556201f4f0e6ecfb12d0882711fcef1d88bc7f56c0cc7ef5dad8a673d6701cd0.JPG" width="3000" height="2000">
                            <media:description type="plain">Nathalie Péchalat</media:description>
                            <media:credit>GEOFFROY VAN DER HASSELT / AFP</media:credit>
                        </media:content>
                                                </item>
                    <item>
                <guid>https://www.lefigaro.fr/sports/jeux-olympiques/jay-martinod-grospiron-barnier-estanguet-killy-apres-l-annonce-choc-de-fourcade-qui-pour-diriger-les-jo-2030-20250204</guid>
                <title>Jay, Martinod, Grospiron, Barnier, Estanguet, Killy... Après l’annonce choc de Fourcade, qui pour diriger les JO 2030 ?</title>
                                <link>https://www.lefigaro.fr/sports/jeux-olympiques/jay-martinod-grospiron-barnier-estanguet-killy-apres-l-annonce-choc-de-fourcade-qui-pour-diriger-les-jo-2030-20250204</link>
                                    <description>DIAPORAMA - La France doit annoncer le 18 février le nom du président du Comité d’organisation des JO d’hiver dans les Alpes. Revue d’effectif des personnalités qui ont le profil pour ce poste.</description>
                                <category>Jeux olympiques</category>
                <pubDate>Tue, 04 Feb 2025 12:31:38 +0100</pubDate>

                            </item>
                    <item>
                <guid>https://www.lefigaro.fr/sports/jeux-olympiques/jo-d-hiver-2030-dans-les-alpes-le-cio-attend-avec-impatience-de-connaitre-la-future-direction-20250204</guid>
                <title>JO d’hiver 2030 :  le CIO attend «avec impatience» de connaître la future direction</title>
                                <link>https://www.lefigaro.fr/sports/jeux-olympiques/jo-d-hiver-2030-dans-les-alpes-le-cio-attend-avec-impatience-de-connaitre-la-future-direction-20250204</link>
                                    <description>Le CIO attend «avec impatience» la désignation de la future direction du comité d’organisation des JO 2030 (Cojo) dans les Alpes françaises, que l’ancien biathlète Martin Fourcade a renoncé lundi à présider, a déclaré mardi un porte-parole à l’AFP.</description>
                                <category>Jeux olympiques</category>
                <pubDate>Tue, 04 Feb 2025 11:43:36 +0100</pubDate>

                                                            <media:content url="https://i.f1g.fr/media/cms/3000x2000_crop/2025/02/04/2af778c011d3c3d7fe5ab2b4afa9e5205c16a13ace812773f0ebc4cbd5828067.jpg" width="3000" height="2000">
                            <media:description type="plain">Martin Fourcade</media:description>
                            <media:credit>FABRICE COFFRINI / AFP</media:credit>
                        </media:content>
                                                </item>
                    <item>
                <guid>https://www.lefigaro.fr/sports/jeux-olympiques/jo-d-hiver-2030-bien-sur-qu-on-voulait-martin-fourcade-assure-wauquiez-20250204</guid>
                <title>JO d'hiver 2030 : «bien sûr qu'on voulait Martin Fourcade», assure Wauquiez</title>
                                <link>https://www.lefigaro.fr/sports/jeux-olympiques/jo-d-hiver-2030-bien-sur-qu-on-voulait-martin-fourcade-assure-wauquiez-20250204</link>
                                    <description>«Bien sûr qu’on voulait Martin Fourcade», a assuré mardi Laurent Wauquiez, en estimant qu’il y avait «une part d’aspect personnel» dans le choix de l’ancien biathlète de renoncer à la présidence du comité d’organisation des JO-2030.</description>
                                <category>Jeux olympiques</category>
                <pubDate>Tue, 04 Feb 2025 11:31:28 +0100</pubDate>

                                                            <media:content url="https://i.f1g.fr/media/cms/3000x2001_crop/2025/02/04/c8c86db4c240ab056914f49ef7edd403262c73c455d385bd424ec516af7e63d3.jpg" width="3000" height="2001">
                            <media:description type="plain">Laurent Wauquiez</media:description>
                            <media:credit>Francois Bouchon / Le Figaro</media:credit>
                        </media:content>
                                                </item>
                    <item>
                <guid>https://www.lefigaro.fr/sports/jeux-olympiques/jo-2030-le-retrait-de-martin-fourcade-sonne-t-il-comme-le-premier-echec-des-jeux-20250203</guid>
                <title>JO 2030: le retrait de Martin Fourcade sonne-t-il comme le premier échec des Jeux ?</title>
                                <link>https://www.lefigaro.fr/sports/jeux-olympiques/jo-2030-le-retrait-de-martin-fourcade-sonne-t-il-comme-le-premier-echec-des-jeux-20250203</link>
                                    <description></description>
                                <category>Jeux olympiques</category>
                <pubDate>Mon, 03 Feb 2025 17:52:03 +0100</pubDate>

                            </item>
                    <item>
                <guid>https://www.lefigaro.fr/sports/jeux-olympiques/bol-d-oxygene-un-solitaire-ce-garcon-nous-promene-muselier-regle-ses-comptes-avec-fourcade-apres-son-refus-de-diriger-le-cojo-2030-20250203</guid>
                <title>«Bol d'oxygène», «un solitaire», «ce garçon nous promène» : Muselier règle ses comptes avec Fourcade après son refus de diriger le COJO des Jeux 2030</title>
                                <link>https://www.lefigaro.fr/sports/jeux-olympiques/bol-d-oxygene-un-solitaire-ce-garcon-nous-promene-muselier-regle-ses-comptes-avec-fourcade-apres-son-refus-de-diriger-le-cojo-2030-20250203</link>
                                    <description>Interrogé par l’AFP, le président de la Région Paca n’a pas mâché ses mots à l’encontre de l’ancien biathlète, qui a renoncé ce lundi à la présidence du comité d’organisation des JO 2030 d’hiver.</description>
                                <category>Jeux olympiques</category>
                <pubDate>Tue, 04 Feb 2025 10:20:46 +0100</pubDate>

                                                            <media:content url="https://i.f1g.fr/media/cms/orig/2025/02/03/221b25e4a29d0687182e7812be85a6eeb9188525eff9cc451c37fce4534b54ef.jpg" width="1822" height="1025">
                            <media:description type="plain">Renaud Muselier (à gauche) charge Martin Fourcade (à droite).</media:description>
                            <media:credit>AFP / LUDOVIC MARIN / AFP / FABRICE COFFRINI</media:credit>
                        </media:content>
                                                </item>
                    <item>
                <guid>https://www.lefigaro.fr/sports/jeux-olympiques/jo-2030-martin-fourcade-renonce-a-etre-le-president-du-comite-d-organisation-20250203</guid>
                <title>JO d’hiver 2030 : pourquoi Martin Fourcade renonce à être le président du Comité d’organisation</title>
                                <link>https://www.lefigaro.fr/sports/jeux-olympiques/jo-2030-martin-fourcade-renonce-a-etre-le-president-du-comite-d-organisation-20250203</link>
                                    <description>La légende du biathlon, usée par les vives tensions en coulisse, a renoncé à incarner le projet olympique. Son refus laissera un grand vide.</description>
                                <category>Jeux olympiques</category>
                <pubDate>Wed, 05 Feb 2025 14:37:09 +0100</pubDate>

                                                            <media:content url="https://i.f1g.fr/media/cms/orig/2025/02/03/6d9440fd7e2f2ecdd523ee6266de7e0005ab1ca9ac53cbe7cbee733280e86c18.jpg" width="3000" height="2001">
                            <media:description type="plain">Martin Fourcade</media:description>
                            <media:credit>EMMANUEL DUNAND / AFP</media:credit>
                        </media:content>
                                                </item>
                    <item>
                <guid>https://www.lefigaro.fr/sports/jeux-olympiques/jo-2026-et-si-le-bobsleigh-et-la-luge-avaient-lieu-aux-etats-unis-plutot-qu-en-italie-20250203</guid>
                <title>JO 2026 : et si le bobsleigh et la luge avaient lieu... aux États-Unis, plutôt qu’en Italie ?</title>
                                <link>https://www.lefigaro.fr/sports/jeux-olympiques/jo-2026-et-si-le-bobsleigh-et-la-luge-avaient-lieu-aux-etats-unis-plutot-qu-en-italie-20250203</link>
                                    <description>Cortina d’Ampezzo ou... Lake Placid : à un an de l’échéance, les organisateurs ne savent toujours pas si leurs épreuves auront lieu sur une piste décriée, encore en construction, ou à 6.000 kilomètres des Dolomites.</description>
                                <category>Jeux olympiques</category>
                <pubDate>Mon, 03 Feb 2025 11:47:37 +0100</pubDate>

                                                            <media:content url="https://i.f1g.fr/media/cms/3000x1688_crop/2025/02/03/298ba37b17bbbe3840570d607afd45ba565a444e2f9b12a931dd7412dc4e49c2.jpg" width="3000" height="1688">
                            <media:description type="plain">Une vue aérienne montre le Centre de Glisse de Cortina, qui pourrait accueillir des compétitions de bobsleigh, de skeleton et de luge lors des Jeux Olympiques d'Hiver 2026</media:description>
                            <media:credit>Claudia Greco / REUTERS</media:credit>
                        </media:content>
                                                </item>
                    <item>
                <guid>https://www.lefigaro.fr/flash-actu/jeux-d-hiver-2030-le-flou-persiste-autour-de-la-creation-du-comite-d-organisation-20250131</guid>
                <title>Jeux d’hiver 2030 : la création du comité d'organisation fixée au 18 février</title>
                                <link>https://www.lefigaro.fr/flash-actu/jeux-d-hiver-2030-le-flou-persiste-autour-de-la-creation-du-comite-d-organisation-20250131</link>
                                    <description>Initialement prévue à Lyon début février, une nouvelle fois repoussée, la création du comité d’organisation est désormais fixée au 18 février.</description>
                                <category>Jeux olympiques</category>
                <pubDate>Fri, 31 Jan 2025 16:40:01 +0100</pubDate>

                                                            <media:content url="https://i.f1g.fr/media/cms/3000x2001_crop/2025/01/31/40b7087f0988307b53357b93cad50764664d306390737b5c6a065b6d091358bf.jpg" width="3000" height="2001">
                            <media:description type="plain">Martin Fourcade.</media:description>
                            <media:credit>EMMANUEL DUNAND / AFP</media:credit>
                        </media:content>
                                                </item>
                    <item>
                <guid>https://www.lefigaro.fr/sports/jeux-olympiques/jeux-olympiques-la-vasque-olympique-va-faire-son-retour-aux-tuileries-tous-les-etes-jusqu-en-2028-20250131</guid>
                <title>Jeux olympiques : la vasque de Paris 2024 va faire son retour aux Tuileries tous les étés jusqu’en 2028</title>
                                <link>https://www.lefigaro.fr/sports/jeux-olympiques/jeux-olympiques-la-vasque-olympique-va-faire-son-retour-aux-tuileries-tous-les-etes-jusqu-en-2028-20250131</link>
                                    <description>La vasque olympique va faire son retour à Paris. Elle sera réinstallée tous les étés au Jardin des Tuileries jusqu’aux Jeux Olympiques de Los Angeles en 2028.</description>
                                <category>Jeux olympiques</category>
                <pubDate>Fri, 31 Jan 2025 17:44:45 +0100</pubDate>

                                                            <media:content url="https://i.f1g.fr/media/cms/3000x2001_crop/2025/01/31/aabc40bedf46479782f28c5d6eb7bd81923bc6c8fd5099a32cdc2e947a4140c3.jpg" width="3000" height="2001">
                            <media:description type="plain">La vasque olympique va faire son retour aux Tuileries. </media:description>
                            <media:credit>THIBAUD MORITZ / AFP</media:credit>
                        </media:content>
                                                </item>
                    <item>
                <guid>https://www.lefigaro.fr/sports/jeux-olympiques/presidence-du-cio-eliasch-le-novice-qui-joue-la-carte-environnementale-et-assure-etre-l-homme-qu-il-faut-20250131</guid>
                <title>Présidence du CIO: Eliasch, le novice qui joue la carte environnementale et assure être «l’homme qu’il faut»</title>
                                <link>https://www.lefigaro.fr/sports/jeux-olympiques/presidence-du-cio-eliasch-le-novice-qui-joue-la-carte-environnementale-et-assure-etre-l-homme-qu-il-faut-20250131</link>
                                    <description>Issu du monde des affaires, le Suédo-Britannique Johan Eliasch, lancé dans la course à la présidence de l’instance avance avec ambition.</description>
                                <category>Jeux olympiques</category>
                <pubDate>Fri, 31 Jan 2025 10:24:53 +0100</pubDate>

                                                            <media:content url="https://i.f1g.fr/media/cms/3000x1946_crop/2025/01/31/4e760b320362603ac300aeb3adb40fdcf115ac4e3ca7466faf36d168a76ba2f3.jpg" width="3000" height="1946">
                            <media:description type="plain">Johan Eliasch.</media:description>
                            <media:credit>FABRICE COFFRINI / REUTERS</media:credit>
                        </media:content>
                                                </item>
                    <item>
                <guid>https://www.lefigaro.fr/sports/jeux-olympiques/c-est-avant-tout-une-question-de-leadership-david-lappartient-a-l-epreuve-de-l-oral-pour-diriger-le-cio-20250130</guid>
                <title>«C’est avant tout une question de leadership» : David Lappartient à l’épreuve de l’oral pour diriger le CIO</title>
                                <link>https://www.lefigaro.fr/sports/jeux-olympiques/c-est-avant-tout-une-question-de-leadership-david-lappartient-a-l-epreuve-de-l-oral-pour-diriger-le-cio-20250130</link>
                                    <description>Un grand oral pour marquer sa différence et convaincre : les sept candidats à la présidence du Comité international olympique, dont David Lappartient, ont passé jeudi matin un test crucial face aux membres de l’instance suprême du sport mondial, pour succéder en mars à l’Allemand Thomas Bach.</description>
                                <category>Jeux olympiques</category>
                <pubDate>Thu, 30 Jan 2025 14:48:28 +0100</pubDate>

                                                            <media:content url="https://i.f1g.fr/media/cms/3000x1687_crop/2025/01/30/10e3a77a584aa5762d610243d97dbae8c4e1219ff53b0a26e31f148202eb1f67.jpg" width="3000" height="1687">
                            <media:description type="plain">Le Français David Lappartient.</media:description>
                            <media:credit>FABRICE COFFRINI / REUTERS</media:credit>
                        </media:content>
                                                </item>
            </channel>
</rss>
