<?xml version="1.0" encoding="UTF-8"?>
<rss version="2.0" xmlns:atom="http://www.w3.org/2005/Atom" xmlns:media="http://search.yahoo.com/mrss/">
    <channel>
        <atom:link href="https://www.lefigaro.fr/rss/figaro_sport.xml" rel="self" type="application/rss+xml"/>
        <category>Sports</category>
        <title>Le Figaro - Sports : Actualité sportive en direct</title>
        <description>Sports : Retrouvez toute l&#039;actualité sportive en direct et résultats en continue avec Le Figaro</description>
        <link>https://www.lefigaro.fr/sports</link>
        <language>fr</language>
        <copyright>Droits de reproduction et de diffusion réservés LeFigaro.fr</copyright>
        <lastBuildDate>Tue, 11 Feb 2025 16:41:45 +0100</lastBuildDate>
        <docs>https://www.lefigaro.fr/rss</docs>
        <image>
            <title>Le Figaro - Sports : Actualité sportive en direct</title>
            <url>https://static.lefigaro.fr/common/logos/logo-150x150.png</url>
            <link>https://www.lefigaro.fr/sports</link>
            <description>Sports : Retrouvez toute l&#039;actualité sportive en direct et résultats en continue avec Le Figaro</description>
        </image>

                    <item>
                <guid>https://www.lefigaro.fr/sports/tennis/tennis-avant-ses-adieux-programmes-a-roland-garros-gasquet-a-dit-adieu-a-marseille-20250211</guid>
                <title>Tennis : avant ses adieux programmés à Roland-Garros, Gasquet a dit adieu à Marseille</title>
                                <link>https://www.lefigaro.fr/sports/tennis/tennis-avant-ses-adieux-programmes-a-roland-garros-gasquet-a-dit-adieu-a-marseille-20250211</link>
                                    <description>Le Biterrois de 38 ans s’est incliné logiquement au premier tour de l’Open 13 face à Bublik (6-4 6-4).</description>
                                <category>Tennis</category>
                <pubDate>Tue, 11 Feb 2025 16:29:46 +0100</pubDate>

                                                            <media:content url="https://i.f1g.fr/media/cms/3000x2000_crop/2025/02/11/1ff0caa75cfd3a870397c9c1984dbea6fe3c0aa464f3d1ea7513bcd291b44978.jpg" width="3000" height="2000">
                            <media:description type="plain">Richard Gasquet</media:description>
                            <media:credit>DIMITAR DILKOFF / AFP</media:credit>
                        </media:content>
                                                </item>
                    <item>
                <guid>https://www.lefigaro.fr/sports/jeux-olympiques/jo-2030-edgar-grospiron-officiellement-candidat-a-la-presidence-du-comite-d-organisation-20250211</guid>
                <title>JO 2030 : Edgar Grospiron officiellement candidat à la présidence du comité d’organisation</title>
                                <link>https://www.lefigaro.fr/sports/jeux-olympiques/jo-2030-edgar-grospiron-officiellement-candidat-a-la-presidence-du-comite-d-organisation-20250211</link>
                                    <description>Approché par le CNOSF il y a dix jours, le champion olympique d’Albertville a annoncé qu’il postulait à la présidence du futur COJO des Jeux 2030 dans les Alpes.</description>
                                <category>Jeux olympiques</category>
                <pubDate>Tue, 11 Feb 2025 16:14:33 +0100</pubDate>

                                                            <media:content url="https://i.f1g.fr/media/cms/2104x1183_crop/2025/02/11/4ea4018d7d3fd5583179de84152945d53b856c9720d4716af16a6cb50ee357ab.jpg" width="2104" height="1183">
                            <media:description type="plain">Edgar Grospiron futur président du COJO 2030 ?</media:description>
                            <media:credit>ARNAUD FINISTRE / AFP</media:credit>
                        </media:content>
                                                </item>
                    <item>
                <guid>https://www.lefigaro.fr/sports/sports-d-hiver/mondiaux-de-biathlon-simon-jeanmonnot-perrot-et-jacquelin-composeront-le-relais-mixte-francais-20250211</guid>
                <title>Mondiaux de biathlon : Simon, Jeanmonnot, Perrot et Jacquelin composeront le relais mixte français</title>
                                <link>https://www.lefigaro.fr/sports/sports-d-hiver/mondiaux-de-biathlon-simon-jeanmonnot-perrot-et-jacquelin-composeront-le-relais-mixte-francais-20250211</link>
                                    <description>Julia Simon, Lou Jeanmonnot, Eric Perrot et Emilien Jacquelin composeront le relais mixte de l’Equipe de France qui s’élancera mercredi pour la première course des Mondiaux-2025 de biathlon à Lenzerheide.</description>
                                <category>Sports d&#039;hiver</category>
                <pubDate>Tue, 11 Feb 2025 16:02:59 +0100</pubDate>

                                                            <media:content url="https://i.f1g.fr/media/cms/3000x1999_crop/2025/02/11/41c818bfd5c0ad62c7881907aecb3a2b07d142d633c0637514edad457f7d1460.jpg" width="3000" height="1999">
                            <media:description type="plain">Emilien Jacquelin participera au relais mixte mercredi lors de la première course des Mondiaux 2025.</media:description>
                            <media:credit>MARCO BERTORELLO / AFP</media:credit>
                        </media:content>
                                                </item>
                    <item>
                <guid>https://www.lefigaro.fr/sports/tennis/tennis-zverev-arrive-a-buenos-aires-sans-ses-valises-20250211</guid>
                <title>Tennis : Zverev atterrit à Buenos Aires....mais ses valises atterrissent aux Maldives</title>
                                <link>https://www.lefigaro.fr/sports/tennis/tennis-zverev-arrive-a-buenos-aires-sans-ses-valises-20250211</link>
                                    <description>LE SCAN SPORT - Alors qu’il prenait un vol Rome-Buenos Aires, Alexander Zverev a eu la mauvaise surprise d’apprendre en atterrissant en Argentine que ses valises ont été envoyées....aux Maldives.</description>
                                <category>Tennis</category>
                <pubDate>Tue, 11 Feb 2025 15:50:32 +0100</pubDate>

                                                            <media:content url="https://i.f1g.fr/media/cms/3000x2100_crop/2025/02/11/0d4e92133f5ac2f5d8592b91a849deeb2f575bb247a5f593196de07818211f1d.jpg" width="3000" height="2100">
                            <media:description type="plain">Alexander Zverev a atterri à Buenos Aires sans ses valises. </media:description>
                            <media:credit>Tingshu Wang / REUTERS</media:credit>
                        </media:content>
                                                </item>
                    <item>
                <guid>https://www.lefigaro.fr/sports/tennis/tennis-gasquet-s-incline-a-marseille-contre-bublik-20250211</guid>
                <title>Tennis : Gasquet s’incline à Marseille contre Bublik</title>
                                <link>https://www.lefigaro.fr/sports/tennis/tennis-gasquet-s-incline-a-marseille-contre-bublik-20250211</link>
                                    <description>Richard Gasquet a été battu en 2 sets par le Kazakh Alexander Bublik dès son entrée en lice au tournoi de Marseille ce mardi.</description>
                                <category>Tennis</category>
                <pubDate>Tue, 11 Feb 2025 15:28:52 +0100</pubDate>

                                                            <media:content url="https://i.f1g.fr/media/cms/3000x2000_crop/2025/02/11/69f8c698ee5ec3b403a06bd8e12a53eb1361a0c17fca23a6a4a0bf7f110cc2b9.jpg" width="3000" height="2000">
                            <media:description type="plain">Richard Gasquet s’est incliné dès son premier match à Marseille. </media:description>
                            <media:credit>DIMITAR DILKOFF / AFP</media:credit>
                        </media:content>
                                                </item>
                    <item>
                <guid>https://www.lefigaro.fr/sports/football/transferts/mercato-l-om-casse-le-pret-de-valentin-carboni-blesse-au-genou-depuis-plusieurs-mois-20250211</guid>
                <title>Mercato : l’OM casse le prêt de Valentin Carboni, blessé au genou depuis plusieurs mois</title>
                                <link>https://www.lefigaro.fr/sports/football/transferts/mercato-l-om-casse-le-pret-de-valentin-carboni-blesse-au-genou-depuis-plusieurs-mois-20250211</link>
                                    <description>L’international argentin de 19 ans retourne du côté de l’Inter Milan, a annoncé le club italien ce mardi.</description>
                                <category>Transferts</category>
                <pubDate>Tue, 11 Feb 2025 15:16:33 +0100</pubDate>

                                                            <media:content url="https://i.f1g.fr/media/cms/2998x1686_crop/2025/02/11/4a6057a3fb9efa363fda0e2db2213fb78177fc021c72274583b095e9426b3cb7.jpg" width="2998" height="1686">
                            <media:description type="plain">Valentin Carboni lors d’OM-Angers (1-1) le 4 octobre dernier. </media:description>
                            <media:credit>MIGUEL MEDINA / AFP</media:credit>
                        </media:content>
                                                </item>
                    <item>
                <guid>https://www.lefigaro.fr/sports/tennis/tennis-coco-gauff-eliminee-d-entree-a-doha-20250211</guid>
                <title>Tennis : Coco Gauff éliminée d’entrée à Doha</title>
                                <link>https://www.lefigaro.fr/sports/tennis/tennis-coco-gauff-eliminee-d-entree-a-doha-20250211</link>
                                    <description>L’Américaine Coco Gauff a été sortie dès son entrée en lice au Masters 1000 de Doha ce mardi par l’Ukrainienne Marta Kostyuk.</description>
                                <category>Tennis</category>
                <pubDate>Tue, 11 Feb 2025 15:37:36 +0100</pubDate>

                                                            <media:content url="https://i.f1g.fr/media/cms/3000x2001_crop/2025/02/11/32007b95189fbaea77696bf85202bcb847b483c5c1103a0c222abb3591e4e8d4.jpg" width="3000" height="2001">
                            <media:description type="plain">Coco Gauff a été éliminée d’entrée à Doha ce mardi. </media:description>
                            <media:credit>MAHMUD HAMS / AFP</media:credit>
                        </media:content>
                                                </item>
                    <item>
                <guid>https://www.lefigaro.fr/sports/basket/basket-sponsors-visibilite-experience-comment-l-adidas-arena-a-change-la-vie-du-paris-basketball-20250211</guid>
                <title>Basket : Sponsors, visibilité, expérience… Comment l’Adidas Arena a changé la vie du Paris Basketball</title>
                                <link>https://www.lefigaro.fr/sports/basket/basket-sponsors-visibilite-experience-comment-l-adidas-arena-a-change-la-vie-du-paris-basketball-20250211</link>
                                    <description>DÉCRYPTAGE – Inaugurée il y a un an, la salle de la Porte de la Chapelle permet au club parisien de rêver plus grand.</description>
                                <category>Basket</category>
                <pubDate>Tue, 11 Feb 2025 15:15:44 +0100</pubDate>

                                                            <media:content url="https://i.f1g.fr/media/cms/2048x1536_crop/2025/02/11/61c4535521f0d24182291d40d9d1f60a45ea376ad3976ed9603ba077df30cfef.jpg" width="2048" height="1536">
                            <media:description type="plain">L’Adidas Arena fait régulièrement le plein, notamment en Euroligue, comme ici lors du match contre l’Olympiakos d’Evan Fournier, début février. </media:description>
                            <media:credit>Figaro</media:credit>
                        </media:content>
                                                </item>
                    <item>
                <guid>https://www.lefigaro.fr/sports/sports-d-hiver/biathlon-apres-l-or-olympique-quentin-fillon-maillet-reve-du-sacre-mondial-20250211</guid>
                <title>Biathlon: après l’or olympique, Quentin Fillon Maillet rêve du sacre mondial</title>
                                <link>https://www.lefigaro.fr/sports/sports-d-hiver/biathlon-apres-l-or-olympique-quentin-fillon-maillet-reve-du-sacre-mondial-20250211</link>
                                    <description>DÉCRYPTAGE - Jamais médaillé d’or en individuel aux Mondiaux, le double champion olympique de Pékin aborde la compétition à Lenzerheide (12 au 23 février) avec une ambition débordante.</description>
                                <category>Sports d&#039;hiver</category>
                <pubDate>Tue, 11 Feb 2025 14:46:48 +0100</pubDate>

                                                            <media:content url="https://i.f1g.fr/media/cms/2850x1603_crop/2025/02/11/7d65755c612a4e5e16c8b6fd97b8435359b18c5ea2d19570389b0352f0378589.jpg" width="2850" height="1603">
                            <media:description type="plain">Quentin Fillon Maillet lors du sprint d’Antholz-Anterselva le 24 janvier dernier.</media:description>
                            <media:credit>MARCO BERTORELLO / AFP</media:credit>
                        </media:content>
                                                </item>
                    <item>
                <guid>https://www.lefigaro.fr/sports/sports-d-hiver/mondiaux-de-ski-alpin-les-americaines-shiffrin-et-johnson-remportent-l-epreuve-du-combine-par-equipes-20250211</guid>
                <title>Mondiaux de ski alpin : amies d’enfance, les Américaines Shiffrin et Johnson sacrées sur l’épreuve du combiné par équipes</title>
                                <link>https://www.lefigaro.fr/sports/sports-d-hiver/mondiaux-de-ski-alpin-les-americaines-shiffrin-et-johnson-remportent-l-epreuve-du-combine-par-equipes-20250211</link>
                                    <description>Mikaela Shiffrin et Breezy Johnson sont devenues championnes du monde du combiné par équipes ce mardi à Saalbach. Johnson décroche son deuxième titre mondial dans ces Mondiaux tandis que Shiffrin gagne un 8e titre planétaire.</description>
                                <category>Sports d&#039;hiver</category>
                <pubDate>Tue, 11 Feb 2025 16:21:06 +0100</pubDate>

                                                            <media:content url="https://i.f1g.fr/media/cms/2850x1603_crop/2025/02/11/9d273f5c7cbc0a75c09f8476aa4e427d55b00eb6344df8413c57238c504b9bb8.jpg" width="2850" height="1603">
                            <media:description type="plain">Mikaela Shiffrin et Breezy Johnson ont remporté l’épreuve du combiné par équipes des mondiaux de ski alpin ce mardi.</media:description>
                            <media:credit>Lisi Niesner / REUTERS</media:credit>
                        </media:content>
                                                </item>
                    <item>
                <guid>https://www.lefigaro.fr/sports/sports-d-hiver/chloe-trespeuch-je-ne-vais-pas-perdre-la-flamme-de-la-competition-parce-que-je-suis-devenue-maman-20250211</guid>
                <title>Chloé Trespeuch : «Je ne vais pas perdre la flamme de la compétition parce que je suis devenue maman»</title>
                                <link>https://www.lefigaro.fr/sports/sports-d-hiver/chloe-trespeuch-je-ne-vais-pas-perdre-la-flamme-de-la-competition-parce-que-je-suis-devenue-maman-20250211</link>
                                    <description>ENTRETIEN - Un mois après avoir donné naissance à son premier enfant, la vice-championne olympique de snowboardcross a déjà repris le chemin des pistes. Avec les JO 2026 dans le viseur, et pourquoi pas ceux de 2030 dans les Alpes françaises également.</description>
                                <category>Sports d&#039;hiver</category>
                <pubDate>Tue, 11 Feb 2025 14:24:40 +0100</pubDate>

                                                            <media:content url="https://i.f1g.fr/media/cms/3000x2000_crop/2025/02/11/b46080c046dfd0de7b2fe6808fccd44112f26912e18fbb84c27977bb40630add.jpg" width="3000" height="2000">
                            <media:description type="plain">Chloé Trespeuch</media:description>
                            <media:credit>MARCO BERTORELLO / AFP</media:credit>
                        </media:content>
                                                </item>
                    <item>
                <guid>https://www.lefigaro.fr/sports/tennis/tennis-c-est-un-creve-coeur-glisse-le-messin-ugo-humbert-a-propos-de-la-disparition-programmee-de-l-open-de-moselle-20250211</guid>
                <title>Tennis : «C’est un crève-cœur», glisse le Messin Ugo Humbert à propos de la disparition programmée de l’Open de Moselle</title>
                                <link>https://www.lefigaro.fr/sports/tennis/tennis-c-est-un-creve-coeur-glisse-le-messin-ugo-humbert-a-propos-de-la-disparition-programmee-de-l-open-de-moselle-20250211</link>
                                    <description>Le numéro un français a fait part de sa déception et de sa tristesse, ce mardi en conférence de presse à Marseille, avant son entrée en lice à l’Open 13.</description>
                                <category>Tennis</category>
                <pubDate>Tue, 11 Feb 2025 14:24:24 +0100</pubDate>

                                                            <media:content url="https://i.f1g.fr/media/cms/2622x1938_crop/2025/02/11/bc1afdf6f99bc51a8b8ba520d80e1b7c94efa7ee967346b724550d4861bce218.jpg" width="2622" height="1938">
                            <media:description type="plain">Ugo Humbert</media:description>
                            <media:credit>Jaimi Joy / REUTERS</media:credit>
                        </media:content>
                                                </item>
                    <item>
                <guid>https://www.lefigaro.fr/sports/tennis/tennis-caroline-garcia-s-incline-au-deuxieme-tour-a-doha-20250211</guid>
                <title>Tennis : Caroline Garcia s’incline au deuxième tour à Doha</title>
                                <link>https://www.lefigaro.fr/sports/tennis/tennis-caroline-garcia-s-incline-au-deuxieme-tour-a-doha-20250211</link>
                                    <description>2 jours après avoir gagné son premier match en 2025, Caroline Garcia s’est logiquement inclinée en 2 sets au deuxième tour du tournoi de Doha face à l’Italienne Paolini.</description>
                                <category>Tennis</category>
                <pubDate>Tue, 11 Feb 2025 14:47:19 +0100</pubDate>

                                                            <media:content url="https://i.f1g.fr/media/cms/3000x2001_crop/2025/02/11/f111f65384cd4035bf492c0f8a4eb77bbe6ce41833807d3b7abac66d387d4350.jpg" width="3000" height="2001">
                            <media:description type="plain">Caroline Garcia s’est inclinée contre Jasmine Paolini ce mardi à Doha. </media:description>
                            <media:credit>MAHMUD HAMS / AFP</media:credit>
                        </media:content>
                                                </item>
                    <item>
                <guid>https://www.lefigaro.fr/sports/cyclisme/tour-d-oman-olav-kooij-remporte-la-4e-etape-au-sprint-20250211</guid>
                <title>Tour d'Oman : Olav Kooij remporte la 4e étape au sprint</title>
                                <link>https://www.lefigaro.fr/sports/cyclisme/tour-d-oman-olav-kooij-remporte-la-4e-etape-au-sprint-20250211</link>
                                    <description>Déjà vainqueur de la première étape, le Néerlandais Olav Kooij a remporté mardi au sprint la quatrième étape du Tour d’Oman. Le Français David Gaudu est toujours leader du classement général.</description>
                                <category>Cyclisme</category>
                <pubDate>Tue, 11 Feb 2025 13:25:48 +0100</pubDate>

                                                            <media:content url="https://i.f1g.fr/media/cms/2000x3000_crop/2025/02/11/ebb0e4f72e9408dad15ae1286fdc604e76327aa01e2ba07f57df17986bc6a1d0.jpg" width="2000" height="3000">
                            <media:description type="plain">Olav Kooij a gagné la 4e étape du Tour d’Oman ce mardi. </media:description>
                            <media:credit>LOIC VENANCE / AFP</media:credit>
                        </media:content>
                                                </item>
                    <item>
                <guid>https://www.lefigaro.fr/sports/rugby/6-nations/six-nations-la-suspension-de-ntamack-est-confirmee-il-ne-pourra-pas-jouer-en-italie-20250211</guid>
                <title>Six Nations : la suspension de Ntamack est confirmée, il ne pourra pas jouer en Italie</title>
                                <link>https://www.lefigaro.fr/sports/rugby/6-nations/six-nations-la-suspension-de-ntamack-est-confirmee-il-ne-pourra-pas-jouer-en-italie-20250211</link>
                                    <description>Les officiels de l’instance organisatrice du Tournoi ont confirmé que l’ouvreur des Bleus ne pourra pas disputer le match en Italie. Sans indiquer s’il peut participer au match de Toulouse à Clermont en Top 14 ce week-end. Surréaliste.</description>
                                <category>6 nations</category>
                <pubDate>Tue, 11 Feb 2025 14:33:15 +0100</pubDate>

                                                            <media:content url="https://i.f1g.fr/media/cms/2610x1468_crop/2025/02/11/71f2f943986aec0dd07bc7516ee9e98a5a6be09ac32814348b9ba1cb947068a8.jpg" width="2610" height="1468">
                            <media:description type="plain">Romain Ntamack à Marcoussis, aux côtés de Nolann Le Garrec. </media:description>
                            <media:credit>FRANCK FIFE / AFP</media:credit>
                        </media:content>
                                                </item>
                    <item>
                <guid>https://www.lefigaro.fr/sports/autres-sports/tennis-de-table-alexis-lebrun-integre-pour-la-premiere-fois-le-top-10-mondial-20250211</guid>
                <title>Tennis de table : Alexis Lebrun intègre pour la première fois le top 10 mondial</title>
                                <link>https://www.lefigaro.fr/sports/autres-sports/tennis-de-table-alexis-lebrun-integre-pour-la-premiere-fois-le-top-10-mondial-20250211</link>
                                    <description>Grâce à son bon parcours au Grand Smash de Singapour le week-end dernier, Alexis Lebrun rentre, à 21 ans, dans le top 10 du classement mondial pour la première fois de sa carrière.</description>
                                <category>Autres Sports</category>
                <pubDate>Tue, 11 Feb 2025 13:04:47 +0100</pubDate>

                                                            <media:content url="https://i.f1g.fr/media/cms/3000x2001_crop/2025/02/11/ac4dae1312f2ac415676e34986fedf8a7a862f046e164e2b7ee0efc1f8610c48.jpg" width="3000" height="2001">
                            <media:description type="plain">Alexis Lebrun rentre dans le top 10 mondial pour la première fois de sa carrière. </media:description>
                            <media:credit>STR / AFP</media:credit>
                        </media:content>
                                                </item>
                    <item>
                <guid>https://www.lefigaro.fr/sports/football/italie/serie-a-vise-par-des-insultes-racistes-moise-kean-recoit-le-soutien-de-son-club-20250211</guid>
                <title>Serie A : visé par des insultes racistes, Moise Kean reçoit le soutien de son club</title>
                                <link>https://www.lefigaro.fr/sports/football/italie/serie-a-vise-par-des-insultes-racistes-moise-kean-recoit-le-soutien-de-son-club-20250211</link>
                                    <description>Ciblé par des insultes racistes sur les réseaux sociaux après la défaite de son équipe, la Fiorentina, lundi soir contre l’Inter Milan, Moise Kean a reçu le soutien de son club sur les réseaux sociaux.</description>
                                <category>Italie</category>
                <pubDate>Tue, 11 Feb 2025 12:49:41 +0100</pubDate>

                                                            <media:content url="https://i.f1g.fr/media/cms/3000x2023_crop/2025/02/11/8bd06158f21e8fd0337d514ec0c170343b2b8ca62b0e6bb3969c89ac6190b7c1.jpg" width="3000" height="2023">
                            <media:description type="plain">Moise Kean a été victime d’insultes racistes sur les réseaux sociaux après la défaite de la Fiorentina contre l’Inter lundi. </media:description>
                            <media:credit>Daniele Mascolo / REUTERS</media:credit>
                        </media:content>
                                                </item>
                    <item>
                <guid>https://www.lefigaro.fr/sports/autres-sports/esport-les-premiers-jeux-olympiques-de-la-discipline-reportes-a-2027-20250211</guid>
                <title>Esport : les premiers Jeux Olympiques de la discipline reportés à 2027</title>
                                <link>https://www.lefigaro.fr/sports/autres-sports/esport-les-premiers-jeux-olympiques-de-la-discipline-reportes-a-2027-20250211</link>
                                    <description>Le CIO a annoncé ce mardi que les premiers Jeux Olympiques d’esport, prévus cette année en Arabie saoudite, se tiendront finalement en 2027 à Ryad.</description>
                                <category>Autres Sports</category>
                <pubDate>Tue, 11 Feb 2025 12:34:23 +0100</pubDate>

                                                            <media:content url="https://i.f1g.fr/media/cms/3000x2103_crop/2025/02/11/a62fd048745ac3621dfafe5cc6b2a7a846f0801886abcc120e2952d5a93cd3ce.jpg" width="3000" height="2103">
                            <media:description type="plain">Les premiers Jeux Olympiques de l’esport auront finalement lieu en 2027.</media:description>
                            <media:credit>ROSLAN RAHMAN / AFP</media:credit>
                        </media:content>
                                                </item>
                    <item>
                <guid>https://www.lefigaro.fr/sports/football/affaire-du-baiser-force-luis-rubiales-entendu-par-la-justice-espagnole-ce-mardi-20250211</guid>
                <title>Affaire du baiser forcé : Luis Rubiales entendu par la justice espagnole ce mardi</title>
                                <link>https://www.lefigaro.fr/sports/football/affaire-du-baiser-force-luis-rubiales-entendu-par-la-justice-espagnole-ce-mardi-20250211</link>
                                    <description>L’ancien président de la Fédération Espagnole de football Luis Rubiales va s’exprimer pour la première fois devant la justice mardi dans le procès lié au baiser imposé à Jenni Hermoso après la finale du Mondial féminin 2023.</description>
                                <category>Football</category>
                <pubDate>Tue, 11 Feb 2025 12:15:13 +0100</pubDate>

                                                            <media:content url="https://i.f1g.fr/media/cms/3000x2082_crop/2025/02/11/bb5e6c24b853351fde1a4538f790e48838d082c71c6668b3e9b3d7f92771ad04.jpg" width="3000" height="2082">
                            <media:description type="plain">Luis Rubiales est appelé à la barre ce mardi. </media:description>
                            <media:credit>Juan Medina / REUTERS</media:credit>
                        </media:content>
                                                </item>
                    <item>
                <guid>https://www.lefigaro.fr/sports/rugby/6-nations/six-nations-en-plein-tournoi-warren-gatland-va-quitter-son-role-de-selectionneur-du-pays-de-galles-20250211</guid>
                <title>Six Nations : en plein Tournoi, Warren Gatland quitte son poste de sélectionneur du pays de Galles</title>
                                <link>https://www.lefigaro.fr/sports/rugby/6-nations/six-nations-en-plein-tournoi-warren-gatland-va-quitter-son-role-de-selectionneur-du-pays-de-galles-20250211</link>
                                    <description>Le technicien néo-zélandais, après avoir enchaîné les succès entre 2007 et 2019, restait sur une série record de 14 revers d’affilée. Il est remplacé par Matt Sherratt jusqu’à la fin du Tournoi.</description>
                                <category>6 nations</category>
                <pubDate>Tue, 11 Feb 2025 14:46:28 +0100</pubDate>

                                                            <media:content url="https://i.f1g.fr/media/cms/1366x768_crop/2025/02/11/10b2aec650c9d44ad2d7b8af7437c63cd767e87896921232b94443a94b285e6f.jpg" width="1366" height="768">
                            <media:description type="plain">Warren Gatland était revenu à la tête de la sélection galloise en 2023. </media:description>
                            <media:credit>Gonzalo Fuentes / REUTERS</media:credit>
                        </media:content>
                                                </item>
            </channel>
</rss>
