<?xml version="1.0" encoding="UTF-8"?>
<rss version="2.0" xmlns:atom="http://www.w3.org/2005/Atom" xmlns:media="http://search.yahoo.com/mrss/">
    <channel>
        <atom:link href="https://www.lefigaro.fr/rss/figaro_rugby.xml" rel="self" type="application/rss+xml"/>
        <category>Rugby</category>
        <title>Le Figaro - Rugby : Actualité du top 14 et résultats des matches en direct</title>
        <description>Rugby : Retrouvez toute l&#039;actualité du rugby et des matches du Top 14 avec Le Figaro</description>
        <link>https://www.lefigaro.fr/sports/rugby</link>
        <language>fr</language>
        <copyright>Droits de reproduction et de diffusion réservés LeFigaro.fr</copyright>
        <lastBuildDate>Tue, 11 Feb 2025 16:42:15 +0100</lastBuildDate>
        <docs>https://www.lefigaro.fr/rss</docs>
        <image>
            <title>Le Figaro - Rugby : Actualité du top 14 et résultats des matches en direct</title>
            <url>https://static.lefigaro.fr/common/logos/logo-150x150.png</url>
            <link>https://www.lefigaro.fr/sports/rugby</link>
            <description>Rugby : Retrouvez toute l&#039;actualité du rugby et des matches du Top 14 avec Le Figaro</description>
        </image>

                    <item>
                <guid>https://www.lefigaro.fr/sports/rugby/6-nations/six-nations-la-suspension-de-ntamack-est-confirmee-il-ne-pourra-pas-jouer-en-italie-20250211</guid>
                <title>Six Nations : la suspension de Ntamack est confirmée, il ne pourra pas jouer en Italie</title>
                                <link>https://www.lefigaro.fr/sports/rugby/6-nations/six-nations-la-suspension-de-ntamack-est-confirmee-il-ne-pourra-pas-jouer-en-italie-20250211</link>
                                    <description>Les officiels de l’instance organisatrice du Tournoi ont confirmé que l’ouvreur des Bleus ne pourra pas disputer le match en Italie. Sans indiquer s’il peut participer au match de Toulouse à Clermont en Top 14 ce week-end. Surréaliste.</description>
                                <category>6 nations</category>
                <pubDate>Tue, 11 Feb 2025 14:33:15 +0100</pubDate>

                                                            <media:content url="https://i.f1g.fr/media/cms/2610x1468_crop/2025/02/11/71f2f943986aec0dd07bc7516ee9e98a5a6be09ac32814348b9ba1cb947068a8.jpg" width="2610" height="1468">
                            <media:description type="plain">Romain Ntamack à Marcoussis, aux côtés de Nolann Le Garrec. </media:description>
                            <media:credit>FRANCK FIFE / AFP</media:credit>
                        </media:content>
                                                </item>
                    <item>
                <guid>https://www.lefigaro.fr/sports/rugby/6-nations/six-nations-en-plein-tournoi-warren-gatland-va-quitter-son-role-de-selectionneur-du-pays-de-galles-20250211</guid>
                <title>Six Nations : en plein Tournoi, Warren Gatland quitte son poste de sélectionneur du pays de Galles</title>
                                <link>https://www.lefigaro.fr/sports/rugby/6-nations/six-nations-en-plein-tournoi-warren-gatland-va-quitter-son-role-de-selectionneur-du-pays-de-galles-20250211</link>
                                    <description>Le technicien néo-zélandais, après avoir enchaîné les succès entre 2007 et 2019, restait sur une série record de 14 revers d’affilée. Il est remplacé par Matt Sherratt jusqu’à la fin du Tournoi.</description>
                                <category>6 nations</category>
                <pubDate>Tue, 11 Feb 2025 14:46:28 +0100</pubDate>

                                                            <media:content url="https://i.f1g.fr/media/cms/1366x768_crop/2025/02/11/10b2aec650c9d44ad2d7b8af7437c63cd767e87896921232b94443a94b285e6f.jpg" width="1366" height="768">
                            <media:description type="plain">Warren Gatland était revenu à la tête de la sélection galloise en 2023. </media:description>
                            <media:credit>Gonzalo Fuentes / REUTERS</media:credit>
                        </media:content>
                                                </item>
                    <item>
                <guid>https://www.lefigaro.fr/sports/rugby/rugby-la-federation-neo-zelandaise-attaque-en-justice-ineos-son-ancien-sponsor-20250211</guid>
                <title>Rugby : la Fédération néo-zélandaise attaque en justice Ineos, son ancien sponsor</title>
                                <link>https://www.lefigaro.fr/sports/rugby/rugby-la-federation-neo-zelandaise-attaque-en-justice-ineos-son-ancien-sponsor-20250211</link>
                                    <description>Le producteur mondial de produits chimiques s’est retiré du contrat de six ans qui le liait avec l’instance qui dirige les All Blacks.</description>
                                <category>Rugby</category>
                <pubDate>Tue, 11 Feb 2025 11:54:08 +0100</pubDate>

                                                            <media:content url="https://i.f1g.fr/media/cms/3000x1687_crop/2025/02/11/fa37a22741ca94fef44eb3cd719f6ab27728cb403c43ca260143257f730d8679.jpg" width="3000" height="1687">
                            <media:description type="plain">La marque Ineos apparaissait notamment sur les maillots d’entraînement des All Blacks.</media:description>
                            <media:credit>DAVID GRAY / AFP</media:credit>
                        </media:content>
                                                </item>
                    <item>
                <guid>https://www.lefigaro.fr/faits-divers/bordeaux-les-trois-rugbymen-condamnes-pour-viol-restent-en-prison-20250211</guid>
                <title>Bordeaux : les trois rugbymen condamnés pour viol restent en prison</title>
                                <link>https://www.lefigaro.fr/faits-divers/bordeaux-les-trois-rugbymen-condamnes-pour-viol-restent-en-prison-20250211</link>
                                    <description>La justice n’a pas accepté la demande de libération des joueurs accusés de viol collectif en 2017 à Mérignac.</description>
                                <category>Faits divers</category>
                <pubDate>Tue, 11 Feb 2025 12:02:33 +0100</pubDate>

                                                            <media:content url="https://i.f1g.fr/media/cms/orig/2025/02/11/aa80518eebdfa2d58861a5f02066edddcebb2a34c9e12a3d60319da0d3326b2c.jpg" width="2361" height="1574">
                            <media:description type="plain">Le joueur de rugby irlandais Denis Coulson au palais de justice de Bordeaux, le 2 décembre 2024.</media:description>
                            <media:credit>ROMAIN PERROCHEAU / AFP</media:credit>
                        </media:content>
                                                </item>
                    <item>
                <guid>https://www.lefigaro.fr/sports/rugby/rugby-l-ecossais-dominic-mckay-reelu-president-de-l-epcr-20250211</guid>
                <title>Rugby : l'Ecossais Dominic McKay réélu président de l'EPCR</title>
                                <link>https://www.lefigaro.fr/sports/rugby/rugby-l-ecossais-dominic-mckay-reelu-president-de-l-epcr-20250211</link>
                                    <description>Dominic McKay a été réélu pour un deuxième mandat à la tête de l’EPCR a annoncé mardi l’instance organisatrice des coupes d’Europe de rugby. L’Ecossais restera président de l’institution jusqu’en juin 2028.</description>
                                <category>Rugby</category>
                <pubDate>Tue, 11 Feb 2025 11:23:29 +0100</pubDate>

                                                            <media:content url="https://i.f1g.fr/media/cms/659x370_crop/2025/02/11/f54005c9f852faa253269ec80107b53ec8d6ed662f42c8008dc4f61c3d7be214.jpg" width="659" height="370">
                            <media:description type="plain">Dominic McKay a été réélu à la tête de l’EPCR. </media:description>
                            <media:credit>DR</media:credit>
                        </media:content>
                                                </item>
                    <item>
                <guid>https://www.lefigaro.fr/sports/rugby/rugby-dakuwaqa-biarritz-implore-le-pardon-de-son-coequipier-qu-il-a-violemment-mordu-20250211</guid>
                <title>Rugby : Dakuwaqa (Biarritz) «implore le pardon» de son coéquipier qu'il a violemment mordu</title>
                                <link>https://www.lefigaro.fr/sports/rugby/rugby-dakuwaqa-biarritz-implore-le-pardon-de-son-coequipier-qu-il-a-violemment-mordu-20250211</link>
                                    <description>Le troisième ligne fidjien, qui avait profondément mordu à une joue son coéquipier Pierre Pagès fin janvier, lors d’une soirée entre joueurs qui a dégénéré, s’est confié à L’Équipe.</description>
                                <category>Rugby</category>
                <pubDate>Tue, 11 Feb 2025 10:49:23 +0100</pubDate>

                                                            <media:content url="https://i.f1g.fr/media/cms/orig/2025/02/11/f36eaf22b656c22314c221bd702868dc0d090a5407d0c57ea650d9aa07041a7d.jpg" width="885" height="500">
                            <media:description type="plain">Maisvesi Dakuwaqa</media:description>
                            <media:credit>Scoop Dyga / Icon Sport</media:credit>
                        </media:content>
                                                </item>
                    <item>
                <guid>https://www.lefigaro.fr/sports/rugby/top-14/top-14-a-quelle-heure-et-sur-quelle-chaine-regarder-montpellier-toulon-20250211</guid>
                <title>Top 14 : à quelle heure et sur quelle chaîne regarder Montpellier-Toulon ?</title>
                                <link>https://www.lefigaro.fr/sports/rugby/top-14/top-14-a-quelle-heure-et-sur-quelle-chaine-regarder-montpellier-toulon-20250211</link>
                                    <description>Samedi soir, pour le compte de la 16e journée de championnat, duel d’ambitieux entre le MHR et le RCT.</description>
                                <category>Top 14</category>
                <pubDate>Tue, 11 Feb 2025 09:14:26 +0100</pubDate>

                                                            <media:content url="https://i.f1g.fr/media/cms/3000x2001_crop/2025/02/11/37224162cbb53bea69d302e5a68ded882a3b6e48949f172ec22f1013184168ba.jpg" width="3000" height="2001">
                            <media:description type="plain">L’ailier international de Toulon Gabin Villière </media:description>
                            <media:credit>Paul Delort / Le Figaro</media:credit>
                        </media:content>
                                                </item>
                    <item>
                <guid>https://www.lefigaro.fr/sports/rugby/affaire-auradou-jegou-decision-sur-l-appel-du-non-lieu-mise-en-delibere-20250211</guid>
                <title>Affaire Auradou-Jegou: décision sur l'appel du non-lieu mise en délibéré</title>
                                <link>https://www.lefigaro.fr/sports/rugby/affaire-auradou-jegou-decision-sur-l-appel-du-non-lieu-mise-en-delibere-20250211</link>
                                    <description>Si la date du rendu n’a pas été fixée, la décision, communiquée par écrit sans donner lieu à une audience, est attendue dans les cinq jours.</description>
                                <category>Rugby</category>
                <pubDate>Tue, 11 Feb 2025 08:33:56 +0100</pubDate>

                                                            <media:content url="https://i.f1g.fr/media/cms/1920x1080_crop/2025/02/11/80f2abe58a618e8df4100e7d6a132b6a2a7458e9385c4b6aa6179a0ffc690acb.jpg" width="1920" height="1080">
                            <media:description type="plain">Oscar Jegou (à gauche) et Hugo Auradou.</media:description>
                            <media:credit>AFP / TOMAS CUESTA / AFP / LUIS ROBAYO</media:credit>
                        </media:content>
                                                </item>
                    <item>
                <guid>https://www.lefigaro.fr/sports/rugby/6-nations/six-nations-coup-de-tonnerre-a-venir-pour-le-xv-de-france-ntamack-ne-jouera-pas-face-a-l-italie-20250210</guid>
                <title>Six Nations : coup de tonnerre à venir pour le XV de France, Ntamack ne jouera pas face à l’Italie</title>
                                <link>https://www.lefigaro.fr/sports/rugby/6-nations/six-nations-coup-de-tonnerre-a-venir-pour-le-xv-de-france-ntamack-ne-jouera-pas-face-a-l-italie-20250210</link>
                                    <description>D’après une information de Midi Olympique, la commission de discipline réunie ce lundi aurait pris une autre décision concernant le carton rouge reçu par Romain Ntamack face au pays de Galles.</description>
                                <category>6 nations</category>
                <pubDate>Tue, 11 Feb 2025 08:43:12 +0100</pubDate>

                                                            <media:content url="https://i.f1g.fr/media/cms/orig/2025/02/10/756ee6e5136daf6457e391ec7433b233a757e6abf5063dc3ec331f181baf8e89.jpg" width="3000" height="2001">
                            <media:description type="plain">Ntamack ne jouera pas face à l’Italie.</media:description>
                            <media:credit>FRANCK FIFE / AFP</media:credit>
                        </media:content>
                                                </item>
                    <item>
                <guid>https://www.lefigaro.fr/sports/rugby/top-14/top-14-le-racing-92-va-revenir-a-colombes-20250210</guid>
                <title>Top 14 : le Racing 92 va revenir à Colombes</title>
                                <link>https://www.lefigaro.fr/sports/rugby/top-14/top-14-le-racing-92-va-revenir-a-colombes-20250210</link>
                                    <description>Le président du club francilien, Jacky Lorenzetti, a annoncé un retour dans son antre historique à partir de la saison 2026-2027.</description>
                                <category>Top 14</category>
                <pubDate>Mon, 10 Feb 2025 19:01:59 +0100</pubDate>

                                                            <media:content url="https://i.f1g.fr/media/cms/3000x2000_crop/2025/02/10/90fc7d33793e404982f365c03f0518b3f5089c457eaddb2227c58f31acb4f026.jpg" width="3000" height="2000">
                            <media:description type="plain">Le Racingman Max Spring</media:description>
                            <media:credit>MARTIN LELIEVRE / AFP</media:credit>
                        </media:content>
                                                </item>
                    <item>
                <guid>https://www.lefigaro.fr/sports/rugby/top-14/top-14-a-quelle-heure-et-sur-quelle-chaine-regarder-bayonne-ubb-20250210</guid>
                <title>Top 14 : à quelle heure et sur quelle chaîne regarder Bayonne-UBB ?</title>
                                <link>https://www.lefigaro.fr/sports/rugby/top-14/top-14-a-quelle-heure-et-sur-quelle-chaine-regarder-bayonne-ubb-20250210</link>
                                    <description>Ce samedi en ouverture de la 16e journée de championnat, l’Aviron Bayonnais défie l’Union Bordeaux-Bègles.</description>
                                <category>Top 14</category>
                <pubDate>Mon, 10 Feb 2025 17:28:49 +0100</pubDate>

                                                            <media:content url="https://i.f1g.fr/media/cms/3000x2001_crop/2025/02/10/ce341c5f3da3494e6370413f350789e12d538f0f667e3fb128ac424e61c14d83.jpg" width="3000" height="2001">
                            <media:description type="plain">Depoortère pourrait être aligné avec l’UBB. </media:description>
                            <media:credit>ROMAIN PERROCHEAU / AFP</media:credit>
                        </media:content>
                                                </item>
                    <item>
                <guid>https://www.lefigaro.fr/sports/rugby/pro-d2-biarritz-licencie-dakuwaqa-apres-l-agression-de-son-coequipier-20250210</guid>
                <title>Pro D2 : Biarritz licencie Dakuwaqa après l’agression de son coéquipier</title>
                                <link>https://www.lefigaro.fr/sports/rugby/pro-d2-biarritz-licencie-dakuwaqa-apres-l-agression-de-son-coequipier-20250210</link>
                                    <description>Le club basque a annoncé ce lundi la rupture immédiate du contrat de son troisième ligne fidjien, coupable d’avoir mordu et frappé le demi de mêlée Pierre Pagès</description>
                                <category>Rugby</category>
                <pubDate>Mon, 10 Feb 2025 16:40:25 +0100</pubDate>

                                                            <media:content url="https://i.f1g.fr/media/cms/orig/2025/02/10/eb27f801560cf93907f7781988dc1e31705f5d399138b06a22addb778f55c777.jpg" width="885" height="500">
                            <media:description type="plain">Masivesi Dakuwaqa</media:description>
                            <media:credit>Scoop Dyga / Icon Sport</media:credit>
                        </media:content>
                                                </item>
                    <item>
                <guid>https://www.lefigaro.fr/sports/rugby/top-14/top-14-les-toulousains-flament-et-jelonch-ont-repris-l-entrainement-20250210</guid>
                <title>Top 14 : les Toulousains Flament et Jelonch ont repris l’entraînement</title>
                                <link>https://www.lefigaro.fr/sports/rugby/top-14/top-14-les-toulousains-flament-et-jelonch-ont-repris-l-entrainement-20250210</link>
                                    <description>Les deux internationaux, blessés au mollet, ont effectué ce lundi leur retour sur le terrain. Une bonne nouvelle également pour le sélectionneur du XV de France, Fabien Galthié.</description>
                                <category>Top 14</category>
                <pubDate>Mon, 10 Feb 2025 16:07:34 +0100</pubDate>

                                                            <media:content url="https://i.f1g.fr/media/cms/3000x2035_crop/2025/02/10/44a57096484816ac25468389d66b027e89c6f8f8ca79eba42ccc1edb1c8a263b.jpg" width="3000" height="2035">
                            <media:description type="plain">Anthony Jelonch et Thibaud Flament (lors d’un entraînement du XV de France).</media:description>
                            <media:credit>FRANCK FIFE / AFP</media:credit>
                        </media:content>
                                                </item>
                    <item>
                <guid>https://www.lefigaro.fr/sports/rugby/top-14/top-14-a-quelle-heure-et-sur-quelle-chaine-regarder-clermont-toulouse-20250210</guid>
                <title>Top 14 : à quelle heure et sur quelle chaîne regarder Clermont-Toulouse ?</title>
                                <link>https://www.lefigaro.fr/sports/rugby/top-14/top-14-a-quelle-heure-et-sur-quelle-chaine-regarder-clermont-toulouse-20250210</link>
                                    <description>Ce dimanche 16 février, Clermont accueille Toulouse pour le compte de la 16e journée de championnat.</description>
                                <category>Top 14</category>
                <pubDate>Mon, 10 Feb 2025 15:17:17 +0100</pubDate>

                                                            <media:content url="https://i.f1g.fr/media/cms/2850x1603_crop/2025/02/10/67ce59305959013b746482254f1c69db812683b258f68107e20025cc9f5eb738.jpg" width="2850" height="1603">
                            <media:description type="plain">Mallia et Toulouse se déplacent à Clermont.</media:description>
                            <media:credit>LIONEL BONAVENTURE / AFP</media:credit>
                        </media:content>
                                                </item>
                    <item>
                <guid>https://www.lefigaro.fr/sports/rugby/top-14/top-14-julien-dumora-castres-mettra-un-terme-a-sa-carriere-a-l-issue-de-la-saison-20250210</guid>
                <title>Top 14 : Julien Dumora (Castres) mettra un terme à sa carrière à l’issue de la saison</title>
                                <link>https://www.lefigaro.fr/sports/rugby/top-14/top-14-julien-dumora-castres-mettra-un-terme-a-sa-carriere-a-l-issue-de-la-saison-20250210</link>
                                    <description>L’arrière du Castres Olympique mettra un terme à sa carrière à l’issue de la saison et intégrer le staff du club.</description>
                                <category>Top 14</category>
                <pubDate>Mon, 10 Feb 2025 13:25:08 +0100</pubDate>

                                                            <media:content url="https://i.f1g.fr/media/cms/3000x2001_crop/2025/02/10/a2da0d1f4affca7aae4b1ebc82e005e1b67e7ba33fcd39506b0736b732d5ba8c.jpg" width="3000" height="2001">
                            <media:description type="plain">Julien Dumora mettra un terme à sa carrière à l’issue de la saison. </media:description>
                            <media:credit>ED JONES / AFP</media:credit>
                        </media:content>
                                                </item>
                    <item>
                <guid>https://www.lefigaro.fr/sports/rugby/top-14/top-14-pourquoi-la-rencontre-entre-montpellier-et-toulon-sera-delocalisee-a-beziers-20250209</guid>
                <title>Top 14 : pourquoi la rencontre entre Montpellier et Toulon sera délocalisée à Béziers</title>
                                <link>https://www.lefigaro.fr/sports/rugby/top-14/top-14-pourquoi-la-rencontre-entre-montpellier-et-toulon-sera-delocalisee-a-beziers-20250209</link>
                                    <description>Ce dimanche dans un communiqué, le club de Montpellier a expliqué pourquoi la rencontre contre Toulon prévue le 15 février prochain sera délocalisée.</description>
                                <category>Top 14</category>
                <pubDate>Sun, 09 Feb 2025 22:03:56 +0100</pubDate>

                                                            <media:content url="https://i.f1g.fr/media/cms/3000x2001_crop/2025/02/09/96db9a882e808fd6ee5f7164352f22880e8e051ece2652d1fd87693b4dc1e82a.jpg" width="3000" height="2001">
                            <media:description type="plain">Le GGL Stadium n’accueillera pas la rencontre face à Toulon. </media:description>
                            <media:credit>SYLVAIN THOMAS / AFP</media:credit>
                        </media:content>
                                                </item>
                    <item>
                <guid>https://www.lefigaro.fr/sports/rugby/6-nations/six-nations-townsend-donne-des-nouvelles-de-russell-et-graham-sortis-apres-un-choc-impressionnant-20250209</guid>
                <title>Six Nations : Townsend donne des nouvelles de Russell et Graham, sortis après un choc impressionnant</title>
                                <link>https://www.lefigaro.fr/sports/rugby/6-nations/six-nations-townsend-donne-des-nouvelles-de-russell-et-graham-sortis-apres-un-choc-impressionnant-20250209</link>
                                    <description>Le sélectionneur écossais a donné des nouvelles, au micro de BBC Sport, de Finn Russell et Darcy Graham, sortis après un choc impressionnant ce dimanche face à l’Irlande.</description>
                                <category>6 nations</category>
                <pubDate>Sun, 09 Feb 2025 22:05:59 +0100</pubDate>

                                                            <media:content url="https://i.f1g.fr/media/cms/3000x2001_crop/2025/02/09/9fba71b3ca1e0a3a0fab1aaac17e566e2b59f3e51b85d3bee97ac5e70071c02e.jpg" width="3000" height="2001">
                            <media:description type="plain">Russell est sorti KO du terrain. </media:description>
                            <media:credit>ANDY BUCHANAN / AFP</media:credit>
                        </media:content>
                                                </item>
                    <item>
                <guid>https://www.lefigaro.fr/sports/rugby/6-nations/six-nations-en-video-la-large-victoire-de-l-irlande-en-ecosse-20250209</guid>
                <title>Six Nations : en vidéo, la large victoire de l’Irlande en Écosse</title>
                                <link>https://www.lefigaro.fr/sports/rugby/6-nations/six-nations-en-video-la-large-victoire-de-l-irlande-en-ecosse-20250209</link>
                                    <description>Ce dimanche après-midi, l’Irlande a largement battu l’Écosse (18-32) pour le compte de la 2e journée du Tournoi des six nations.</description>
                                <category>6 nations</category>
                <pubDate>Sun, 09 Feb 2025 22:07:59 +0100</pubDate>

                                                            <media:content url="https://i.f1g.fr/media/cms/2859x2053_crop/2025/02/09/d3d625104da251366c3a13a194dcf543da4f990f3ab4b15a5ef92ac408b8fbe0.jpg" width="2859" height="2053">
                            <media:description type="plain">Les Irlandais savourent. </media:description>
                            <media:credit>Russell Cheyne / REUTERS</media:credit>
                        </media:content>
                                                </item>
                    <item>
                <guid>https://www.lefigaro.fr/sports/rugby/6-nations/ecosse-irlande-prendergast-repond-a-ses-detracteurs-le-chardon-toujours-maudit-face-au-trefle-les-tops-et-les-flops-20250209</guid>
                <title>Écosse-Irlande : Prendergast répond à ses détracteurs, le Chardon toujours maudit face au Trèfle... les tops et les flops</title>
                                <link>https://www.lefigaro.fr/sports/rugby/6-nations/ecosse-irlande-prendergast-repond-a-ses-detracteurs-le-chardon-toujours-maudit-face-au-trefle-les-tops-et-les-flops-20250209</link>
                                    <description>Pour le dernier match de cette deuxième journée du Tournoi, l’Irlande, qui a dominé l’Écosse avec le bonus offensif à Murrayfield (18-32), est désormais la seule nation encore en lice pour faire le Grand Chelem.</description>
                                <category>6 nations</category>
                <pubDate>Sun, 09 Feb 2025 19:03:21 +0100</pubDate>

                                                            <media:content url="https://i.f1g.fr/media/cms/1920x1080_crop/2025/02/09/989560647c2720b37f7fa70e10bf2b1b03a8f6348c07a9f6d5f46e23c1cbafbb.jpg" width="1920" height="1080">
                            <media:description type="plain">Prendergast a relevé la tête, van der Merwe et l’Ecosse ont sombré. </media:description>
                            <media:credit>AFP / ANDY BUCHANAN / AFP / ANDY BUCHANAN</media:credit>
                        </media:content>
                                                </item>
                    <item>
                <guid>https://www.lefigaro.fr/sports/rugby/6-nations/xv-de-france-jalibert-parmi-les-19-joueurs-proteges-avant-le-deplacement-en-italie-auradou-libere-20250209</guid>
                <title>XV de France : Jalibert parmi les 19 joueurs protégés avant le déplacement en Italie, Auradou libéré</title>
                                <link>https://www.lefigaro.fr/sports/rugby/6-nations/xv-de-france-jalibert-parmi-les-19-joueurs-proteges-avant-le-deplacement-en-italie-auradou-libere-20250209</link>
                                    <description>L’ouvreur de l’UBB ne disputera pas la prochaine du Top 14 tandis que Romain Ntamack devrait purger son deuxième match de suspension.</description>
                                <category>6 nations</category>
                <pubDate>Sun, 09 Feb 2025 19:19:43 +0100</pubDate>

                                                            <media:content url="https://i.f1g.fr/media/cms/2690x1513_crop/2025/02/09/60db1e4d1683ded3b2740ed4dc8b1fcb08f54aace289f77f925c609492bbc1aa.jpg" width="2690" height="1513">
                            <media:description type="plain">Mauvaka, Jalibert et Bielle-Biarrey ne dispuertont pas la prochaine journée du Top 14. </media:description>
                            <media:credit>Toby Melville / REUTERS</media:credit>
                        </media:content>
                                                </item>
            </channel>
</rss>
