<?xml version="1.0" encoding="UTF-8"?>
<rss version="2.0" xmlns:atom="http://www.w3.org/2005/Atom" xmlns:media="http://search.yahoo.com/mrss/">
    <channel>
        <atom:link href="https://www.lefigaro.fr/rss/figaro_flash-actu.xml" rel="self" type="application/rss+xml"/>
        <category>Flash Actu</category>
        <title>Le Figaro - Le Flash Actu</title>
        <description>Suivez les dernières informations en direct sur le Flash Actu du Figaro</description>
        <link>http://www.lefigaro.fr</link>
        <language>fr</language>
        <copyright>Droits de reproduction et de diffusion réservés LeFigaro.fr</copyright>
        <lastBuildDate>Tue, 11 Feb 2025 16:35:18 +0100</lastBuildDate>
        <docs>https://www.lefigaro.fr/rss</docs>
        <image>
            <title>Le Figaro - Le Flash Actu</title>
            <url>https://static.lefigaro.fr/common/logos/logo-150x150.png</url>
            <link>http://www.lefigaro.fr</link>
            <description>Suivez les dernières informations en direct sur le Flash Actu du Figaro</description>
        </image>

                    <item>
                <guid>https://www.lefigaro.fr/societes/ferrari-offre-une-juteuse-prime-de-14-400-euros-a-ses-5000-employes-apres-une-annee-2024-record-20250211</guid>
                <title>Ferrari offre une juteuse prime de 14.400 euros à ses 5000 employés, après une année 2024 record</title>
                                <link>https://www.lefigaro.fr/societes/ferrari-offre-une-juteuse-prime-de-14-400-euros-a-ses-5000-employes-apres-une-annee-2024-record-20250211</link>
                                    <description>En 2024, les employés du constructeur italien de voitures de luxe avaient déjà eu droit à un coquet bonus de... 13.500 euros.</description>
                                <category>Entreprises</category>
                <pubDate>Tue, 11 Feb 2025 16:30:41 +0100</pubDate>

                                                            <media:content url="https://i.f1g.fr/media/cms/3000x2250_crop/2025/02/11/6c0c3067a8c9be050f1a9786d70a374ce144b58d17d0b4ee5f6fcd025b109fef.jpg" width="3000" height="2250">
                            <media:description type="plain">Le chiffre d’affaires net du constructeur a augmenté de près de 12% en 2024 pour atteindre 6,68 milliards d’euros.</media:description>
                            <media:credit>Daniele Mascolo / REUTERS</media:credit>
                        </media:content>
                                                </item>
                    <item>
                <guid>https://www.lefigaro.fr/conjoncture/tous-en-greve-le-14-fevrier-pourquoi-des-conducteurs-des-rer-a-et-b-comptent-debrayer-ce-vendredi-20250211</guid>
                <title>«Tous en grève le 14 février» : pourquoi des conducteurs des RER A et B comptent débrayer ce vendredi</title>
                                <link>https://www.lefigaro.fr/conjoncture/tous-en-greve-le-14-fevrier-pourquoi-des-conducteurs-des-rer-a-et-b-comptent-debrayer-ce-vendredi-20250211</link>
                                    <description>Deux syndicats de la RATP - la Base et FO-RATP - ont décidé d’appeler à une mobilisation ce vendredi. Ils dénoncent les «dysfonctionnements» de l’application qui leur sert à déposer leurs congés.</description>
                                <category>Conjoncture</category>
                <pubDate>Tue, 11 Feb 2025 16:22:21 +0100</pubDate>

                                                            <media:content url="https://i.f1g.fr/media/cms/3000x2000_crop/2025/02/11/33ffe3bace19a5fb416742cd6275aa4872d88d5fc6902d162b4ecfb464858936.jpg" width="3000" height="2000">
                            <media:description type="plain">Le trafic du RER A et de la zone RATP du RER B pourrait être perturbé en fin de semaine.</media:description>
                            <media:credit>Francois BOUCHON / Le Figaro</media:credit>
                        </media:content>
                                                </item>
                    <item>
                <guid>https://www.lefigaro.fr/international/preparez-vous-au-pire-apres-les-feux-meurtriers-los-angeles-se-prepare-a-la-plus-forte-tempete-de-pluie-depuis-un-an-20250211</guid>
                <title>«Préparez-vous au pire» : après les feux meurtriers, Los Angeles se prépare à la plus forte tempête de pluie depuis un an</title>
                                <link>https://www.lefigaro.fr/international/preparez-vous-au-pire-apres-les-feux-meurtriers-los-angeles-se-prepare-a-la-plus-forte-tempete-de-pluie-depuis-un-an-20250211</link>
                                    <description>Mercredi, une tempête caractérisée par de fortes précipitations et de violentes rafales de vent pourrait provoquer des inondations, des coulées de débris et des glissements de terrains à Los Angeles.</description>
                                <category>International</category>
                <pubDate>Tue, 11 Feb 2025 16:16:58 +0100</pubDate>

                                                            <media:content url="https://i.f1g.fr/media/cms/3000x2000_crop/2025/02/11/c0da532ce816183b2ab94c88940aff4ba2bbb1e4a95339966f4d007d52c59d3b.jpg" width="3000" height="2000">
                            <media:description type="plain">85 personnes sont décédées dans les incendies qui ont ravagé Los Angeles.</media:description>
                            <media:credit>Mike Blake / REUTERS</media:credit>
                        </media:content>
                                                </item>
                    <item>
                <guid>https://www.lefigaro.fr/international/etats-unis-donald-trump-s-en-prend-aux-juges-politises-qui-entravent-ses-decisions-20250211</guid>
                <title>États-Unis : Donald Trump s'en prend aux «juges politisés» qui entravent ses décisions</title>
                                <link>https://www.lefigaro.fr/international/etats-unis-donald-trump-s-en-prend-aux-juges-politises-qui-entravent-ses-decisions-20250211</link>
                                    <description>«Certains activistes et juges très politisés veulent nous ralentir, ou nous arrêter», s’est indigné le président américain. «Perdre notre élan serait très mauvais pour notre quête de la vérité», a-t-il poursuivi.</description>
                                <category>International</category>
                <pubDate>Tue, 11 Feb 2025 16:16:40 +0100</pubDate>

                                                            <media:content url="https://i.f1g.fr/media/cms/3000x2000_crop/2025/02/11/9b53460973c3ecc2e4439dbdb1c12faef438f4ec25fb68044715d1c81d077d26.jpg" width="3000" height="2000">
                            <media:description type="plain">Donald Trump, le 10 février 2025 à Washington.</media:description>
                            <media:credit>Andrew HARNIK / Getty Images via AFP</media:credit>
                        </media:content>
                                                </item>
                    <item>
                <guid>https://www.lefigaro.fr/actualite-france/dans-le-calvados-l-erosion-du-littoral-provoque-la-fermeture-des-plages-20250211</guid>
                <title>Dans le Calvados, l’érosion du littoral provoque la fermeture des plages</title>
                                <link>https://www.lefigaro.fr/actualite-france/dans-le-calvados-l-erosion-du-littoral-provoque-la-fermeture-des-plages-20250211</link>
                                    <description>Parfois survenus à moins de sept mètres des habitations, les éboulements de pans de falaises suscitent l’inquiétude des riverains. Pour autant, aucune mesure d’évacuation n’a été envisagée, et les experts sont rassurants.</description>
                                <category>Société</category>
                <pubDate>Tue, 11 Feb 2025 16:15:26 +0100</pubDate>

                                                            <media:content url="https://i.f1g.fr/media/cms/3000x2000_crop/2025/02/11/f7db017dd7e1f6286613779ff117bb1f2909673ff0bd4501666733b325200890.jpg" width="3000" height="2000">
                            <media:description type="plain">Des falaises effondrées à Etretat, Seine-Maritime, le 4 janvier 2022.</media:description>
                            <media:credit>SAMEER AL-DOUMY / AFP</media:credit>
                        </media:content>
                                                </item>
                    <item>
                <guid>https://www.lefigaro.fr/actualite-france/seine-saint-denis-securisation-renforcee-pour-plus-d-une-vingtaine-de-colleges-et-de-lycees-20250211</guid>
                <title>Seine-Saint-Denis : «sécurisation renforcée» pour plus d’une vingtaine de collèges et de lycées</title>
                                <link>https://www.lefigaro.fr/actualite-france/seine-saint-denis-securisation-renforcee-pour-plus-d-une-vingtaine-de-colleges-et-de-lycees-20250211</link>
                                    <description>Ce dispositif policier, en place jusqu’aux débuts des vacances scolaires, mobilisera chaque jour 100 fonctionnaires de police engagés aux priorités aux abords de sept collèges et 14 lycées.</description>
                                <category>Société</category>
                <pubDate>Tue, 11 Feb 2025 16:10:31 +0100</pubDate>

                                                            <media:content url="https://i.f1g.fr/media/cms/3000x2001_crop/2025/02/11/52afa168d84f750c287d709a7ce044bccb294ecc0fb0a87ab5ee4b4c018a5f0f.jpg" width="3000" height="2001">
                            <media:description type="plain">Une école primaire à Clichy-sous-Bois, en Seine-Saint-Denis, le 22 avril 2020. </media:description>
                            <media:credit>Ludovic MARIN / AFP</media:credit>
                        </media:content>
                                                </item>
                    <item>
                <guid>https://www.lefigaro.fr/sports/jeux-olympiques/jo-2030-edgar-grospiron-officiellement-candidat-a-la-presidence-du-comite-d-organisation-20250211</guid>
                <title>JO 2030 : Edgar Grospiron officiellement candidat à la présidence du comité d’organisation</title>
                                <link>https://www.lefigaro.fr/sports/jeux-olympiques/jo-2030-edgar-grospiron-officiellement-candidat-a-la-presidence-du-comite-d-organisation-20250211</link>
                                    <description>Approché par le CNOSF il y a dix jours, le champion olympique d’Albertville a annoncé qu’il postulait à la présidence du futur COJO des Jeux 2030 dans les Alpes.</description>
                                <category>Jeux olympiques</category>
                <pubDate>Tue, 11 Feb 2025 16:14:33 +0100</pubDate>

                                                            <media:content url="https://i.f1g.fr/media/cms/2104x1183_crop/2025/02/11/4ea4018d7d3fd5583179de84152945d53b856c9720d4716af16a6cb50ee357ab.jpg" width="2104" height="1183">
                            <media:description type="plain">Edgar Grospiron futur président du COJO 2030 ?</media:description>
                            <media:credit>ARNAUD FINISTRE / AFP</media:credit>
                        </media:content>
                                                </item>
                    <item>
                <guid>https://www.lefigaro.fr/conjoncture/arnaques-bientot-un-fichier-national-des-iban-frauduleux-pour-bloquer-les-paiements-20250211</guid>
                <title>Arnaques : bientôt un fichier national des IBAN «frauduleux» pour bloquer les paiements ?</title>
                                <link>https://www.lefigaro.fr/conjoncture/arnaques-bientot-un-fichier-national-des-iban-frauduleux-pour-bloquer-les-paiements-20250211</link>
                                    <description>Une vingtaine de députés a déposé une proposition de loi pour renforcer la lutte contre la fraude bancaire, notamment les arnaques au faux IBAN mais aussi aux paiements par chèques frauduleux.</description>
                                <category>Conjoncture</category>
                <pubDate>Tue, 11 Feb 2025 15:57:43 +0100</pubDate>

                                                            <media:content url="https://i.f1g.fr/media/cms/2999x1687_crop/2025/02/11/6fb968aeb74dd78ca0d8f21e5558858503337bdde89e8d7d19fd0396e3109622.jpg" width="2999" height="1687">
                            <media:description type="plain">La fraude aux moyens de paiement a coûté près de 1,2 milliard d’euros en 2023. (Photo d’illustration)</media:description>
                            <media:credit>terovesalainen / stock.adobe.com</media:credit>
                        </media:content>
                                                </item>
                    <item>
                <guid>https://www.lefigaro.fr/lyon/elle-n-a-pas-trouve-son-public-a-lyon-les-pompes-funebres-revoient-leur-offre-d-obseques-ecologiques-faute-de-succes-20250211</guid>
                <title>«Elle n’a pas trouvé son public» : à Lyon, les pompes funèbres revoient leur offre d’obsèques écologiques faute de succès</title>
                                <link>https://www.lefigaro.fr/lyon/elle-n-a-pas-trouve-son-public-a-lyon-les-pompes-funebres-revoient-leur-offre-d-obseques-ecologiques-faute-de-succes-20250211</link>
                                    <description>Le pôle funéraire public de la métropole de Lyon a décidé de geler ses tarifs en 2025, mais également de repenser sa stratégie pour «inscrire les pompes funèbres dans leur époque, celle de la transition écologique».</description>
                                <category>Lyon</category>
                <pubDate>Tue, 11 Feb 2025 15:38:07 +0100</pubDate>

                                                            <media:content url="https://i.f1g.fr/media/cms/3000x2000_crop/2025/02/11/5524258888152ae90e2393d1645f19c498adbfca51fce6bcdbf9d2cad111de13.jpg" width="3000" height="2000">
                            <media:description type="plain">Selon le pôle funéraire public, son offre «Naturalis» présente un bilan carbone de 145 kg/CO2 par funérailles, contre 443 kg/CO2 par funérailles pour une crémation et 818 kg/CO2 par funérailles pour une inhumation en pleine terre avec monument.</media:description>
                            <media:credit>JEFF PACHOUD / AFP</media:credit>
                        </media:content>
                                                </item>
                    <item>
                <guid>https://www.lefigaro.fr/flash-actu/diffamation-a-propos-du-genocide-au-rwanda-hubert-vedrine-qui-avait-perdu-un-proces-retire-son-appel-20250211</guid>
                <title>Diffamation à propos du génocide au Rwanda : Hubert Védrine, qui avait perdu un procès, retire son appel</title>
                                <link>https://www.lefigaro.fr/flash-actu/diffamation-a-propos-du-genocide-au-rwanda-hubert-vedrine-qui-avait-perdu-un-proces-retire-son-appel-20250211</link>
                                    <description></description>
                                <category>Flash Actu</category>
                <pubDate>Tue, 11 Feb 2025 15:37:15 +0100</pubDate>

                                                            <media:content url="https://i.f1g.fr/media/cms/3000x2000_crop/2025/02/11/f20d2709b8359d21ae64345fe455fb41dace67e1823772611deb660ed17ead56.jpg" width="3000" height="2000">
                            <media:description type="plain">Hubert Védrine à Paris, le 11 avril 2022.</media:description>
                            <media:credit>Joël SAGET / AFP</media:credit>
                        </media:content>
                                                </item>
                    <item>
                <guid>https://www.lefigaro.fr/secteur/high-tech/pas-forcement-une-bonne-idee-au-sommet-de-paris-sur-l-ia-l-hypothese-d-un-rachat-par-elon-musk-d-openai-intrigue-20250211</guid>
                <title>«Pas forcément une bonne idée» : au sommet de Paris sur l’IA, l’hypothèse d’un rachat par Elon Musk d’OpenAI intrigue</title>
                                <link>https://www.lefigaro.fr/secteur/high-tech/pas-forcement-une-bonne-idee-au-sommet-de-paris-sur-l-ia-l-hypothese-d-un-rachat-par-elon-musk-d-openai-intrigue-20250211</link>
                                    <description>Le milliardaire a annoncé lundi son souhait de racheter la start-up de Sam Altman, derrière ChatGPT. Si, pour l’heure, le créateur s’y oppose, les entrepreneurs présents au sommet de l’IA restent prudents.</description>
                                <category>Tech &amp; Web</category>
                <pubDate>Tue, 11 Feb 2025 15:34:31 +0100</pubDate>

                                                            <media:content url="https://i.f1g.fr/media/cms/2861x1907_crop/2025/02/11/c7a85549fe7271ed8ae87b781dfaaa9a0a691a61ab59d462d9b9ed0ef505a698.jpg" width="2861" height="1907">
                            <media:description type="plain">Elon Musk.</media:description>
                            <media:credit>Chip Somodevilla / REUTERS</media:credit>
                        </media:content>
                                                </item>
                    <item>
                <guid>https://www.lefigaro.fr/culture/je-dors-sur-un-banc-en-attendant-d-etre-expulse-ai-weiwei-interdit-d-entree-en-suisse-20250211</guid>
                <title>« Je dors sur un banc en attendant d’être expulsé » : Ai Weiwei interdit d'entrée en Suisse</title>
                                <link>https://www.lefigaro.fr/culture/je-dors-sur-un-banc-en-attendant-d-etre-expulse-ai-weiwei-interdit-d-entree-en-suisse-20250211</link>
                                    <description>Pourfendeur du régime de Pékin, le plasticien qui réside au Portugal a été refoulé par la douane de l’aéroport de Zurich. Il ne dispose pas des documents nécessaires à son entrée dans l’espace Schengen, explique la police.</description>
                                <category>Culture</category>
                <pubDate>Tue, 11 Feb 2025 16:01:36 +0100</pubDate>

                                                            <media:content url="https://i.f1g.fr/media/cms/orig/2025/02/11/75e3c17e1d6f2e9fbd10952d9403560d067e09d0911f4f4200652e82951f3709.jpg" width="3000" height="1687">
                            <media:description type="plain">Ai Weiwei (ici en 2023) devait être renvoyé au Royaume-Uni mardi matin, après avoir été interdit d’entrer en Suisse.</media:description>
                            <media:credit>NOAM GALAI / Getty Images via AFP</media:credit>
                        </media:content>
                                                </item>
                    <item>
                <guid>https://www.lefigaro.fr/actualite-france/predateurs-classes-nuisibles-le-conseil-d-etat-deboute-les-chasseurs-20250211</guid>
                <title>Prédateurs classés «nuisibles»: le Conseil d’État déboute les chasseurs</title>
                                <link>https://www.lefigaro.fr/actualite-france/predateurs-classes-nuisibles-le-conseil-d-etat-deboute-les-chasseurs-20250211</link>
                                    <description>La plus haute juridiction administrative a rejeté les requêtes de huit fédérations départementales de chasseurs qui considéraient que la liste des espèces classées «nuisibles» dans leur département était insuffisante.</description>
                                <category>Société</category>
                <pubDate>Tue, 11 Feb 2025 15:36:34 +0100</pubDate>

                                                            <media:content url="https://i.f1g.fr/media/cms/3000x2001_crop/2025/02/11/20c2784707c9f38f08f4e3281cc5140ab28637493e42b5cd56102cd7740f053e.jpg" width="3000" height="2001">
                            <media:description type="plain">Des chasseurs en plaine</media:description>
                            <media:credit>shocky / stock.adobe.com</media:credit>
                        </media:content>
                                                </item>
                    <item>
                <guid>https://www.lefigaro.fr/international/equateur-le-president-noboa-denonce-des-irregularites-au-premier-tour-de-la-presidentielle-20250211</guid>
                <title>Équateur : le président Noboa dénonce des «irrégularités» au premier tour de la présidentielle</title>
                                <link>https://www.lefigaro.fr/international/equateur-le-president-noboa-denonce-des-irregularites-au-premier-tour-de-la-presidentielle-20250211</link>
                                    <description>«Il y a eu de très nombreuses irrégularités, et nous sommes encore en train de compter», a affirmé le président Noboa à la radio Centro de Guayaquil.</description>
                                <category>International</category>
                <pubDate>Tue, 11 Feb 2025 16:00:46 +0100</pubDate>

                                                            <media:content url="https://i.f1g.fr/media/cms/3000x1795_crop/2025/02/11/caf571e9f08217cf5a13ab8debc6d0597bd28f53e64494053e1773b4a8c30ffb.jpg" width="3000" height="1795">
                            <media:description type="plain">Le président équatorien sortant Daniel Noboa, à Quito, le 5 janvier 2025.</media:description>
                            <media:credit>Galo PAGUAY / AFP</media:credit>
                        </media:content>
                                                </item>
                    <item>
                <guid>https://www.lefigaro.fr/international/rdc-de-nouveaux-affrontements-en-cours-dans-l-est-du-pays-20250211</guid>
                <title>RDC : de nouveaux affrontements en cours dans l’est du pays</title>
                                <link>https://www.lefigaro.fr/international/rdc-de-nouveaux-affrontements-en-cours-dans-l-est-du-pays-20250211</link>
                                    <description>Les combattants du groupe armé antigouvernemental M23 et les soldats rwandais ont attaqué à l’aube des positions de l’armée congolaise (FARDC) près d’Ihusi, selon des sources sécuritaires et locales.</description>
                                <category>International</category>
                <pubDate>Tue, 11 Feb 2025 15:24:09 +0100</pubDate>

                                                            <media:content url="https://i.f1g.fr/media/cms/3000x2000_crop/2025/02/11/1cd5d1c54273044323ddbfd5fae190bf218b441155b9a9a16bc571fb729420d6.jpg" width="3000" height="2000">
                            <media:description type="plain">Des soldats du M23 à Goma, le 6 février 2025. </media:description>
                            <media:credit>Alexis HUGUET / AFP</media:credit>
                        </media:content>
                                                </item>
                    <item>
                <guid>https://www.lefigaro.fr/politique/mariage-refuse-a-beziers-robert-menard-s-oppose-a-une-sanction-autre-que-symbolique-20250211</guid>
                <title>Mariage refusé à Béziers : Robert Ménard s'oppose à une sanction autre que symbolique</title>
                                <link>https://www.lefigaro.fr/politique/mariage-refuse-a-beziers-robert-menard-s-oppose-a-une-sanction-autre-que-symbolique-20250211</link>
                                    <description>Le maire de Béziers, qui encourt 5 ans de prison, une amende de 75.000 euros et une peine d’inéligibilité, doit être informé de la sanction proposée par le parquet dont il n’a, à ce stade, «aucune idée».</description>
                                <category>Politique</category>
                <pubDate>Tue, 11 Feb 2025 15:44:41 +0100</pubDate>

                                                            <media:content url="https://i.f1g.fr/media/cms/orig/2025/02/11/439f1bd869f27ed82713c637f2e36bfd9aa6abc80e904ca8147e9ee96cc37b30.jpg" width="3000" height="2000">
                            <media:description type="plain">Robert Ménard, le maire de Béziers, à Paris le 27 janvier 2021.</media:description>
                            <media:credit>François Bouchon / Le Figaro</media:credit>
                        </media:content>
                                                </item>
                    <item>
                <guid>https://www.lefigaro.fr/actualite-france/enfants-et-ecrans-la-ministre-de-la-sante-reste-prudente-a-propos-de-mesures-d-interdiction-20250211</guid>
                <title>Enfants et écrans : Catherine Vautrin reste prudente à propos de mesures d'interdiction</title>
                                <link>https://www.lefigaro.fr/actualite-france/enfants-et-ecrans-la-ministre-de-la-sante-reste-prudente-a-propos-de-mesures-d-interdiction-20250211</link>
                                    <description>«L’interdiction complète est toujours très difficile», a admis la ministre de la Santé à l’issue d’une rencontre avec des chercheurs et des soignants de l’hôpital parisien Robert-Debré.</description>
                                <category>Société</category>
                <pubDate>Tue, 11 Feb 2025 15:00:32 +0100</pubDate>

                                                            <media:content url="https://i.f1g.fr/media/cms/3000x2001_crop/2025/02/11/c6c97c2abba1aded8d35d5cf32008a2e1a24f5c7811e31263298c0d86d041269.jpg" width="3000" height="2001">
                            <media:description type="plain">La ministre de la Santé Catherine Vautrin à l’Assemblée nationale à Paris, le 4 février 2025. </media:description>
                            <media:credit>Benoît TESSIER / REUTERS</media:credit>
                        </media:content>
                                                </item>
                    <item>
                <guid>https://www.lefigaro.fr/sommet-sur-l-ia-des-militants-ecologistes-s-attaquent-au-siege-social-de-tesla-a-saint-ouen-20250211</guid>
                <title>Sommet sur l’IA: des militants écologistes s’attaquent au siège social de Tesla</title>
                                <link>https://www.lefigaro.fr/sommet-sur-l-ia-des-militants-ecologistes-s-attaquent-au-siege-social-de-tesla-a-saint-ouen-20250211</link>
                                    <description>Une poignée de militants écologistes ont saccagé la vitrine du siège français de Tesla pour dénoncer l’invitation au sommet de l’IA faite au «fasciste» Elon Musk.</description>
                                <category>Société</category>
                <pubDate>Tue, 11 Feb 2025 15:13:27 +0100</pubDate>

                                                            <media:content url="https://i.f1g.fr/media/cms/orig/2025/02/11/f90e47c0e2d49bd1127d8609ba35237cfdd832c949cbd3493f6cb9b40d1552af.jpg" width="1920" height="1080">
                            <media:description type="plain">Une dizaine de militants écologistes saccagent le siège français de Tesla</media:description>
                            <media:credit>Figaro Live</media:credit>
                        </media:content>
                                                </item>
                    <item>
                <guid>https://www.lefigaro.fr/flash-actu/suede-une-femme-condamnee-a-12-ans-de-prison-pour-l-esclavage-de-yazidis-en-syrie-20250211</guid>
                <title>Suède : une femme condamnée à 12 ans de prison pour l'esclavage de Yazidis en Syrie</title>
                                <link>https://www.lefigaro.fr/flash-actu/suede-une-femme-condamnee-a-12-ans-de-prison-pour-l-esclavage-de-yazidis-en-syrie-20250211</link>
                                    <description></description>
                                <category>Flash Actu</category>
                <pubDate>Tue, 11 Feb 2025 15:55:41 +0100</pubDate>

                                                            <media:content url="https://i.f1g.fr/media/cms/orig/2025/02/11/4be057f0a38e468d6d55f60a55f24d7055082264077a562587d54b80b479be76.JPG" width="3000" height="1971">
                            <media:description type="plain">Des Yazidis irakiens se rassemblent au temple de Lalish, dans une vallée près de la ville kurde de Dohuk, le 16 avril 2024. </media:description>
                            <media:credit>Safin HAMID / AFP</media:credit>
                        </media:content>
                                                </item>
                    <item>
                <guid>https://www.lefigaro.fr/bordeaux/corps-decouvert-enterre-dans-un-jardin-en-gironde-le-fils-de-la-victime-place-en-detention-provisoire-20250211</guid>
                <title>Corps découvert enterré dans un jardin en Gironde : le fils de la victime placé en détention provisoire</title>
                                <link>https://www.lefigaro.fr/bordeaux/corps-decouvert-enterre-dans-un-jardin-en-gironde-le-fils-de-la-victime-place-en-detention-provisoire-20250211</link>
                                    <description>Le corps d’un homme de 47 ans avait été retrouvé dans le jardin d’une maison le 9 janvier dernier, à Coutras, près de Libourne, en Gironde.</description>
                                <category>Bordeaux</category>
                <pubDate>Tue, 11 Feb 2025 15:08:05 +0100</pubDate>

                                                            <media:content url="https://i.f1g.fr/media/cms/orig/2025/02/11/cffdd4474d75cf79557b8fbe517c12b1c2bb7ef4cfb807c7f05e3178b17514ae.jpg" width="3000" height="2250">
                            <media:description type="plain">Le fils du défunt et un de ses amis ont été retrouvés près de Coutras.</media:description>
                            <media:credit>Marie-Hélène Hérouart</media:credit>
                        </media:content>
                                                </item>
            </channel>
</rss>
