<?xml version="1.0" encoding="UTF-8"?>
<rss version="2.0" xmlns:atom="http://www.w3.org/2005/Atom" xmlns:media="http://search.yahoo.com/mrss/">
    <channel>
        <atom:link href="https://www.lefigaro.fr/rss/figaro_international.xml" rel="self" type="application/rss+xml"/>
        <category>International</category>
        <title>Le Figaro - International : Actualité internationale en direct</title>
        <description>International : Retrouvez toute l&#039;actualité internationale, le ministère des affaires étrangères, la politique étrangère sur Le Figaro</description>
        <link>http://www.lefigaro.fr</link>
        <language>fr</language>
        <copyright>Droits de reproduction et de diffusion réservés LeFigaro.fr</copyright>
        <lastBuildDate>Tue, 11 Feb 2025 16:43:24 +0100</lastBuildDate>
        <docs>https://www.lefigaro.fr/rss</docs>
        <image>
            <title>Le Figaro - International : Actualité internationale en direct</title>
            <url>https://static.lefigaro.fr/common/logos/logo-150x150.png</url>
            <link>http://www.lefigaro.fr</link>
            <description>International : Retrouvez toute l&#039;actualité internationale, le ministère des affaires étrangères, la politique étrangère sur Le Figaro</description>
        </image>

                    <item>
                <guid>https://www.lefigaro.fr/international/inonder-la-zone-chez-donald-trump-une-hyperactivite-antiwoke-pour-deboussoler-l-opposition-20250211</guid>
                <title>«Inonder la zone» : chez Donald Trump, une hyperactivité antiwoke pour déboussoler l’opposition</title>
                                <link>https://www.lefigaro.fr/international/inonder-la-zone-chez-donald-trump-une-hyperactivite-antiwoke-pour-deboussoler-l-opposition-20250211</link>
                                    <description>DÉCRYPTAGE - Donald Trump et son équipe saturent de messages et d’initiatives les médias et l’opposition, dans l’incapacité de répondre et d’éteindre les polémiques déclenchées.</description>
                                <category>International</category>
                <pubDate>Tue, 11 Feb 2025 16:02:16 +0100</pubDate>

                                                            <media:content url="https://i.f1g.fr/media/cms/3000x1687_crop/2025/02/11/9f6766282c915499dcb221b6e199e59737229f83556f924185dd996804062198.jpg" width="3000" height="1687">
                            <media:description type="plain">Depuis sa prise de fonction le 20 janvier dernier, Donald Trump a signé de nombreux décrets sur de sujets très divers.</media:description>
                            <media:credit>ANDREW CABALLERO-REYNOLDS / AFP</media:credit>
                        </media:content>
                                                </item>
                    <item>
                <guid>https://www.lefigaro.fr/international/etats-unis-un-groupe-conservateur-publie-une-liste-de-fonctionnaires-federaux-accuses-d-etre-wokes-20250210</guid>
                <title>États-Unis : un groupe conservateur publie une liste de fonctionnaires fédéraux accusés d’être «wokes»</title>
                                <link>https://www.lefigaro.fr/international/etats-unis-un-groupe-conservateur-publie-une-liste-de-fonctionnaires-federaux-accuses-d-etre-wokes-20250210</link>
                                    <description>L’organisation à but non lucratif, American Accountability Foundation, exhorte Donald Trump à les licencier en raison de leurs critiques à son égard ou de leur soutien financier à des causes du Parti démocrate.</description>
                                <category>International</category>
                <pubDate>Mon, 10 Feb 2025 20:41:22 +0100</pubDate>

                                                            <media:content url="https://i.f1g.fr/media/cms/3000x2089_crop/2025/02/10/26c5b8bdcd0f4d2959293a42c3d22992dba26993be44dbe4d9e3d9f54b19257b.jpg" width="3000" height="2089">
                            <media:description type="plain">Des travailleurs fédéraux qui manifestent à Washington, DC, le 7 février 2025.</media:description>
                            <media:credit>KAYLA BARTKOWSKI / Getty Images via AFP</media:credit>
                        </media:content>
                                                </item>
                    <item>
                <guid>https://www.lefigaro.fr/international/comment-l-otan-veut-gagner-la-course-de-l-ia-20250210</guid>
                <title>Comment l’Otan veut gagner la course de l’IA</title>
                                <link>https://www.lefigaro.fr/international/comment-l-otan-veut-gagner-la-course-de-l-ia-20250210</link>
                                    <description>DÉCRYPTAGE - L’analyse des données par l’intelligence artificielle se trouvera notamment au centre de la mission de surveillance des infrastructures critiques sous-marines en mer Baltique.</description>
                                <category>International</category>
                <pubDate>Mon, 10 Feb 2025 19:21:36 +0100</pubDate>

                                                            <media:content url="https://i.f1g.fr/media/cms/3000x2000_crop/2025/02/10/e6a7b415917b120d224ecd574242cf56c64f4ac0029df26e38dce45d175fc85d.jpg" width="3000" height="2000">
                            <media:description type="plain">«L’IA ne résoudra pas tous les problèmes», prévient l’amiral Pierre Vandier, à la tête du commandement allié pour la transformation (ACT).</media:description>
                            <media:credit>STIAN LYSBERG SOLUM / NTB via AFP</media:credit>
                        </media:content>
                                                </item>
                    <item>
                <guid>https://www.lefigaro.fr/international/republique-democratique-du-congo-a-goma-les-rebelles-du-m23-imposent-leur-loi-20250210</guid>
                <title>République démocratique du Congo: à Goma, les rebelles du M23 imposent leur loi</title>
                                <link>https://www.lefigaro.fr/international/republique-democratique-du-congo-a-goma-les-rebelles-du-m23-imposent-leur-loi-20250210</link>
                                    <description>REPORTAGE - Dans l’est du pays, dix jours après avoir pris le contrôle de Goma dévastée par des décennies de guerre, le mouvement soutenu par le Rwanda réorganise la ville à sa manière.</description>
                                <category>International</category>
                <pubDate>Tue, 11 Feb 2025 09:37:56 +0100</pubDate>

                                                            <media:content url="https://i.f1g.fr/media/cms/2463x1385_crop/2025/02/10/61b0280a9569e0984954a6032c3a8d794c1d4725b39219a5a9846cee15ed6f5f.jpg" width="2463" height="1385">
                            <media:description type="plain">Le long de l'aéroport de Goma, qui a été le témoin de nombreux affrontements, les traces des combats sont encore visible. Goma, Rdc, le 7 février 2025.</media:description>
                            <media:credit>© Paloma Laudet / Collectif Ite pour Le Figaro</media:credit>
                        </media:content>
                                                </item>
                    <item>
                <guid>https://www.lefigaro.fr/international/une-grave-entrave-a-la-liberte-d-expression-la-police-israelienne-cible-deux-librairies-de-jerusalem-est-20250210</guid>
                <title>«Une grave entrave à la liberté d’expression»: la police israélienne cible deux librairies de Jérusalem-Est</title>
                                <link>https://www.lefigaro.fr/international/une-grave-entrave-a-la-liberte-d-expression-la-police-israelienne-cible-deux-librairies-de-jerusalem-est-20250210</link>
                                    <description>REPORTAGE - Munis d’un mandat, des officiers ont saisi une centaine de livres contenant des références à la Palestine. Les deux gérants de cette boutique, une institution culturelle dans la partie arabe de la ville, ont été incarcérés.</description>
                                <category>International</category>
                <pubDate>Tue, 11 Feb 2025 15:24:47 +0100</pubDate>

                                                            <media:content url="https://i.f1g.fr/media/cms/3000x1687_crop/2025/02/10/3d50dc34667945f0e15b8b99034f03d30ef0be2f9d38cc594bad04f4e001c470.jpg" width="3000" height="1687">
                            <media:description type="plain">Mourad Muna est venu ouvrir la librairie lundi. Ses cousins libraires ont été incarcérés, soupçonnés de « trouble à l’ordre public. » La police a saisi une centaine de livres, dont un album de coloriage pour enfants.</media:description>
                            <media:credit>GD</media:credit>
                        </media:content>
                                                </item>
                    <item>
                <guid>https://www.lefigaro.fr/international/la-france-et-l-europe-dans-le-chaos-trumpien-20250210</guid>
                <title>La France et l’Europe dans le chaos trumpien</title>
                                <link>https://www.lefigaro.fr/international/la-france-et-l-europe-dans-le-chaos-trumpien-20250210</link>
                                    <description>ANALYSE - Face aux décisions disruptives de Donald Trump, les Européens peinent à développer des initiatives pour apaiser les grandes crises mondiales.</description>
                                <category>International</category>
                <pubDate>Mon, 10 Feb 2025 18:22:53 +0100</pubDate>

                                                            <media:content url="https://i.f1g.fr/media/cms/3000x1687_crop/2025/02/10/efd583a98db0cd8f1cc5371e15383ef3d3da46b8aefb0cf41872a9425d138d2d.jpg" width="3000" height="1687">
                            <media:description type="plain">Depuis son retour à la Maison-Blanche, Donald Trump fait voler en éclats les règles précédemment instaurées.                                                         </media:description>
                            <media:credit>ANDREW HARNIK / Getty Images via AFP</media:credit>
                        </media:content>
                                                </item>
                    <item>
                <guid>https://www.lefigaro.fr/international/au-royaume-uni-le-gouvernement-travailliste-durcit-le-ton-sur-l-immigration-illegale-20250210</guid>
                <title>Au Royaume-Uni, le gouvernement travailliste durcit le ton sur l’immigration illégale</title>
                                <link>https://www.lefigaro.fr/international/au-royaume-uni-le-gouvernement-travailliste-durcit-le-ton-sur-l-immigration-illegale-20250210</link>
                                    <description>DÉCRYPTAGE - Alors que le parti anti-immigration Reform UK de Nigel Farage a le vent en poupe, le Labour annonce une offensive contre les migrants et les travailleurs clandestins.</description>
                                <category>International</category>
                <pubDate>Mon, 10 Feb 2025 18:10:17 +0100</pubDate>

                                                            <media:content url="https://i.f1g.fr/media/cms/3000x2001_crop/2025/02/10/52857c3236c9e6ae1b7a473ec63d1697bbd0a54e37fbde6f34066cc16736348c.jpg" width="3000" height="2001">
                            <media:description type="plain">La ministre britannique de l’Intérieur, Yvette Cooper, à la Chambre des communes. Londres, le 16 janvier 2025.</media:description>
                            <media:credit>© House of Commons / via REUTERS</media:credit>
                        </media:content>
                                                </item>
                    <item>
                <guid>https://www.lefigaro.fr/international/le-m23-groupe-arme-soutenu-par-kigali-entretient-le-flou-sur-ses-intentions-20250210</guid>
                <title>République démocratique du Congo : le M23, groupe armé soutenu par Kigali, entretient le flou sur ses intentions</title>
                                <link>https://www.lefigaro.fr/international/le-m23-groupe-arme-soutenu-par-kigali-entretient-le-flou-sur-ses-intentions-20250210</link>
                                    <description>Le mouvement du 23 mars progresse en direction du Sud-Kivu tandis que les dirigeants de la RDC demandent la rétrocession de Goma et la condamnation du Rwanda.</description>
                                <category>International</category>
                <pubDate>Mon, 10 Feb 2025 17:28:55 +0100</pubDate>

                                                            <media:content url="https://i.f1g.fr/media/cms/3000x1687_crop/2025/02/10/7f25487f61b549aab8247951136361ccb6ccae36814db3940a54ae239823990e.jpg" width="3000" height="1687">
                            <media:description type="plain">Corneille Nangaa (à droite), chef de l’Alliance fleuve Congo, branche politique du M23, dans la ville de Goma le 1er février 2025. </media:description>
                            <media:credit>TONY KARUMBA / AFP</media:credit>
                        </media:content>
                                                </item>
                    <item>
                <guid>https://www.lefigaro.fr/international/en-turquie-erdogan-reprime-l-opposition-pour-mieux-diviser-20250210</guid>
                <title>En Turquie, Erdogan réprime l’opposition pour mieux diviser</title>
                                <link>https://www.lefigaro.fr/international/en-turquie-erdogan-reprime-l-opposition-pour-mieux-diviser-20250210</link>
                                    <description>Les enquêtes et arrestations se multiplient visant surtout le CHP, premier parti d’opposition alors que le pouvoir tend la main aux Kurdes.</description>
                                <category>International</category>
                <pubDate>Mon, 10 Feb 2025 16:38:20 +0100</pubDate>

                                                            <media:content url="https://i.f1g.fr/media/cms/3000x1687_crop/2025/02/10/98616fcfd3616be4b070fda4595cc80ccb0d991eff12f93f494d4a8365b66fab.jpg" width="3000" height="1687">
                            <media:description type="plain">Le maire d’Istanbul et élu du CHP, Ekrem Imamoglu, est le premier opposant du président Recep Tayyip Erdogan. </media:description>
                            <media:credit>Dilara Senkaya / REUTERS</media:credit>
                        </media:content>
                                                </item>
                    <item>
                <guid>https://www.lefigaro.fr/international/barbara-jatta-directrice-des-musees-du-vatican-le-public-s-est-elargi-au-monde-entier-20250210</guid>
                <title>Barbara Jatta, directrice des Musées du Vatican : «Le public s’est élargi au monde entier»</title>
                                <link>https://www.lefigaro.fr/international/barbara-jatta-directrice-des-musees-du-vatican-le-public-s-est-elargi-au-monde-entier-20250210</link>
                                    <description>VU D’AILLEURS - Après l’affaire du Louvre, la directrice de l’institution la plus visitée au monde juste après le colosse parisien s’exprime. Entre chantiers, restaurations et nouveaux flux de visiteurs à gérer en cette année de Jubilé, voici les règles à respecter pour venir admirer les chefs-d’œuvre des lieux (avec la foule des pèlerins).</description>
                                <category>International</category>
                <pubDate>Mon, 10 Feb 2025 15:58:59 +0100</pubDate>

                                                            <media:content url="https://i.f1g.fr/media/cms/1279x719_crop/2025/02/10/193ad1ee799067b3c874727de74bbb3987e683e1d3b6bedb72c5c4823ecaeb32.jpg" width="1279" height="719">
                            <media:description type="plain">La directrice des Musées du Vatican souhaite que cette institution du patrimoine romain tire partie du surtourisme qui touche les musées européens.</media:description>
                            <media:credit>Vandeville Eric/ABACA / Vandeville Eric</media:credit>
                        </media:content>
                                                </item>
                    <item>
                <guid>https://www.lefigaro.fr/secteur/high-tech/comment-en-deux-decisions-donald-trump-a-change-la-donne-mondiale-dans-l-ia-20250210</guid>
                <title>Comment, en deux décisions, Donald Trump a changé la donne mondiale dans l’IA</title>
                                <link>https://www.lefigaro.fr/secteur/high-tech/comment-en-deux-decisions-donald-trump-a-change-la-donne-mondiale-dans-l-ia-20250210</link>
                                    <description>DÉCRYPTAGE - Investissement pharaonique d’un côté, dérégulation de l’autre, le président américain compte bien asseoir l’hégémonie des États-Unis dans ce domaine.</description>
                                <category>Tech &amp; Web</category>
                <pubDate>Mon, 10 Feb 2025 15:10:50 +0100</pubDate>

                                                            <media:content url="https://i.f1g.fr/media/cms/2850x1603_crop/2025/02/10/6e48fc76a578f96dacee8beaa95a7c2fe4186c66120da7b2e5996e5663b4da08.jpg" width="2850" height="1603">
                            <media:description type="plain">Donald Trump lors de son discours sur l’infrastructure de l’IA, à la Maison-Blanche, le 21 janvier. À ses côtés (de gauche à droite), le PDG de SoftBank, Masayoshi Son, le cofondateur d’Oracle, Larry Ellison, et le PDG d’OpenAI, Sam Altman.</media:description>
                            <media:credit>Carlos Barria/REUTERS</media:credit>
                        </media:content>
                                                </item>
                    <item>
                <guid>https://www.lefigaro.fr/international/royaume-uni-keir-starmer-se-teste-contre-le-vih-en-public-une-premiere-pour-un-dirigeant-du-g7-20250210</guid>
                <title>Royaume-Uni : Keir Starmer se teste contre le VIH en public, une première pour un dirigeant du G7</title>
                                <link>https://www.lefigaro.fr/international/royaume-uni-keir-starmer-se-teste-contre-le-vih-en-public-une-premiere-pour-un-dirigeant-du-g7-20250210</link>
                                    <description>Le premier ministre britannique montre l’exemple en se dépistant lui-même après s’être engagé à mettre fin aux nouvelles transmissions du virus en Angleterre d’ici 2030.</description>
                                <category>International</category>
                <pubDate>Mon, 10 Feb 2025 15:06:40 +0100</pubDate>

                                                            <media:content url="https://i.f1g.fr/media/cms/3000x1687_crop/2025/02/10/11eac08163bd69884dd072dea5e9b9231a43033b40cba906fb9c513834d41011.jpg" width="3000" height="1687">
                            <media:description type="plain">Keir Starmer réalise un test de dépistage du VIH au 10 Downing Street, à Londres au Royaume-Uni.</media:description>
                            <media:credit>Lucy North / REUTERS</media:credit>
                        </media:content>
                                                </item>
                    <item>
                <guid>https://www.lefigaro.fr/international/bresil-les-transgenres-en-campagne-20250210</guid>
                <title>Brésil : les transgenres en campagne</title>
                                <link>https://www.lefigaro.fr/international/bresil-les-transgenres-en-campagne-20250210</link>
                                    <description>REPORTAGE - Alors que Donald Trump réaffirme qu’ «il y a deux genres seulement : homme et femme», la parlementaire transsexuelle Erika Hilton affiche ses ambitions politiques au Brésil. La communauté LGBT+ veut faire émerger une nouvelle société tandis que la droite bolsonariste dénonce «une petite minorité organisée».</description>
                                <category>International</category>
                <pubDate>Mon, 10 Feb 2025 13:11:03 +0100</pubDate>

                                                            <media:content url="https://i.f1g.fr/media/cms/1344x756_crop/2025/01/23/0ec3c28ab92e8bc6321edf0387a7ab71eef9793750054216bc3696e243c8a5e8.jpg" width="1344" height="756">
                            <media:description type="plain">Erika Hilton, 32 ans, devant le Congrès national de Brasília. Elle est la première députée trans de São Paulo.</media:description>
                            <media:credit>Éric Garault pour «Le Figaro Magazine»</media:credit>
                        </media:content>
                                                </item>
                    <item>
                <guid>https://www.lefigaro.fr/international/nomme-par-erreur-comment-le-nouveau-directeur-du-fbi-est-devenu-le-symbole-improbable-de-la-resistance-a-trump-20250210</guid>
                <title>Nommé par erreur, comment le nouveau directeur du FBI est devenu le «symbole improbable de la résistance» à Trump</title>
                                <link>https://www.lefigaro.fr/international/nomme-par-erreur-comment-le-nouveau-directeur-du-fbi-est-devenu-le-symbole-improbable-de-la-resistance-a-trump-20250210</link>
                                    <description>RÉCIT - L’expérimenté agent du FBI Brian Driscoll a été propulsé directeur par intérim de l’institution grâce à une erreur informatique. Il s’emploie désormais à protéger ses employés de la purge annoncée du Département de la Justice.</description>
                                <category>International</category>
                <pubDate>Mon, 10 Feb 2025 15:31:29 +0100</pubDate>

                                                            <media:content url="https://i.f1g.fr/media/cms/1279x719_crop/2025/02/10/ff25258b776a16dcd1920050606525cb2e06f912e70df347f0ca7e9e432beb4c.jpg" width="1279" height="719">
                            <media:description type="plain">Portrait officiel de Brian Driscoll.</media:description>
                            <media:credit>Federal Bureau of Investigation</media:credit>
                        </media:content>
                                                </item>
                    <item>
                <guid>https://www.lefigaro.fr/international/tout-ce-qu-on-peut-imaginer-en-matiere-d-intelligence-artificielle-va-se-produire-bertrand-rondepierre-ingenieur-de-l-ia-militaire-20250210</guid>
                <title>«Tout ce qu’on peut imaginer en matière d’intelligence artificielle va se produire»: Bertrand Rondepierre, ingénieur de l’IA militaire</title>
                                <link>https://www.lefigaro.fr/international/tout-ce-qu-on-peut-imaginer-en-matiere-d-intelligence-artificielle-va-se-produire-bertrand-rondepierre-ingenieur-de-l-ia-militaire-20250210</link>
                                    <description>PORTRAIT - Après avoir œuvré chez DeepMind, la filiale de Google spécialisée dans l’intelligence artificielle, le mathématicien a été nommé l’année dernière directeur de l’Amiad, l’agence française pour l’IA de défense.</description>
                                <category>International</category>
                <pubDate>Mon, 10 Feb 2025 15:20:19 +0100</pubDate>

                                                            <media:content url="https://i.f1g.fr/media/cms/3000x1989_crop/2025/02/09/05ae92498e8239c85f4134c10d187517fb6712ef57d4c04aa920c48fb5bf954d.jpg" width="3000" height="1989">
                            <media:description type="plain">Bertrand Rondepierre, patron de l’Agence ministérielle pour l’intelligence artificielle de défense, à Paris le 22 janvier 2025.</media:description>
                            <media:credit>SEBASTIEN SORIANO / Le Figaro</media:credit>
                        </media:content>
                                                </item>
                    <item>
                <guid>https://www.lefigaro.fr/international/allemagne-entre-olaf-scholz-et-friedrich-merz-un-duel-televise-sans-derapages-20250209</guid>
                <title>Allemagne : entre Olaf Scholz et Friedrich Merz, un duel télévisé sans dérapages</title>
                                <link>https://www.lefigaro.fr/international/allemagne-entre-olaf-scholz-et-friedrich-merz-un-duel-televise-sans-derapages-20250209</link>
                                    <description>L’immigration et l’économie ont dominé le débat entre le candidat social-démocrate et son adversaire conservateur.</description>
                                <category>International</category>
                <pubDate>Mon, 10 Feb 2025 11:32:52 +0100</pubDate>

                                                            <media:content url="https://i.f1g.fr/media/cms/3000x1862_crop/2025/02/09/dc1741e1e7018b54f9796bfd70c88e886b9c596cf742f8033417fa58b5d23ff8.jpg" width="3000" height="1862">
                            <media:description type="plain">Le chancelier Olaf Scholz (SPD) et son rival conservateur Friedrich Merz (CDU), dimanche, lors du premier débat télévisé avant le scrutin du 23 février.</media:description>
                            <media:credit>Michael Kappeler / REUTERS</media:credit>
                        </media:content>
                                                </item>
                    <item>
                <guid>https://www.lefigaro.fr/international/scandales-sexuels-crise-des-vocations-chute-des-pratiquants-l-eglise-d-angleterre-dans-la-tourmente-20250209</guid>
                <title>Scandales sexuels, crise des vocations, chute des pratiquants: l’Église d’Angleterre dans la tourmente</title>
                                <link>https://www.lefigaro.fr/international/scandales-sexuels-crise-des-vocations-chute-des-pratiquants-l-eglise-d-angleterre-dans-la-tourmente-20250209</link>
                                    <description>ENQUÊTE - Les démissions de l’archevêque de Canterbury et de l’évêque de Liverpool sur fond de scandale ont mis en lumière une crise historique. Profondément divisée entre progressistes et conservateurs, l’Église anglicane semble plus affaiblie que jamais.</description>
                                <category>International</category>
                <pubDate>Sun, 09 Feb 2025 22:09:41 +0100</pubDate>

                                                            <media:content url="https://i.f1g.fr/media/cms/3000x2000_crop/2025/02/09/3d9d2d36f4b4c74da6b3ba2469e8968c0bb2cb23809545b600ac2fa2ea4932ae.jpg" width="3000" height="2000">
                            <media:description type="plain">Début novembre 2024, un rapport accablant a scellé le sort de l’archevêque de Canterbury qui a dû démissionner (ci-dessus, lors de la dépose de sa crosse, le 6 janvier, dans la chapelle de Lambeth Palace, à Londres). Justin Welby aurait tardé à signaler aux autorités un agresseur en série.</media:description>
                            <media:credit>Neil Turner for Lambeth Palace / via REUTERS</media:credit>
                        </media:content>
                                                </item>
                    <item>
                <guid>https://www.lefigaro.fr/politique/a-madrid-les-droites-souverainistes-croient-a-un-moment-historique-20250209</guid>
                <title>À Madrid, les droites souverainistes croient à un «moment historique»</title>
                                <link>https://www.lefigaro.fr/politique/a-madrid-les-droites-souverainistes-croient-a-un-moment-historique-20250209</link>
                                    <description>DÉCRYPTAGE - Réunis dans la capitale espagnole, Marine Le Pen et ses alliés européens tablent sur des victoires aussi bien idéologiques qu’électorales.</description>
                                <category>Politique</category>
                <pubDate>Sun, 09 Feb 2025 19:21:55 +0100</pubDate>

                                                            <media:content url="https://i.f1g.fr/media/cms/3000x1687_crop/2025/02/09/5b9b017dd7a2ea48a25bffd124761d40742e0847d9862be389766f4792b599d1.jpg" width="3000" height="1687">
                            <media:description type="plain">Les chefs des droites nationalistes européennes réunis au sommet du groupe Patriotes pour l’Europe, à Madrid, en Espagne, le 8 février 2025.</media:description>
                            <media:credit>Ana Beltran / REUTERS</media:credit>
                        </media:content>
                                                </item>
                    <item>
                <guid>https://www.lefigaro.fr/international/les-etats-majors-militaires-dans-la-boucle-de-l-intelligence-artificielle-20250209</guid>
                <title>Les états-majors militaires dans la boucle de l’intelligence artificielle</title>
                                <link>https://www.lefigaro.fr/international/les-etats-majors-militaires-dans-la-boucle-de-l-intelligence-artificielle-20250209</link>
                                    <description>La vitesse de planification et de prise de décision sera un facteur essentiel de supériorité militaire.</description>
                                <category>International</category>
                <pubDate>Mon, 10 Feb 2025 10:22:13 +0100</pubDate>

                                                            <media:content url="https://i.f1g.fr/media/cms/1584x891_crop/2025/02/09/b0e796ee61008e797f6a7e4e1b720c57f90ceafc384bd955f6130b2b6c9a92ec.jpg" width="1584" height="891">
                            <media:description type="plain">Grâce aux outils d’intelligence artificielle, les systèmes de détection (ici, un détecteur anti sous-marins) se modernisent.</media:description>
                            <media:credit>©Jérôme Guégan/Marine Nation</media:credit>
                        </media:content>
                                                </item>
                    <item>
                <guid>https://www.lefigaro.fr/international/la-france-ne-peut-pas-passer-a-cote-de-cette-revolution-le-gratin-mondial-de-l-intelligence-artificielle-a-rendez-vous-a-paris-20250209</guid>
                <title>«La France ne peut pas passer à côté de cette révolution»: le gratin mondial de l’intelligence artificielle a rendez-vous à Paris</title>
                                <link>https://www.lefigaro.fr/international/la-france-ne-peut-pas-passer-a-cote-de-cette-revolution-le-gratin-mondial-de-l-intelligence-artificielle-a-rendez-vous-a-paris-20250209</link>
                                    <description>DÉCRYPTAGE - L’Europe voudrait rattraper son retard et s’imposer sur un marché dominé par les États-Unis et la Chine.</description>
                                <category>International</category>
                <pubDate>Mon, 10 Feb 2025 15:19:10 +0100</pubDate>

                                                            <media:content url="https://i.f1g.fr/media/cms/3000x1881_crop/2025/02/09/6131f659b7da98658b91757e5a34cb77cb4e361654d85d41c2f14fea68e8172a.jpg" width="3000" height="1881">
                            <media:description type="plain">Le sommet sur l’IA, coprésidé par la France et l’Inde, réunit au Grand Palais les 10 et 11 février une centaine de pays.</media:description>
                            <media:credit>tippapatt - stock.adobe.com</media:credit>
                        </media:content>
                                                </item>
            </channel>
</rss>
