<?xml version="1.0" encoding="UTF-8"?>
<rss version="2.0" xmlns:atom="http://www.w3.org/2005/Atom" xmlns:media="http://search.yahoo.com/mrss/">
    <channel>
        <atom:link href="https://www.lefigaro.fr/rss/figaro_politique_le-scan.xml" rel="self" type="application/rss+xml"/>
        <category>Le Scan Politique</category>
        <title>Le Figaro - Le Scan Politique : l&#039;actualité politique en temps réel</title>
        <description>Suivez en temps réel tous les sujets politiques traités par la rédaction et accédez à tous les contenus sur les coulisses, les témoignages, les briefs etc.</description>
        <link>http://www.lefigaro.fr</link>
        <language>fr</language>
        <copyright>Droits de reproduction et de diffusion réservés LeFigaro.fr</copyright>
        <lastBuildDate>Tue, 11 Feb 2025 16:41:00 +0100</lastBuildDate>
        <docs>https://www.lefigaro.fr/rss</docs>
        <image>
            <title>Le Figaro - Le Scan Politique : l&#039;actualité politique en temps réel</title>
            <url>https://static.lefigaro.fr/common/logos/logo-150x150.png</url>
            <link>http://www.lefigaro.fr</link>
            <description>Suivez en temps réel tous les sujets politiques traités par la rédaction et accédez à tous les contenus sur les coulisses, les témoignages, les briefs etc.</description>
        </image>

                    <item>
                <guid>https://www.lefigaro.fr/politique/le-scan/elections-europeennes-quels-sont-les-indicateurs-a-regarder-le-9-juin-20240605</guid>
                <title>Élections européennes : quels sont les indicateurs à regarder le 9 juin ?</title>
                                <link>https://www.lefigaro.fr/politique/le-scan/elections-europeennes-quels-sont-les-indicateurs-a-regarder-le-9-juin-20240605</link>
                                    <description>ANALYSE - Combien de listes, trois, cinq ou sept, obtiendront des élus ? La liste des macronistes sera-t-elle 2e ou 3e ? L&#039;écart entre le RN et les seconds sera-t-il historique ? Les clés pour comprendre le verdict de dimanche.</description>
                                <category>Scan Politique</category>
                <pubDate>Wed, 05 Jun 2024 09:00:00 +0200</pubDate>

                                                            <media:content url="https://i.f1g.fr/media/cms/2999x1686_crop/2024/06/04/7eea2f11c7ff4b9fb699d38163eae74991510ec2e5f11cd000659d1e3704d380.jpg" width="2999" height="1686">
                            <media:description type="plain">Comment comprendre les résultats de l'élection européenne de ce 9 juin 2024 ?</media:description>
                            <media:credit>Krakenimages.com - stock.adobe.com</media:credit>
                        </media:content>
                                                </item>
                    <item>
                <guid>https://www.lefigaro.fr/politique/le-scan/mandats-fonctions-popularite-quel-bilan-pour-valery-giscard-d-estaing-elu-president-il-y-a-50-ans-20240521</guid>
                <title>Mandats, fonctions, popularité: quel bilan pour Valéry Giscard d’Estaing, élu président il y a 50 ans?</title>
                                <link>https://www.lefigaro.fr/politique/le-scan/mandats-fonctions-popularite-quel-bilan-pour-valery-giscard-d-estaing-elu-president-il-y-a-50-ans-20240521</link>
                                    <description>Valéry Giscard d’Estaing fut élu président de la République le 19 mai 1974. Il siégea aussi à l’Assemblée nationale, au Parlement européen, à la région Auvergne ou à l’Académie française.</description>
                                <category>Scan Politique</category>
                <pubDate>Tue, 21 May 2024 18:59:30 +0200</pubDate>

                                                            <media:content url="https://i.f1g.fr/media/eidos/630x354_crop/2024/05/21/XVM1ff7b5e4-1778-11ef-880e-5cd531d94855.jpg" width="630" height="354">
                            <media:description type="plain">Valéry Giscard d’Estaing</media:description>
                            <media:credit>www.bridgemanimages.com/Bridgeman Images</media:credit>
                        </media:content>
                                                </item>
                    <item>
                <guid>https://www.lefigaro.fr/politique/le-scan/europeennes-la-liste-renaissance-peut-elle-compter-sur-la-resilience-d-un-electorat-attache-plus-que-d-autres-a-l-europe-20240424</guid>
                <title>Européennes : la liste Renaissance peut-elle compter sur la résilience d'un électorat attaché plus que d'autres à l'Europe ?</title>
                                <link>https://www.lefigaro.fr/politique/le-scan/europeennes-la-liste-renaissance-peut-elle-compter-sur-la-resilience-d-un-electorat-attache-plus-que-d-autres-a-l-europe-20240424</link>
                                    <description>DÉCRYPTAGE - Alors que la liste de Valérie Hayer est à la peine dans les sondages, Pascal Perrineau, professeur émérite des universités à Sciences Po, analyse les faiblesses et les résiliences électorales du macronisme.</description>
                                <category>Scan Politique</category>
                <pubDate>Wed, 24 Apr 2024 07:00:00 +0200</pubDate>

                                                            <media:content url="https://i.f1g.fr/media/cms/2850x1603_crop/2024/04/23/f3f6c3a6c9451bf1b226dd776edf57c249bbba5ed1465ab93ac842032642adfd.jpg" width="2850" height="1603">
                            <media:description type="plain">Le sentiment européen est très répandu dans un électorat âgé, de haut niveau d'études qui sont la clientèle favorite des forces politiques de la majorité macronienne.</media:description>
                            <media:credit>LUDOVIC MARIN / AFP</media:credit>
                        </media:content>
                                                </item>
                    <item>
                <guid>https://www.lefigaro.fr/politique/le-scan/proportionnelle-aux-legislatives-qu-aurait-donne-le-systeme-mixte-imagine-par-yael-braun-pivet-20240409</guid>
                <title>Proportionnelle aux législatives : qu'aurait donné le système mixte imaginé par Yaël Braun-Pivet ?</title>
                                <link>https://www.lefigaro.fr/politique/le-scan/proportionnelle-aux-legislatives-qu-aurait-donne-le-systeme-mixte-imagine-par-yael-braun-pivet-20240409</link>
                                    <description>DÉCRYPTAGE - Avec la proportionnelle dans les 18 départements élisant 10 députés ou plus, la majorité aurait compté 26 élus de moins, le RN, 14 de plus et LR, 12 de plus.</description>
                                <category>Scan Politique</category>
                <pubDate>Tue, 09 Apr 2024 18:41:33 +0200</pubDate>

                                                            <media:content url="https://i.f1g.fr/media/cms/2850x1603_crop/2024/04/09/ba54e41a01de1e4b24ed72eb17ee3080cb1dc9e324623e7982cd4b44ae25796b.jpg" width="2850" height="1603">
                            <media:description type="plain">«Avec la proportionnelle, l'Assemblée ressemblerait davantage aux Français», a déclaré Yaël Braun-Pivet au Figaro.</media:description>
                            <media:credit>Gonzalo Fuentes / REUTERS</media:credit>
                        </media:content>
                                                </item>
                    <item>
                <guid>https://www.lefigaro.fr/politique/le-scan/longevite-popularite-gouvernements-deplacements-quel-fut-le-bilan-politique-des-annees-pompidou-20240327</guid>
                <title>Longévité, popularité, gouvernements, déplacements : quel fut le bilan politique des années Pompidou ?</title>
                                <link>https://www.lefigaro.fr/politique/le-scan/longevite-popularite-gouvernements-deplacements-quel-fut-le-bilan-politique-des-annees-pompidou-20240327</link>
                                    <description>DÉCRYPTAGE - Disparu il y a cinquante ans, Georges Pompidou détient le record de longévité pour un premier ministre et le record de brièveté pour un président de la République</description>
                                <category>Scan Politique</category>
                <pubDate>Fri, 29 Mar 2024 16:36:50 +0100</pubDate>

                                                            <media:content url="https://i.f1g.fr/media/cms/2848x1602_crop/2024/03/26/bfbef8a4d9bff8d44fb572af6cbe4695989affe9413244fb1be139682b98e77b.jpg" width="2848" height="1602">
                            <media:description type="plain">Georges Pompidou durant une conférence de presse le 30 avril 1969.</media:description>
                            <media:credit>Bridgeman Images</media:credit>
                        </media:content>
                                                </item>
                    <item>
                <guid>https://www.lefigaro.fr/politique/le-scan/du-parti-democrate-populaire-pdp-au-modem-peut-on-parler-de-100-ans-de-democratie-chretienne-20240320</guid>
                <title>Du Parti démocrate populaire (PDP) au MoDem, peut-on parler de 100 ans de démocratie-chrétienne ?</title>
                                <link>https://www.lefigaro.fr/politique/le-scan/du-parti-democrate-populaire-pdp-au-modem-peut-on-parler-de-100-ans-de-democratie-chretienne-20240320</link>
                                    <description>DÉCRYPTAGE - À l&#039;occasion du congrès du MoDem, ce week-end à Blois, François Bayrou entend marquer le centenaire de la création du PDP, premier parti démocrate-chrétien.</description>
                                <category>Scan Politique</category>
                <pubDate>Wed, 20 Mar 2024 10:17:11 +0100</pubDate>

                                                            <media:content url="https://i.f1g.fr/media/cms/2847x1601_crop/2024/03/19/ea409613e07459a5f663f38a2f70f54aa55f413fea4047bc0a497d0185561838.jpg" width="2847" height="1601">
                            <media:description type="plain">François Bayrou, patron du MoDem, à Lille le 9 mars dernier.</media:description>
                            <media:credit>SAMEER AL-DOUMY / AFP</media:credit>
                        </media:content>
                                                </item>
                    <item>
                <guid>https://www.lefigaro.fr/politique/le-scan/qu-est-devenu-l-espace-electoral-et-politique-de-la-droite-de-gouvernement-20240313</guid>
                <title>Qu’est devenu l’espace électoral et politique de «la droite de gouvernement»?</title>
                                <link>https://www.lefigaro.fr/politique/le-scan/qu-est-devenu-l-espace-electoral-et-politique-de-la-droite-de-gouvernement-20240313</link>
                                    <description>DÉCRYPTAGE - Professeur émérite des universités à Sciences Po, ancien directeur du Cevipof, Pascal Perrineau analyse la nature du recul électoral de la droite «de gouvernement».</description>
                                <category>Scan Politique</category>
                <pubDate>Wed, 13 Mar 2024 06:00:11 +0100</pubDate>

                                                            <media:content url="https://i.f1g.fr/media/eidos/630x354_crop/2024/03/13/XVMebe11662-e075-11ee-b24c-c09437ab7101.jpg" width="630" height="354">
                            <media:description type="plain">François-Xavier Bellamy, Bruno Retailleau, Éric Ciotti, Gérard Larcher, François Baroin et Annie Gennevard lors d’une réunion en janvier 2023.</media:description>
                            <media:credit>EMMANUEL DUNAND/AFP</media:credit>
                        </media:content>
                                                </item>
                    <item>
                <guid>https://www.lefigaro.fr/politique/le-scan/sur-quoi-ont-porte-les-25-revisions-constitutionnelles-de-la-ve-republique-20240304</guid>
                <title>Sur quoi ont porté les 25 révisions constitutionnelles de la Ve République?</title>
                                <link>https://www.lefigaro.fr/politique/le-scan/sur-quoi-ont-porte-les-25-revisions-constitutionnelles-de-la-ve-republique-20240304</link>
                                    <description>DÉCRYPTAGE - L’inscription de la «liberté garantie» de l’avortement sera la première depuis 2008. Depuis 1958, seules deux réformes ont été adoptées par référendum.</description>
                                <category>Scan Politique</category>
                <pubDate>Mon, 04 Mar 2024 09:27:42 +0100</pubDate>

                                                            <media:content url="https://i.f1g.fr/media/eidos/630x354_crop/2024/03/04/XVM68975b70-d983-11ee-b43e-b71eaff0c0fb.jpg" width="630" height="354">
                            <media:description type="plain">Emmanuel Macron s’adresse aux députés et aux sénateurs lors du Congrès du 9 juillet 2018 à Versailles.</media:description>
                            <media:credit>CHARLES PLATIAU/AFP</media:credit>
                        </media:content>
                                                </item>
                    <item>
                <guid>https://www.lefigaro.fr/politique/le-scan/un-gouvernement-attal-finalement-peu-resserre-plutot-jeune-et-tres-francilien-20240209</guid>
                <title>Un gouvernement Attal finalement peu resserré, plutôt jeune et très francilien</title>
                                <link>https://www.lefigaro.fr/politique/le-scan/un-gouvernement-attal-finalement-peu-resserre-plutot-jeune-et-tres-francilien-20240209</link>
                                    <description>Un tiers des ministres sont élus d&#039;Île-de-France. La moitié ont conservé leur poste de l&#039;équipe Borne, un quart a changé de portefeuille et un quart sont des nouveaux. Avec 35 membres, le gouvernement Attal est plus garni que 21 autres équipes sous la Ve. La benjamine, Marie Lebec, a 33 ans, la doyenne, Nicole Belloubet, 68.</description>
                                <category>Scan Politique</category>
                <pubDate>Sat, 10 Feb 2024 10:38:54 +0100</pubDate>

                                                            <media:content url="https://i.f1g.fr/media/cms/3000x2001_crop/2024/02/09/a0bfeeeeee10616cb5e9a05dbe1be06201d0ca4736b2b7f3a1c17215dc2e154f.jpg" width="3000" height="2001">
                            <media:description type="plain">Gabriel Attal.</media:description>
                            <media:credit>SAMEER AL-DOUMY / AFP</media:credit>
                        </media:content>
                                                </item>
                    <item>
                <guid>https://www.lefigaro.fr/politique/le-scan/y-a-t-il-encore-un-espace-electoral-pour-la-gauche-socialiste-20240207</guid>
                <title>Y a-t-il encore un espace électoral pour la gauche socialiste ?</title>
                                <link>https://www.lefigaro.fr/politique/le-scan/y-a-t-il-encore-un-espace-electoral-pour-la-gauche-socialiste-20240207</link>
                                    <description>ANALYSE - Si les dernières décennies sont bien celles d&#039;une profonde perte d&#039;influence électorale de la gauche, les crises du macronisme et du mélenchonisme pourraient rebattre les cartes.</description>
                                <category>Scan Politique</category>
                <pubDate>Wed, 07 Feb 2024 10:45:57 +0100</pubDate>

                                                            <media:content url="https://i.f1g.fr/media/cms/2013x1132_crop/2024/02/06/01a8c2d7cee82e48735df2a9427b9eaf58f3076f2156d4e80a0f07b03fdccfda.jpg" width="2013" height="1132">
                            <media:description type="plain">Le patron du Parti socialiste, Olivier Faure, et Raphaël Glucksmann, tête de liste socialiste-Place publique aux élections européennes.</media:description>
                            <media:credit>Xose Bouzas / Xose Bouzas / Hans Lucas via Reu</media:credit>
                        </media:content>
                                                </item>
                    <item>
                <guid>https://www.lefigaro.fr/politique/le-scan/depuis-2017-le-groupe-lrem-perd-un-depute-tous-les-deux-mois-et-demi-20191113</guid>
                <title>Où sont passés les 45 députés perdus par LREM en trois ans?</title>
                                <link>https://www.lefigaro.fr/politique/le-scan/depuis-2017-le-groupe-lrem-perd-un-depute-tous-les-deux-mois-et-demi-20191113</link>
                                    <description>INFOGRAPHIE - Depuis 2017, les démissions et les exclusions ont privé les Marcheurs de leur majorité absolue. Une hémorragie inédite pour un groupe majoritaire sous la Ve République.</description>
                                <category>Scan Politique</category>
                <pubDate>Tue, 07 Sep 2021 15:07:42 +0200</pubDate>

                                                            <media:content url="https://i.f1g.fr/media/eidos/630x354_crop/2019/11/13/XVM420e719e-0896-11eb-8c8a-bc375c464274.jpg" width="630" height="354">
                            <media:description type="plain">Sébastien Nadot, Agnès Thill, Matthieu Orphelin, Martine Wonner, Jennifer de Temmerman (de gauche à droite).</media:description>
                            <media:credit>AFP / CHRISTOPHE ARCHAMBAULT / AFP / CHARLY TRIBALLEAU / AFP / JEAN-SEBASTIEN EVRARD / AFP / STEPHANE DE SAKUTIN / AFP / GEOFFROY VAN DER HASSELT</media:credit>
                        </media:content>
                                                </item>
                    <item>
                <guid>https://www.lefigaro.fr/politique/le-scan/de-malraux-a-dati-qui-furent-les-27-ministres-de-la-culture-20240123</guid>
                <title>De Malraux à Dati, qui furent les 27 ministres de la Culture ?</title>
                                <link>https://www.lefigaro.fr/politique/le-scan/de-malraux-a-dati-qui-furent-les-27-ministres-de-la-culture-20240123</link>
                                    <description>DÉCRYPTAGE - Rachida Dati est la 11e femme à la tête de ce ministère marqué par les deux décennies d&#039;André Malraux et de Jack Lang.</description>
                                <category>Scan Politique</category>
                <pubDate>Tue, 23 Jan 2024 19:23:01 +0100</pubDate>

                                                            <media:content url="https://i.f1g.fr/media/cms/1920x1080_crop/2024/01/23/440b4d208aeb493884bc0406728fe914fe97c4e7f555c158468886b3e33dc822.jpg" width="1920" height="1080">
                            <media:description type="plain">De gauche à droite : André Malraux, Jack Lang (ces deux premiers sont restés en tout quasiment 20 ans en cumulé à la tête du ministère) et Rachida Dati.</media:description>
                            <media:credit>Bridgeman Images / Chateau Cyril/ABACA / Marechal Aurore/ABACA</media:credit>
                        </media:content>
                                                </item>
                    <item>
                <guid>https://www.lefigaro.fr/politique/le-scan/carte-electorale-les-biais-politiques-d-un-critere-demographique-a-bout-de-souffle-20240109</guid>
                <title>Carte électorale: les biais politiques d’un critère démographique à bout de souffle</title>
                                <link>https://www.lefigaro.fr/politique/le-scan/carte-electorale-les-biais-politiques-d-un-critere-demographique-a-bout-de-souffle-20240109</link>
                                    <description>LE SCAN POLITIQUE - Sous l’effet de la pression migratoire et démographique, le critère de la population totale fixant le nombre de députés n’est plus une garantie démocratique.</description>
                                <category>Scan Politique</category>
                <pubDate>Tue, 09 Jan 2024 20:22:51 +0100</pubDate>

                            </item>
                    <item>
                <guid>https://www.lefigaro.fr/politique/le-scan/quelles-sont-les-cles-de-la-popularite-de-gabriel-attal-20231128</guid>
                <title>Quelles sont les clés de la popularité de Gabriel Attal?</title>
                                <link>https://www.lefigaro.fr/politique/le-scan/quelles-sont-les-cles-de-la-popularite-de-gabriel-attal-20231128</link>
                                    <description>ANALYSE - Sa nomination à Matignon, moins de six mois après son arrivée au ministère de l’Éducation nationale, fait de lui le plus jeune premier ministre de la Ve République.</description>
                                <category>Scan Politique</category>
                <pubDate>Tue, 09 Jan 2024 13:04:56 +0100</pubDate>

                                                            <media:content url="https://i.f1g.fr/media/eidos/630x354_crop/2023/11/28/XVM62efde00-8e0a-11ee-b29c-e431b0b6b313.jpg" width="630" height="354">
                            <media:description type="plain">Gabriel Attal.</media:description>
                            <media:credit>LUDOVIC MARIN/AFP</media:credit>
                        </media:content>
                                                </item>
                    <item>
                <guid>https://www.lefigaro.fr/politique/le-scan/municipales-anne-hidalgo-gregory-doucet-et-benoit-payan-auraient-ils-ete-battus-avec-un-vote-a-l-echelle-de-la-ville-20231114</guid>
                <title>Municipales: Anne Hidalgo, Grégory Doucet et Benoît Payan auraient-ils été battus avec un vote à l’échelle de la ville?</title>
                                <link>https://www.lefigaro.fr/politique/le-scan/municipales-anne-hidalgo-gregory-doucet-et-benoit-payan-auraient-ils-ete-battus-avec-un-vote-a-l-echelle-de-la-ville-20231114</link>
                                    <description>ANALYSE - Une fusion parfaite de la droite et des macronistes aurait rendu le résultat très incertain à Paris et à Lyon.</description>
                                <category>Scan Politique</category>
                <pubDate>Tue, 14 Nov 2023 14:53:29 +0100</pubDate>

                                                            <media:content url="https://i.f1g.fr/media/eidos/630x354_crop/2023/11/14/XVM59aac726-8250-11ee-b471-70995a477ffe.jpg" width="630" height="354">
                            <media:description type="plain">Grégory Doucet, maire de Lyon lors de la conférence de presse des Maires et Présidents de Métropoles Écologiques à Lyon, France, le 5 avril 2023.</media:description>
                            <media:credit>Reynaud Julien/Reynaud Julien/APS-Medias/ABACA</media:credit>
                        </media:content>
                                                </item>
                    <item>
                <guid>https://www.lefigaro.fr/politique/le-scan/sondages-pour-melenchon-est-ce-vraiment-la-chute-finale-20231108</guid>
                <title>Sondages: pour Mélenchon, est-ce vraiment la chute finale?</title>
                                <link>https://www.lefigaro.fr/politique/le-scan/sondages-pour-melenchon-est-ce-vraiment-la-chute-finale-20231108</link>
                                    <description>DÉCRYPTAGE - Le constat de cette baisse s’explique par des défections au sein de son socle électoral. Celui qui l’avait porté lors des précédentes élections en 2022 et 2017.</description>
                                <category>Scan Politique</category>
                <pubDate>Wed, 08 Nov 2023 15:45:17 +0100</pubDate>

                                                            <media:content url="https://i.f1g.fr/media/eidos/630x354_crop/2023/11/08/XVM772f7068-7d8b-11ee-b58b-42898e804c43.jpg" width="630" height="354">
                            <media:description type="plain">Tous instituts confondus, Jean-Luc Mélenchon a drastiquement perdu en cote de popularité. Les différents scandales au sein de la France Insoumise y ont fortement contribué.</media:description>
                            <media:credit>GEOFFROY VAN DER HASSELT/AFP</media:credit>
                        </media:content>
                                                </item>
                    <item>
                <guid>https://www.lefigaro.fr/les-deux-tiers-des-senateurs-candidats-a-leur-propre-succession-20200918</guid>
                <title>Les deux tiers des sénateurs candidats à leur propre succession</title>
                                <link>https://www.lefigaro.fr/les-deux-tiers-des-senateurs-candidats-a-leur-propre-succession-20200918</link>
                                    <description>FIG DATA - Sur les 172 élus qui remettent leur siège en jeu lors des élections du 27 septembre prochain, seuls 60 ne se représentent pas.</description>
                                <category>Actualité</category>
                <pubDate>Fri, 18 Sep 2020 17:46:53 +0200</pubDate>

                                                            <media:content url="https://i.f1g.fr/media/cms/1280x720_crop/2020/09/18/663551bfd9c16d9916051cd8cf1d02819a870ef0311f34b37fa7a98824de89f3.jpeg" width="1280" height="720">
                            <media:description type="plain">CR</media:description>
                            <media:credit>Fig Data</media:credit>
                        </media:content>
                                                </item>
                    <item>
                <guid>https://www.lefigaro.fr/politique/le-scan/plus-age-plus-feminin-plus-a-droite-le-nouveau-gouvernement-en-un-coup-d-oeil-20200707</guid>
                <title>D'abord féminin, plus jeune, autant de gauche que de droite... Le gouvernement en un coup d'œil</title>
                                <link>https://www.lefigaro.fr/politique/le-scan/plus-age-plus-feminin-plus-a-droite-le-nouveau-gouvernement-en-un-coup-d-oeil-20200707</link>
                                    <description>Découvrez les équilibres et déséquilibres de l&#039;équipe Castex, au complet depuis dimanche.</description>
                                <category>Scan Politique</category>
                <pubDate>Tue, 28 Jul 2020 07:55:08 +0200</pubDate>

                                                            <media:content url="https://i.f1g.fr/media/cms/3000x2000_crop/2020/07/07/696b7333e07637f49a51f7c318b3aeaa46848bef18231094236565445d719a3e.jpeg" width="3000" height="2000">
                            <media:description type="plain">Le premier ministre Jean Castex à Matignon, à Paris, le 3 juillet 2020.</media:description>
                            <media:credit>Jean-Christophe Marmara / Le Figaro</media:credit>
                        </media:content>
                                                </item>
                    <item>
                <guid>https://www.lefigaro.fr/politique/face-a-la-crise-le-paradoxe-d-une-opinion-a-la-fois-sur-informee-et-sur-angoissee-20200428</guid>
                <title>Face à la crise, le paradoxe d’une opinion à la fois sur-informée et sur-angoissée</title>
                                <link>https://www.lefigaro.fr/politique/face-a-la-crise-le-paradoxe-d-une-opinion-a-la-fois-sur-informee-et-sur-angoissee-20200428</link>
                                    <description>DÉCRYPTAGE - L’essor des réseaux sociaux pallie l’absence de sociabilité «physique». Que nous révèlent les sondages?</description>
                                <category>Politique</category>
                <pubDate>Tue, 28 Apr 2020 09:42:43 +0200</pubDate>

                                                            <media:content url="https://i.f1g.fr/media/eidos/630x354_crop/2020/04/28/XVM1c512336-8923-11ea-8ae5-850715b5edce.jpg" width="630" height="354">
                            <media:description type="plain">Emmanuel Macron lors de son allocution présidentielle du 13 avril.</media:description>
                            <media:credit>MARTIN BUREAU/AFP</media:credit>
                        </media:content>
                                                </item>
                    <item>
                <guid>https://www.lefigaro.fr/politique/municipales-lrem-defiee-par-les-dissidences-internes-20200305</guid>
                <title>Municipales: LREM défiée par les dissidences internes</title>
                                <link>https://www.lefigaro.fr/politique/municipales-lrem-defiee-par-les-dissidences-internes-20200305</link>
                                    <description>ANALYSE - Dans 15 des 40 villes de plus de 100.000 habitants, des marcheurs concurrencent la liste choisie par leur parti.</description>
                                <category>Politique</category>
                <pubDate>Thu, 05 Mar 2020 19:37:12 +0100</pubDate>

                                                            <media:content url="https://i.f1g.fr/media/eidos/630x354_crop/2020/03/05/XVMc25cac8e-5f0f-11ea-a7f9-a992154e6904.jpg" width="630" height="354">
                            <media:description type="plain">Une affiche électorale montrant Gaspard Gantzer et Agnès Buzyn, candidate à la mairie de Paris du parti au pouvoir La République en marche (LREM), dans une rue de Paris.</media:description>
                            <media:credit>PHILIPPE LOPEZ/AFP</media:credit>
                        </media:content>
                                                </item>
            </channel>
</rss>
