<?xml version="1.0" encoding="UTF-8"?>
<rss version="2.0" xmlns:atom="http://www.w3.org/2005/Atom" xmlns:media="http://search.yahoo.com/mrss/">
    <channel>
        <atom:link href="https://www.lefigaro.fr/rss/figaro_tennis.xml" rel="self" type="application/rss+xml"/>
        <category>Tennis</category>
        <title>Le Figaro - Tennis : Actualité des français et résultats des macthes en direct</title>
        <description>Tennis : Retrouvez toute l&#039;actualité des français, les tournois du grand chelem et les résultats des matches avec Le Figaro</description>
        <link>https://www.lefigaro.fr</link>
        <language>fr</language>
        <copyright>Droits de reproduction et de diffusion réservés LeFigaro.fr</copyright>
        <lastBuildDate>Tue, 11 Feb 2025 16:40:12 +0100</lastBuildDate>
        <docs>https://www.lefigaro.fr/rss</docs>
        <image>
            <title>Le Figaro - Tennis : Actualité des français et résultats des macthes en direct</title>
            <url>https://static.lefigaro.fr/common/logos/logo-150x150.png</url>
            <link>https://www.lefigaro.fr</link>
            <description>Tennis : Retrouvez toute l&#039;actualité des français, les tournois du grand chelem et les résultats des matches avec Le Figaro</description>
        </image>

                    <item>
                <guid>https://www.lefigaro.fr/sports/tennis/tennis-avant-ses-adieux-programmes-a-roland-garros-gasquet-a-dit-adieu-a-marseille-20250211</guid>
                <title>Tennis : avant ses adieux programmés à Roland-Garros, Gasquet a dit adieu à Marseille</title>
                                <link>https://www.lefigaro.fr/sports/tennis/tennis-avant-ses-adieux-programmes-a-roland-garros-gasquet-a-dit-adieu-a-marseille-20250211</link>
                                    <description>Le Biterrois de 38 ans s’est incliné logiquement au premier tour de l’Open 13 face à Bublik (6-4 6-4).</description>
                                <category>Tennis</category>
                <pubDate>Tue, 11 Feb 2025 16:29:46 +0100</pubDate>

                                                            <media:content url="https://i.f1g.fr/media/cms/3000x2000_crop/2025/02/11/1ff0caa75cfd3a870397c9c1984dbea6fe3c0aa464f3d1ea7513bcd291b44978.jpg" width="3000" height="2000">
                            <media:description type="plain">Richard Gasquet</media:description>
                            <media:credit>DIMITAR DILKOFF / AFP</media:credit>
                        </media:content>
                                                </item>
                    <item>
                <guid>https://www.lefigaro.fr/sports/tennis/tennis-zverev-arrive-a-buenos-aires-sans-ses-valises-20250211</guid>
                <title>Tennis : Zverev atterrit à Buenos Aires....mais ses valises atterrissent aux Maldives</title>
                                <link>https://www.lefigaro.fr/sports/tennis/tennis-zverev-arrive-a-buenos-aires-sans-ses-valises-20250211</link>
                                    <description>LE SCAN SPORT - Alors qu’il prenait un vol Rome-Buenos Aires, Alexander Zverev a eu la mauvaise surprise d’apprendre en atterrissant en Argentine que ses valises ont été envoyées....aux Maldives.</description>
                                <category>Tennis</category>
                <pubDate>Tue, 11 Feb 2025 15:50:32 +0100</pubDate>

                                                            <media:content url="https://i.f1g.fr/media/cms/3000x2100_crop/2025/02/11/0d4e92133f5ac2f5d8592b91a849deeb2f575bb247a5f593196de07818211f1d.jpg" width="3000" height="2100">
                            <media:description type="plain">Alexander Zverev a atterri à Buenos Aires sans ses valises. </media:description>
                            <media:credit>Tingshu Wang / REUTERS</media:credit>
                        </media:content>
                                                </item>
                    <item>
                <guid>https://www.lefigaro.fr/sports/tennis/tennis-gasquet-s-incline-a-marseille-contre-bublik-20250211</guid>
                <title>Tennis : Gasquet s’incline à Marseille contre Bublik</title>
                                <link>https://www.lefigaro.fr/sports/tennis/tennis-gasquet-s-incline-a-marseille-contre-bublik-20250211</link>
                                    <description>Richard Gasquet a été battu en 2 sets par le Kazakh Alexander Bublik dès son entrée en lice au tournoi de Marseille ce mardi.</description>
                                <category>Tennis</category>
                <pubDate>Tue, 11 Feb 2025 15:28:52 +0100</pubDate>

                                                            <media:content url="https://i.f1g.fr/media/cms/3000x2000_crop/2025/02/11/69f8c698ee5ec3b403a06bd8e12a53eb1361a0c17fca23a6a4a0bf7f110cc2b9.jpg" width="3000" height="2000">
                            <media:description type="plain">Richard Gasquet s’est incliné dès son premier match à Marseille. </media:description>
                            <media:credit>DIMITAR DILKOFF / AFP</media:credit>
                        </media:content>
                                                </item>
                    <item>
                <guid>https://www.lefigaro.fr/sports/tennis/tennis-coco-gauff-eliminee-d-entree-a-doha-20250211</guid>
                <title>Tennis : Coco Gauff éliminée d’entrée à Doha</title>
                                <link>https://www.lefigaro.fr/sports/tennis/tennis-coco-gauff-eliminee-d-entree-a-doha-20250211</link>
                                    <description>L’Américaine Coco Gauff a été sortie dès son entrée en lice au Masters 1000 de Doha ce mardi par l’Ukrainienne Marta Kostyuk.</description>
                                <category>Tennis</category>
                <pubDate>Tue, 11 Feb 2025 15:37:36 +0100</pubDate>

                                                            <media:content url="https://i.f1g.fr/media/cms/3000x2001_crop/2025/02/11/32007b95189fbaea77696bf85202bcb847b483c5c1103a0c222abb3591e4e8d4.jpg" width="3000" height="2001">
                            <media:description type="plain">Coco Gauff a été éliminée d’entrée à Doha ce mardi. </media:description>
                            <media:credit>MAHMUD HAMS / AFP</media:credit>
                        </media:content>
                                                </item>
                    <item>
                <guid>https://www.lefigaro.fr/sports/tennis/tennis-c-est-un-creve-coeur-glisse-le-messin-ugo-humbert-a-propos-de-la-disparition-programmee-de-l-open-de-moselle-20250211</guid>
                <title>Tennis : «C’est un crève-cœur», glisse le Messin Ugo Humbert à propos de la disparition programmée de l’Open de Moselle</title>
                                <link>https://www.lefigaro.fr/sports/tennis/tennis-c-est-un-creve-coeur-glisse-le-messin-ugo-humbert-a-propos-de-la-disparition-programmee-de-l-open-de-moselle-20250211</link>
                                    <description>Le numéro un français a fait part de sa déception et de sa tristesse, ce mardi en conférence de presse à Marseille, avant son entrée en lice à l’Open 13.</description>
                                <category>Tennis</category>
                <pubDate>Tue, 11 Feb 2025 14:24:24 +0100</pubDate>

                                                            <media:content url="https://i.f1g.fr/media/cms/2622x1938_crop/2025/02/11/bc1afdf6f99bc51a8b8ba520d80e1b7c94efa7ee967346b724550d4861bce218.jpg" width="2622" height="1938">
                            <media:description type="plain">Ugo Humbert</media:description>
                            <media:credit>Jaimi Joy / REUTERS</media:credit>
                        </media:content>
                                                </item>
                    <item>
                <guid>https://www.lefigaro.fr/sports/tennis/tennis-caroline-garcia-s-incline-au-deuxieme-tour-a-doha-20250211</guid>
                <title>Tennis : Caroline Garcia s’incline au deuxième tour à Doha</title>
                                <link>https://www.lefigaro.fr/sports/tennis/tennis-caroline-garcia-s-incline-au-deuxieme-tour-a-doha-20250211</link>
                                    <description>2 jours après avoir gagné son premier match en 2025, Caroline Garcia s’est logiquement inclinée en 2 sets au deuxième tour du tournoi de Doha face à l’Italienne Paolini.</description>
                                <category>Tennis</category>
                <pubDate>Tue, 11 Feb 2025 14:47:19 +0100</pubDate>

                                                            <media:content url="https://i.f1g.fr/media/cms/3000x2001_crop/2025/02/11/f111f65384cd4035bf492c0f8a4eb77bbe6ce41833807d3b7abac66d387d4350.jpg" width="3000" height="2001">
                            <media:description type="plain">Caroline Garcia s’est inclinée contre Jasmine Paolini ce mardi à Doha. </media:description>
                            <media:credit>MAHMUD HAMS / AFP</media:credit>
                        </media:content>
                                                </item>
                    <item>
                <guid>https://www.lefigaro.fr/sports/tennis/tennis-lucas-pouille-a-ete-opere-avec-succes-du-tendon-d-achille-20250211</guid>
                <title>Tennis : Lucas Pouille a été opéré avec succès de sa blessure au tendon d'Achille</title>
                                <link>https://www.lefigaro.fr/sports/tennis/tennis-lucas-pouille-a-ete-opere-avec-succes-du-tendon-d-achille-20250211</link>
                                    <description>Lucas Pouille, victime d’une rupture du tendon d’Achille en plein match dimanche après-midi, a annoncé sur son compte X avoir été opéré avec succès de sa blessure.</description>
                                <category>Tennis</category>
                <pubDate>Tue, 11 Feb 2025 10:41:01 +0100</pubDate>

                                                            <media:content url="https://i.f1g.fr/media/cms/3000x2000_crop/2025/02/11/8ac612410e4d3029fbf9d6f823f98a37b64869c7f179a5912551e8ef4cb9b19e.jpg" width="3000" height="2000">
                            <media:description type="plain">Lucas Pouille a été opéré du tendon d’Achille lundi. </media:description>
                            <media:credit>Edgar Su / REUTERS</media:credit>
                        </media:content>
                                                </item>
                    <item>
                <guid>https://www.lefigaro.fr/sports/tennis/tennis-un-ancien-vice-president-de-la-fft-juge-pour-viols-sur-une-jeune-joueuse-de-tennis-20250211</guid>
                <title>Tennis : un ancien vice-président de la FFT jugé pour viols sur une jeune joueuse de tennis</title>
                                <link>https://www.lefigaro.fr/sports/tennis/tennis-un-ancien-vice-president-de-la-fft-juge-pour-viols-sur-une-jeune-joueuse-de-tennis-20250211</link>
                                    <description>Jean-Pierre Dartevelle ancien numéro 2 à la FFT va se présenter devant la cour criminelle du Doubs à Besançon pour des viols sur une jeune joueuse entre le 20 septembre 2016 et le 31 mars 2018.</description>
                                <category>Tennis</category>
                <pubDate>Tue, 11 Feb 2025 07:00:00 +0100</pubDate>

                                                            <media:content url="https://i.f1g.fr/media/cms/3000x2001_crop/2025/02/10/ef2b2eadd28e7373f1a1611afb9befb1456f5ec3872c588e8196fd0dc4014716.jpg" width="3000" height="2001">
                            <media:description type="plain">Les faits remontent entre le 20 septembre 2016 et le 31 mars 2018.</media:description>
                            <media:credit>DAVID GRAY / AFP</media:credit>
                        </media:content>
                                                </item>
                    <item>
                <guid>https://www.lefigaro.fr/sports/tennis/tennis-en-raison-de-nos-structures-vieillissantes-il-y-a-une-reelle-menace-sur-l-avenir-du-tournoi-alerte-jean-francois-caujolle-directeur-de-l-open-13-20250210</guid>
                <title>Tennis : «En raison de nos structures vieillissantes, il y a une réelle menace sur l’avenir du tournoi», alerte Jean-François Caujolle, directeur de l’Open 13</title>
                                <link>https://www.lefigaro.fr/sports/tennis/tennis-en-raison-de-nos-structures-vieillissantes-il-y-a-une-reelle-menace-sur-l-avenir-du-tournoi-alerte-jean-francois-caujolle-directeur-de-l-open-13-20250210</link>
                                    <description>Si l’emblématique directeur du tournoi marseillais se félicite du changement de date récent (de février à octobre en 2026), il s’inquiète aussi de son futur à cause de la vétusté de la salle.</description>
                                <category>Tennis</category>
                <pubDate>Mon, 10 Feb 2025 20:39:11 +0100</pubDate>

                                                            <media:content url="https://i.f1g.fr/media/cms/1900x1068_crop/2025/02/10/5000952a3d5563b02cbc8de5e2789a27f936d4cfec58e7d906c2ff56e63094e3.jpg" width="1900" height="1068">
                            <media:description type="plain">Jean-François Caujolle</media:description>
                            <media:credit>A.Hergott  </media:credit>
                        </media:content>
                                                </item>
                    <item>
                <guid>https://www.lefigaro.fr/sports/tennis/tennis-mpetshi-perricard-forfait-a-marseille-20250210</guid>
                <title>Tennis : Mpetshi Perricard forfait à Marseille</title>
                                <link>https://www.lefigaro.fr/sports/tennis/tennis-mpetshi-perricard-forfait-a-marseille-20250210</link>
                                    <description>Giovanni Mpetshi Perricard ne fera pas son retour sur les courts de l’ATP 250 de Marseille. Malade le Tricolore s’ajoute à la liste des forfaits déjà bien remplie.</description>
                                <category>Tennis</category>
                <pubDate>Mon, 10 Feb 2025 13:19:55 +0100</pubDate>

                                                            <media:content url="https://i.f1g.fr/media/cms/3000x2090_crop/2025/02/10/8dd2e4a2f1a3c62b26d7b645239238f8fbbd79b39c1ff2c706a46744b2649ccd.jpg" width="3000" height="2090">
                            <media:description type="plain">Giovanni Mpetshi Perricard ne sera pas à Marseille.</media:description>
                            <media:credit>Benoit Tessier / REUTERS</media:credit>
                        </media:content>
                                                </item>
                    <item>
                <guid>https://www.lefigaro.fr/sports/tennis/tennis-novak-djokovic-assure-etre-gueri-a-quasiment-100-20250210</guid>
                <title>Tennis : Novak Djokovic assure être guéri à «quasiment 100%»</title>
                                <link>https://www.lefigaro.fr/sports/tennis/tennis-novak-djokovic-assure-etre-gueri-a-quasiment-100-20250210</link>
                                    <description>Le Serbe a donné de ses nouvelles sur le plan médical en vue du tournoi à Doha auquel il prendra part dans une semaine.</description>
                                <category>Tennis</category>
                <pubDate>Mon, 10 Feb 2025 12:45:24 +0100</pubDate>

                                                            <media:content url="https://i.f1g.fr/media/cms/3000x2151_crop/2025/02/10/f3f5ac948e8441a48c9e39be0331859c13180ef1c42eb2279cf697b2feee245d.jpg" width="3000" height="2151">
                            <media:description type="plain">Novak Djokovic</media:description>
                            <media:credit>Edgar Su / REUTERS</media:credit>
                        </media:content>
                                                </item>
                    <item>
                <guid>https://www.lefigaro.fr/sports/tennis/tennis-la-fantastique-remontada-de-belinda-bencic-au-classement-20250210</guid>
                <title>Tennis : la fantastique remontada de Belinda Bencic au classement</title>
                                <link>https://www.lefigaro.fr/sports/tennis/tennis-la-fantastique-remontada-de-belinda-bencic-au-classement-20250210</link>
                                    <description>Grâce à son titre à Abou Dhabi, la Suissesse progresse de 92 places dans la hiérarchie mondiale.</description>
                                <category>Tennis</category>
                <pubDate>Mon, 10 Feb 2025 09:50:51 +0100</pubDate>

                                                            <media:content url="https://i.f1g.fr/media/cms/2960x1968_crop/2025/02/10/2e4eb91f38d905dfe9df1ce238879910890419249c393e8f77e2a6c43b9c50c2.jpg" width="2960" height="1968">
                            <media:description type="plain">Belinda Bencic</media:description>
                            <media:credit>Amr Alfiky / REUTERS</media:credit>
                        </media:content>
                                                </item>
                    <item>
                <guid>https://www.lefigaro.fr/sports/tennis/tennis-alex-de-minaur-frappe-de-nouveau-a-la-porte-du-top-5-20250210</guid>
                <title>Tennis : Alex De Minaur frappe de nouveau à la porte du top 5</title>
                                <link>https://www.lefigaro.fr/sports/tennis/tennis-alex-de-minaur-frappe-de-nouveau-a-la-porte-du-top-5-20250210</link>
                                    <description>Grâce à sa finale à Rotterdam, perdue face à Carlos Alcaraz, l’Australien remonte au 6e rang mondial.</description>
                                <category>Tennis</category>
                <pubDate>Mon, 10 Feb 2025 09:47:32 +0100</pubDate>

                                                            <media:content url="https://i.f1g.fr/media/cms/2300x1545_crop/2025/02/10/b52057018eec06ef277a543fb3a73e980f0c961b4a25a6870284417f76a019ee.jpg" width="2300" height="1545">
                            <media:description type="plain">Alex De Minaur</media:description>
                            <media:credit>Piroschka Van De Wouw / REUTERS</media:credit>
                        </media:content>
                                                </item>
                    <item>
                <guid>https://www.lefigaro.fr/sports/tennis/tennis-rome-roland-garros-us-open-les-5-plus-grands-matches-de-la-carriere-de-diego-schwartzman-20250210</guid>
                <title>Tennis : Rome, Roland-Garros, US Open... Les 5 plus grands matches de la carrière de Diego Schwartzman</title>
                                <link>https://www.lefigaro.fr/sports/tennis/tennis-rome-roland-garros-us-open-les-5-plus-grands-matches-de-la-carriere-de-diego-schwartzman-20250210</link>
                                    <description>Ancien demi-finaliste à Roland-Garros et membre du top 10, Diego Schwartzman s’apprête à mettre un terme à sa carrière cette semaine dans «son» tournoi de Buenos Aires. Voici les 5 plus grands matches de sa carrière.</description>
                                <category>Tennis</category>
                <pubDate>Mon, 10 Feb 2025 08:16:10 +0100</pubDate>

                                                            <media:content url="https://i.f1g.fr/media/cms/3000x2000_crop/2025/02/08/0f4b7dfc7862f33dc769d07f6583b3061f5aaf9ed59b062709042a0c7ceb8fa8.jpg" width="3000" height="2000">
                            <media:description type="plain">Diego Schwartzman va mettre un terme à sa carrière lors du tournoi de Buenos Aires. </media:description>
                            <media:credit>MATTHEW STOCKMAN / Getty Images via AFP</media:credit>
                        </media:content>
                                                </item>
                    <item>
                <guid>https://www.lefigaro.fr/sports/tennis/tennis-football-taille-retraite-5-choses-a-savoir-sur-diego-schwartzman-20250210</guid>
                <title>Tennis : football, taille, retraite… 5 choses à savoir sur Diego Schwartzman</title>
                                <link>https://www.lefigaro.fr/sports/tennis/tennis-football-taille-retraite-5-choses-a-savoir-sur-diego-schwartzman-20250210</link>
                                    <description>À 32 ans, l’ancien numéro un argentin Schwartzman va dire adieu au tennis cette semaine à domicile à Buenos Aires.</description>
                                <category>Tennis</category>
                <pubDate>Mon, 10 Feb 2025 13:01:32 +0100</pubDate>

                                                            <media:content url="https://i.f1g.fr/media/cms/3000x2022_crop/2025/02/07/1cb10a903919103615f2059cd3d83cd320abf7aaefdb466c15467a0bb89b8366.jpg" width="3000" height="2022">
                            <media:description type="plain">Diego Schwartzman</media:description>
                            <media:credit>ALFREDO ESTRELLA / AFP</media:credit>
                        </media:content>
                                                </item>
                    <item>
                <guid>https://www.lefigaro.fr/sports/tennis/tennis-denis-shapovalov-domine-casper-ruud-et-remporte-l-atp-500-de-dallas-20250209</guid>
                <title>Tennis : Denis Shapovalov domine Casper Ruud et remporte l'ATP 500 de Dallas</title>
                                <link>https://www.lefigaro.fr/sports/tennis/tennis-denis-shapovalov-domine-casper-ruud-et-remporte-l-atp-500-de-dallas-20250209</link>
                                    <description>Denis Shapovalov a remporté le tournoi ATP 500 de Dallas en dominant ce dimanche le Norvégien Casper Ruud, tête de série N.2, en deux sets 7-6 (7/5), 6-3.</description>
                                <category>Tennis</category>
                <pubDate>Sun, 09 Feb 2025 22:08:07 +0100</pubDate>

                                                            <media:content url="https://i.f1g.fr/media/cms/3000x1857_crop/2025/02/09/63ce8261330d21fbe89f621789838cbd20dbbdcbf50891428c27b52c34535b27.jpg" width="3000" height="1857">
                            <media:description type="plain">Shapovalov a battu Ruud en finale. </media:description>
                            <media:credit>Tingshu Wang / REUTERS</media:credit>
                        </media:content>
                                                </item>
                    <item>
                <guid>https://www.lefigaro.fr/sports/tennis/tennis-alcaraz-plus-fort-que-de-minaur-s-offre-son-premier-titre-de-la-saison-a-rotterdam-20250209</guid>
                <title>Tennis : Alcaraz plus fort que De Minaur s’offre son premier titre de la saison à Rotterdam</title>
                                <link>https://www.lefigaro.fr/sports/tennis/tennis-alcaraz-plus-fort-que-de-minaur-s-offre-son-premier-titre-de-la-saison-a-rotterdam-20250209</link>
                                    <description>Gros combat, mais victoire finale pour Carlos Alcaraz à l’ATP 500 de Rotterdam face à l’Australien Alex De Minaur. Premier titre de l’année 2025 pour le numéro trois mondial.</description>
                                <category>Tennis</category>
                <pubDate>Sun, 09 Feb 2025 18:15:33 +0100</pubDate>

                                                            <media:content url="https://i.f1g.fr/media/cms/3000x2132_crop/2025/02/09/fe5cbf0a315c9337df58bb7dffd14c37caaee4399fd2f35e22c6c861626249b9.jpg" width="3000" height="2132">
                            <media:description type="plain">Carlos Alcaraz titré à Rotterdam.</media:description>
                            <media:credit>Piroschka Van De Wouw / REUTERS</media:credit>
                        </media:content>
                                                </item>
                    <item>
                <guid>https://www.lefigaro.fr/sports/tennis/tennis-vers-une-fin-de-carriere-pour-lucas-pouille-20250209</guid>
                <title>Tennis : vers une fin de carrière pour Lucas Pouille ?</title>
                                <link>https://www.lefigaro.fr/sports/tennis/tennis-vers-une-fin-de-carriere-pour-lucas-pouille-20250209</link>
                                    <description>L’ancien n°10 mondial a, ce dimanche, été contraint à l’abandon, en finale du tournoi Challenger de Lille. Il souffre d’une rupture complète d’un tendon d’Achille.</description>
                                <category>Tennis</category>
                <pubDate>Sun, 09 Feb 2025 22:01:42 +0100</pubDate>

                                                            <media:content url="https://i.f1g.fr/media/cms/3000x1983_crop/2025/02/09/0e6649a1ce3794b777e0e28e58674cec89b4ed0fc307bca8854e464f4f2da363.jpg" width="3000" height="1983">
                            <media:description type="plain">Lucas Pouille, à Melbourne, en janvier.</media:description>
                            <media:credit>Edgar Su / REUTERS</media:credit>
                        </media:content>
                                                </item>
                    <item>
                <guid>https://www.lefigaro.fr/sports/tennis/tennis-caroline-garcia-remporte-son-premier-match-en-2025-20250209</guid>
                <title>Tennis : Caroline Garcia remporte à Doha son premier match en 2025</title>
                                <link>https://www.lefigaro.fr/sports/tennis/tennis-caroline-garcia-remporte-son-premier-match-en-2025-20250209</link>
                                    <description>Caroline Garcia a remporté son premier tour lors du tournoi de de Doha ce dimanche face à la Chinoise Yuan Yue. C’est sa première victoire depuis le mois de septembre dernier.</description>
                                <category>Tennis</category>
                <pubDate>Sun, 09 Feb 2025 14:18:18 +0100</pubDate>

                                                            <media:content url="https://i.f1g.fr/media/cms/3000x2001_crop/2025/02/09/572de576851d8654ea55f5c39bae6a599262ad8fb7233da8f1e7eb3f2cf5cb5d.jpg" width="3000" height="2001">
                            <media:description type="plain">Caroline Garcia a gagné son premier match en 2025. </media:description>
                            <media:credit>DAVID GRAY / AFP</media:credit>
                        </media:content>
                                                </item>
                    <item>
                <guid>https://www.lefigaro.fr/sports/tennis/tennis-shapovalov-affrontera-ruud-en-finale-a-dallas-20250209</guid>
                <title>Tennis : Shapovalov affrontera Ruud en finale à Dallas</title>
                                <link>https://www.lefigaro.fr/sports/tennis/tennis-shapovalov-affrontera-ruud-en-finale-a-dallas-20250209</link>
                                    <description>Tombeur de Tommy Paul, le Canadien sera opposé au Norvégien ce dimanche.</description>
                                <category>Tennis</category>
                <pubDate>Sun, 09 Feb 2025 11:34:36 +0100</pubDate>

                                                            <media:content url="https://i.f1g.fr/media/cms/3000x2001_crop/2025/02/09/5e4946293e0852a4a434b6968fdcac45d5cc0dc1f22394bf7915dd5a96612245.jpg" width="3000" height="2001">
                            <media:description type="plain">Denis Shapovalov a éliminé le tenant du titre Tommy Paul en demi-finale. </media:description>
                            <media:credit>SAM HODDE / Getty Images via AFP</media:credit>
                        </media:content>
                                                </item>
            </channel>
</rss>
