<?xml version="1.0" encoding="UTF-8"?><rss xmlns:atom="http://www.w3.org/2005/Atom" xmlns:content="http://purl.org/rss/1.0/modules/content/" xmlns:dc="http://purl.org/dc/elements/1.1/" xmlns:sy="http://purl.org/rss/1.0/modules/syndication/" version="2.0" xmlns:media="http://search.yahoo.com/mrss/"><channel><title><![CDATA[Libération]]></title><link>https://www.liberation.fr</link><atom:link href="https://www.liberation.fr/arc/outboundfeeds/rss-all/category/economie/" rel="self" type="application/rss+xml"/><description><![CDATA[Libération News Feed]]></description><lastBuildDate>Tue, 11 Feb 2025 15:44:12 +0000</lastBuildDate><language>fr</language><ttl>1</ttl><sy:updatePeriod>hourly</sy:updatePeriod><sy:updateFrequency>1</sy:updateFrequency><image><url>https://liberation-liberation-prod.cdn.arcpublishing.com/resizer/NDhvymtydpZl4sImd-sUL72q8YM=/arc-photo-liberation/eu-central-1-prod/public/3QH5F2WEITAV2N22T6S3ECTWJ4.png</url><title>Libération</title><link>https://www.liberation.fr</link></image><item><title><![CDATA[«Des propos outrageants et méprisants» : Jean-Claude Dassier condamné après une tirade anti-musulmans sur CNews]]></title><link>https://www.liberation.fr/economie/medias/des-propos-outrageants-et-meprisants-jean-claude-dassier-condamne-apres-une-tirade-anti-musulmans-sur-cnews-20250211_7O6LWTLFE5CKDOPK4DMCZVE2TA/</link><guid isPermaLink="true">https://www.liberation.fr/economie/medias/des-propos-outrageants-et-meprisants-jean-claude-dassier-condamne-apres-une-tirade-anti-musulmans-sur-cnews-20250211_7O6LWTLFE5CKDOPK4DMCZVE2TA/</guid><dc:creator><![CDATA[ LIBERATION,  AFP]]></dc:creator><description><![CDATA[Le chroniqueur de la chaîne de Vincent Bolloré, ancien patron de LCI et de l’OM, a été écopé lundi 10 février de 1 000 euros d’amende, après avoir dit à l’antenne : «Les musulmans, ils s’en foutent de la République».]]></description><pubDate>Tue, 11 Feb 2025 15:25:28 +0000</pubDate><media:content url="https://liberation-liberation-prod.cdn.arcpublishing.com/resizer/Pkp4lKj15QwQvsr6XVn20uNhL2c=/cloudfront-eu-central-1.images.arcpublishing.com/liberation/NDQFAA3X2FEL7DR6RDRCIMKH3Y.jpg" type="image/jpeg" height="4111" width="6173"><media:description type="plain"><![CDATA[Jean-Claude Dassier à Paris, le 23 juillet 2024.]]></media:description><media:credit role="author" scheme="urn:ebu">Bertrand Guay</media:credit></media:content></item><item><title><![CDATA[Aldebaran Robotics risque la panne définitive, avec de vrais emplois humains menacés]]></title><link>https://www.liberation.fr/economie/aldebaran-robotics-risque-la-panne-definitive-avec-de-vrais-emplois-humains-menaces-20250211_66YMGZNMIBCHJKU6BHQWDETEF4/</link><guid isPermaLink="true">https://www.liberation.fr/economie/aldebaran-robotics-risque-la-panne-definitive-avec-de-vrais-emplois-humains-menaces-20250211_66YMGZNMIBCHJKU6BHQWDETEF4/</guid><dc:creator><![CDATA[Jean-Christophe Féraud]]></dc:creator><description><![CDATA[Start-up emblématique de la robotique à la française, l’entreprise qui a créé les robots Nao et Pepper joue son avenir lundi 17 février au tribunal de commerce. Un plan de continuation prévoit de supprimer la moitié des 176 emplois, sans garantie qu’un repreneur se présente.]]></description><pubDate>Tue, 11 Feb 2025 13:31:55 +0000</pubDate><media:content url="https://liberation-liberation-prod.cdn.arcpublishing.com/resizer/NWp8m1MleXX1GUYSRd4L5grt2SQ=/cloudfront-eu-central-1.images.arcpublishing.com/liberation/TGKSIPH7QRBI7MBGUZSG4YALNQ.jpg" type="image/jpeg" height="3333" width="5000"><media:description type="plain"><![CDATA[Le robot humanoïde autonome et programmable Nao sur le stand de la société Aldebaran lors du sommet AI for Good à Genève, le 5 juillet 2023.]]></media:description><media:credit role="author" scheme="urn:ebu">Fabrice Coffrini</media:credit></media:content></item><item><title><![CDATA[Sommet sur l’IA : Elon Musk, un troll surpuissant et beaucoup trop encombrant]]></title><link>https://www.liberation.fr/economie/economie-numerique/sommet-sur-lia-elon-musk-un-troll-surpuissant-et-beaucoup-trop-encombrant-20250211_BDAFK2IKZBAOPCW5DW47E6NILU/</link><guid isPermaLink="true">https://www.liberation.fr/economie/economie-numerique/sommet-sur-lia-elon-musk-un-troll-surpuissant-et-beaucoup-trop-encombrant-20250211_BDAFK2IKZBAOPCW5DW47E6NILU/</guid><dc:creator><![CDATA[Arthur Cerf]]></dc:creator><description><![CDATA[En plein Sommet pour l’action sur l’intelligence artificielle à Paris lundi 10 février, sur lequel il fait planer le doute de sa participation, le milliardaire, devenu intendant de l’administration Trump, a annoncé vouloir racheter OpenAI. Enième provoc ou stratégie agressive d’OPA ?]]></description><pubDate>Tue, 11 Feb 2025 12:17:53 +0000</pubDate><media:content url="https://liberation-liberation-prod.cdn.arcpublishing.com/resizer/aPD_M23R_6pENcgugqxEoIDl57c=/cloudfront-eu-central-1.images.arcpublishing.com/liberation/D2CNQW6ULVC37CHDKN4ENDTWJQ.JPG" type="image/jpeg" height="2464" width="3697"><media:description type="plain"><![CDATA[Le PDG de Tesla et propriétaire de X, Elon Musk, à Washington le 20 janvier.]]></media:description><media:credit role="author" scheme="urn:ebu">Brian Snyder</media:credit></media:content></item><item><title><![CDATA[A Saint-Ouen, le siège de Tesla France recouvert d’un liquide brun par des militants écologistes]]></title><link>https://www.liberation.fr/economie/transports/a-saint-ouen-le-siege-de-tesla-france-recouvert-dun-liquide-brun-par-des-militants-ecologistes-20250211_7BD33UXP3BDN7O2M2GLD3MQ2DI/</link><guid isPermaLink="true">https://www.liberation.fr/economie/transports/a-saint-ouen-le-siege-de-tesla-france-recouvert-dun-liquide-brun-par-des-militants-ecologistes-20250211_7BD33UXP3BDN7O2M2GLD3MQ2DI/</guid><dc:creator><![CDATA[Charles Delouche-Bertolasi]]></dc:creator><description><![CDATA[La façade du siège français du constructeur automobile a été ciblée ce mardi 11 février au matin par des militants d’Action Justice Climat. Auprès du média «Vert», ils dénoncent le «fascisme» d’Elon Musk.]]></description><pubDate>Tue, 11 Feb 2025 11:31:07 +0000</pubDate><media:content url="https://liberation-liberation-prod.cdn.arcpublishing.com/resizer/jse818gIz6uQoRF5rjKTFZDYTXI=/cloudfront-eu-central-1.images.arcpublishing.com/liberation/A3OWD6Y7NFFSBOUW67R4B4LNSU.jpg" type="image/jpeg" height="4000" width="6000"><media:description type="plain"><![CDATA[Devant le siège de Tesla France, ce mardi à Saint-Ouen.]]></media:description><media:credit role="author" scheme="urn:ebu">Thomas Samson</media:credit></media:content></item><item><title><![CDATA[Chômage : pourquoi l’Insee le dit à la baisse et France Travail à la hausse]]></title><link>https://www.liberation.fr/economie/social/chomage-pourquoi-linsee-le-dit-a-la-baisse-et-france-travail-a-la-hausse-20250211_K44NPXRMVVBYNPEC2OF4SGSGOA/</link><guid isPermaLink="true">https://www.liberation.fr/economie/social/chomage-pourquoi-linsee-le-dit-a-la-baisse-et-france-travail-a-la-hausse-20250211_K44NPXRMVVBYNPEC2OF4SGSGOA/</guid><dc:creator><![CDATA[Frantz Durupt]]></dc:creator><description><![CDATA[Des différences méthodologiques expliquent que les deux organismes ont livré, ces derniers jours, des évaluations apparemment contradictoires du marché de l’emploi.]]></description><pubDate>Tue, 11 Feb 2025 11:23:22 +0000</pubDate><media:content url="https://liberation-liberation-prod.cdn.arcpublishing.com/resizer/NY2PGvP8cFP9Av0sqseDR5Iv6e0=/cloudfront-eu-central-1.images.arcpublishing.com/liberation/PABDK57UGJG7ZMMUAARXYD27W4.jpg" type="image/jpeg" height="3133" width="4700"><media:description type="plain"><![CDATA[Un homme visite un bureau de France Travail (Agence nationale pour l'emploi, anciennement connue sous le nom de Pole Emploi) à Marseille, France, 30 janvier 2025.]]></media:description><media:credit role="author" scheme="urn:ebu">Manon Cruz</media:credit></media:content></item><item><title><![CDATA[IA : l’Union européenne vise 200 milliards d’euros d’investissements, en lien avec de grandes entreprises]]></title><link>https://www.liberation.fr/international/europe/ia-lunion-europeenne-souhaite-mobiliser-200-milliards-deuros-dinvestissements-20250211_NWG6ZYOEOZH55MYKWJTHSLMWAY/</link><guid isPermaLink="true">https://www.liberation.fr/international/europe/ia-lunion-europeenne-souhaite-mobiliser-200-milliards-deuros-dinvestissements-20250211_NWG6ZYOEOZH55MYKWJTHSLMWAY/</guid><dc:creator><![CDATA[ LIBERATION,  AFP]]></dc:creator><description><![CDATA[Avec 50 milliards mis sur la table par l’UE et le reste par de grands groupes, la présidente de la Commission, Ursula von der Leyen, a vanté ce mardi 11 février le «plus grand partenariat public-privé dans le monde pour le développement d’une IA fiable».]]></description><pubDate>Tue, 11 Feb 2025 10:32:48 +0000</pubDate><media:content url="https://liberation-liberation-prod.cdn.arcpublishing.com/resizer/9TjQdZFaJzhVMBgA207cs9av2jw=/cloudfront-eu-central-1.images.arcpublishing.com/liberation/U26X46XQ2RDMNMPOWXYWQCMVYY.jpg" type="image/jpeg" height="5504" width="8256"><media:description type="plain"><![CDATA[Ursula von der Leyen (tout à gauche), sur la scène du sommet de Paris sur l'IA, au Grand Palais ce mardi 11 février 2025.]]></media:description><media:credit role="author" scheme="urn:ebu">Eliot Blondet</media:credit></media:content></item><item><title><![CDATA[Elon Musk fait une offre de près de 100 milliards pour OpenAI, la start-up «n’est pas à vendre» répond Sam Altman]]></title><link>https://www.liberation.fr/international/amerique/elon-musk-tente-de-faire-main-basse-sur-openai-pour-presque-100-milliards-de-dollars-20250211_USL7TEPE7RAGTFJNUU3APSAA4Q/</link><guid isPermaLink="true">https://www.liberation.fr/international/amerique/elon-musk-tente-de-faire-main-basse-sur-openai-pour-presque-100-milliards-de-dollars-20250211_USL7TEPE7RAGTFJNUU3APSAA4Q/</guid><dc:creator><![CDATA[ LIBERATION,  AFP]]></dc:creator><description><![CDATA[Le milliardaire sud-africain a fait une offre faramineuse pour racheter la start-up produisant ChatGPT, a révélé la presse américaine lundi 10 février au soir. Une proposition rejetée immédiatement par son patron Sam Altman, alors que les deux hommes sont en conflit depuis plusieurs mois.]]></description><pubDate>Tue, 11 Feb 2025 10:27:58 +0000</pubDate><media:content url="https://liberation-liberation-prod.cdn.arcpublishing.com/resizer/KmwiL-45MX-FaLMQaDq6hXJJM0E=/cloudfront-eu-central-1.images.arcpublishing.com/liberation/WBO4QEA5LRFKNN4KE5TIIZZESU.jpg" type="image/jpeg" height="3999" width="6000"><media:description type="plain"><![CDATA[Elon Musk à Washington, le 20 janvier 2025.]]></media:description><media:credit role="author" scheme="urn:ebu">Chip Somodevilla </media:credit></media:content></item><item><title><![CDATA[Le chômage quasi stable en France au quatrième trimestre]]></title><link>https://www.liberation.fr/economie/le-taux-de-chomage-baisse-de-01-point-en-france-au-quatrieme-trimestre-20250211_U6ZUJ7N6DNGRXEF23NHRANBLU4/</link><guid isPermaLink="true">https://www.liberation.fr/economie/le-taux-de-chomage-baisse-de-01-point-en-france-au-quatrieme-trimestre-20250211_U6ZUJ7N6DNGRXEF23NHRANBLU4/</guid><dc:creator><![CDATA[ LIBERATION,  AFP]]></dc:creator><description><![CDATA[Le nombre de chômeurs a diminué de 63 000 personnes à la fin de l’année dernière, malgré la dégradation du marché de l’emploi et la hausse du nombre des demandeurs d’emploi inscrits à France Travail sur la même période.]]></description><pubDate>Tue, 11 Feb 2025 06:40:39 +0000</pubDate><media:content url="https://liberation-liberation-prod.cdn.arcpublishing.com/resizer/5s6o2uYWr6W7V92ITxIt6gtqid4=/cloudfront-eu-central-1.images.arcpublishing.com/liberation/PDB7IK6DSNGW7NSKYC2CUHBFHA.jpg" type="image/jpeg" height="3150" width="4724"><media:description type="plain"><![CDATA[Un job dating dans la galerie d'un magasin Auchan à Poitiers, vendredi.]]></media:description><media:credit role="author" scheme="urn:ebu">Jean-François Fort</media:credit></media:content></item><item><title><![CDATA[Trump signe un décret portant les droits de douane sur l’acier et l’aluminium à 25 % à partir du 12 mars]]></title><link>https://www.liberation.fr/international/amerique/trump-signe-un-decret-portant-les-droits-de-douane-sur-lacier-et-laluminium-a-25-a-partir-du-12-mars-20250211_LZAVMDZKVBDKRCWYMCNMSLGUUM/</link><guid isPermaLink="true">https://www.liberation.fr/international/amerique/trump-signe-un-decret-portant-les-droits-de-douane-sur-lacier-et-laluminium-a-25-a-partir-du-12-mars-20250211_LZAVMDZKVBDKRCWYMCNMSLGUUM/</guid><dc:creator><![CDATA[ LIBERATION,  AFP]]></dc:creator><description><![CDATA[Le président américain a franchi une nouvelle étape dans son bras de fer commercial avec le reste du monde, avec la signature lundi 10 février au soir d’un décret imposant des droits de douane de 25 % sur les deux matériaux, «sans exception».]]></description><pubDate>Tue, 11 Feb 2025 06:16:20 +0000</pubDate><media:content url="https://liberation-liberation-prod.cdn.arcpublishing.com/resizer/spOb8AFxOJV3PxegWMwYcwU15wU=/cloudfront-eu-central-1.images.arcpublishing.com/liberation/EFJKPHQEM5HR3O6QRI5IHEFJFA.jpg" type="image/jpeg" height="2631" width="3953"><media:description type="plain"><![CDATA[Dans le port de Houston, au Texas, lundi.]]></media:description><media:credit role="author" scheme="urn:ebu">Brandon Bell</media:credit></media:content></item><item><title><![CDATA[Lidl France : les syndicats annoncent la levée de la grève]]></title><link>https://www.liberation.fr/economie/social/lidl-france-les-syndicats-annoncent-la-levee-de-la-greve-20250210_IJL2SLY2DFEKTFE6H3SSXK3KLY/</link><guid isPermaLink="true">https://www.liberation.fr/economie/social/lidl-france-les-syndicats-annoncent-la-levee-de-la-greve-20250210_IJL2SLY2DFEKTFE6H3SSXK3KLY/</guid><dc:creator><![CDATA[ LIBERATION,  AFP]]></dc:creator><description><![CDATA[L’intersyndicale a déclaré ce lundi 10 février suspendre la «grève illimitée» lancée le 7 février pour dénoncer les conditions de travail au sein du géant du hard discount. Une réunion avec la direction est prévue vendredi 14 février.]]></description><pubDate>Mon, 10 Feb 2025 19:26:49 +0000</pubDate><media:content url="https://liberation-liberation-prod.cdn.arcpublishing.com/resizer/JbXNtbo6z9FVG5zBsTtPJzdSCvI=/cloudfront-eu-central-1.images.arcpublishing.com/liberation/ZIFDHXEYDJD7JM2WHKJVXCVIKQ.jpg" type="image/jpeg" height="3150" width="4724"><media:description type="plain"><![CDATA[Des organisations syndicales avaient appelé à la grève pour une revalorisation des salaires et contre un projet d’ouverture généralisée le dimanche.]]></media:description><media:credit role="author" scheme="urn:ebu">Jean-Francois Fort</media:credit></media:content></item><item><title><![CDATA[109 milliards d’euros d’investissements annoncés : au sommet de Paris, une course de fonds pour l’IA]]></title><link>https://www.liberation.fr/economie/109-milliards-deuros-dinvestissements-annonces-au-sommet-de-paris-une-course-de-fonds-pour-lia-20250210_ZFMMUY4W4FFDZENIENISNFNYPU/</link><guid isPermaLink="true">https://www.liberation.fr/economie/109-milliards-deuros-dinvestissements-annonces-au-sommet-de-paris-une-course-de-fonds-pour-lia-20250210_ZFMMUY4W4FFDZENIENISNFNYPU/</guid><dc:creator><![CDATA[Anne-Sophie Lechevallier]]></dc:creator><description><![CDATA[Les investissements dans l’intelligence artificielle en France, annoncés par Emmanuel Macron en amont du sommet dédié à Paris, ont été détaillés lundi. Si les Emirats arabes unis et des entreprises américaines financent une bonne partie de la facture, les compagnies françaises, elles, sont plus en retrait.]]></description><pubDate>Mon, 10 Feb 2025 19:18:36 +0000</pubDate><media:content url="https://liberation-liberation-prod.cdn.arcpublishing.com/resizer/nGcyi-oDuLjUiE8isLxPquBd_bM=/cloudfront-eu-central-1.images.arcpublishing.com/liberation/YJSIXY6MEZFERF77TB4OFGL2KM.jpg" type="image/jpeg" height="3333" width="5000"><media:description type="plain"><![CDATA[Emmanuel Macron lors du sommet sur l'IA à Paris, le 10 février 2025.]]></media:description><media:credit role="author" scheme="urn:ebu">Ludovic Marin</media:credit></media:content></item><item><title><![CDATA[Le compte X de Kanye West disparaît après une suite de provocations]]></title><link>https://www.liberation.fr/economie/economie-numerique/le-compte-x-de-kanye-west-disparait-apres-une-suite-de-provocations-20250210_YHKVYMFXFVD45DZS6B5CYLELYU/</link><guid isPermaLink="true">https://www.liberation.fr/economie/economie-numerique/le-compte-x-de-kanye-west-disparait-apres-une-suite-de-provocations-20250210_YHKVYMFXFVD45DZS6B5CYLELYU/</guid><dc:creator><![CDATA[ LIBERATION,  AFP]]></dc:creator><description><![CDATA[Après des messages à caractère antisémite et un soutien appuyé à P. Diddy inculpé de trafic sexuel, l’artiste sulfureux et homme d’affaires a disparu lundi du réseau social X sans que l’on sache s’il l’a supprimé lui-même ou s’il en a été banni. ]]></description><pubDate>Mon, 10 Feb 2025 19:12:21 +0000</pubDate><media:content url="https://liberation-liberation-prod.cdn.arcpublishing.com/resizer/gPqiQY1KXluoG2iXxsOTUpy0gxc=/cloudfront-eu-central-1.images.arcpublishing.com/liberation/67JWZISDKRHFPANXODGPXFRW4I.jpg" type="image/jpeg" height="2738" width="4107"><media:description type="plain"><![CDATA[Kanye West à Berlin, le 1er juillet 2024.]]></media:description><media:credit role="author" scheme="urn:ebu">Matthias Nareyek </media:credit></media:content></item><item><title><![CDATA[Sommet sur l’IA à Paris : tech en vogue, démocraties en péril ?]]></title><link>https://www.liberation.fr/economie/economie-numerique/sommet-sur-lia-a-paris-tech-en-vogue-democraties-en-peril-20250210_EZZGSKAE6RDL5PZQ5SUHLYCZIM/</link><guid isPermaLink="true">https://www.liberation.fr/economie/economie-numerique/sommet-sur-lia-a-paris-tech-en-vogue-democraties-en-peril-20250210_EZZGSKAE6RDL5PZQ5SUHLYCZIM/</guid><dc:creator><![CDATA[Arthur Cerf]]></dc:creator><description><![CDATA[A l’heure des ingérences étrangères, des deepfakes et des faux comptes, une table ronde, à l’occasion du sommet ce lundi 10 février, a rappelé les risques que fait peser la technologie sur les démocraties et esquissé des solutions.]]></description><pubDate>Mon, 10 Feb 2025 16:43:18 +0000</pubDate><media:content url="https://liberation-liberation-prod.cdn.arcpublishing.com/resizer/7jSbMJ61yI9IdrYmRkaPBTtKugs=/cloudfront-eu-central-1.images.arcpublishing.com/liberation/ISDOLCLE55EWNMQ4LWK364MVMQ.jpg" type="image/jpeg" height="5240" width="8016"><media:description type="plain"><![CDATA[Lors du Sommet pour l'action sur l'IA ce lundi 10 février, au Grand Palais.]]></media:description><media:credit role="author" scheme="urn:ebu"> Gao Jing</media:credit></media:content></item><item><title><![CDATA[Air France propose désormais d’utiliser ses «miles» pour acheter des billets SNCF]]></title><link>https://www.liberation.fr/economie/transports/air-france-propose-desormais-dutiliser-ses-miles-pour-acheter-des-billets-sncf-20250210_CON6FWDYERECJJ7EVGKSSD3XFQ/</link><guid isPermaLink="true">https://www.liberation.fr/economie/transports/air-france-propose-desormais-dutiliser-ses-miles-pour-acheter-des-billets-sncf-20250210_CON6FWDYERECJJ7EVGKSSD3XFQ/</guid><dc:creator><![CDATA[ LIBERATION,  AFP]]></dc:creator><description><![CDATA[Les habitués de l’avion peuvent bénéficier depuis ce lundi 10 février de bons d’achat pour acquérir des billets de train. Il faudra cependant avoir dépensé 1 925 euros pour obtenir une réduction de 25 euros.]]></description><pubDate>Mon, 10 Feb 2025 16:19:47 +0000</pubDate><media:content url="https://liberation-liberation-prod.cdn.arcpublishing.com/resizer/rAGTVh5_FtweZ5NehamEDDWHaSs=/cloudfront-eu-central-1.images.arcpublishing.com/liberation/CJFMLHWPHFATRNYASN55D2XXIQ.jpg" type="image/jpeg" height="4000" width="6000"><media:description type="plain"><![CDATA[Un logo Air France sur un smartphone.]]></media:description><media:credit role="author" scheme="urn:ebu">Nikolas Kokovlis</media:credit></media:content></item><item><title><![CDATA[Sommet à Paris : les travailleurs, victimes inégales de l’IA]]></title><link>https://www.liberation.fr/economie/economie-numerique/sommet-a-paris-les-travailleurs-inegales-victimes-de-lia-20250210_CC4EYLASONCFTFLCP4KTICJHU4/</link><guid isPermaLink="true">https://www.liberation.fr/economie/economie-numerique/sommet-a-paris-les-travailleurs-inegales-victimes-de-lia-20250210_CC4EYLASONCFTFLCP4KTICJHU4/</guid><dc:creator><![CDATA[Elise Viniacourt]]></dc:creator><description><![CDATA[Patrons, syndicats et organisations internationales se sont réunis ce lundi 10 février lors d’une table ronde pour échanger sur l’avenir du travail et la menace de l’automatisation qui pèse sur les emplois.]]></description><pubDate>Mon, 10 Feb 2025 14:53:19 +0000</pubDate><media:content url="https://liberation-liberation-prod.cdn.arcpublishing.com/resizer/aMsKfRXeciT_Xp1mw0QhM3hpsuU=/cloudfront-eu-central-1.images.arcpublishing.com/liberation/CMVNRRG7ZJAJ5COU3Y53WBU4XE.jpg" type="image/jpeg" height="5000" width="3335"><media:description type="plain"><![CDATA[L'Organisation internationale du travail prédit que 2,3 % des emplois seront automatisés dans le monde.]]></media:description><media:credit role="author" scheme="urn:ebu">Denis Allard</media:credit></media:content></item><item><title><![CDATA[Sommet à Paris : un partenariat mondial pour une IA «au service de l’intérêt général»]]></title><link>https://www.liberation.fr/economie/economie-numerique/sommet-a-paris-un-partenariat-mondial-pour-une-ia-au-service-de-linteret-general-20250210_DGVAKMGQAFGVPMFRZYGMAFWX4U/</link><guid isPermaLink="true">https://www.liberation.fr/economie/economie-numerique/sommet-a-paris-un-partenariat-mondial-pour-une-ia-au-service-de-linteret-general-20250210_DGVAKMGQAFGVPMFRZYGMAFWX4U/</guid><dc:creator><![CDATA[Elise Viniacourt]]></dc:creator><description><![CDATA[En amont du sommet parisien, ouvert ce lundi 10 février, la France lançait, avec neuf autres pays, la fondation Current AI, afin de promouvoir un usage vertueux de l’IA. Parmi les start-up collaborant au projet, la Française Pleias.]]></description><pubDate>Mon, 10 Feb 2025 14:43:10 +0000</pubDate><media:content url="https://liberation-liberation-prod.cdn.arcpublishing.com/resizer/Ig-qHdQ-el2ZGIsMZKBnhwIgCHw=/cloudfront-eu-central-1.images.arcpublishing.com/liberation/O64QMX7TSREYFD3UIU2Y2H74PM.jpg" type="image/jpeg" height="3808" width="2544"><media:description type="plain"><![CDATA[Emmanuel Macron dimanche 9 février, à Paris.]]></media:description><media:credit role="author" scheme="urn:ebu">Gonzalo Fuentes</media:credit></media:content></item><item><title><![CDATA[L’IA durable, entre vœu pieux et opportunité de marché]]></title><link>https://www.liberation.fr/economie/economie-numerique/lia-durable-entre-voeu-pieux-et-opportunite-de-marche-20250210_RRW3GZT5KFDSRCH4MIAYXKFKYE/</link><guid isPermaLink="true">https://www.liberation.fr/economie/economie-numerique/lia-durable-entre-voeu-pieux-et-opportunite-de-marche-20250210_RRW3GZT5KFDSRCH4MIAYXKFKYE/</guid><dc:creator><![CDATA[Olivier Monod]]></dc:creator><description><![CDATA[Avec l’avènement de l’intelligence artificielle, se pose la question de l’impact environnemental des centres de données, mais aussi les conséquences sur la consommation et la répartition électrique globale. Le ministère français de la Transition écologique, lui, y voit l’occasion d’être compétitif.]]></description><pubDate>Mon, 10 Feb 2025 05:48:00 +0000</pubDate><media:content url="https://liberation-liberation-prod.cdn.arcpublishing.com/resizer/TMETyZQJCxcE1NdlI2RNwIs72dU=/cloudfront-eu-central-1.images.arcpublishing.com/liberation/WY55KSFRWRE4PED7G2BAGJMNMI.jpg" type="image/jpeg" height="3333" width="5000"><media:description type="plain"><![CDATA[Vue extérieure du centre de données de Google à Eemshaven, aux Pays-Bas en juin 2021.]]></media:description><media:credit role="author" scheme="urn:ebu">Robin Utrecht</media:credit></media:content></item><item><title><![CDATA[ChatGPT à «l’Est républicain» : Eric Barbier, un délégué syndical à l’offensive contre l’IA dans les médias]]></title><link>https://www.liberation.fr/economie/medias/chatgpt-a-lest-republicain-eric-barbier-un-delegue-syndical-a-loffensive-20250210_HZJOWL7QRBBKZAKV2BWL34RVTQ/</link><guid isPermaLink="true">https://www.liberation.fr/economie/medias/chatgpt-a-lest-republicain-eric-barbier-un-delegue-syndical-a-loffensive-20250210_HZJOWL7QRBBKZAKV2BWL34RVTQ/</guid><dc:creator><![CDATA[Adrien Franque]]></dc:creator><description><![CDATA[Témoin d’une expérimentation de l’intelligence artificielle générative au sein de sa rédaction, le journaliste est devenu l’une des principales voix critiques de son utilisation dans les médias. Au point d’être à l’initiative d’un contre-sommet de l’IA lundi 10 février à Paris.]]></description><pubDate>Mon, 10 Feb 2025 05:20:00 +0000</pubDate><media:content url="https://liberation-liberation-prod.cdn.arcpublishing.com/resizer/1c4U2RWa8tL9YYkrAXKomTsMP34=/cloudfront-eu-central-1.images.arcpublishing.com/liberation/FCAW27A6L5BUTB2W7O6I5B6UTI.jpg" type="image/jpeg" height="3648" width="5472"><media:description type="plain"><![CDATA[Eric Barbier, délégué syndical SNJ et journaliste à «l'Est républicain», le 31 janvier à Paris.]]></media:description><media:credit role="author" scheme="urn:ebu">Cha Gonzalez</media:credit></media:content></item><item><title><![CDATA[Sommet sur l’IA à Paris : la France se pose en tech pensante]]></title><link>https://www.liberation.fr/economie/economie-numerique/sommet-pour-laction-sur-lintelligence-artificielle-la-france-se-pose-en-tech-pensante-20250209_BXFH3TG6BZDYDLTJJXW4WE774A/</link><guid isPermaLink="true">https://www.liberation.fr/economie/economie-numerique/sommet-pour-laction-sur-lintelligence-artificielle-la-france-se-pose-en-tech-pensante-20250209_BXFH3TG6BZDYDLTJJXW4WE774A/</guid><dc:creator><![CDATA[Amaelle Guiton, Elise Viniacourt]]></dc:creator><description><![CDATA[Chefs d’Etats et de gouvernement, institutions, entrepreneurs et société civile se réunissent ce lundi 10 et mardi 11 février dans le cadre du grand raout parisien. L’objectif : dessiner les contours d’une voie capable de peser face aux mastodontes américains et chinois. Macron a annoncé 109 milliards d’investissements privés «dans les prochaines années». ]]></description><pubDate>Sun, 09 Feb 2025 20:39:27 +0000</pubDate><media:content url="https://liberation-liberation-prod.cdn.arcpublishing.com/resizer/IBWCysWjSBbBcx0rHGoiop3lljc=/cloudfront-eu-central-1.images.arcpublishing.com/liberation/IB37RO4WHBHWRFYG26EXGYFEUY.jpg" type="image/jpeg" height="4094" width="5458"><media:description type="plain"><![CDATA[Photomontage réalisé à partir d’images de la photographe Henrike Stahl et de la banque d’images Unsplash.]]></media:description><media:credit role="author" scheme="urn:ebu">Henrike Stahl</media:credit></media:content></item><item><title><![CDATA[Sommet de Paris : la chasse à l’IA]]></title><link>https://www.liberation.fr/idees-et-debats/editorial/sommet-de-paris-la-chasse-a-lia-20250209_KSSNBLJBRVC6PGRJHC5IGSTEGU/</link><guid isPermaLink="true">https://www.liberation.fr/idees-et-debats/editorial/sommet-de-paris-la-chasse-a-lia-20250209_KSSNBLJBRVC6PGRJHC5IGSTEGU/</guid><dc:creator><![CDATA[Dov Alfon]]></dc:creator><description><![CDATA[Dans un secteur en pleine croissance et sans garde-fous, la France espère tirer son épingle du jeu face aux concurrents chinois et américains.]]></description><pubDate>Sun, 09 Feb 2025 19:40:24 +0000</pubDate><media:content url="https://liberation-liberation-prod.cdn.arcpublishing.com/resizer/Y3KU1ubCOeq10MW1gHytchC7c2U=/cloudfront-eu-central-1.images.arcpublishing.com/liberation/DNBTDFWCONELDBAF7OFDMFY4C4.jpg" type="image/jpeg" height="4409" width="3780"><media:credit role="author" scheme="urn:ebu">coco</media:credit></media:content></item><item><title><![CDATA[«Chatbot», «prompt», «slop»… l’ABC de l’IA]]></title><link>https://www.liberation.fr/economie/economie-numerique/chatbot-prompt-slop-labc-de-lia-20250209_5ROEY5LHW5CZHHQE5CLXPZYLSY/</link><guid isPermaLink="true">https://www.liberation.fr/economie/economie-numerique/chatbot-prompt-slop-labc-de-lia-20250209_5ROEY5LHW5CZHHQE5CLXPZYLSY/</guid><dc:creator><![CDATA[Arthur Cerf, Christian Losson]]></dc:creator><description><![CDATA[Avant le sommet qui s’ouvre à Paris ce lundi 10 février, tout ce que vous avez toujours voulu savoir sur l’intelligence artificielle sans oser le demander.]]></description><pubDate>Sun, 09 Feb 2025 16:40:51 +0000</pubDate><media:content url="https://liberation-liberation-prod.cdn.arcpublishing.com/resizer/UL81JauDdZk8d29v6dWbNZb2ra8=/cloudfront-eu-central-1.images.arcpublishing.com/liberation/DTBMBMDCIJHIDNSZ7UKBMLNNNE.jpg" type="image/jpeg" height="3335" width="5000"><media:description type="plain"><![CDATA[Au salon Vivatech 2024, le 22 mai à Paris.]]></media:description><media:credit role="author" scheme="urn:ebu">Denis Allard</media:credit></media:content></item><item><title><![CDATA[Remplacées par ChatGPT, les «petites mains» africaines du web voient fondre leurs revenus]]></title><link>https://www.liberation.fr/checknews/remplacees-par-chatgpt-les-petites-mains-africaines-du-web-voient-fondre-leurs-revenus-20250209_QAYYKAD3JRATBHK56XYHDNHHFE/</link><guid isPermaLink="true">https://www.liberation.fr/checknews/remplacees-par-chatgpt-les-petites-mains-africaines-du-web-voient-fondre-leurs-revenus-20250209_QAYYKAD3JRATBHK56XYHDNHHFE/</guid><dc:creator><![CDATA[Jacques Pezet, Florian Gouthière]]></dc:creator><description><![CDATA[L’apparition de l’intelligence artificielle a fortement bousculé le secteur des rédacteurs francophones, entre clients envolés et perte de sens de leur métier.]]></description><pubDate>Sun, 09 Feb 2025 07:30:00 +0000</pubDate><media:content url="https://liberation-liberation-prod.cdn.arcpublishing.com/resizer/4LtAqzcVlsopJO1MyZKIVas1egA=/cloudfront-eu-central-1.images.arcpublishing.com/liberation/JH3IOBGKZBBMZC2FHKXDLKM53E.jpg" type="image/jpeg" height="2016" width="3024"><media:description type="plain"><![CDATA[«Avant Chat GPT je gagnais à peu près 2 500 euros par mois», témoigne une rédactrice. «Aujourd’hui, c’est la moitié.»]]></media:description><media:credit role="author" scheme="urn:ebu">Henrike Stahl</media:credit></media:content></item><item><title><![CDATA[Decathlon : la fausse promesse du sport «accessible pour tous» et responsable]]></title><link>https://www.liberation.fr/economie/conso/decathlon-la-fausse-promesse-du-sport-accessible-pour-tous-et-responsable-20250208_ERVROYMGCJAZZGTQFBL4QMY2VI/</link><guid isPermaLink="true">https://www.liberation.fr/economie/conso/decathlon-la-fausse-promesse-du-sport-accessible-pour-tous-et-responsable-20250208_ERVROYMGCJAZZGTQFBL4QMY2VI/</guid><dc:creator><![CDATA[Emma Donada]]></dc:creator><description><![CDATA[Petits prix, innovation et engagement… La recette du succès de l’enseigne d’équipement et de vêtement sportif repose sur des pratiques dignes des grandes enseignes low-cost, selon une enquête réalisée par plusieurs médias.]]></description><pubDate>Sat, 08 Feb 2025 09:44:00 +0000</pubDate><media:content url="https://liberation-liberation-prod.cdn.arcpublishing.com/resizer/0poe_9vAi3y_T5Uij-0zSoQ9aEE=/cloudfront-eu-central-1.images.arcpublishing.com/liberation/2F5YFB5GCJDWVCSPAD32QE4C4Y.jpg" type="image/jpeg" height="3602" width="5403"><media:description type="plain"><![CDATA[L'enquête de «Disclose» et «Cash Investigation» montre que, dans sa recherche du prix le moins cher, Decathlon a tiré profit du pire côté de la mondialisation via une partie de ses sous-traitants les plus importants.]]></media:description><media:credit role="author" scheme="urn:ebu">Stéphane Mouchmouche </media:credit></media:content></item><item><title><![CDATA[«J’ai écrit 20 lignes et ChatGPT m’a fait les 40 autres» : comment l’IA modifie les pratiques des journalistes]]></title><link>https://www.liberation.fr/checknews/jai-ecrit-20-lignes-et-chatgpt-ma-fait-les-40-autres-comment-lia-modifie-les-pratiques-des-journalistes-20250208_KRQVNECQGRCVNLGZO2JUXCC45I/</link><guid isPermaLink="true">https://www.liberation.fr/checknews/jai-ecrit-20-lignes-et-chatgpt-ma-fait-les-40-autres-comment-lia-modifie-les-pratiques-des-journalistes-20250208_KRQVNECQGRCVNLGZO2JUXCC45I/</guid><dc:creator><![CDATA[Coppélia Piccolo, Florian Gouthière]]></dc:creator><description><![CDATA[Des journalistes de presse généraliste, notamment les plus jeunes, confient à «CheckNews» se servir au quotidien des outils d’IA pour rédiger leurs articles, le plus souvent à l’insu de leur direction. Même si certains médias revendiquent l’utilisation du robot rédacteur pour certains contenus.]]></description><pubDate>Sat, 08 Feb 2025 07:05:00 +0000</pubDate><media:content url="https://liberation-liberation-prod.cdn.arcpublishing.com/resizer/A178pyR41oR4QviRoTBute5Ws1E=/cloudfront-eu-central-1.images.arcpublishing.com/liberation/IOM2GX25GNBQPLVEWQB442F32U.jpg" type="image/jpeg" height="2987" width="4480"><media:description type="plain"><![CDATA[Si l’utilisation de l’IA générative par de nombreux sites peu scrupuleux inquiète les médias, le robot s’est aussi immiscé dans les salles de rédaction des médias régionaux comme nationaux.]]></media:description><media:credit role="author" scheme="urn:ebu">Henrike Stahl</media:credit></media:content></item><item><title><![CDATA[Confronté à une baisse de ses ventes, Tesla n’est plus seul en son royaume électrique]]></title><link>https://www.liberation.fr/economie/transports/confronte-a-une-baisse-de-ses-ventes-tesla-nest-plus-seul-en-son-royaume-electrique-20250207_NFKYGQFINBAWFEE5S6A6WAOLOI/</link><guid isPermaLink="true">https://www.liberation.fr/economie/transports/confronte-a-une-baisse-de-ses-ventes-tesla-nest-plus-seul-en-son-royaume-electrique-20250207_NFKYGQFINBAWFEE5S6A6WAOLOI/</guid><dc:creator><![CDATA[Damien Dole]]></dc:creator><description><![CDATA[Les véhicules de l’entreprise d’Elon Musk, qui apparaissaient longtemps comme incontournables sur le marché de l’électrique, cèdent du terrain face à la concurrence européenne et chinoise.]]></description><pubDate>Fri, 07 Feb 2025 19:31:24 +0000</pubDate><media:content url="https://liberation-liberation-prod.cdn.arcpublishing.com/resizer/U2lic6DTTXXlM_FgAoWUb7H_lgg=/cloudfront-eu-central-1.images.arcpublishing.com/liberation/MJX5IMNCCBFB5P2KRT32AGA27U.jpg" type="image/jpeg" height="3648" width="5472"><media:description type="plain"><![CDATA[Le stand du chinois BYD, à Bruxelles, le 11 janvier.]]></media:description><media:credit role="author" scheme="urn:ebu">Zhao Dingzhe</media:credit></media:content></item><item><title><![CDATA[Sommet de l’IA à Paris : chez les étudiants, «on ne peut pas dire que la French Tech fasse rêver»]]></title><link>https://www.liberation.fr/economie/economie-numerique/sommet-de-lia-a-paris-chez-les-etudiants-on-ne-peut-pas-dire-que-la-french-tech-fasse-rever-20250206_BGVMDYEKJFCUDMWWLVHD3KLO2M/</link><guid isPermaLink="true">https://www.liberation.fr/economie/economie-numerique/sommet-de-lia-a-paris-chez-les-etudiants-on-ne-peut-pas-dire-que-la-french-tech-fasse-rever-20250206_BGVMDYEKJFCUDMWWLVHD3KLO2M/</guid><dc:creator><![CDATA[Elise Viniacourt]]></dc:creator><description><![CDATA[Sur le campus de Polytechnique, deux Journées scientifiques se déroulent à partir de ce jeudi 6 février, en amont du grand Sommet de l’IA, les 10 et 11 février, au Grand Palais, à Paris. Rencontre avec les étudiants présents sur place, entre fascination et répulsion.]]></description><pubDate>Thu, 06 Feb 2025 18:52:20 +0000</pubDate><media:content url="https://liberation-liberation-prod.cdn.arcpublishing.com/resizer/ZK8_877kKYrYE8UIXzLsS_jRlP8=/cloudfront-eu-central-1.images.arcpublishing.com/liberation/GMN7BXDDGBHFZBBQI6HOBTAEA4.jpg" type="image/jpeg" height="4755" width="7133"><media:description type="plain"><![CDATA[Au sommet sur l'IA, à Saclay, le 6 février 2025.]]></media:description><media:credit role="author" scheme="urn:ebu">Joel Saget</media:credit></media:content></item><item><title><![CDATA[Hanouna, «Une ambition intime», Mimi Marchand : les campagnes de Karine Le Marchand  ]]></title><link>https://www.liberation.fr/economie/medias/hanouna-ambition-intime-mimi-marchand-les-campagnes-de-karine-le-marchand-20250206_OYL6L57XQFFXZJQ47BMVK6GSU4/</link><guid isPermaLink="true">https://www.liberation.fr/economie/medias/hanouna-ambition-intime-mimi-marchand-les-campagnes-de-karine-le-marchand-20250206_OYL6L57XQFFXZJQ47BMVK6GSU4/</guid><dc:creator><![CDATA[Charlotte Chaffanjon]]></dc:creator><description><![CDATA[En apprenant que le présentateur de «TPMP» pouvait rejoindre M6, l’animatrice préférée des Français a menacé de démissionner. Bien plus politique qu’on ne l’imagine, elle défend ses choix.]]></description><pubDate>Thu, 06 Feb 2025 12:47:19 +0000</pubDate><media:content url="https://liberation-liberation-prod.cdn.arcpublishing.com/resizer/BtympsRbtRVo7cu734Dyw2pBDEE=/cloudfront-eu-central-1.images.arcpublishing.com/liberation/XCPWDNPI5ZG75NWLPD727ZPKNM.jpg" type="image/jpeg" height="4016" width="6016"><media:description type="plain"><![CDATA[Karine Le Marchand à Paris, le 29 janvier 2024 lors du mouvement de colère des agriculteurs.]]></media:description><media:credit role="author" scheme="urn:ebu">Florian Poitout</media:credit></media:content></item><item><title><![CDATA[«Ce n’est pas bien, mais ça permet de mieux manger» : face à la précarité, des étudiants tentés par l’illégalité]]></title><link>https://www.liberation.fr/societe/ce-nest-pas-bien-mais-ca-permet-de-mieux-manger-face-a-la-precarite-des-etudiants-tentes-par-lillegalite-20250202_H2J5SC4PMJAHPJMEPZ4GTCGCYE/</link><guid isPermaLink="true">https://www.liberation.fr/societe/ce-nest-pas-bien-mais-ca-permet-de-mieux-manger-face-a-la-precarite-des-etudiants-tentes-par-lillegalite-20250202_H2J5SC4PMJAHPJMEPZ4GTCGCYE/</guid><dc:creator><![CDATA[Adèle Pétret]]></dc:creator><description><![CDATA[Voler au supermarché, sous-louer sans l’accord du propriétaire, frauder les transports : alors que plus d’un étudiant sur deux vit avec moins de 2 euros par jour, nombre d’entre eux se tournent vers des actes illicites pour survivre, malgré les risques.]]></description><pubDate>Sun, 02 Feb 2025 07:00:00 +0000</pubDate><media:content url="https://liberation-liberation-prod.cdn.arcpublishing.com/resizer/SEBv55cy0gByPG1NAEEHqJl2ACA=/cloudfront-eu-central-1.images.arcpublishing.com/liberation/PKQ6SRCPGFAP7HCFL6UJTRH5OE.jpg" type="image/jpeg" height="2160" width="3840"><media:description type="plain"><![CDATA[Claire : «Sur un ticket de caisse à 30 euros, j’économise en moyenne 10 à 15 euros. Et honnêtement, je suis à 10 euros près.»]]></media:description><media:credit role="author" scheme="urn:ebu">Stockah</media:credit></media:content></item><item><title><![CDATA[Animaux de compagnie: les croquettes aux insectes au menu de la grande distribution]]></title><link>https://www.liberation.fr/lifestyle/gastronomie/animaux-de-compagnie-les-croquettes-aux-insectes-au-menu-de-la-grande-distribution-20220520_2LHX7ARVVRCRTMTNDMDETZSTCA/</link><guid isPermaLink="true">https://www.liberation.fr/lifestyle/gastronomie/animaux-de-compagnie-les-croquettes-aux-insectes-au-menu-de-la-grande-distribution-20220520_2LHX7ARVVRCRTMTNDMDETZSTCA/</guid><dc:creator><![CDATA[Florian Bardou]]></dc:creator><description><![CDATA[Après une levée de fonds de 1,8 million d’euros, la start-up Reglo va déployer chez Monoprix ses produits aux insectes pour chiens et chats, jusque-là vendus en ligne. Le signe d’un intérêt accru du marché pour les protéines alternatives dans l’alimentation animale.  ]]></description><pubDate>Fri, 20 May 2022 07:00:00 +0000</pubDate><media:content url="https://liberation-liberation-prod.cdn.arcpublishing.com/resizer/cfWrXo7zU5Ib8aRaYCOjQLs1aNY=/cloudfront-eu-central-1.images.arcpublishing.com/liberation/4EW5HWW6X5F5BCOBWJXM6J2SRA.jpg" type="image/jpeg" height="2327" width="3165"><media:description type="plain"><![CDATA[Une mouche soldat noire.]]></media:description><media:credit role="author" scheme="urn:ebu">Arne Dedert</media:credit></media:content></item></channel></rss>