<?xml version="1.0" encoding="UTF-8"?><rss xmlns:atom="http://www.w3.org/2005/Atom" xmlns:content="http://purl.org/rss/1.0/modules/content/" xmlns:dc="http://purl.org/dc/elements/1.1/" xmlns:sy="http://purl.org/rss/1.0/modules/syndication/" version="2.0" xmlns:media="http://search.yahoo.com/mrss/"><channel><title><![CDATA[Libération]]></title><link>https://www.liberation.fr</link><atom:link href="https://www.liberation.fr/arc/outboundfeeds/rss-all/category/forums/" rel="self" type="application/rss+xml"/><description><![CDATA[Libération News Feed]]></description><lastBuildDate>Tue, 11 Feb 2025 15:45:13 +0000</lastBuildDate><language>fr</language><ttl>1</ttl><sy:updatePeriod>hourly</sy:updatePeriod><sy:updateFrequency>1</sy:updateFrequency><image><url>https://liberation-liberation-prod.cdn.arcpublishing.com/resizer/NDhvymtydpZl4sImd-sUL72q8YM=/arc-photo-liberation/eu-central-1-prod/public/3QH5F2WEITAV2N22T6S3ECTWJ4.png</url><title>Libération</title><link>https://www.liberation.fr</link></image><item><title><![CDATA[Quand Zola partait de bon matin… à bicyclette]]></title><link>https://www.liberation.fr/forums/quand-zola-partait-de-bon-matin-a-bicyclette-20250210_LQG232CQYJH5FBMQRROKROC77E/</link><guid isPermaLink="true">https://www.liberation.fr/forums/quand-zola-partait-de-bon-matin-a-bicyclette-20250210_LQG232CQYJH5FBMQRROKROC77E/</guid><dc:creator><![CDATA[Didier Arnaud]]></dc:creator><description><![CDATA[Jean-Paul Vespini, journaliste et grand spécialiste du cyclisme en France, nous dévoile la passion de l’écrivain pour son vélo.]]></description><pubDate>Mon, 10 Feb 2025 12:33:00 +0000</pubDate><media:content url="https://liberation-liberation-prod.cdn.arcpublishing.com/resizer/DM1sb9beW4qVO5ZXjHgcUcPva-M=/cloudfront-eu-central-1.images.arcpublishing.com/liberation/CISAGYADQVBY3FT5PLTBN5YJXI.jpg" type="image/jpeg" height="3776" width="2831"><media:description type="plain"><![CDATA[Emile Zola (1840-1902), écrivain et journaliste francais, avec sa bicyclette.]]></media:description><media:credit role="author" scheme="urn:ebu">Albert Harlingue</media:credit></media:content></item></channel></rss>