<?xml version="1.0" encoding="UTF-8"?><rss xmlns:atom="http://www.w3.org/2005/Atom" xmlns:content="http://purl.org/rss/1.0/modules/content/" xmlns:dc="http://purl.org/dc/elements/1.1/" xmlns:sy="http://purl.org/rss/1.0/modules/syndication/" version="2.0" xmlns:media="http://search.yahoo.com/mrss/"><channel><title><![CDATA[Libération]]></title><link>https://www.liberation.fr</link><atom:link href="https://www.liberation.fr/arc/outboundfeeds/rss-all/" rel="self" type="application/rss+xml"/><description><![CDATA[Libération News Feed]]></description><lastBuildDate>Tue, 11 Feb 2025 15:42:12 +0000</lastBuildDate><language>fr</language><ttl>1</ttl><sy:updatePeriod>hourly</sy:updatePeriod><sy:updateFrequency>1</sy:updateFrequency><image><url>https://liberation-liberation-prod.cdn.arcpublishing.com/resizer/NDhvymtydpZl4sImd-sUL72q8YM=/arc-photo-liberation/eu-central-1-prod/public/3QH5F2WEITAV2N22T6S3ECTWJ4.png</url><title>Libération</title><link>https://www.liberation.fr</link></image><item><title><![CDATA[Municipales à Paris : vers une primaire au Parti socialiste en avril ?]]></title><link>https://www.liberation.fr/politique/municipales-a-paris-vers-une-primaire-au-parti-socialiste-en-avril-20250211_6I7OCKLNZRFL3MUXADFJ36ACIU/</link><guid isPermaLink="true">https://www.liberation.fr/politique/municipales-a-paris-vers-une-primaire-au-parti-socialiste-en-avril-20250211_6I7OCKLNZRFL3MUXADFJ36ACIU/</guid><dc:creator><![CDATA[Sacha Nelken]]></dc:creator><description><![CDATA[La direction du PS devrait proposer à ses militants parisiens de trancher le 3 avril entre les candidatures de Rémi Féraud et d’Emmanuel Grégoire.]]></description><pubDate>Tue, 11 Feb 2025 15:36:40 +0000</pubDate><media:content url="https://liberation-liberation-prod.cdn.arcpublishing.com/resizer/WahDukV6kz21j9NUweeBsLubpQs=/cloudfront-eu-central-1.images.arcpublishing.com/liberation/NQBGWSLCBNG7JHZMKULLYP7HZI.jpg" type="image/jpeg" height="4928" width="7416"><media:description type="plain"><![CDATA[Rémi Féraud, candidat soutenu par Anne Hidalgo, lors de son premier déplacement de campagne, le 28 novembre dans le XXe arrondissement de Paris.]]></media:description><media:credit role="author" scheme="urn:ebu">Stéphane Lagoutte</media:credit></media:content></item><item><title><![CDATA[Relaxe au goût amer pour les Scientifiques en rébellion : «C’est une goutte d’eau dans un océan de défaites»]]></title><link>https://www.liberation.fr/environnement/relaxe-au-gout-amer-pour-les-scientifiques-en-rebellion-cest-une-goutte-deau-dans-un-ocean-de-defaites-20250211_E4D2LAIPVFFZNEE35MFPNJPYRM/</link><guid isPermaLink="true">https://www.liberation.fr/environnement/relaxe-au-gout-amer-pour-les-scientifiques-en-rebellion-cest-une-goutte-deau-dans-un-ocean-de-defaites-20250211_E4D2LAIPVFFZNEE35MFPNJPYRM/</guid><dc:creator><![CDATA[Anaïs Moran]]></dc:creator><description><![CDATA[Seize personnes, dont cinq scientifiques, poursuivies pour avoir mené une action militante au Havre en 2023 ont été mises hors de cause par la justice lundi 10 février. Le chercheur Hugo Raguet, relaxé, n’arrive pas à y voir une victoire tant «le blacklash environnemental» n’épargne aucune partie du monde.]]></description><pubDate>Tue, 11 Feb 2025 15:34:35 +0000</pubDate><media:content url="https://liberation-liberation-prod.cdn.arcpublishing.com/resizer/36ErcZEYPE3JoWYAQfVntUhjgco=/cloudfront-eu-central-1.images.arcpublishing.com/liberation/JRVZJKLKUNG75NKSSPL2445ESI.jpg" type="image/jpeg" height="5450" width="8167"><media:description type="plain"><![CDATA[Le collectif Scientifiques en rébellion lors de leur action de blocage au port du Havres le 12 mai 2023, qui a valu à 16 personnes un passage devant la justice avant d'être relaxées.]]></media:description><media:credit role="author" scheme="urn:ebu">Edouard Monfrais-Albertini</media:credit></media:content></item><item><title><![CDATA[«Le Mohican» de Frédéric Farrucci, corps à Corse]]></title><link>https://www.liberation.fr/culture/le-mohican-de-frederic-farrucci-corps-a-corse-20250211_TVIGSKXJGVC4FOUYHIHL4JXCM4/</link><guid isPermaLink="true">https://www.liberation.fr/culture/le-mohican-de-frederic-farrucci-corps-a-corse-20250211_TVIGSKXJGVC4FOUYHIHL4JXCM4/</guid><dc:creator><![CDATA[Didier Péron]]></dc:creator><description><![CDATA[Entre western et film noir, le cinéaste suit la cavale d’un berger corse indocile aux prises avec des spéculateurs sans scrupule. Un peu manichéen mais convaincant. ]]></description><pubDate>Tue, 11 Feb 2025 15:28:00 +0000</pubDate><media:content url="https://liberation-liberation-prod.cdn.arcpublishing.com/resizer/_6CmSrjCK0Fq5ldemBWvjO3zgVc=/cloudfront-eu-central-1.images.arcpublishing.com/liberation/3YJLPJPOWBFKFPLSGI3IXWJV5Q.jpg" type="image/jpeg" height="1716" width="4096"><media:description type="plain"><![CDATA[Avec justesse, Alexis Manenti incarne Joseph, héros taiseux et déterminé.]]></media:description></media:content></item><item><title><![CDATA[«Des propos outrageants et méprisants» : Jean-Claude Dassier condamné après une tirade anti-musulmans sur CNews]]></title><link>https://www.liberation.fr/economie/medias/des-propos-outrageants-et-meprisants-jean-claude-dassier-condamne-apres-une-tirade-anti-musulmans-sur-cnews-20250211_7O6LWTLFE5CKDOPK4DMCZVE2TA/</link><guid isPermaLink="true">https://www.liberation.fr/economie/medias/des-propos-outrageants-et-meprisants-jean-claude-dassier-condamne-apres-une-tirade-anti-musulmans-sur-cnews-20250211_7O6LWTLFE5CKDOPK4DMCZVE2TA/</guid><dc:creator><![CDATA[ LIBERATION,  AFP]]></dc:creator><description><![CDATA[Le chroniqueur de la chaîne de Vincent Bolloré, ancien patron de LCI et de l’OM, a été écopé lundi 10 février de 1 000 euros d’amende, après avoir dit à l’antenne : «Les musulmans, ils s’en foutent de la République».]]></description><pubDate>Tue, 11 Feb 2025 15:25:28 +0000</pubDate><media:content url="https://liberation-liberation-prod.cdn.arcpublishing.com/resizer/Pkp4lKj15QwQvsr6XVn20uNhL2c=/cloudfront-eu-central-1.images.arcpublishing.com/liberation/NDQFAA3X2FEL7DR6RDRCIMKH3Y.jpg" type="image/jpeg" height="4111" width="6173"><media:description type="plain"><![CDATA[Jean-Claude Dassier à Paris, le 23 juillet 2024.]]></media:description><media:credit role="author" scheme="urn:ebu">Bertrand Guay</media:credit></media:content></item><item><title><![CDATA[Affaire Doualemn : l’annulation de l’OQTF de l’influenceur algérien, dénoncée par Darmanin, se fonde-t-elle sur sa propre loi immigration ?]]></title><link>https://www.liberation.fr/checknews/affaire-doualemn-lannulation-de-loqtf-de-linfluenceur-algerien-denoncee-par-darmanin-se-fonde-t-elle-sur-sa-propre-loi-immigration-20250211_NHIKU4CXVRGNJDW3DCYY7N3NUE/</link><guid isPermaLink="true">https://www.liberation.fr/checknews/affaire-doualemn-lannulation-de-loqtf-de-linfluenceur-algerien-denoncee-par-darmanin-se-fonde-t-elle-sur-sa-propre-loi-immigration-20250211_NHIKU4CXVRGNJDW3DCYY7N3NUE/</guid><dc:creator><![CDATA[Coppélia Piccolo]]></dc:creator><description><![CDATA[Après l’annulation par la justice administrative de l’expulsion de l’influenceur algérien, Gérald Darmanin a proposé de «modifier la loi». Ce revers repose pourtant sur l’un des articles de la loi immigration qu’il a portée en janvier 2024.]]></description><pubDate>Tue, 11 Feb 2025 15:24:10 +0000</pubDate><media:content url="https://liberation-liberation-prod.cdn.arcpublishing.com/resizer/vvmzHK2O_ZHpZmrU_QBrykfHi9c=/cloudfront-eu-central-1.images.arcpublishing.com/liberation/LXV3BGSSG5HJFCOR27OCOML4YM.jpg" type="image/jpeg" height="3543" width="5307"><media:description type="plain"><![CDATA[Le ministre de la Justice, Gérald Darmanin, le 5 février 2025 à l'Elysée.]]></media:description><media:credit role="author" scheme="urn:ebu">Andrea Savorani Neri</media:credit></media:content></item><item><title><![CDATA[A Cogolin, des habitants toujours en lutte contre les projets immobiliers de leur maire zemmouriste]]></title><link>https://www.liberation.fr/politique/a-cogolin-des-habitants-toujours-en-lutte-contre-les-projets-immobiliers-de-leur-maire-zemmouriste-20250211_5IQYPWGL65ACXK3DP43UZF5HOU/</link><guid isPermaLink="true">https://www.liberation.fr/politique/a-cogolin-des-habitants-toujours-en-lutte-contre-les-projets-immobiliers-de-leur-maire-zemmouriste-20250211_5IQYPWGL65ACXK3DP43UZF5HOU/</guid><dc:creator><![CDATA[Tristan Berteloot]]></dc:creator><description><![CDATA[Condamné à dix-huit mois de prison avec sursis et trois ans de privation de droits civiques dans une affaire d’abus de faiblesse en septembre, Marc-Etienne Lansade, ex-agent immobilier, persiste dans sa volonté de faire construire sur cette commune du golfe de Saint-Tropez. Une association se bat contre cet appétit de béton.]]></description><pubDate>Tue, 11 Feb 2025 15:23:44 +0000</pubDate><media:content url="https://liberation-liberation-prod.cdn.arcpublishing.com/resizer/-PexyYHEJPBFZ1f7zv2pod5ZBMg=/cloudfront-eu-central-1.images.arcpublishing.com/liberation/TJNBB7HTWRHH5H5FTRBCALXDPU.jpg" type="image/jpeg" height="3038" width="4564"><media:description type="plain"><![CDATA[Marc-Etienne Lansade à Cogolin, le 12 juin 2022.]]></media:description><media:credit role="author" scheme="urn:ebu">Laurent Coust</media:credit></media:content></item><item><title><![CDATA[IA et défense : la vertigineuse mutation des champs de bataille]]></title><link>https://www.liberation.fr/international/europe/ia-et-defense-la-vertigineuse-mutation-des-champs-de-bataille-20250211_YZEW2QLJQFAZ3NIUPM6ZU2FEKA/</link><guid isPermaLink="true">https://www.liberation.fr/international/europe/ia-et-defense-la-vertigineuse-mutation-des-champs-de-bataille-20250211_YZEW2QLJQFAZ3NIUPM6ZU2FEKA/</guid><dc:creator><![CDATA[Amaelle Guiton]]></dc:creator><description><![CDATA[Le ministère des Armées organisait lundi 10 février une après-midi de débats dans le cadre du sommet de Paris sur l’intelligence artificielle. Alors que les usages militaires s’accélèrent et que les acteurs civils prennent pied dans l’industrie de défense, les enjeux d’éthique et de droit se font de plus en plus crûment sentir.]]></description><pubDate>Tue, 11 Feb 2025 15:20:14 +0000</pubDate><media:content url="https://liberation-liberation-prod.cdn.arcpublishing.com/resizer/GZbTj7GP4sbka3OJtZHvQxDp1Ms=/cloudfront-eu-central-1.images.arcpublishing.com/liberation/M3VKFBXMARHYBLCSSRR5PHENQ4.jpg" type="image/jpeg" height="3000" width="4500"><media:description type="plain"><![CDATA[Kyiv utilise l’IA pour traiter les données recueillies par les drones. Ici à Pokrovsk, en Ukraine.]]></media:description><media:credit role="author" scheme="urn:ebu">Wolfgang Schwan</media:credit></media:content></item><item><title><![CDATA[Premiers JO de l’e-sport : prévue cette année en Arabie saoudite, la compétition finalement reportée à 2027]]></title><link>https://www.liberation.fr/sports/jeux-olympiques/premiers-jo-de-le-sport-prevue-cette-annee-en-arabie-saoudite-la-competition-finalement-reportee-a-2027-20250211_XNWII67QTNGPFAKRCFHAVD7DS4/</link><guid isPermaLink="true">https://www.liberation.fr/sports/jeux-olympiques/premiers-jo-de-le-sport-prevue-cette-annee-en-arabie-saoudite-la-competition-finalement-reportee-a-2027-20250211_XNWII67QTNGPFAKRCFHAVD7DS4/</guid><dc:creator><![CDATA[ LIBERATION,  AFP]]></dc:creator><description><![CDATA[Le Comité international olympique a annoncé ce mardi 11 février le décalage de deux ans de cette compétition inédite de jeux vidéo, en raison de la complexité pour la mettre en place.]]></description><pubDate>Tue, 11 Feb 2025 15:06:54 +0000</pubDate><media:content url="https://liberation-liberation-prod.cdn.arcpublishing.com/resizer/0Pq9iGbbu8hmABSl4GOuLPBnbPE=/cloudfront-eu-central-1.images.arcpublishing.com/liberation/XUBDHL4JKJBNDPBWPPMFE4YXLA.jpg" type="image/jpeg" height="3240" width="4591"><media:description type="plain"><![CDATA[Des visiteurs au Next World Forum, événement mondial du e-sport, le 7 septembre 2022 à Riyad.]]></media:description><media:credit role="author" scheme="urn:ebu">Fayez Nureldine</media:credit></media:content></item><item><title><![CDATA[«Je ne veux pas foutre en l’air ma scolarité» : à Paris, une centaine d’étudiants expulsés en pleine année scolaire]]></title><link>https://www.liberation.fr/societe/education/je-ne-veux-pas-foutre-en-lair-ma-scolarite-a-paris-une-centaine-detudiants-expulses-en-pleine-annee-scolaire-20250211_JAQEERC5JZCITM2LPVW6ZG5WRY/</link><guid isPermaLink="true">https://www.liberation.fr/societe/education/je-ne-veux-pas-foutre-en-lair-ma-scolarite-a-paris-une-centaine-detudiants-expulses-en-pleine-annee-scolaire-20250211_JAQEERC5JZCITM2LPVW6ZG5WRY/</guid><dc:creator><![CDATA[Cécile Bourgneuf]]></dc:creator><description><![CDATA[104 élèves migrants en attente de régularisation doivent quitter ce mardi 11 février au plus tard le logement individuel qu’ils occupaient pour rejoindre des centres d’hébergement à travers la France, menaçant la poursuite de leurs études.]]></description><pubDate>Tue, 11 Feb 2025 15:05:40 +0000</pubDate><media:content url="https://liberation-liberation-prod.cdn.arcpublishing.com/resizer/K_C3_uRrW5Dt-q96P6Hm0SJKS2c=/cloudfront-eu-central-1.images.arcpublishing.com/liberation/CN4PSAVCFJCIJI656FMD2MV5MY.jpg" type="image/jpeg" height="2666" width="3555"><media:description type="plain"><![CDATA[Le programme «Dispositif lycéen» a été mis en place il y a dix ans à Paris à l’initiative du Réseau Education sans frontières (RESF) face au nombre croissant de jeunes étrangers scolarisés et à la rue.]]></media:description><media:credit role="author" scheme="urn:ebu">Romain Costaseca</media:credit></media:content></item><item><title><![CDATA[Au cinéma, l’émission «Strip-tease» repart de plus belge]]></title><link>https://www.liberation.fr/culture/cinema/au-cinema-lemission-strip-tease-repart-de-plus-belge-20250211_AIFTZC4Y6VHLJDVLIURPI7FMVA/</link><guid isPermaLink="true">https://www.liberation.fr/culture/cinema/au-cinema-lemission-strip-tease-repart-de-plus-belge-20250211_AIFTZC4Y6VHLJDVLIURPI7FMVA/</guid><dc:creator><![CDATA[Lelo Jimmy Batista]]></dc:creator><description><![CDATA[Des influenceurs à Dubaï, une mère catho écolo, une stand-uppeuse en galère… L’émission culte revient au cinéma avec cinq courts documentaires mordants à souhait.]]></description><pubDate>Tue, 11 Feb 2025 14:52:00 +0000</pubDate><media:content url="https://liberation-liberation-prod.cdn.arcpublishing.com/resizer/mwMuJHiLR5gwouWvnQWwx3abEmc=/cloudfront-eu-central-1.images.arcpublishing.com/liberation/5PH6IVL6UVERDCJZUXVERCVNM4.jpg" type="image/jpeg" height="649" width="1152"><media:description type="plain"><![CDATA[Deux influenceuses en goguette à Dubaï.]]></media:description></media:content></item><item><title><![CDATA[Martin Parr, satire vers le haut]]></title><link>https://www.liberation.fr/portraits/martin-parr-satire-vers-le-haut-20250211_HPKLNJKTVVHFNPCHZ65VH4L5YQ/</link><guid isPermaLink="true">https://www.liberation.fr/portraits/martin-parr-satire-vers-le-haut-20250211_HPKLNJKTVVHFNPCHZ65VH4L5YQ/</guid><dc:creator><![CDATA[Clémentine Mercier]]></dc:creator><description><![CDATA[Le photographe britannique, célébré pour avoir saisi le grotesque de la société des loisirs, garde malgré la maladie vivacité d’esprit, humour et gourmandise.]]></description><pubDate>Tue, 11 Feb 2025 14:24:00 +0000</pubDate><media:content url="https://liberation-liberation-prod.cdn.arcpublishing.com/resizer/02qVQt2Z3h_QekN04vqdjlA8qHw=/cloudfront-eu-central-1.images.arcpublishing.com/liberation/466V2SYCLFFATASW2IEZP7MICE.jpg" type="image/jpeg" height="8036" width="6027"><media:description type="plain"><![CDATA[Le photographe Martin Parr, à l'extérieur du studio du réalisateur Lee Shulman, le 20 janvier 2025, à Paris.]]></media:description><media:credit role="author" scheme="urn:ebu">Olivier Culmann</media:credit></media:content></item><item><title><![CDATA[Elon Musk: le rêve fou d’un homme pour contrôler le savoir, le réel et le monde]]></title><link>https://www.liberation.fr/idees-et-debats/tribunes/etats-unis-le-reve-fou-dun-homme-pour-controler-le-savoir-le-reel-et-le-monde-20250211_MP5FQJMCZ5B53O7TZ5W7W2ZWKQ/</link><guid isPermaLink="true">https://www.liberation.fr/idees-et-debats/tribunes/etats-unis-le-reve-fou-dun-homme-pour-controler-le-savoir-le-reel-et-le-monde-20250211_MP5FQJMCZ5B53O7TZ5W7W2ZWKQ/</guid><dc:creator><![CDATA[Un collectif d'universitaires et de chercheurs]]></dc:creator><description><![CDATA[En donnant carte blanche au milliardaire, un travail de sape s’est engagé contre le savoir, la recherche et la liberté académique. En s’attaquant à la production de la connaissance, c’est toute la culture démocratique qui est en danger, dénonce un collectif d’universitaires.]]></description><pubDate>Tue, 11 Feb 2025 14:21:00 +0000</pubDate><media:content url="https://liberation-liberation-prod.cdn.arcpublishing.com/resizer/CyUmDOoZhfPbUaLCLpVpsW-IFEU=/cloudfront-eu-central-1.images.arcpublishing.com/liberation/5SH7BI35O5APDNJOSNCSS4GZ2U.jpg" type="image/jpeg" height="2667" width="4000"><media:description type="plain"><![CDATA[Buste d'Elon Musk, au bord d'une route à Brownsville, Texas, le 6 février 2025.]]></media:description><media:credit role="author" scheme="urn:ebu">Cheney Orr</media:credit></media:content></item><item><title><![CDATA[«Bridget Jones, folle de lui» de Michael Morris, romcom par enchantement]]></title><link>https://www.liberation.fr/culture/bridget-jones-folle-de-lui-de-michael-morris-romcom-par-enchantement-20250211_GIID27M2Z5GHHGEGZ5CMDTJCDY/</link><guid isPermaLink="true">https://www.liberation.fr/culture/bridget-jones-folle-de-lui-de-michael-morris-romcom-par-enchantement-20250211_GIID27M2Z5GHHGEGZ5CMDTJCDY/</guid><dc:creator><![CDATA[Camille Nevers]]></dc:creator><description><![CDATA[Mêlant l’autodérision à la tendresse, le quatrième opus des aventures de l’éternelle célibataire, désormais veuve et mère, se révèle le meilleur de la saga.]]></description><pubDate>Tue, 11 Feb 2025 13:42:00 +0000</pubDate><media:content url="https://liberation-liberation-prod.cdn.arcpublishing.com/resizer/r1tG0zeuuT0dqL8AcGfzNi1XrDk=/cloudfront-eu-central-1.images.arcpublishing.com/liberation/FQWPPP26QZBSVK223QNZTIY224.jpg" type="image/jpeg" height="800" width="1200"><media:description type="plain"><![CDATA[Bridget Jones (Renée Zellweger), vouée à rejouer la même histoire de cœur, mais avec des visages altérés.]]></media:description></media:content></item><item><title><![CDATA[Sommet sur l’IA de Paris : 61 pays, sans les Etats-Unis, s’accordent pour une technologie «ouverte», «inclusive» et «éthique»]]></title><link>https://www.liberation.fr/societe/police-justice/sommet-sur-lia-de-paris-61-pays-sans-les-etats-unis-saccordent-pour-une-technologie-ouverte-inclusive-et-ethique-20250211_3VRXZI3L35H5HFZI3LBRJXXQQ4/</link><guid isPermaLink="true">https://www.liberation.fr/societe/police-justice/sommet-sur-lia-de-paris-61-pays-sans-les-etats-unis-saccordent-pour-une-technologie-ouverte-inclusive-et-ethique-20250211_3VRXZI3L35H5HFZI3LBRJXXQQ4/</guid><dc:creator><![CDATA[ LIBERATION,  AFP]]></dc:creator><description><![CDATA[Les Etats-Unis et le Royaume-Uni ne figurent pas parmi les 61 premiers pays signataires d’une déclaration pour une intelligence artificielle «durable pour les populations et la planète» publiée mardi à l’issue du Sommet pour l’action sur l’IA à Paris.]]></description><pubDate>Tue, 11 Feb 2025 13:37:44 +0000</pubDate><media:content url="https://liberation-liberation-prod.cdn.arcpublishing.com/resizer/Lc-rBIizZJ4WxNmgyGWxcFAryG4=/cloudfront-eu-central-1.images.arcpublishing.com/liberation/EA65KPDO2REMNAE7AE7YFNB3MM.jpg" type="image/jpeg" height="3084" width="4626"><media:description type="plain"><![CDATA[61 pays, dont les deux co-organisateurs de l’évènement, la France et l’Inde, mais aussi la Chine, sont parvenus à s’accorder dans une déclaration commune pour une IA «ouverte», «inclusive» et «éthique».]]></media:description><media:credit role="author" scheme="urn:ebu">Benoit Tessier</media:credit></media:content></item><item><title><![CDATA[Aldebaran Robotics risque la panne définitive, avec de vrais emplois humains menacés]]></title><link>https://www.liberation.fr/economie/aldebaran-robotics-risque-la-panne-definitive-avec-de-vrais-emplois-humains-menaces-20250211_66YMGZNMIBCHJKU6BHQWDETEF4/</link><guid isPermaLink="true">https://www.liberation.fr/economie/aldebaran-robotics-risque-la-panne-definitive-avec-de-vrais-emplois-humains-menaces-20250211_66YMGZNMIBCHJKU6BHQWDETEF4/</guid><dc:creator><![CDATA[Jean-Christophe Féraud]]></dc:creator><description><![CDATA[Start-up emblématique de la robotique à la française, l’entreprise qui a créé les robots Nao et Pepper joue son avenir lundi 17 février au tribunal de commerce. Un plan de continuation prévoit de supprimer la moitié des 176 emplois, sans garantie qu’un repreneur se présente.]]></description><pubDate>Tue, 11 Feb 2025 13:31:55 +0000</pubDate><media:content url="https://liberation-liberation-prod.cdn.arcpublishing.com/resizer/NWp8m1MleXX1GUYSRd4L5grt2SQ=/cloudfront-eu-central-1.images.arcpublishing.com/liberation/TGKSIPH7QRBI7MBGUZSG4YALNQ.jpg" type="image/jpeg" height="3333" width="5000"><media:description type="plain"><![CDATA[Le robot humanoïde autonome et programmable Nao sur le stand de la société Aldebaran lors du sommet AI for Good à Genève, le 5 juillet 2023.]]></media:description><media:credit role="author" scheme="urn:ebu">Fabrice Coffrini</media:credit></media:content></item><item><title><![CDATA[Le Conseil constitutionnel ou la République des copains coquins ?]]></title><link>https://www.liberation.fr/idees-et-debats/tribunes/le-conseil-constitutionnel-ou-la-republique-des-copains-coquins-20250211_PUAFXHOFBBF6FCR3NGKMLWJQP4/</link><guid isPermaLink="true">https://www.liberation.fr/idees-et-debats/tribunes/le-conseil-constitutionnel-ou-la-republique-des-copains-coquins-20250211_PUAFXHOFBBF6FCR3NGKMLWJQP4/</guid><dc:creator><![CDATA[Julien Boudon]]></dc:creator><description><![CDATA[Professeur de droit public, Julien Boudon démissionne de la revue du Conseil constitutionnel, car il estime que les autorités qui ont la charge de nommer les «sages» le font par complaisance, sans prendre en compte la compétence de leurs candidats. Il propose que le choix du président de la République fasse l’objet d’un vote «pour» au Parlement. ]]></description><pubDate>Tue, 11 Feb 2025 13:17:34 +0000</pubDate><media:content url="https://liberation-liberation-prod.cdn.arcpublishing.com/resizer/4vVBAlwnzQxhfsURCi_wSjEgTEQ=/cloudfront-eu-central-1.images.arcpublishing.com/liberation/M5QSJNQSJ5ACBIJZWIR6II3NLM.jpg" type="image/jpeg" height="3769" width="5677"><media:description type="plain"><![CDATA[En 2022, Emmanuel Macron, et à sa gauche, le président de l'Assemblée nationale Richard Ferrand, en campagne à Spézet (Finistère).]]></media:description><media:credit role="author" scheme="urn:ebu">Ludovic Marin</media:credit></media:content></item><item><title><![CDATA[Sommet sur l’IA : Elon Musk, un troll surpuissant et beaucoup trop encombrant]]></title><link>https://www.liberation.fr/economie/economie-numerique/sommet-sur-lia-elon-musk-un-troll-surpuissant-et-beaucoup-trop-encombrant-20250211_BDAFK2IKZBAOPCW5DW47E6NILU/</link><guid isPermaLink="true">https://www.liberation.fr/economie/economie-numerique/sommet-sur-lia-elon-musk-un-troll-surpuissant-et-beaucoup-trop-encombrant-20250211_BDAFK2IKZBAOPCW5DW47E6NILU/</guid><dc:creator><![CDATA[Arthur Cerf]]></dc:creator><description><![CDATA[En plein Sommet pour l’action sur l’intelligence artificielle à Paris lundi 10 février, sur lequel il fait planer le doute de sa participation, le milliardaire, devenu intendant de l’administration Trump, a annoncé vouloir racheter OpenAI. Enième provoc ou stratégie agressive d’OPA ?]]></description><pubDate>Tue, 11 Feb 2025 12:17:53 +0000</pubDate><media:content url="https://liberation-liberation-prod.cdn.arcpublishing.com/resizer/aPD_M23R_6pENcgugqxEoIDl57c=/cloudfront-eu-central-1.images.arcpublishing.com/liberation/D2CNQW6ULVC37CHDKN4ENDTWJQ.JPG" type="image/jpeg" height="2464" width="3697"><media:description type="plain"><![CDATA[Le PDG de Tesla et propriétaire de X, Elon Musk, à Washington le 20 janvier.]]></media:description><media:credit role="author" scheme="urn:ebu">Brian Snyder</media:credit></media:content></item><item><title><![CDATA[Sophie Davant critiquée pour une tenue «trop jeune» : le symptôme de l’âgisme d’une société figée]]></title><link>https://www.liberation.fr/societe/droits-des-femmes/sophie-davant-critiquee-pour-une-tenue-trop-jeune-le-symptome-de-lagisme-dune-societe-figee-20250211_XNH66RQJBRAEZKRASCWTA4BDWQ/</link><guid isPermaLink="true">https://www.liberation.fr/societe/droits-des-femmes/sophie-davant-critiquee-pour-une-tenue-trop-jeune-le-symptome-de-lagisme-dune-societe-figee-20250211_XNH66RQJBRAEZKRASCWTA4BDWQ/</guid><dc:creator><![CDATA[Sabrina Champenois]]></dc:creator><description><![CDATA[Un post sur Instagram vaut à l’animatrice, qui participe en ce moment à l’émission «Danse avec les stars», un fiel d’un autre siècle.]]></description><pubDate>Tue, 11 Feb 2025 12:02:46 +0000</pubDate><media:content url="https://liberation-liberation-prod.cdn.arcpublishing.com/resizer/IQdaSg5aSxalbhfZQ6UVLDYcUdE=/cloudfront-eu-central-1.images.arcpublishing.com/liberation/M6NLMF24TVCXPNSLEAXU6XNB2M.jpg" type="image/jpeg" height="774" width="764"><media:description type="plain"><![CDATA[En postant une photo de sa tenue de show, l'animatrice s'est attiré une volée de commentaires désobligeants.]]></media:description><media:credit role="author" scheme="urn:ebu">Instagram @sophie_davant</media:credit></media:content></item><item><title><![CDATA[A Saint-Ouen, le siège de Tesla France recouvert d’un liquide brun par des militants écologistes]]></title><link>https://www.liberation.fr/economie/transports/a-saint-ouen-le-siege-de-tesla-france-recouvert-dun-liquide-brun-par-des-militants-ecologistes-20250211_7BD33UXP3BDN7O2M2GLD3MQ2DI/</link><guid isPermaLink="true">https://www.liberation.fr/economie/transports/a-saint-ouen-le-siege-de-tesla-france-recouvert-dun-liquide-brun-par-des-militants-ecologistes-20250211_7BD33UXP3BDN7O2M2GLD3MQ2DI/</guid><dc:creator><![CDATA[Charles Delouche-Bertolasi]]></dc:creator><description><![CDATA[La façade du siège français du constructeur automobile a été ciblée ce mardi 11 février au matin par des militants d’Action Justice Climat. Auprès du média «Vert», ils dénoncent le «fascisme» d’Elon Musk.]]></description><pubDate>Tue, 11 Feb 2025 11:31:07 +0000</pubDate><media:content url="https://liberation-liberation-prod.cdn.arcpublishing.com/resizer/jse818gIz6uQoRF5rjKTFZDYTXI=/cloudfront-eu-central-1.images.arcpublishing.com/liberation/A3OWD6Y7NFFSBOUW67R4B4LNSU.jpg" type="image/jpeg" height="4000" width="6000"><media:description type="plain"><![CDATA[Devant le siège de Tesla France, ce mardi à Saint-Ouen.]]></media:description><media:credit role="author" scheme="urn:ebu">Thomas Samson</media:credit></media:content></item><item><title><![CDATA[Pourquoi le premier amour est-il si marquant ?]]></title><link>https://www.liberation.fr/lifestyle/intimites/pourquoi-le-premier-amour-est-il-si-marquant-20250211_P5L5WSEH65FTBJHN4IO5S2BXZQ/</link><guid isPermaLink="true">https://www.liberation.fr/lifestyle/intimites/pourquoi-le-premier-amour-est-il-si-marquant-20250211_P5L5WSEH65FTBJHN4IO5S2BXZQ/</guid><dc:creator><![CDATA[Juliette Garnier]]></dc:creator><description><![CDATA[Il est de ces choses que l’on n’oublie pas, deux, dix et même quarante ans après. La première fois que l’on conjugue un «nous» en fait partie. Encore très enfantine, cette étape marque la découverte d’un autre champ des possibles : en nous-même et avec les autres.]]></description><pubDate>Tue, 11 Feb 2025 11:28:08 +0000</pubDate><media:content url="https://liberation-liberation-prod.cdn.arcpublishing.com/resizer/m_N5VEegu9ir3vBJgwP3NrqMO_U=/cloudfront-eu-central-1.images.arcpublishing.com/liberation/GBCKDDXUCJGRBBHVWTASYJBBBQ.jpg" type="image/jpeg" height="338" width="507"><media:credit role="author" scheme="urn:ebu">Photomontage Libération</media:credit></media:content></item><item><title><![CDATA[Chômage : pourquoi l’Insee le dit à la baisse et France Travail à la hausse]]></title><link>https://www.liberation.fr/economie/social/chomage-pourquoi-linsee-le-dit-a-la-baisse-et-france-travail-a-la-hausse-20250211_K44NPXRMVVBYNPEC2OF4SGSGOA/</link><guid isPermaLink="true">https://www.liberation.fr/economie/social/chomage-pourquoi-linsee-le-dit-a-la-baisse-et-france-travail-a-la-hausse-20250211_K44NPXRMVVBYNPEC2OF4SGSGOA/</guid><dc:creator><![CDATA[Frantz Durupt]]></dc:creator><description><![CDATA[Des différences méthodologiques expliquent que les deux organismes ont livré, ces derniers jours, des évaluations apparemment contradictoires du marché de l’emploi.]]></description><pubDate>Tue, 11 Feb 2025 11:23:22 +0000</pubDate><media:content url="https://liberation-liberation-prod.cdn.arcpublishing.com/resizer/NY2PGvP8cFP9Av0sqseDR5Iv6e0=/cloudfront-eu-central-1.images.arcpublishing.com/liberation/PABDK57UGJG7ZMMUAARXYD27W4.jpg" type="image/jpeg" height="3133" width="4700"><media:description type="plain"><![CDATA[Un homme visite un bureau de France Travail (Agence nationale pour l'emploi, anciennement connue sous le nom de Pole Emploi) à Marseille, France, 30 janvier 2025.]]></media:description><media:credit role="author" scheme="urn:ebu">Manon Cruz</media:credit></media:content></item><item><title><![CDATA[A Palerme, la mafia visée par une descente géante de carabinieri]]></title><link>https://www.liberation.fr/international/europe/a-palerme-la-mafia-visee-par-une-descente-geante-de-carabinieri-20250211_HFYNQ5HF3JHMFJVNKWLGVDEVSQ/</link><guid isPermaLink="true">https://www.liberation.fr/international/europe/a-palerme-la-mafia-visee-par-une-descente-geante-de-carabinieri-20250211_HFYNQ5HF3JHMFJVNKWLGVDEVSQ/</guid><dc:creator><![CDATA[ LIBERATION,  AFP]]></dc:creator><description><![CDATA[Plus de 180 membres de la mafia ont été arrêtés ce mardi 11 février, notamment dans la capitale sicilienne. Il s’agit du plus grand coup porté aux organisations mafieuses locales depuis les années 1980.]]></description><pubDate>Tue, 11 Feb 2025 11:16:33 +0000</pubDate><media:content url="https://liberation-liberation-prod.cdn.arcpublishing.com/resizer/lALjmnEcz-h6nG3WvJL9Jn1AhCI=/cloudfront-eu-central-1.images.arcpublishing.com/liberation/2GQH6F5IPFDEZAVWAYZYFND64Y.jpg" type="image/jpeg" height="1998" width="3003"><media:description type="plain"><![CDATA[Quelque 1200 membres des forces de l'ordre ont été mobilisés pour l'opération visant la mafia ce mardi 11 février.]]></media:description><media:credit role="author" scheme="urn:ebu">Valeria Ferraro</media:credit></media:content></item><item><title><![CDATA[Endométriose : comment fonctionne «l’Endotest», le nouveau test salivaire désormais remboursé par l’Assurance maladie]]></title><link>https://www.liberation.fr/societe/sante/endometriose-un-test-salivaire-experimental-desormais-rembourse-par-lassurance-maladie-20250211_QOZJOTHILNE6TKQEUWZLEJBD2I/</link><guid isPermaLink="true">https://www.liberation.fr/societe/sante/endometriose-un-test-salivaire-experimental-desormais-rembourse-par-lassurance-maladie-20250211_QOZJOTHILNE6TKQEUWZLEJBD2I/</guid><dc:creator><![CDATA[ LIBERATION,  AFP]]></dc:creator><description><![CDATA[Un nouveau test pour diagnostiquer de façon moins invasive l’endométriose est pris en charge par l’Assurance maladie depuis ce mardi 11 février. Le dispositif concerne 25 000 patientes dans un premier temps, mais pourrait être généralisé.]]></description><pubDate>Tue, 11 Feb 2025 11:14:50 +0000</pubDate><media:content url="https://liberation-liberation-prod.cdn.arcpublishing.com/resizer/dk00aRn6Oh1rS6xQ0IvGEFtzPok=/cloudfront-eu-central-1.images.arcpublishing.com/liberation/XWY5HCUBPFFIJEPSNVLYS6IOFY.jpg" type="image/jpeg" height="3328" width="4992"><media:description type="plain"><![CDATA[Le test salivaire sera proposé dans près d'une centaine d'établissements hospitaliers à travers la France.]]></media:description><media:credit role="author" scheme="urn:ebu">Amelie Benoist</media:credit></media:content></item><item><title><![CDATA[A Paris, la scène drag fait flamboyer la mode]]></title><link>https://www.liberation.fr/lifestyle/mode/a-paris-la-scene-drag-fait-flamboyer-la-mode-20250211_HQIF4YMNFZFYHBDP2WKUNGTPGU/</link><guid isPermaLink="true">https://www.liberation.fr/lifestyle/mode/a-paris-la-scene-drag-fait-flamboyer-la-mode-20250211_HQIF4YMNFZFYHBDP2WKUNGTPGU/</guid><dc:creator><![CDATA[Marie Ottavi]]></dc:creator><description><![CDATA[Pas de culture drag sans tenues de scène extravagantes : dans une petite exposition, l’Ecole supérieure des arts et métiers de la mode met à l’honneur, jusqu’au 27 février, le travail de trois talentueux anciens élèves arboré par des «queens» de l’émission «Drag Race France».]]></description><pubDate>Tue, 11 Feb 2025 11:02:17 +0000</pubDate><media:content url="https://liberation-liberation-prod.cdn.arcpublishing.com/resizer/k70CjmV6WAshNbldnDHuAlI0iLU=/cloudfront-eu-central-1.images.arcpublishing.com/liberation/DSN4TXRXHZCLHEUUIG3VRHQ5B4.jpg" type="image/jpeg" height="2000" width="1600"><media:description type="plain"><![CDATA[Kam Hugh, découverte dans la première saison de «Drag Race France», porte une robe sirène rose bonbon confectionnée par Miss Boo, passée par Esmod en 2016.]]></media:description><media:credit role="author" scheme="urn:ebu">Jean-Ranobrac</media:credit></media:content></item><item><title><![CDATA[La Russie condamnée par la CEDH pour avoir «étouffé» les critiques de la guerre en Ukraine]]></title><link>https://www.liberation.fr/international/europe/la-russie-condamnee-par-la-cedh-pour-avoir-etouffe-les-critiques-de-la-guerre-en-ukraine-20250211_ENB5D2XDI5EI3G76LTEW7SZY6E/</link><guid isPermaLink="true">https://www.liberation.fr/international/europe/la-russie-condamnee-par-la-cedh-pour-avoir-etouffe-les-critiques-de-la-guerre-en-ukraine-20250211_ENB5D2XDI5EI3G76LTEW7SZY6E/</guid><dc:creator><![CDATA[ LIBERATION,  AFP]]></dc:creator><description><![CDATA[La juridiction européenne, saisie par 178 personnes, pointe ce mardi 11 février «un effort coordonné» de la part de Moscou pour «faire taire les critiques» sur l’invasion lancée en février 2022.]]></description><pubDate>Tue, 11 Feb 2025 10:56:55 +0000</pubDate><media:content url="https://liberation-liberation-prod.cdn.arcpublishing.com/resizer/7O2XK8eX_OitK93S6k6D1ZU_2uc=/cloudfront-eu-central-1.images.arcpublishing.com/liberation/UBJYMEHTPZEMNB5SOP5TFXBW4A.jpg" type="image/jpeg" height="2068" width="3104"><media:description type="plain"><![CDATA[Le régime de Vladimir Poutine est notamment condamné pour avoir mis en place un «schéma systémique et généralisé de restrictions aux reportages sur la guerre en Ukraine».]]></media:description><media:credit role="author" scheme="urn:ebu">Gavriil Grigorov</media:credit></media:content></item><item><title><![CDATA[Alain Juppé s’oppose à la dépolitisation du Conseil constitutionnel]]></title><link>https://www.liberation.fr/politique/alain-juppe-soppose-a-la-depolitisation-du-conseil-constitutionnel-20250211_ZXIC5KJESBBVPI6GLBPEPBM42Q/</link><guid isPermaLink="true">https://www.liberation.fr/politique/alain-juppe-soppose-a-la-depolitisation-du-conseil-constitutionnel-20250211_ZXIC5KJESBBVPI6GLBPEPBM42Q/</guid><dc:creator><![CDATA[Chez Pol]]></dc:creator><description><![CDATA[Indiscrétions piquantes, maladresses vaches ou douces confessions : chaque jour, retrouvez les brèves qui auscultent le monde politique.]]></description><pubDate>Tue, 11 Feb 2025 10:36:43 +0000</pubDate><media:content url="https://liberation-liberation-prod.cdn.arcpublishing.com/resizer/q3tWSpIh6WmvHgjxsXfZ-a7iUvA=/cloudfront-eu-central-1.images.arcpublishing.com/liberation/SUMTNGYXVVHUVE2WW4YIKEDWIM.jpg" type="image/jpeg" height="2696" width="4044"><media:description type="plain"><![CDATA[Alain Juppé à Bordeaux le 31 janvier.]]></media:description><media:credit role="author" scheme="urn:ebu">Christophe Archambault</media:credit></media:content></item><item><title><![CDATA[IA : l’Union européenne vise 200 milliards d’euros d’investissements, en lien avec de grandes entreprises]]></title><link>https://www.liberation.fr/international/europe/ia-lunion-europeenne-souhaite-mobiliser-200-milliards-deuros-dinvestissements-20250211_NWG6ZYOEOZH55MYKWJTHSLMWAY/</link><guid isPermaLink="true">https://www.liberation.fr/international/europe/ia-lunion-europeenne-souhaite-mobiliser-200-milliards-deuros-dinvestissements-20250211_NWG6ZYOEOZH55MYKWJTHSLMWAY/</guid><dc:creator><![CDATA[ LIBERATION,  AFP]]></dc:creator><description><![CDATA[Avec 50 milliards mis sur la table par l’UE et le reste par de grands groupes, la présidente de la Commission, Ursula von der Leyen, a vanté ce mardi 11 février le «plus grand partenariat public-privé dans le monde pour le développement d’une IA fiable».]]></description><pubDate>Tue, 11 Feb 2025 10:32:48 +0000</pubDate><media:content url="https://liberation-liberation-prod.cdn.arcpublishing.com/resizer/9TjQdZFaJzhVMBgA207cs9av2jw=/cloudfront-eu-central-1.images.arcpublishing.com/liberation/U26X46XQ2RDMNMPOWXYWQCMVYY.jpg" type="image/jpeg" height="5504" width="8256"><media:description type="plain"><![CDATA[Ursula von der Leyen (tout à gauche), sur la scène du sommet de Paris sur l'IA, au Grand Palais ce mardi 11 février 2025.]]></media:description><media:credit role="author" scheme="urn:ebu">Eliot Blondet</media:credit></media:content></item><item><title><![CDATA[Pour en finir avec les six mois d’interdiction de travail des demandeurs d’asile]]></title><link>https://www.liberation.fr/idees-et-debats/tribunes/pour-en-finir-avec-les-six-mois-dinterdiction-de-travail-des-demandeurs-dasile-20250211_RFROWCPFXRDFTAUY7IPPUNFQKQ/</link><guid isPermaLink="true">https://www.liberation.fr/idees-et-debats/tribunes/pour-en-finir-avec-les-six-mois-dinterdiction-de-travail-des-demandeurs-dasile-20250211_RFROWCPFXRDFTAUY7IPPUNFQKQ/</guid><dc:creator><![CDATA[Un collectif de responsables d’ONG, de syndicats, d’activistes et d’entrepreneurs]]></dc:creator><description><![CDATA[Un collectif d’associations, de syndicats et de militants appellent les députés de tout bord, à voter pour une proposition de loi visant à supprimer le délai d’attente imposé aux demandeurs d’asile qui sera discutée à l’Assemblée nationale les 12 et 20 février prochains.]]></description><pubDate>Tue, 11 Feb 2025 10:14:04 +0000</pubDate><media:content url="https://liberation-liberation-prod.cdn.arcpublishing.com/resizer/qBUD0JlnA2vsC2XvdCx2cUioTms=/cloudfront-eu-central-1.images.arcpublishing.com/liberation/EDORAOEQVRFHLHLHHYVAICWKQI.jpg" type="image/jpeg" height="3985" width="6000"><media:description type="plain"><![CDATA[Ici, en 2024, à Bayonne, où se trouve Pausa, le centre d'accueil des migrants et réfugiés arrivés par l'Espagne.]]></media:description><media:credit role="author" scheme="urn:ebu">Guillaume Fauveau</media:credit></media:content></item><item><title><![CDATA[Peut-on encore faire de grandes lois en France en 2025 ?]]></title><link>https://www.liberation.fr/politique/peut-on-encore-faire-de-grandes-lois-en-france-en-2025-20250211_TCHRXP3PUFDKZPWNHG2QDO3VK4/</link><guid isPermaLink="true">https://www.liberation.fr/politique/peut-on-encore-faire-de-grandes-lois-en-france-en-2025-20250211_TCHRXP3PUFDKZPWNHG2QDO3VK4/</guid><dc:creator><![CDATA[Etienne Baldit, Chez Pol]]></dc:creator><description><![CDATA[Si François Bayrou se dit heureux de voir aboutir des lois sectorielles ou consensuelles, des parlementaires réclament des textes de plus grande ampleur. Une gageure dans une Assemblée qui ne sait plus légiférer qu’a minima.]]></description><pubDate>Tue, 11 Feb 2025 10:12:10 +0000</pubDate><media:content url="https://liberation-liberation-prod.cdn.arcpublishing.com/resizer/Q3XKaCsrlh4sIWdrz-zTzE1mIUM=/cloudfront-eu-central-1.images.arcpublishing.com/liberation/T4T4P2Z34RFXPH2AIHVHEOEGYQ.jpg" type="image/jpeg" height="3298" width="4928"><media:description type="plain"><![CDATA[L'exécutif s'interroge : comment faire passer ses textes dans un hémicycle atomisé sans le joker de la «responsabilité» des oppositions qui a joué sur les textes financiers ?]]></media:description><media:credit role="author" scheme="urn:ebu">Gonzalo Fuentes</media:credit></media:content></item><item><title><![CDATA[En 2025, Darmanin défend une mesure dont il rappelait lui-même qu’elle était anticonstitutionnelle en 2023]]></title><link>https://www.liberation.fr/politique/en-2025-darmanin-defend-une-mesure-dont-il-rappelait-lui-meme-quelle-etait-anticonstitutionnelle-en-2023-20250211_BYMHVQEAWFDH5OS5FZ7ERUWCAU/</link><guid isPermaLink="true">https://www.liberation.fr/politique/en-2025-darmanin-defend-une-mesure-dont-il-rappelait-lui-meme-quelle-etait-anticonstitutionnelle-en-2023-20250211_BYMHVQEAWFDH5OS5FZ7ERUWCAU/</guid><dc:creator><![CDATA[Etienne Baldit, Chez Pol]]></dc:creator><description><![CDATA[Le ministre de la Justice soutient une proposition de loi à laquelle il s’opposait en tant que ministre de l’Intérieur il y a à peine plus d’un an, en raison de sa censure certaine par le Conseil constitutionnel.]]></description><pubDate>Tue, 11 Feb 2025 10:05:46 +0000</pubDate><media:content url="https://liberation-liberation-prod.cdn.arcpublishing.com/resizer/3v5pT6ce-KmBCjfJRHDY4ocDhns=/cloudfront-eu-central-1.images.arcpublishing.com/liberation/AHOZIWX6AFCBDB5XBS2YFKOXRI.jpg" type="image/jpeg" height="4000" width="6000"><media:description type="plain"><![CDATA[Le ministre de la Justice, Gérald Darmanin, à l'Assemblée le 29 janvier.]]></media:description><media:credit role="author" scheme="urn:ebu">Stephane de Sakutin</media:credit></media:content></item><item><title><![CDATA[Gaza : Donald Trump menace d’un «enfer» si tous les otages israéliens ne sont pas libérés avant samedi]]></title><link>https://www.liberation.fr/international/moyen-orient/gaza-donald-trump-menace-dun-enfer-si-tous-les-otages-israeliens-ne-sont-pas-liberes-avant-samedi-20250211_Y6ET6UR23RCV5G5SVNCRI5LIGU/</link><guid isPermaLink="true">https://www.liberation.fr/international/moyen-orient/gaza-donald-trump-menace-dun-enfer-si-tous-les-otages-israeliens-ne-sont-pas-liberes-avant-samedi-20250211_Y6ET6UR23RCV5G5SVNCRI5LIGU/</guid><dc:creator><![CDATA[ LIBERATION,  AFP]]></dc:creator><description><![CDATA[Le président américain exige qu’Israël annule l’accord de cessez-le-feu avec le Hamas si les otages ne sont pas «tous ramenés avant samedi midi». Une réclamation qui va plus loin que l’accord de trêve qui se déroule depuis le 19 janvier et qui prévoit, dans sa première phase, la libération de 33 otages. Seize sont effectives à ce jour.]]></description><pubDate>Tue, 11 Feb 2025 09:17:33 +0000</pubDate><media:content url="https://liberation-liberation-prod.cdn.arcpublishing.com/resizer/s8SQmih254xRHheO09QQslDzXm4=/cloudfront-eu-central-1.images.arcpublishing.com/liberation/ZWA6LMMPO5BXPEJN5U2DQMR5SA.jpg" type="image/jpeg" height="2124" width="3185"><media:description type="plain"><![CDATA[Donald Trump et Benyamin Nétanyahou à la Maison Blanche, le 4 février 2025.]]></media:description><media:credit role="author" scheme="urn:ebu">Andrew Caballero-Reynolds</media:credit></media:content></item><item><title><![CDATA[Donald Trump met la pression sur l’Ukraine en évoquant la possibilité qu’elle devienne «russe un jour»]]></title><link>https://www.liberation.fr/international/europe/donald-trump-evoque-la-possibilite-que-lukraine-devienne-russe-un-jour-20250211_K2CXJAGLKVF7TJFN2QCPR3HOGI/</link><guid isPermaLink="true">https://www.liberation.fr/international/europe/donald-trump-evoque-la-possibilite-que-lukraine-devienne-russe-un-jour-20250211_K2CXJAGLKVF7TJFN2QCPR3HOGI/</guid><dc:creator><![CDATA[ LIBERATION,  AFP]]></dc:creator><description><![CDATA[Lundi 10 février, presque trois ans après le début de l’offensive de Moscou, le président des Etats-Unis a suggéré que l’Ukraine pourrait devenir russe et a réclamé que l’aide américaine versée à Kyiv soit récupérée.]]></description><pubDate>Tue, 11 Feb 2025 08:55:17 +0000</pubDate><media:content url="https://liberation-liberation-prod.cdn.arcpublishing.com/resizer/_uOk_NzOAZgcnjame4jasJe79SM=/cloudfront-eu-central-1.images.arcpublishing.com/liberation/A2JBOOX3SJCKVLCNKSRZARY5OU.jpg" type="image/jpeg" height="2201" width="3301"><media:description type="plain"><![CDATA[Le président Donald Trump a répété sur Fox News lundi 10 février que l'Ukraine "pourrait" ou "ne pourrait pas" être "russe un jour".]]></media:description><media:credit role="author" scheme="urn:ebu">Susan Walsh</media:credit></media:content></item><item><title><![CDATA[Elon Musk fait une offre de près de 100 milliards pour OpenAI, la start-up «n’est pas à vendre» répond Sam Altman]]></title><link>https://www.liberation.fr/international/amerique/elon-musk-tente-de-faire-main-basse-sur-openai-pour-presque-100-milliards-de-dollars-20250211_USL7TEPE7RAGTFJNUU3APSAA4Q/</link><guid isPermaLink="true">https://www.liberation.fr/international/amerique/elon-musk-tente-de-faire-main-basse-sur-openai-pour-presque-100-milliards-de-dollars-20250211_USL7TEPE7RAGTFJNUU3APSAA4Q/</guid><dc:creator><![CDATA[ LIBERATION,  AFP]]></dc:creator><description><![CDATA[Le milliardaire sud-africain a fait une offre faramineuse pour racheter la start-up produisant ChatGPT, a révélé la presse américaine lundi 10 février au soir. Une proposition rejetée immédiatement par son patron Sam Altman, alors que les deux hommes sont en conflit depuis plusieurs mois.]]></description><pubDate>Tue, 11 Feb 2025 10:27:58 +0000</pubDate><media:content url="https://liberation-liberation-prod.cdn.arcpublishing.com/resizer/KmwiL-45MX-FaLMQaDq6hXJJM0E=/cloudfront-eu-central-1.images.arcpublishing.com/liberation/WBO4QEA5LRFKNN4KE5TIIZZESU.jpg" type="image/jpeg" height="3999" width="6000"><media:description type="plain"><![CDATA[Elon Musk à Washington, le 20 janvier 2025.]]></media:description><media:credit role="author" scheme="urn:ebu">Chip Somodevilla </media:credit></media:content></item><item><title><![CDATA[Meurtre de Louise : ce que l’on sait des quatre personnes placées en garde à vue et de l’enquête]]></title><link>https://www.liberation.fr/societe/police-justice/meurtre-de-louise-ce-que-lon-sait-des-quatre-personnes-placees-en-garde-a-vue-et-de-lenquete-20250211_WD2TKI3E3VCDPHYEBT6YFJ7ATM/</link><guid isPermaLink="true">https://www.liberation.fr/societe/police-justice/meurtre-de-louise-ce-que-lon-sait-des-quatre-personnes-placees-en-garde-a-vue-et-de-lenquete-20250211_WD2TKI3E3VCDPHYEBT6YFJ7ATM/</guid><dc:creator><![CDATA[Ludovic Séré,  AFP]]></dc:creator><description><![CDATA[Le parquet d’Evry a annoncé ce mardi 11 février que la garde à vue de deux personnes arrêtées lundi avait été levée. Un autre homme de 23 ans, suspecté du meurtre de Louise, a été arrêté tandis que ses parents et sa petite amie sont entendus pour «non-dénonciation de crime».]]></description><pubDate>Tue, 11 Feb 2025 08:00:34 +0000</pubDate><media:content url="https://liberation-liberation-prod.cdn.arcpublishing.com/resizer/bFMQGwgv4tI4pe92dSv8GacJr8E=/cloudfront-eu-central-1.images.arcpublishing.com/liberation/XFBNA5GUANEX5F4V7BFAOJCXLA.jpg" type="image/jpeg" height="4023" width="6034"><media:description type="plain"><![CDATA[Devant le collège André-Maurois à Epinay-sur-Orge (Essonne), samedi.]]></media:description><media:credit role="author" scheme="urn:ebu">Julien de Rosa</media:credit></media:content></item><item><title><![CDATA[Iran : lettre à mon bourreau, par Sepideh Farsi]]></title><link>https://www.liberation.fr/idees-et-debats/tribunes/iran-lettre-a-mon-bourreau-par-sepideh-farsi-20250211_R2G7IE263FATXFETXRVVZVJBTI/</link><guid isPermaLink="true">https://www.liberation.fr/idees-et-debats/tribunes/iran-lettre-a-mon-bourreau-par-sepideh-farsi-20250211_R2G7IE263FATXFETXRVVZVJBTI/</guid><dc:creator><![CDATA[Sepideh Farsi]]></dc:creator><description><![CDATA[Le 18 janvier étaient assassinés à Téhéran deux juges de la Cour suprême iranienne, Mohammad Moghisseh et Ali Razini. La cinéaste Sepideh Farsi adresse une lettre ouverte à ce dernier, qui l’avait envoyée en prison il y a quarante et un ans et a condamné à mort des milliers de personnes. ]]></description><pubDate>Tue, 11 Feb 2025 07:13:38 +0000</pubDate><media:content url="https://liberation-liberation-prod.cdn.arcpublishing.com/resizer/gMW1yAqxEXeyDfdEgDaSHC8Tk8E=/cloudfront-eu-central-1.images.arcpublishing.com/liberation/BHRI3RKMDVC5BDM2PSGNQ62T3M.jpg" type="image/jpeg" height="1450" width="2200"><media:description type="plain"><![CDATA[L'ayatollah Ali Khamenei lors de la prière prononcée pour les juges Mogheiseh et Razini, à Téhéran, en Iran, le 19 janvier 2025.]]></media:description><media:credit role="author" scheme="urn:ebu"></media:credit></media:content></item><item><title><![CDATA[Corruption : le maire démocrate de New York, Eric Adams, épargné par la Justice de Trump]]></title><link>https://www.liberation.fr/international/amerique/le-maire-democrate-de-new-york-soulage-de-ses-ennuis-pour-corruption-par-la-justice-selon-trump-20250211_IMXHHIAG3BDFRHD534CSQYMMWA/</link><guid isPermaLink="true">https://www.liberation.fr/international/amerique/le-maire-democrate-de-new-york-soulage-de-ses-ennuis-pour-corruption-par-la-justice-selon-trump-20250211_IMXHHIAG3BDFRHD534CSQYMMWA/</guid><dc:creator><![CDATA[Julien Gester]]></dc:creator><description><![CDATA[Les poursuites fédérales contre Eric Adams vont être abandonnées, alors que l’édile brigue sa réélection. Sans se prononcer sur le fond du dossier, le ministère a justifié sa décision par le besoin de faciliter la coopération contre l’immigration.]]></description><pubDate>Tue, 11 Feb 2025 07:10:21 +0000</pubDate><media:content url="https://liberation-liberation-prod.cdn.arcpublishing.com/resizer/D9vLjD_BoojtoS8vBnP8cFItFoQ=/cloudfront-eu-central-1.images.arcpublishing.com/liberation/NQ7DYXFR2BEP3BJTQYXJI3WEWY.jpg" type="image/jpeg" height="2141" width="3208"><media:description type="plain"><![CDATA[Le maire de New York, Eric Adams, quitte le tribunal fédéral de Manhattan après une comparution, le 27 septembre 2024.]]></media:description><media:credit role="author" scheme="urn:ebu">Yuki Iwamura</media:credit></media:content></item><item><title><![CDATA[Les spectacles à voir en ce moment : l’Olympe de Wim Vandekeybus, les angoisses de Nora Hamzawi et l’épouvante de Maeterlinck]]></title><link>https://www.liberation.fr/culture/scenes/les-spectacles-a-voir-en-ce-moment-lolympe-de-wim-vandekeybus-les-angoisses-de-nora-hamzawi-et-lepouvante-de-maeterlinck-20250211_46E5IFKSQVBKDCG7W5LZJHSE6U/</link><guid isPermaLink="true">https://www.liberation.fr/culture/scenes/les-spectacles-a-voir-en-ce-moment-lolympe-de-wim-vandekeybus-les-angoisses-de-nora-hamzawi-et-lepouvante-de-maeterlinck-20250211_46E5IFKSQVBKDCG7W5LZJHSE6U/</guid><dc:creator><![CDATA[SERVICE CULTURE]]></dc:creator><description><![CDATA[«Libé» vous guide dans les pièces ou spectacles de danse à voir, à Paris ou en régions. Avec aussi : «Neandertal», de David Geselson et «Elizabeth Costello» de Krzysztof Warlikowski d’après JM Coetzee.]]></description><pubDate>Tue, 11 Feb 2025 07:05:15 +0000</pubDate><media:content url="https://liberation-liberation-prod.cdn.arcpublishing.com/resizer/ESPe6dIpkifnKVFJ9Ij11I9EM9A=/cloudfront-eu-central-1.images.arcpublishing.com/liberation/43ZY5LDFMZB6VC7LYPPBJHQSKU.png" type="image/png" height="2000" width="3000"><media:description type="plain"><![CDATA[«Infamous Offspring», de Wim Vandekeybus ; «L’Intruse» et «les Aveugles» de Maurice Maeterlinck ; Nora Hamzaoui.]]></media:description><media:credit role="author" scheme="urn:ebu">Danny Willems, Christophe Raynaud de Lage, Alexandre Isard</media:credit></media:content></item><item><title><![CDATA[Océans : des ONG saisissent le Conseil d’Etat pour mieux encadrer la pêche dans les aires marines françaises]]></title><link>https://www.liberation.fr/environnement/biodiversite/oceans-des-ong-saisissent-le-conseil-detat-pour-mieux-encadrer-la-peche-dans-les-aires-marines-tricolores-20250211_POUH2E6FWVHT7JE3DTEJEBDVLE/</link><guid isPermaLink="true">https://www.liberation.fr/environnement/biodiversite/oceans-des-ong-saisissent-le-conseil-detat-pour-mieux-encadrer-la-peche-dans-les-aires-marines-tricolores-20250211_POUH2E6FWVHT7JE3DTEJEBDVLE/</guid><dc:creator><![CDATA[Julie Renson Miquel]]></dc:creator><description><![CDATA[Ce mardi 11 février, deux organisations engagent une action en justice pour obtenir l’interdiction du chalutage de fond dans deux sanctuaires marins. Elles dénoncent un «excès de pouvoir» de l’Etat qui ne respecterait ni le droit français ni le droit européen.]]></description><pubDate>Tue, 11 Feb 2025 07:00:00 +0000</pubDate><media:content url="https://liberation-liberation-prod.cdn.arcpublishing.com/resizer/y_5Qa7EMpZ1dxHZbj8-fUxmfkas=/cloudfront-eu-central-1.images.arcpublishing.com/liberation/GVM6JAA6ARGNLNDGTPBNWTNEBM.jpg" type="image/jpeg" height="4083" width="6125"><media:description type="plain"><![CDATA[La nouvelle campagne de Greepeace dénonce documente la pêche au chalut dans la Manche. Au large de Dunkerque, le 12 décembre 2024.]]></media:description><media:credit role="author" scheme="urn:ebu">Pierre Larrieu</media:credit></media:content></item><item><title><![CDATA[Meurtre de Louise, loi Handicap, sommet de l’IA… L’actu de ce mardi matin]]></title><link>https://www.liberation.fr/international/europe/meurtre-de-louise-loi-handicap-sommet-de-lia-lactu-de-ce-mardi-matin-20250211_KDYBBCSKARCD7I2M6U7HUJ3BKI/</link><guid isPermaLink="true">https://www.liberation.fr/international/europe/meurtre-de-louise-loi-handicap-sommet-de-lia-lactu-de-ce-mardi-matin-20250211_KDYBBCSKARCD7I2M6U7HUJ3BKI/</guid><dc:creator><![CDATA[ LIBERATION,  AFP]]></dc:creator><description><![CDATA[La rédaction de «Libération» compile les principales infos de ce mardi 11 février.]]></description><pubDate>Tue, 11 Feb 2025 06:54:34 +0000</pubDate><media:content url="https://liberation-liberation-prod.cdn.arcpublishing.com/resizer/CJPC4ETLEIKNpvYe20SNazwbgRY=/cloudfront-eu-central-1.images.arcpublishing.com/liberation/KDRRKFO7O5F7NBVUL6EG57AXD4.jpg" type="image/jpeg" height="3648" width="5472"><media:description type="plain"><![CDATA[Dans une manifestation de différentes associations en lien avec le handicap, lundi place de la République à Paris.]]></media:description><media:credit role="author" scheme="urn:ebu">Cha Gonzalez</media:credit></media:content></item><item><title><![CDATA[Face au PSG, des Brestois déjà claqués avant le barrage de Ligue des champions ]]></title><link>https://www.liberation.fr/sports/football/ligue-des-champions-face-a-paris-des-brestois-deja-claques-20250211_POEPC2N2CNGRTAWPDOVKRGGCZE/</link><guid isPermaLink="true">https://www.liberation.fr/sports/football/ligue-des-champions-face-a-paris-des-brestois-deja-claques-20250211_POEPC2N2CNGRTAWPDOVKRGGCZE/</guid><dc:creator><![CDATA[Grégory Schneider]]></dc:creator><description><![CDATA[Des Bretons usés reçoivent, ce mardi 11 février au Roudourou de Guingamp, le Paris-Saint-Germain pour les seizièmes de finale aller d’une compétition bien longue de leur point de vue.]]></description><pubDate>Tue, 11 Feb 2025 06:51:11 +0000</pubDate><media:content url="https://liberation-liberation-prod.cdn.arcpublishing.com/resizer/t3A8Xq5WJ5Gj2LrIGyKVxSagDek=/cloudfront-eu-central-1.images.arcpublishing.com/liberation/DR6NZRTIWVHAJLXN2OX2W2HF6Q.jpg" type="image/jpeg" height="2325" width="3487"><media:description type="plain"><![CDATA[Le joueur brestois Ludovic Ajorque, lors du match face au PSG le 1er février 2025, à Brest.]]></media:description><media:credit role="author" scheme="urn:ebu">Christophe Saidi</media:credit></media:content></item><item><title><![CDATA[Le chômage quasi stable en France au quatrième trimestre]]></title><link>https://www.liberation.fr/economie/le-taux-de-chomage-baisse-de-01-point-en-france-au-quatrieme-trimestre-20250211_U6ZUJ7N6DNGRXEF23NHRANBLU4/</link><guid isPermaLink="true">https://www.liberation.fr/economie/le-taux-de-chomage-baisse-de-01-point-en-france-au-quatrieme-trimestre-20250211_U6ZUJ7N6DNGRXEF23NHRANBLU4/</guid><dc:creator><![CDATA[ LIBERATION,  AFP]]></dc:creator><description><![CDATA[Le nombre de chômeurs a diminué de 63 000 personnes à la fin de l’année dernière, malgré la dégradation du marché de l’emploi et la hausse du nombre des demandeurs d’emploi inscrits à France Travail sur la même période.]]></description><pubDate>Tue, 11 Feb 2025 06:40:39 +0000</pubDate><media:content url="https://liberation-liberation-prod.cdn.arcpublishing.com/resizer/5s6o2uYWr6W7V92ITxIt6gtqid4=/cloudfront-eu-central-1.images.arcpublishing.com/liberation/PDB7IK6DSNGW7NSKYC2CUHBFHA.jpg" type="image/jpeg" height="3150" width="4724"><media:description type="plain"><![CDATA[Un job dating dans la galerie d'un magasin Auchan à Poitiers, vendredi.]]></media:description><media:credit role="author" scheme="urn:ebu">Jean-François Fort</media:credit></media:content></item><item><title><![CDATA[Face au rouleau compresseur Trump-Musk, la timide riposte des démocrates américains]]></title><link>https://www.liberation.fr/international/amerique/face-au-rouleau-compresseur-trump-musk-la-timide-riposte-des-democrates-americains-20250211_6THIUOCAH5CBVGTL4JC64HLVOM/</link><guid isPermaLink="true">https://www.liberation.fr/international/amerique/face-au-rouleau-compresseur-trump-musk-la-timide-riposte-des-democrates-americains-20250211_6THIUOCAH5CBVGTL4JC64HLVOM/</guid><dc:creator><![CDATA[Isabelle Hanne]]></dc:creator><description><![CDATA[Sans leader, sans programme ni stratégie de reconquête, l’opposition américaine est en pleine crise existentielle, malgré un sursaut ces derniers jours, et quelques pistes qui se dégagent au niveau local et au Congrès.]]></description><pubDate>Tue, 11 Feb 2025 06:31:00 +0000</pubDate><media:content url="https://liberation-liberation-prod.cdn.arcpublishing.com/resizer/tiZsk9yUHShffyEBPdYuJnpVU-E=/cloudfront-eu-central-1.images.arcpublishing.com/liberation/3HVFVVVX7ZD6XA6M6U5SFP6P5E.jpg" type="image/jpeg" height="3667" width="5500"><media:description type="plain"><![CDATA[L'élue démocrate du Texas Jasmine Crockett s'exprime lors d'une manifestation du parti démocrate contre les directives de Trump et Musk, le 5 février, devant le département du Trésor américain.]]></media:description><media:credit role="author" scheme="urn:ebu">Kent Nishimura</media:credit></media:content></item><item><title><![CDATA[Trump signe un décret portant les droits de douane sur l’acier et l’aluminium à 25 % à partir du 12 mars]]></title><link>https://www.liberation.fr/international/amerique/trump-signe-un-decret-portant-les-droits-de-douane-sur-lacier-et-laluminium-a-25-a-partir-du-12-mars-20250211_LZAVMDZKVBDKRCWYMCNMSLGUUM/</link><guid isPermaLink="true">https://www.liberation.fr/international/amerique/trump-signe-un-decret-portant-les-droits-de-douane-sur-lacier-et-laluminium-a-25-a-partir-du-12-mars-20250211_LZAVMDZKVBDKRCWYMCNMSLGUUM/</guid><dc:creator><![CDATA[ LIBERATION,  AFP]]></dc:creator><description><![CDATA[Le président américain a franchi une nouvelle étape dans son bras de fer commercial avec le reste du monde, avec la signature lundi 10 février au soir d’un décret imposant des droits de douane de 25 % sur les deux matériaux, «sans exception».]]></description><pubDate>Tue, 11 Feb 2025 06:16:20 +0000</pubDate><media:content url="https://liberation-liberation-prod.cdn.arcpublishing.com/resizer/spOb8AFxOJV3PxegWMwYcwU15wU=/cloudfront-eu-central-1.images.arcpublishing.com/liberation/EFJKPHQEM5HR3O6QRI5IHEFJFA.jpg" type="image/jpeg" height="2631" width="3953"><media:description type="plain"><![CDATA[Dans le port de Houston, au Texas, lundi.]]></media:description><media:credit role="author" scheme="urn:ebu">Brandon Bell</media:credit></media:content></item><item><title><![CDATA[20 ans de la loi handicap : «Sur l’accessibilité, on est complètement en dehors des clous»]]></title><link>https://www.liberation.fr/societe/20-ans-de-la-loi-handicap-sur-laccessibilite-on-est-completement-en-dehors-des-clous-20250211_KWUBDTTIQBC77GQP2JLDPFUJ7E/</link><guid isPermaLink="true">https://www.liberation.fr/societe/20-ans-de-la-loi-handicap-sur-laccessibilite-on-est-completement-en-dehors-des-clous-20250211_KWUBDTTIQBC77GQP2JLDPFUJ7E/</guid><dc:creator><![CDATA[Elsa Maudet]]></dc:creator><description><![CDATA[Jérémie Boroy, membre du Conseil économique, social et environnemental, dresse le bilan de la loi du 11 février 2005 consacrée au handicap et appelle à mieux appliquer la convention de l’ONU, basée sur l’accès aux droits fondamentaux.]]></description><pubDate>Tue, 11 Feb 2025 06:12:00 +0000</pubDate><media:content url="https://liberation-liberation-prod.cdn.arcpublishing.com/resizer/Ykrg5U91rIbL1oq3oNDhjXvnzvM=/cloudfront-eu-central-1.images.arcpublishing.com/liberation/WGPGIO7UJRBPTJH5OYARA5TNKQ.jpg" type="image/jpeg" height="3000" width="4000"><media:description type="plain"><![CDATA[A la sortie du métro parisien en 2023.]]></media:description><media:credit role="author" scheme="urn:ebu">Julie Imbert</media:credit></media:content></item><item><title><![CDATA[20 ans de la loi handicap : la France toujours pas axée sur l’accessibilité]]></title><link>https://www.liberation.fr/societe/20-ans-de-la-loi-handicap-la-france-toujours-pas-axee-sur-laccessibilite-20250211_OITN2IHI3RG37BDAP63P7T3LGU/</link><guid isPermaLink="true">https://www.liberation.fr/societe/20-ans-de-la-loi-handicap-la-france-toujours-pas-axee-sur-laccessibilite-20250211_OITN2IHI3RG37BDAP63P7T3LGU/</guid><dc:creator><![CDATA[Elsa Maudet]]></dc:creator><description><![CDATA[Moins de la moitié des établissements recevant du public sont à ce jour accessibles, malgré une obligation inscrite dans la loi depuis 2005. Le gouvernement n’est toujours pas décidé à passer aux sanctions.]]></description><pubDate>Tue, 11 Feb 2025 05:58:00 +0000</pubDate><media:content url="https://liberation-liberation-prod.cdn.arcpublishing.com/resizer/q3-cHLBm9TcRr7TwJczKxCrlPPA=/cloudfront-eu-central-1.images.arcpublishing.com/liberation/W5CUPQ6VG5ALLDXXA3MO24R3PM.jpg" type="image/jpeg" height="3543" width="2835"><media:description type="plain"><![CDATA[La loi de 2005 prévoyait initialement de rendre accessibles les établissements recevant du public (ERP) en dix ans.]]></media:description><media:credit role="author" scheme="urn:ebu">Cyril Zannettacci</media:credit></media:content></item><item><title><![CDATA[La France dégringole au classement de Transparency International sur la corruption]]></title><link>https://www.liberation.fr/societe/police-justice/la-france-degringole-au-classement-de-transparency-international-sur-la-corruption-20250211_56EK7SBAHBCZJAWZBTH2WVCT7Q/</link><guid isPermaLink="true">https://www.liberation.fr/societe/police-justice/la-france-degringole-au-classement-de-transparency-international-sur-la-corruption-20250211_56EK7SBAHBCZJAWZBTH2WVCT7Q/</guid><dc:creator><![CDATA[Renaud Lecadre]]></dc:creator><description><![CDATA[L’ONG place le pays à la 25e place de son indice de perception de la corruption et pointe «une absence de volonté, tous bords politiques confondus, de lutter contre les atteintes à la probité».]]></description><pubDate>Tue, 11 Feb 2025 05:00:00 +0000</pubDate><media:content url="https://liberation-liberation-prod.cdn.arcpublishing.com/resizer/Y2t4KXXJEumeTiMfX3EYlnv6Nbg=/cloudfront-eu-central-1.images.arcpublishing.com/liberation/3M6WBDNJZ5BEXHEXSBX64GXZQM.jpg" type="image/jpeg" height="3149" width="4724"><media:description type="plain"><![CDATA[Florent Clouet, délégué général de la section française de l'ONG, déplore qu'Emmanuel Macron «avait ouvert son premier quinquennat en faisant de la moralisation de la vie publique une de ses priorités, sept ans plus tard, le constat est amer».]]></media:description><media:credit role="author" scheme="urn:ebu">Amaury Cornu</media:credit></media:content></item><item><title><![CDATA[L’ancien numéro 2 de la Fédération française de tennis, Jean-Pierre Dartevelle, jugé ce mardi pour viols]]></title><link>https://www.liberation.fr/societe/police-justice/lancien-numero-deux-de-la-federation-francaise-de-tennis-jean-pierre-dartevelle-juge-ce-mardi-pour-viols-20250211_E3JRUIEZFVH2HNOAFXVZ3S2TEM/</link><guid isPermaLink="true">https://www.liberation.fr/societe/police-justice/lancien-numero-deux-de-la-federation-francaise-de-tennis-jean-pierre-dartevelle-juge-ce-mardi-pour-viols-20250211_E3JRUIEZFVH2HNOAFXVZ3S2TEM/</guid><dc:creator><![CDATA[ LIBERATION,  AFP]]></dc:creator><description><![CDATA[Son procès s’ouvre ce mardi 11 février devant la cour criminelle du Doubs (Besançon). L’homme de 74 ans est accusé de viols commis sur une jeune sportive de haut niveau entre 2016 et 2018, alors qu’elle avait entre 17 et 19 ans. Elle avait dénoncé une «relation d’emprise».]]></description><pubDate>Tue, 11 Feb 2025 06:00:00 +0000</pubDate><media:content url="https://liberation-liberation-prod.cdn.arcpublishing.com/resizer/q89suHuLYfvuTrnccOyDXFPyFys=/cloudfront-eu-central-1.images.arcpublishing.com/liberation/ZI7RANDM3JAILPUKI576M2TOGA.jpg" type="image/jpeg" height="2384" width="1590"><media:description type="plain"><![CDATA[Jean-Pierre Dartevelle, le 18 septembre 2015.]]></media:description><media:credit role="author" scheme="urn:ebu">Francois Guillot</media:credit></media:content></item><item><title><![CDATA[Gauches perdantes et gauches perdues, par Luc Le Vaillant]]></title><link>https://www.liberation.fr/idees-et-debats/opinions/gauches-perdantes-et-gauches-perdues-par-luc-le-vaillant-20250211_XTRCA5WWA5H75PQSW3GFKUTM64/</link><guid isPermaLink="true">https://www.liberation.fr/idees-et-debats/opinions/gauches-perdantes-et-gauches-perdues-par-luc-le-vaillant-20250211_XTRCA5WWA5H75PQSW3GFKUTM64/</guid><dc:creator><![CDATA[Luc Le Vaillant]]></dc:creator><description><![CDATA[Etat des lieux désastreux des forces progressistes locales qui, à l’heure de la droitisation mondiale, s’étripent allègrement.]]></description><pubDate>Tue, 11 Feb 2025 04:44:00 +0000</pubDate><media:content url="https://liberation-liberation-prod.cdn.arcpublishing.com/resizer/J0MLE0YK8_ElAKS3Mf5o7U81yD0=/cloudfront-eu-central-1.images.arcpublishing.com/liberation/PGLKAQAFQJFJNBWV74HY6JHIS4.jpg" type="image/jpeg" height="3676" width="5515"><media:description type="plain"><![CDATA[Les députés LFI lors d'un débat sur leur motion de censure posée contre le projet de loi budgétaire 2025, à l'Assemblée nationale, à Paris, le 5 février 2025.]]></media:description><media:credit role="author" scheme="urn:ebu">Gonzalo Fuentes</media:credit></media:content></item><item><title><![CDATA[«Peau d’homme», peau de chagrin au théâtre Montparnasse]]></title><link>https://www.liberation.fr/culture/peau-dhomme-peau-de-chagrin-au-theatre-montparnasse-20250211_U3L3XKC2YNCPXB3GKRJXTGU2DA/</link><guid isPermaLink="true">https://www.liberation.fr/culture/peau-dhomme-peau-de-chagrin-au-theatre-montparnasse-20250211_U3L3XKC2YNCPXB3GKRJXTGU2DA/</guid><dc:creator><![CDATA[Laurent Goumarre]]></dc:creator><description><![CDATA[Malgré la joyeuse mutinerie de Laure Calamy, la comédie musicale adaptée de la belle BD d’Hubert et Zanzim tombe dans la caricature et le prêt-à-penser.]]></description><pubDate>Tue, 11 Feb 2025 01:23:00 +0000</pubDate><media:content url="https://liberation-liberation-prod.cdn.arcpublishing.com/resizer/7EjrVi2HSOgOrLfpAV_8k1kRxSw=/cloudfront-eu-central-1.images.arcpublishing.com/liberation/EWR6J64EJRCWFL63EWHVW4C2BA.jpg" type="image/jpeg" height="1365" width="2048"><media:description type="plain"><![CDATA[Les décors et les costumes caricaturent la BD.]]></media:description><media:credit role="author" scheme="urn:ebu">Jean-Louis Fernandez</media:credit></media:content></item><item><title><![CDATA[Procès du financement libyen : Nicolas Sarkozy à la peine face aux traces des flux financiers suspects]]></title><link>https://www.liberation.fr/societe/police-justice/proces-du-financement-libyen-nicolas-sarkozy-a-la-peine-face-aux-traces-des-flux-financiers-suspects-20250210_62ARE4JDVVAYXAE3OKVPU2GBIQ/</link><guid isPermaLink="true">https://www.liberation.fr/societe/police-justice/proces-du-financement-libyen-nicolas-sarkozy-a-la-peine-face-aux-traces-des-flux-financiers-suspects-20250210_62ARE4JDVVAYXAE3OKVPU2GBIQ/</guid><dc:creator><![CDATA[Ismaël Halissat]]></dc:creator><description><![CDATA[Devant le tribunal correctionnel de Paris, l’ancien chef d’Etat s’est heurté, ce lundi 10 février, aux nombreux indices de millions d’euros issus du régime libyen sur le compte de l’intermédiaire Ziad Takieddine, qui auraient alimenté sa campagne présidentielle de 2007.]]></description><pubDate>Mon, 10 Feb 2025 21:10:19 +0000</pubDate><media:content url="https://liberation-liberation-prod.cdn.arcpublishing.com/resizer/xZqP7k6Y7uOxHoK5U6CwvIRyaXk=/cloudfront-eu-central-1.images.arcpublishing.com/liberation/3ELAO7ETHJCBTDSJC67KT32VZU.jpg" type="image/jpeg" height="3287" width="4930"><media:description type="plain"><![CDATA[Nicolas Sarkozy, au tribunal correctionnel de Paris, le 10 février 2025.]]></media:description><media:credit role="author" scheme="urn:ebu">Stéphane De Sakutin </media:credit></media:content></item></channel></rss>