<?xml version="1.0" encoding="UTF-8"?><rss xmlns:atom="http://www.w3.org/2005/Atom" xmlns:content="http://purl.org/rss/1.0/modules/content/" xmlns:dc="http://purl.org/dc/elements/1.1/" xmlns:sy="http://purl.org/rss/1.0/modules/syndication/" version="2.0" xmlns:media="http://search.yahoo.com/mrss/"><channel><title><![CDATA[Libération]]></title><link>https://www.liberation.fr</link><atom:link href="https://www.liberation.fr/arc/outboundfeeds/rss-all/category/lifestyle/" rel="self" type="application/rss+xml"/><description><![CDATA[Libération News Feed]]></description><lastBuildDate>Tue, 11 Feb 2025 15:45:12 +0000</lastBuildDate><language>fr</language><ttl>1</ttl><sy:updatePeriod>hourly</sy:updatePeriod><sy:updateFrequency>1</sy:updateFrequency><image><url>https://liberation-liberation-prod.cdn.arcpublishing.com/resizer/NDhvymtydpZl4sImd-sUL72q8YM=/arc-photo-liberation/eu-central-1-prod/public/3QH5F2WEITAV2N22T6S3ECTWJ4.png</url><title>Libération</title><link>https://www.liberation.fr</link></image><item><title><![CDATA[Pourquoi le premier amour est-il si marquant ?]]></title><link>https://www.liberation.fr/lifestyle/intimites/pourquoi-le-premier-amour-est-il-si-marquant-20250211_P5L5WSEH65FTBJHN4IO5S2BXZQ/</link><guid isPermaLink="true">https://www.liberation.fr/lifestyle/intimites/pourquoi-le-premier-amour-est-il-si-marquant-20250211_P5L5WSEH65FTBJHN4IO5S2BXZQ/</guid><dc:creator><![CDATA[Juliette Garnier]]></dc:creator><description><![CDATA[Il est de ces choses que l’on n’oublie pas, deux, dix et même quarante ans après. La première fois que l’on conjugue un «nous» en fait partie. Encore très enfantine, cette étape marque la découverte d’un autre champ des possibles : en nous-même et avec les autres.]]></description><pubDate>Tue, 11 Feb 2025 11:28:08 +0000</pubDate><media:content url="https://liberation-liberation-prod.cdn.arcpublishing.com/resizer/m_N5VEegu9ir3vBJgwP3NrqMO_U=/cloudfront-eu-central-1.images.arcpublishing.com/liberation/GBCKDDXUCJGRBBHVWTASYJBBBQ.jpg" type="image/jpeg" height="338" width="507"><media:credit role="author" scheme="urn:ebu">Photomontage Libération</media:credit></media:content></item><item><title><![CDATA[A Paris, la scène drag fait flamboyer la mode]]></title><link>https://www.liberation.fr/lifestyle/mode/a-paris-la-scene-drag-fait-flamboyer-la-mode-20250211_HQIF4YMNFZFYHBDP2WKUNGTPGU/</link><guid isPermaLink="true">https://www.liberation.fr/lifestyle/mode/a-paris-la-scene-drag-fait-flamboyer-la-mode-20250211_HQIF4YMNFZFYHBDP2WKUNGTPGU/</guid><dc:creator><![CDATA[Marie Ottavi]]></dc:creator><description><![CDATA[Pas de culture drag sans tenues de scène extravagantes : dans une petite exposition, l’Ecole supérieure des arts et métiers de la mode met à l’honneur, jusqu’au 27 février, le travail de trois talentueux anciens élèves arboré par des «queens» de l’émission «Drag Race France».]]></description><pubDate>Tue, 11 Feb 2025 11:02:17 +0000</pubDate><media:content url="https://liberation-liberation-prod.cdn.arcpublishing.com/resizer/k70CjmV6WAshNbldnDHuAlI0iLU=/cloudfront-eu-central-1.images.arcpublishing.com/liberation/DSN4TXRXHZCLHEUUIG3VRHQ5B4.jpg" type="image/jpeg" height="2000" width="1600"><media:description type="plain"><![CDATA[Kam Hugh, découverte dans la première saison de «Drag Race France», porte une robe sirène rose bonbon confectionnée par Miss Boo, passée par Esmod en 2016.]]></media:description><media:credit role="author" scheme="urn:ebu">Jean-Ranobrac</media:credit></media:content></item><item><title><![CDATA[Le brutalisme, une architecture en béton aimé]]></title><link>https://www.liberation.fr/lifestyle/design/le-brutalisme-une-architecture-en-beton-aime-20250210_L7Z3R3VWX5G7NEBZMOT6CBN6JM/</link><guid isPermaLink="true">https://www.liberation.fr/lifestyle/design/le-brutalisme-une-architecture-en-beton-aime-20250210_L7Z3R3VWX5G7NEBZMOT6CBN6JM/</guid><dc:creator><![CDATA[Florian Bardou]]></dc:creator><description><![CDATA[Consacré par le dernier film de Brady Corbet, «The Brutalist», le mouvement architectural, en pleine redécouverte et réhabilitation, suscite autant de fascination que de rejet.]]></description><pubDate>Mon, 10 Feb 2025 20:16:23 +0000</pubDate><media:content url="https://liberation-liberation-prod.cdn.arcpublishing.com/resizer/FyQk6ECGZaoLJMyPu54ViLMFNGk=/cloudfront-eu-central-1.images.arcpublishing.com/liberation/6OICTKRD3BBB5GB7YP6HUFA67Q.jpg" type="image/jpeg" height="4200" width="3264"><media:description type="plain"><![CDATA[Les Etoiles d'Ivry, logements sociaux conçus par Jean Renaudie, ici en 1984 à Ivry-sur-Seine.]]></media:description><media:credit role="author" scheme="urn:ebu">Robert Doisneau</media:credit></media:content></item><item><title><![CDATA[Dans les pâtes, le pain, les compotes : quelle est cette histoire de poudre de larves autorisée par l’Union européenne ?]]></title><link>https://www.liberation.fr/lifestyle/consommation/dans-les-pates-le-pain-les-compotes-quelle-est-cette-histoire-de-poudre-de-larves-autorisees-par-lunion-europeenne-20250210_5RZHY67NBNGJPM5AT7MXKHDWAQ/</link><guid isPermaLink="true">https://www.liberation.fr/lifestyle/consommation/dans-les-pates-le-pain-les-compotes-quelle-est-cette-histoire-de-poudre-de-larves-autorisees-par-lunion-europeenne-20250210_5RZHY67NBNGJPM5AT7MXKHDWAQ/</guid><dc:creator><![CDATA[ LIBERATION]]></dc:creator><description><![CDATA[Après les criquets et les grillons, la Commission européenne autorise la mise en vente, à compter de ce lundi 10 février, de la farine de larves de «Tenebrio molitor», riche en vitamine D3, dans les pâtes, le pain ou encore les gâteaux.]]></description><pubDate>Mon, 10 Feb 2025 16:53:47 +0000</pubDate><media:content url="https://liberation-liberation-prod.cdn.arcpublishing.com/resizer/E0kCKClBZN0A5DsABhxjk7IPgzs=/cloudfront-eu-central-1.images.arcpublishing.com/liberation/B44FOCNJSJGKFPJBL6GACGZVWI.jpg" type="image/jpeg" height="6068" width="8090"><media:description type="plain"><![CDATA[La présence des insectes sera notifiée au dos du produit par la mention : «poudre de larves entières de “Tenebrio molitor” (ver de farine) traitée aux UV».]]></media:description><media:credit role="author" scheme="urn:ebu">Lilian Cazabet</media:credit></media:content></item><item><title><![CDATA[Mon premier amour : «Je découvre pour la première fois une relation où les deux personnes veulent vraiment construire quelque chose»]]></title><link>https://www.liberation.fr/lifestyle/intimites/mon-premier-amour-je-decouvre-pour-la-premiere-fois-une-relation-ou-les-deux-personnes-veulent-vraiment-construire-quelque-chose-20250210_DMCP3X2E3VDO3F2NNJOFOGGOT4/</link><guid isPermaLink="true">https://www.liberation.fr/lifestyle/intimites/mon-premier-amour-je-decouvre-pour-la-premiere-fois-une-relation-ou-les-deux-personnes-veulent-vraiment-construire-quelque-chose-20250210_DMCP3X2E3VDO3F2NNJOFOGGOT4/</guid><dc:creator><![CDATA[Juliette Garnier]]></dc:creator><description><![CDATA[Pour célébrer l’amour comme il se doit, revenons au jour où nous l’avons découvert dans les bras d’une personne qui nous aimait en retour. Pour «Libé», ils ou elles se livrent sur cette histoire, aussi singulière qu’universelle. Dans notre premier épisode, Luce, 24 ans, nous raconte son idylle avec un bel espagnol rencontré en Erasmus. ]]></description><pubDate>Mon, 10 Feb 2025 06:59:26 +0000</pubDate><media:content url="https://liberation-liberation-prod.cdn.arcpublishing.com/resizer/0DrooO5y4ryxTv5g05CjwUrZbV8=/cloudfront-eu-central-1.images.arcpublishing.com/liberation/TBU7PQJKGVEVLIFDI5J6RU6EHY.jpg" type="image/jpeg" height="338" width="507"><media:credit role="author" scheme="urn:ebu">Photomontage Libération</media:credit></media:content></item><item><title><![CDATA[Etats-Unis : quand Super Bowl rime avec guacamole]]></title><link>https://www.liberation.fr/lifestyle/consommation/etats-unis-quand-super-bowl-rime-avec-guacamole-20250209_UBOJT7EHXBBXXCUFEHMFQKAT6I/</link><guid isPermaLink="true">https://www.liberation.fr/lifestyle/consommation/etats-unis-quand-super-bowl-rime-avec-guacamole-20250209_UBOJT7EHXBBXXCUFEHMFQKAT6I/</guid><dc:creator><![CDATA[François-Xavier Gomez]]></dc:creator><description><![CDATA[L’événement sportif, qui réunira dimanche plus de 100 millions d’Américains devant leur télé, s’accompagne d’une consommation record de purée d’avocats importés du Mexique. Mais les menaces tarifaires de Trump et l’infiltration des cartels de la drogue pourraient entraver le commerce de «l’or vert».]]></description><pubDate>Sun, 09 Feb 2025 12:35:00 +0000</pubDate><media:content url="https://liberation-liberation-prod.cdn.arcpublishing.com/resizer/kttQNlRDQxUAYbfaZ3PxxVIewo8=/cloudfront-eu-central-1.images.arcpublishing.com/liberation/DCDQT4V2WZAHBBWDFMVHNEHSDY.jpg" type="image/jpeg" height="3733" width="5600"><media:description type="plain"><![CDATA[Le guacamole, un incontournable des soirées du Super Bowl.]]></media:description><media:credit role="author" scheme="urn:ebu">fotek</media:credit></media:content></item><item><title><![CDATA[Decathlon : la fausse promesse du sport «accessible pour tous» et responsable]]></title><link>https://www.liberation.fr/economie/conso/decathlon-la-fausse-promesse-du-sport-accessible-pour-tous-et-responsable-20250208_ERVROYMGCJAZZGTQFBL4QMY2VI/</link><guid isPermaLink="true">https://www.liberation.fr/economie/conso/decathlon-la-fausse-promesse-du-sport-accessible-pour-tous-et-responsable-20250208_ERVROYMGCJAZZGTQFBL4QMY2VI/</guid><dc:creator><![CDATA[Emma Donada]]></dc:creator><description><![CDATA[Petits prix, innovation et engagement… La recette du succès de l’enseigne d’équipement et de vêtement sportif repose sur des pratiques dignes des grandes enseignes low-cost, selon une enquête réalisée par plusieurs médias.]]></description><pubDate>Sat, 08 Feb 2025 09:44:00 +0000</pubDate><media:content url="https://liberation-liberation-prod.cdn.arcpublishing.com/resizer/0poe_9vAi3y_T5Uij-0zSoQ9aEE=/cloudfront-eu-central-1.images.arcpublishing.com/liberation/2F5YFB5GCJDWVCSPAD32QE4C4Y.jpg" type="image/jpeg" height="3602" width="5403"><media:description type="plain"><![CDATA[L'enquête de «Disclose» et «Cash Investigation» montre que, dans sa recherche du prix le moins cher, Decathlon a tiré profit du pire côté de la mondialisation via une partie de ses sous-traitants les plus importants.]]></media:description><media:credit role="author" scheme="urn:ebu">Stéphane Mouchmouche </media:credit></media:content></item><item><title><![CDATA[Animaux de compagnie: les croquettes aux insectes au menu de la grande distribution]]></title><link>https://www.liberation.fr/lifestyle/gastronomie/animaux-de-compagnie-les-croquettes-aux-insectes-au-menu-de-la-grande-distribution-20220520_2LHX7ARVVRCRTMTNDMDETZSTCA/</link><guid isPermaLink="true">https://www.liberation.fr/lifestyle/gastronomie/animaux-de-compagnie-les-croquettes-aux-insectes-au-menu-de-la-grande-distribution-20220520_2LHX7ARVVRCRTMTNDMDETZSTCA/</guid><dc:creator><![CDATA[Florian Bardou]]></dc:creator><description><![CDATA[Après une levée de fonds de 1,8 million d’euros, la start-up Reglo va déployer chez Monoprix ses produits aux insectes pour chiens et chats, jusque-là vendus en ligne. Le signe d’un intérêt accru du marché pour les protéines alternatives dans l’alimentation animale.  ]]></description><pubDate>Fri, 20 May 2022 07:00:00 +0000</pubDate><media:content url="https://liberation-liberation-prod.cdn.arcpublishing.com/resizer/cfWrXo7zU5Ib8aRaYCOjQLs1aNY=/cloudfront-eu-central-1.images.arcpublishing.com/liberation/4EW5HWW6X5F5BCOBWJXM6J2SRA.jpg" type="image/jpeg" height="2327" width="3165"><media:description type="plain"><![CDATA[Une mouche soldat noire.]]></media:description><media:credit role="author" scheme="urn:ebu">Arne Dedert</media:credit></media:content></item></channel></rss>