<?xml version="1.0" encoding="UTF-8"?><rss xmlns:atom="http://www.w3.org/2005/Atom" xmlns:content="http://purl.org/rss/1.0/modules/content/" xmlns:dc="http://purl.org/dc/elements/1.1/" xmlns:sy="http://purl.org/rss/1.0/modules/syndication/" version="2.0" xmlns:media="http://search.yahoo.com/mrss/"><channel><title><![CDATA[Libération]]></title><link>https://www.liberation.fr</link><atom:link href="https://www.liberation.fr/arc/outboundfeeds/rss-all/category/sports/" rel="self" type="application/rss+xml"/><description><![CDATA[Libération News Feed]]></description><lastBuildDate>Tue, 11 Feb 2025 15:44:04 +0000</lastBuildDate><language>fr</language><ttl>1</ttl><sy:updatePeriod>hourly</sy:updatePeriod><sy:updateFrequency>1</sy:updateFrequency><image><url>https://liberation-liberation-prod.cdn.arcpublishing.com/resizer/NDhvymtydpZl4sImd-sUL72q8YM=/arc-photo-liberation/eu-central-1-prod/public/3QH5F2WEITAV2N22T6S3ECTWJ4.png</url><title>Libération</title><link>https://www.liberation.fr</link></image><item><title><![CDATA[Face au PSG, des Brestois déjà claqués avant le barrage de Ligue des champions ]]></title><link>https://www.liberation.fr/sports/football/ligue-des-champions-face-a-paris-des-brestois-deja-claques-20250211_POEPC2N2CNGRTAWPDOVKRGGCZE/</link><guid isPermaLink="true">https://www.liberation.fr/sports/football/ligue-des-champions-face-a-paris-des-brestois-deja-claques-20250211_POEPC2N2CNGRTAWPDOVKRGGCZE/</guid><dc:creator><![CDATA[Grégory Schneider]]></dc:creator><description><![CDATA[Des Bretons usés reçoivent, ce mardi 11 février au Roudourou de Guingamp, le Paris-Saint-Germain pour les seizièmes de finale aller d’une compétition bien longue de leur point de vue.]]></description><pubDate>Tue, 11 Feb 2025 06:51:11 +0000</pubDate><media:content url="https://liberation-liberation-prod.cdn.arcpublishing.com/resizer/t3A8Xq5WJ5Gj2LrIGyKVxSagDek=/cloudfront-eu-central-1.images.arcpublishing.com/liberation/DR6NZRTIWVHAJLXN2OX2W2HF6Q.jpg" type="image/jpeg" height="2325" width="3487"><media:description type="plain"><![CDATA[Le joueur brestois Ludovic Ajorque, lors du match face au PSG le 1er février 2025, à Brest.]]></media:description><media:credit role="author" scheme="urn:ebu">Christophe Saidi</media:credit></media:content></item><item><title><![CDATA[L’ancien numéro 2 de la Fédération française de tennis, Jean-Pierre Dartevelle, jugé ce mardi pour viols]]></title><link>https://www.liberation.fr/societe/police-justice/lancien-numero-deux-de-la-federation-francaise-de-tennis-jean-pierre-dartevelle-juge-ce-mardi-pour-viols-20250211_E3JRUIEZFVH2HNOAFXVZ3S2TEM/</link><guid isPermaLink="true">https://www.liberation.fr/societe/police-justice/lancien-numero-deux-de-la-federation-francaise-de-tennis-jean-pierre-dartevelle-juge-ce-mardi-pour-viols-20250211_E3JRUIEZFVH2HNOAFXVZ3S2TEM/</guid><dc:creator><![CDATA[ LIBERATION,  AFP]]></dc:creator><description><![CDATA[Son procès s’ouvre ce mardi 11 février devant la cour criminelle du Doubs (Besançon). L’homme de 74 ans est accusé de viols commis sur une jeune sportive de haut niveau entre 2016 et 2018, alors qu’elle avait entre 17 et 19 ans. Elle avait dénoncé une «relation d’emprise».]]></description><pubDate>Tue, 11 Feb 2025 06:00:00 +0000</pubDate><media:content url="https://liberation-liberation-prod.cdn.arcpublishing.com/resizer/q89suHuLYfvuTrnccOyDXFPyFys=/cloudfront-eu-central-1.images.arcpublishing.com/liberation/ZI7RANDM3JAILPUKI576M2TOGA.jpg" type="image/jpeg" height="2384" width="1590"><media:description type="plain"><![CDATA[Jean-Pierre Dartevelle, le 18 septembre 2015.]]></media:description><media:credit role="author" scheme="urn:ebu">Francois Guillot</media:credit></media:content></item><item><title><![CDATA[Non-lieu de Jégou et Auradou : la justice argentine met sa décision en délibéré, sans préciser de date]]></title><link>https://www.liberation.fr/sports/rugby/non-lieu-de-jegou-et-auradou-la-justice-argentine-met-sa-decision-en-delibere-sans-preciser-de-date-20250210_F3DQXVJXDBF5JDX52ASL2IFMOQ/</link><guid isPermaLink="true">https://www.liberation.fr/sports/rugby/non-lieu-de-jegou-et-auradou-la-justice-argentine-met-sa-decision-en-delibere-sans-preciser-de-date-20250210_F3DQXVJXDBF5JDX52ASL2IFMOQ/</guid><dc:creator><![CDATA[ LIBERATION,  AFP]]></dc:creator><description><![CDATA[Réexaminée en appel depuis lundi, la décision de non-lieu à l’encontre des deux rugbymen du XV de France a finalement été mise en délibéré par la justice argentine ce lundi 10 février.]]></description><pubDate>Mon, 10 Feb 2025 21:08:39 +0000</pubDate><media:content url="https://liberation-liberation-prod.cdn.arcpublishing.com/resizer/z_I7HJsoF7X-4MgvCJJdo3WLB1s=/cloudfront-eu-central-1.images.arcpublishing.com/liberation/2BGKD5GXKJBLTAZENZ4K4KUZFQ.jpg" type="image/jpeg" height="1688" width="2580"><media:description type="plain"><![CDATA[Oscar Jegou (à gauche) et Hugo Auradou (à droite) à Marcoussis, le 26 janvier 2025.]]></media:description><media:credit role="author" scheme="urn:ebu">Franck Fife</media:credit></media:content></item><item><title><![CDATA[Super Bowl : Donald Trump, Taylor Swift, Kendrick Lamar, drapeaux palestinien et soudanais brandis… les moments forts d’une soirée hors normes]]></title><link>https://www.liberation.fr/sports/superbowl-donald-trump-taylor-swift-kendrick-lamar-drapeaux-palestinien-et-soudanais-brandis-les-moments-forts-dune-soiree-hors-normes-20250210_FM7T2KBSLVEXPNHGWVGS3NZHIY/</link><guid isPermaLink="true">https://www.liberation.fr/sports/superbowl-donald-trump-taylor-swift-kendrick-lamar-drapeaux-palestinien-et-soudanais-brandis-les-moments-forts-dune-soiree-hors-normes-20250210_FM7T2KBSLVEXPNHGWVGS3NZHIY/</guid><dc:creator><![CDATA[ LIBERATION,  AFP]]></dc:creator><description><![CDATA[L’annuelle cérémonie du football américain a vu se réunir dimanche 9 février au sein du même stade des ennemis jurés - Taylor Swift et Donald Trump -, le sacre des Eagles de Philadelphie et un grain de sable dans le show de Kendrick Lamar.]]></description><pubDate>Mon, 10 Feb 2025 08:08:58 +0000</pubDate><media:content url="https://liberation-liberation-prod.cdn.arcpublishing.com/resizer/kjECZApGmG30gn1dNiz4ZqqpJ0k=/cloudfront-eu-central-1.images.arcpublishing.com/liberation/NM6GFVYDMBDBLAWG4XMK7YNWHQ.jpg" type="image/jpeg" height="3517" width="5276"><media:description type="plain"><![CDATA[Le quarterback des Philadelphia Eagles Jalen Hurts après la victoire sur les Kansas City Chiefs, 40-22, à La Nouvelle-Orléans dimanche 9 février 2025.]]></media:description><media:credit role="author" scheme="urn:ebu">Chandan Khanna </media:credit></media:content></item><item><title><![CDATA[Marie Barsacq, sang mêlée]]></title><link>https://www.liberation.fr/portraits/marie-barsacq-sang-melee-20250209_IO5XIOK4ENDTDGT6MMJE4N3LE4/</link><guid isPermaLink="true">https://www.liberation.fr/portraits/marie-barsacq-sang-melee-20250209_IO5XIOK4ENDTDGT6MMJE4N3LE4/</guid><dc:creator><![CDATA[Sylvain Chazot]]></dc:creator><description><![CDATA[La ministre des Sports, de la Jeunesse et de la Vie associative, originaire du Sud-Ouest et fan de rugby, s’est épanouie au sein du comité d’organisation des JO de Paris 2024.]]></description><pubDate>Sun, 09 Feb 2025 16:08:51 +0000</pubDate><media:content url="https://liberation-liberation-prod.cdn.arcpublishing.com/resizer/hgCSZl9PUcAwIGSfVWR-xG0OxM8=/cloudfront-eu-central-1.images.arcpublishing.com/liberation/H34LMWP5UFAZPFJT2ZWB5MUKU4.jpg" type="image/jpeg" height="3543" width="2657"><media:description type="plain"><![CDATA[Marie Barsacq, ministre des Sports, de la Jeunesse et de la Vie associative, à Paris le 30 janvier 2025.]]></media:description><media:credit role="author" scheme="urn:ebu">Rémy Artiges</media:credit></media:content></item><item><title><![CDATA[Etats-Unis : quand Super Bowl rime avec guacamole]]></title><link>https://www.liberation.fr/lifestyle/consommation/etats-unis-quand-super-bowl-rime-avec-guacamole-20250209_UBOJT7EHXBBXXCUFEHMFQKAT6I/</link><guid isPermaLink="true">https://www.liberation.fr/lifestyle/consommation/etats-unis-quand-super-bowl-rime-avec-guacamole-20250209_UBOJT7EHXBBXXCUFEHMFQKAT6I/</guid><dc:creator><![CDATA[François-Xavier Gomez]]></dc:creator><description><![CDATA[L’événement sportif, qui réunira dimanche plus de 100 millions d’Américains devant leur télé, s’accompagne d’une consommation record de purée d’avocats importés du Mexique. Mais les menaces tarifaires de Trump et l’infiltration des cartels de la drogue pourraient entraver le commerce de «l’or vert».]]></description><pubDate>Sun, 09 Feb 2025 12:35:00 +0000</pubDate><media:content url="https://liberation-liberation-prod.cdn.arcpublishing.com/resizer/kttQNlRDQxUAYbfaZ3PxxVIewo8=/cloudfront-eu-central-1.images.arcpublishing.com/liberation/DCDQT4V2WZAHBBWDFMVHNEHSDY.jpg" type="image/jpeg" height="3733" width="5600"><media:description type="plain"><![CDATA[Le guacamole, un incontournable des soirées du Super Bowl.]]></media:description><media:credit role="author" scheme="urn:ebu">fotek</media:credit></media:content></item><item><title><![CDATA[Super Bowl : Donald Trump et la NFL, deux mondes qui ne peuvent pas se sacker]]></title><link>https://www.liberation.fr/sports/super-bowl-donald-trump-et-la-nfl-deux-mondes-qui-ne-peuvent-pas-se-sacker-20250209_HAM7MOSQIBASXJSTY4ENUQXVW4/</link><guid isPermaLink="true">https://www.liberation.fr/sports/super-bowl-donald-trump-et-la-nfl-deux-mondes-qui-ne-peuvent-pas-se-sacker-20250209_HAM7MOSQIBASXJSTY4ENUQXVW4/</guid><dc:creator><![CDATA[Romain Métairie]]></dc:creator><description><![CDATA[En prévoyant d’assister dimanche 9 février pour la première fois à l’événement sportif le plus populaire aux Etats-Unis, le Président ramène la politique sur le terrain de la puissante ligue de football américain, avec qui il entretient une relation houleuse depuis plus de quarante ans.]]></description><pubDate>Sun, 09 Feb 2025 07:05:00 +0000</pubDate><media:content url="https://liberation-liberation-prod.cdn.arcpublishing.com/resizer/IYFzrzrUfACneagd21k_F1QgCxo=/cloudfront-eu-central-1.images.arcpublishing.com/liberation/L2XEBR5ZXFF2BJXCR5MVNV7SKM.jpg" type="image/jpeg" height="3668" width="5500"><media:description type="plain"><![CDATA[Le stade du Caesars Superdome, à La Nouvelle-Orléans, où se tiendra la finale du Super Bowl dimanche.]]></media:description><media:credit role="author" scheme="urn:ebu">Mike Segar</media:credit></media:content></item></channel></rss>