<?xml version="1.0" encoding="UTF-8"?><rss xmlns:atom="http://www.w3.org/2005/Atom" xmlns:content="http://purl.org/rss/1.0/modules/content/" xmlns:dc="http://purl.org/dc/elements/1.1/" xmlns:sy="http://purl.org/rss/1.0/modules/syndication/" version="2.0" xmlns:media="http://search.yahoo.com/mrss/"><channel><title><![CDATA[Libération]]></title><link>https://www.liberation.fr</link><atom:link href="https://www.liberation.fr/arc/outboundfeeds/rss-all/category/culture/" rel="self" type="application/rss+xml"/><description><![CDATA[Libération News Feed]]></description><lastBuildDate>Tue, 11 Feb 2025 15:42:55 +0000</lastBuildDate><language>fr</language><ttl>1</ttl><sy:updatePeriod>hourly</sy:updatePeriod><sy:updateFrequency>1</sy:updateFrequency><image><url>https://liberation-liberation-prod.cdn.arcpublishing.com/resizer/NDhvymtydpZl4sImd-sUL72q8YM=/arc-photo-liberation/eu-central-1-prod/public/3QH5F2WEITAV2N22T6S3ECTWJ4.png</url><title>Libération</title><link>https://www.liberation.fr</link></image><item><title><![CDATA[«Le Mohican» de Frédéric Farrucci, corps à Corse]]></title><link>https://www.liberation.fr/culture/le-mohican-de-frederic-farrucci-corps-a-corse-20250211_TVIGSKXJGVC4FOUYHIHL4JXCM4/</link><guid isPermaLink="true">https://www.liberation.fr/culture/le-mohican-de-frederic-farrucci-corps-a-corse-20250211_TVIGSKXJGVC4FOUYHIHL4JXCM4/</guid><dc:creator><![CDATA[Didier Péron]]></dc:creator><description><![CDATA[Entre western et film noir, le cinéaste suit la cavale d’un berger corse indocile aux prises avec des spéculateurs sans scrupule. Un peu manichéen mais convaincant. ]]></description><pubDate>Tue, 11 Feb 2025 15:28:00 +0000</pubDate><media:content url="https://liberation-liberation-prod.cdn.arcpublishing.com/resizer/_6CmSrjCK0Fq5ldemBWvjO3zgVc=/cloudfront-eu-central-1.images.arcpublishing.com/liberation/3YJLPJPOWBFKFPLSGI3IXWJV5Q.jpg" type="image/jpeg" height="1716" width="4096"><media:description type="plain"><![CDATA[Avec justesse, Alexis Manenti incarne Joseph, héros taiseux et déterminé.]]></media:description></media:content></item><item><title><![CDATA[Premiers JO de l’e-sport : prévue cette année en Arabie saoudite, la compétition finalement reportée à 2027]]></title><link>https://www.liberation.fr/sports/jeux-olympiques/premiers-jo-de-le-sport-prevue-cette-annee-en-arabie-saoudite-la-competition-finalement-reportee-a-2027-20250211_XNWII67QTNGPFAKRCFHAVD7DS4/</link><guid isPermaLink="true">https://www.liberation.fr/sports/jeux-olympiques/premiers-jo-de-le-sport-prevue-cette-annee-en-arabie-saoudite-la-competition-finalement-reportee-a-2027-20250211_XNWII67QTNGPFAKRCFHAVD7DS4/</guid><dc:creator><![CDATA[ LIBERATION,  AFP]]></dc:creator><description><![CDATA[Le Comité international olympique a annoncé ce mardi 11 février le décalage de deux ans de cette compétition inédite de jeux vidéo, en raison de la complexité pour la mettre en place.]]></description><pubDate>Tue, 11 Feb 2025 15:06:54 +0000</pubDate><media:content url="https://liberation-liberation-prod.cdn.arcpublishing.com/resizer/0Pq9iGbbu8hmABSl4GOuLPBnbPE=/cloudfront-eu-central-1.images.arcpublishing.com/liberation/XUBDHL4JKJBNDPBWPPMFE4YXLA.jpg" type="image/jpeg" height="3240" width="4591"><media:description type="plain"><![CDATA[Des visiteurs au Next World Forum, événement mondial du e-sport, le 7 septembre 2022 à Riyad.]]></media:description><media:credit role="author" scheme="urn:ebu">Fayez Nureldine</media:credit></media:content></item><item><title><![CDATA[Au cinéma, l’émission «Strip-tease» repart de plus belge]]></title><link>https://www.liberation.fr/culture/cinema/au-cinema-lemission-strip-tease-repart-de-plus-belge-20250211_AIFTZC4Y6VHLJDVLIURPI7FMVA/</link><guid isPermaLink="true">https://www.liberation.fr/culture/cinema/au-cinema-lemission-strip-tease-repart-de-plus-belge-20250211_AIFTZC4Y6VHLJDVLIURPI7FMVA/</guid><dc:creator><![CDATA[Lelo Jimmy Batista]]></dc:creator><description><![CDATA[Des influenceurs à Dubaï, une mère catho écolo, une stand-uppeuse en galère… L’émission culte revient au cinéma avec cinq courts documentaires mordants à souhait.]]></description><pubDate>Tue, 11 Feb 2025 14:52:00 +0000</pubDate><media:content url="https://liberation-liberation-prod.cdn.arcpublishing.com/resizer/mwMuJHiLR5gwouWvnQWwx3abEmc=/cloudfront-eu-central-1.images.arcpublishing.com/liberation/5PH6IVL6UVERDCJZUXVERCVNM4.jpg" type="image/jpeg" height="649" width="1152"><media:description type="plain"><![CDATA[Deux influenceuses en goguette à Dubaï.]]></media:description></media:content></item><item><title><![CDATA[Martin Parr, satire vers le haut]]></title><link>https://www.liberation.fr/portraits/martin-parr-satire-vers-le-haut-20250211_HPKLNJKTVVHFNPCHZ65VH4L5YQ/</link><guid isPermaLink="true">https://www.liberation.fr/portraits/martin-parr-satire-vers-le-haut-20250211_HPKLNJKTVVHFNPCHZ65VH4L5YQ/</guid><dc:creator><![CDATA[Clémentine Mercier]]></dc:creator><description><![CDATA[Le photographe britannique, célébré pour avoir saisi le grotesque de la société des loisirs, garde malgré la maladie vivacité d’esprit, humour et gourmandise.]]></description><pubDate>Tue, 11 Feb 2025 14:24:00 +0000</pubDate><media:content url="https://liberation-liberation-prod.cdn.arcpublishing.com/resizer/02qVQt2Z3h_QekN04vqdjlA8qHw=/cloudfront-eu-central-1.images.arcpublishing.com/liberation/466V2SYCLFFATASW2IEZP7MICE.jpg" type="image/jpeg" height="8036" width="6027"><media:description type="plain"><![CDATA[Le photographe Martin Parr, à l'extérieur du studio du réalisateur Lee Shulman, le 20 janvier 2025, à Paris.]]></media:description><media:credit role="author" scheme="urn:ebu">Olivier Culmann</media:credit></media:content></item><item><title><![CDATA[«Bridget Jones, folle de lui» de Michael Morris, romcom par enchantement]]></title><link>https://www.liberation.fr/culture/bridget-jones-folle-de-lui-de-michael-morris-romcom-par-enchantement-20250211_GIID27M2Z5GHHGEGZ5CMDTJCDY/</link><guid isPermaLink="true">https://www.liberation.fr/culture/bridget-jones-folle-de-lui-de-michael-morris-romcom-par-enchantement-20250211_GIID27M2Z5GHHGEGZ5CMDTJCDY/</guid><dc:creator><![CDATA[Camille Nevers]]></dc:creator><description><![CDATA[Mêlant l’autodérision à la tendresse, le quatrième opus des aventures de l’éternelle célibataire, désormais veuve et mère, se révèle le meilleur de la saga.]]></description><pubDate>Tue, 11 Feb 2025 13:42:00 +0000</pubDate><media:content url="https://liberation-liberation-prod.cdn.arcpublishing.com/resizer/r1tG0zeuuT0dqL8AcGfzNi1XrDk=/cloudfront-eu-central-1.images.arcpublishing.com/liberation/FQWPPP26QZBSVK223QNZTIY224.jpg" type="image/jpeg" height="800" width="1200"><media:description type="plain"><![CDATA[Bridget Jones (Renée Zellweger), vouée à rejouer la même histoire de cœur, mais avec des visages altérés.]]></media:description></media:content></item><item><title><![CDATA[Les spectacles à voir en ce moment : l’Olympe de Wim Vandekeybus, les angoisses de Nora Hamzawi et l’épouvante de Maeterlinck]]></title><link>https://www.liberation.fr/culture/scenes/les-spectacles-a-voir-en-ce-moment-lolympe-de-wim-vandekeybus-les-angoisses-de-nora-hamzawi-et-lepouvante-de-maeterlinck-20250211_46E5IFKSQVBKDCG7W5LZJHSE6U/</link><guid isPermaLink="true">https://www.liberation.fr/culture/scenes/les-spectacles-a-voir-en-ce-moment-lolympe-de-wim-vandekeybus-les-angoisses-de-nora-hamzawi-et-lepouvante-de-maeterlinck-20250211_46E5IFKSQVBKDCG7W5LZJHSE6U/</guid><dc:creator><![CDATA[SERVICE CULTURE]]></dc:creator><description><![CDATA[«Libé» vous guide dans les pièces ou spectacles de danse à voir, à Paris ou en régions. Avec aussi : «Neandertal», de David Geselson et «Elizabeth Costello» de Krzysztof Warlikowski d’après JM Coetzee.]]></description><pubDate>Tue, 11 Feb 2025 07:05:15 +0000</pubDate><media:content url="https://liberation-liberation-prod.cdn.arcpublishing.com/resizer/ESPe6dIpkifnKVFJ9Ij11I9EM9A=/cloudfront-eu-central-1.images.arcpublishing.com/liberation/43ZY5LDFMZB6VC7LYPPBJHQSKU.png" type="image/png" height="2000" width="3000"><media:description type="plain"><![CDATA[«Infamous Offspring», de Wim Vandekeybus ; «L’Intruse» et «les Aveugles» de Maurice Maeterlinck ; Nora Hamzaoui.]]></media:description><media:credit role="author" scheme="urn:ebu">Danny Willems, Christophe Raynaud de Lage, Alexandre Isard</media:credit></media:content></item><item><title><![CDATA[«Peau d’homme», peau de chagrin au théâtre Montparnasse]]></title><link>https://www.liberation.fr/culture/peau-dhomme-peau-de-chagrin-au-theatre-montparnasse-20250211_U3L3XKC2YNCPXB3GKRJXTGU2DA/</link><guid isPermaLink="true">https://www.liberation.fr/culture/peau-dhomme-peau-de-chagrin-au-theatre-montparnasse-20250211_U3L3XKC2YNCPXB3GKRJXTGU2DA/</guid><dc:creator><![CDATA[Laurent Goumarre]]></dc:creator><description><![CDATA[Malgré la joyeuse mutinerie de Laure Calamy, la comédie musicale adaptée de la belle BD d’Hubert et Zanzim tombe dans la caricature et le prêt-à-penser.]]></description><pubDate>Tue, 11 Feb 2025 01:23:00 +0000</pubDate><media:content url="https://liberation-liberation-prod.cdn.arcpublishing.com/resizer/7EjrVi2HSOgOrLfpAV_8k1kRxSw=/cloudfront-eu-central-1.images.arcpublishing.com/liberation/EWR6J64EJRCWFL63EWHVW4C2BA.jpg" type="image/jpeg" height="1365" width="2048"><media:description type="plain"><![CDATA[Les décors et les costumes caricaturent la BD.]]></media:description><media:credit role="author" scheme="urn:ebu">Jean-Louis Fernandez</media:credit></media:content></item><item><title><![CDATA[Wim Vandekeybus, danser à perdre hellène]]></title><link>https://www.liberation.fr/culture/scenes/wim-vandekeybus-danser-a-perdre-hellene-20250210_KEDDLUUGQBBALPZUK4QO56HKSY/</link><guid isPermaLink="true">https://www.liberation.fr/culture/scenes/wim-vandekeybus-danser-a-perdre-hellene-20250210_KEDDLUUGQBBALPZUK4QO56HKSY/</guid><dc:creator><![CDATA[Ève Beauvallet]]></dc:creator><description><![CDATA[Le Flamand, ambassadeur d’une danse-théâtre survoltée, livre dans «Infamous Offspring» une relecture de l’Olympe entre chorégraphie vertigineuse et esthétique «Game of Thrones».]]></description><pubDate>Mon, 10 Feb 2025 20:03:00 +0000</pubDate><media:content url="https://liberation-liberation-prod.cdn.arcpublishing.com/resizer/heq_lE-m7XMgixL2-YEPpL35YWM=/cloudfront-eu-central-1.images.arcpublishing.com/liberation/TF3RMX2WIZD6HFE37OMWCLHCSA.jpg" type="image/jpeg" height="2953" width="4663"><media:description type="plain"><![CDATA[Les personnages d’Aphrodite, Dionysos et consorts sont incarnés par des danseurs époustouflants.]]></media:description><media:credit role="author" scheme="urn:ebu">Wim Vandekeybus</media:credit></media:content></item><item><title><![CDATA[«The Brutalist» avec Adrien Brody : une fresque virulente sur l’Amérique]]></title><link>https://www.liberation.fr/culture/cinema/the-brutalist-avec-adrien-brody-une-fresque-virulente-sur-lamerique-20250210_BY6VTS6ZPFHJ5OW2EKUNGOVLSU/</link><guid isPermaLink="true">https://www.liberation.fr/culture/cinema/the-brutalist-avec-adrien-brody-une-fresque-virulente-sur-lamerique-20250210_BY6VTS6ZPFHJ5OW2EKUNGOVLSU/</guid><dc:creator><![CDATA[Elisabeth Franck-Dumas]]></dc:creator><description><![CDATA[Réflexion sur la modernité et ses contradictions, le film de Brady Corbet retrace le destin d’un architecte hongrois fictif qui débarque aux Etats-Unis avec ses traumatismes pour bagage.]]></description><pubDate>Mon, 10 Feb 2025 19:48:23 +0000</pubDate><media:content url="https://liberation-liberation-prod.cdn.arcpublishing.com/resizer/zH-5dAEjKhoLBlvt_QEaTT_DJGQ=/cloudfront-eu-central-1.images.arcpublishing.com/liberation/HTQMR5OYV5G2PPVJAJYTAMEUKA.jpg" type="image/jpeg" height="2160" width="3574"><media:description type="plain"><![CDATA[Architecte hongrois fictif, László Tóth est incarné par un Adrien Brody incandescent.]]></media:description><media:credit role="author" scheme="urn:ebu"></media:credit></media:content></item><item><title><![CDATA[Brady Corbet et Mona Fastvold, scénaristes de «The Brutalist» : «On ne s’est pas demandé si cette histoire apporterait le succès ou la ruine»]]></title><link>https://www.liberation.fr/culture/cinema/brady-corbet-et-mona-fastvold-scenaristes-de-the-brutalist-on-ne-sest-pas-demande-si-cette-histoire-apporterait-le-succes-ou-la-ruine-20250210_5S3GGBTHU5BO5MNHEYZJJU5NKQ/</link><guid isPermaLink="true">https://www.liberation.fr/culture/cinema/brady-corbet-et-mona-fastvold-scenaristes-de-the-brutalist-on-ne-sest-pas-demande-si-cette-histoire-apporterait-le-succes-ou-la-ruine-20250210_5S3GGBTHU5BO5MNHEYZJJU5NKQ/</guid><dc:creator><![CDATA[Olivier Lamm]]></dc:creator><description><![CDATA[Collaborateurs réguliers et époux, Brady Corbet et Mona Fastvold ont cosigné le scénario de «The Brutalist» en marge du système hollywoodien avant de le réaliser pour un budget dérisoire.]]></description><pubDate>Mon, 10 Feb 2025 19:47:13 +0000</pubDate><media:content url="https://liberation-liberation-prod.cdn.arcpublishing.com/resizer/Fu7AlmVOCwyn9MYT2l5rZngwd6s=/cloudfront-eu-central-1.images.arcpublishing.com/liberation/HESG7SRCZJE4HEBJ2DT26IIKHE.jpg" type="image/jpeg" height="4160" width="5719"><media:description type="plain"><![CDATA[Brady Corbet et Mona Fastvold en septembre.]]></media:description><media:credit role="author" scheme="urn:ebu">GODLIS</media:credit></media:content></item><item><title><![CDATA[«The Brutalist» avec Adrien Brody : architecture d’un chef-d’œuvre]]></title><link>https://www.liberation.fr/culture/the-brutalist-avec-adrien-brody-architecture-dun-chef-doeuvre-20250210_ZOXAJZSBOJDLZB3AZQERFDOSOM/</link><guid isPermaLink="true">https://www.liberation.fr/culture/the-brutalist-avec-adrien-brody-architecture-dun-chef-doeuvre-20250210_ZOXAJZSBOJDLZB3AZQERFDOSOM/</guid><dc:creator><![CDATA[Didier Péron]]></dc:creator><description><![CDATA[Fruit de sept ans de travail acharné, le film indépendant de Brady Corbet sur un architecte hongrois survivant de la Shoah, en salles ce mercredi 12 février, est passé du statut de long métrage invendable aux critiques élogieuses. Signe exaltant d’un renouveau artistique.]]></description><pubDate>Mon, 10 Feb 2025 19:45:59 +0000</pubDate><media:content url="https://liberation-liberation-prod.cdn.arcpublishing.com/resizer/tdrtVVZWp_x_hyIBWByqOzK_ies=/cloudfront-eu-central-1.images.arcpublishing.com/liberation/RZIYIQ36KJEOPDV23ZRXTTCMTQ.jpg" type="image/jpeg" height="1448" width="2405"><media:description type="plain"><![CDATA[«The Brutalist» prend vie à chaque moment grâce à ses comédiens, ici Adrien Brody et Felicity Jones.]]></media:description></media:content></item><item><title><![CDATA[«TAIRE», ados au mur]]></title><link>https://www.liberation.fr/culture/scenes/taire-ados-au-mur-20250210_37KPTT45TBDMJDAWXYY4ITEIOQ/</link><guid isPermaLink="true">https://www.liberation.fr/culture/scenes/taire-ados-au-mur-20250210_37KPTT45TBDMJDAWXYY4ITEIOQ/</guid><dc:creator><![CDATA[Anne Diatkine]]></dc:creator><description><![CDATA[La metteuse en scène Tamara Al Saadi met en regard l’histoire vraie d’une enfant de l’ASE séparée de sa famille d’accueil et le drame d’Antigone dans une pièce ambitieuse au texte pourtant cousu de fil blanc.]]></description><pubDate>Mon, 10 Feb 2025 18:23:00 +0000</pubDate><media:content url="https://liberation-liberation-prod.cdn.arcpublishing.com/resizer/uR1HyFiURjSDPX5z0eDFvv7asrw=/cloudfront-eu-central-1.images.arcpublishing.com/liberation/3YTIN7LQJJHFDHAMBJGLYKISI4.jpg" type="image/jpeg" height="3000" width="2001"><media:description type="plain"><![CDATA[Le jeu des interprètes et leur manière de porter leur voix changent de registre selon qu’ils plongent dans la revisitation de Sophocle ou dans l’itinérance dramatique d’Eden.]]></media:description><media:credit role="author" scheme="urn:ebu">Christophe Raynaud de Lage</media:credit></media:content></item><item><title><![CDATA[H JeuneCrack, aller sample]]></title><link>https://www.liberation.fr/culture/musique/h-jeunecrack-aller-sample-20250210_F2QLRGGFM5H7PLQPYOSCDEGUUI/</link><guid isPermaLink="true">https://www.liberation.fr/culture/musique/h-jeunecrack-aller-sample-20250210_F2QLRGGFM5H7PLQPYOSCDEGUUI/</guid><dc:creator><![CDATA[Brice  Miclet]]></dc:creator><description><![CDATA[Mêlant avec talent les codes passés et présents du rap, l’autodidacte de 23 ans à la carrière déjà remplie se raconte pour la première fois dans la presse à l’occasion de la sortie de son nouvel EP, «1er Mouvement».]]></description><pubDate>Mon, 10 Feb 2025 15:03:00 +0000</pubDate><media:content url="https://liberation-liberation-prod.cdn.arcpublishing.com/resizer/0MKFgb5yLeub6iIhBEeM1sMP_j4=/cloudfront-eu-central-1.images.arcpublishing.com/liberation/HA5OBJOQ6RB43CZLMAH6ZFIBNY.jpg" type="image/jpeg" height="6774" width="4492"><media:description type="plain"><![CDATA[1er Mouvement marque le début d’une seconde trilogie discogra­phique.]]></media:description><media:credit role="author" scheme="urn:ebu">Argenteurs</media:credit></media:content></item><item><title><![CDATA[Sortie d’un album de la Maison de la radio égaré il y a un demi-siècle : Black Artists Group, quand le jazz sortit des cases]]></title><link>https://www.liberation.fr/culture/musique/sortie-dun-album-de-la-maison-de-la-radio-egare-il-y-a-un-demi-siecle-black-artists-group-quand-le-jazz-sortit-des-cases-20250210_AKQEGY5DUZHERFWLB4KSNJEZCA/</link><guid isPermaLink="true">https://www.liberation.fr/culture/musique/sortie-dun-album-de-la-maison-de-la-radio-egare-il-y-a-un-demi-siecle-black-artists-group-quand-le-jazz-sortit-des-cases-20250210_AKQEGY5DUZHERFWLB4KSNJEZCA/</guid><dc:creator><![CDATA[Jacques Denis]]></dc:creator><description><![CDATA[BAG, groupe d’artistes américain expérimental et très politique, sort «For Peace and Liberty», un album inédit enregistré à Paris en 1972 et perdu depuis. Retour sur cette expérience unique avec les protagonistes de l’époque.]]></description><pubDate>Mon, 10 Feb 2025 13:25:00 +0000</pubDate><media:content url="https://liberation-liberation-prod.cdn.arcpublishing.com/resizer/3oORtvWBDdTYqZVWteoXMAtHk-I=/cloudfront-eu-central-1.images.arcpublishing.com/liberation/TV3BVS6L7VD57BIRNW76AMAMYA.jpg" type="image/jpeg" height="2081" width="2950"><media:description type="plain"><![CDATA[Le groupe a été créé en 1968 dans un Saint-Louis très ségrégué, dans le Missouri.]]></media:description><media:credit role="author" scheme="urn:ebu">Oliver Lake</media:credit></media:content></item><item><title><![CDATA[Deux livres de poésie pour enfants pour les changer de la récitation]]></title><link>https://www.liberation.fr/culture/livres/deux-livres-de-poesie-pour-enfants-pour-les-changer-de-la-recitation-20250210_6GWVXWTIOZAKJJSMMY2N6LASZ4/</link><guid isPermaLink="true">https://www.liberation.fr/culture/livres/deux-livres-de-poesie-pour-enfants-pour-les-changer-de-la-recitation-20250210_6GWVXWTIOZAKJJSMMY2N6LASZ4/</guid><dc:creator><![CDATA[Florian Bardou]]></dc:creator><description><![CDATA[Les recueils «Poèmes joue ! Joue !» et «Bonjour poésies» démontrent que les meilleurs des auteurs contemporains savent aussi s’adresser aux plus jeunes.]]></description><pubDate>Mon, 10 Feb 2025 09:22:00 +0000</pubDate><media:content url="https://liberation-liberation-prod.cdn.arcpublishing.com/resizer/6ep5HpwrW99ibkWGftafwk1_mu4=/cloudfront-eu-central-1.images.arcpublishing.com/liberation/PCSCNO5UFJGLRBGIMM5NJNRYOI.jpg" type="image/jpeg" height="749" width="548"><media:description type="plain"><![CDATA[Hélène Dorion.]]></media:description><media:credit role="author" scheme="urn:ebu">Photomontage Libération</media:credit></media:content></item><item><title><![CDATA[«To Like or Not», un spectacle interactif où tout peut basculer d’un Insta à l’autre]]></title><link>https://www.liberation.fr/culture/to-like-or-not-un-spectacle-interactif-ou-tout-peut-basculer-dun-insta-a-lautre-20250210_JQBP3HHJ7FCGBLRLSB5XGI2XUI/</link><guid isPermaLink="true">https://www.liberation.fr/culture/to-like-or-not-un-spectacle-interactif-ou-tout-peut-basculer-dun-insta-a-lautre-20250210_JQBP3HHJ7FCGBLRLSB5XGI2XUI/</guid><dc:creator><![CDATA[Sonya Faure]]></dc:creator><description><![CDATA[Dans un spectacle où s’enchaînent contenus postés sur les réseaux sociaux, pièce de théâtre et expérience de réalité virtuelle, Emilie Anna Maillet explore les images et les masques que les adolescents se créent.]]></description><pubDate>Mon, 10 Feb 2025 06:13:00 +0000</pubDate><media:content url="https://liberation-liberation-prod.cdn.arcpublishing.com/resizer/SyKtFJHxciUgfcflKxtH1RULMA4=/cloudfront-eu-central-1.images.arcpublishing.com/liberation/STUY2MOH6FCY5KQKDOSPIMTJYM.jpg" type="image/jpeg" height="662" width="1601"><media:description type="plain"><![CDATA[Une expérience de réalité virtuelle permet de se mettre dans la peau d’un des six personnages invités à une soirée chez Alma.]]></media:description></media:content></item><item><title><![CDATA[Le top 5 des expos à voir en ce moment : Sandra Knecht, Roméo Mivekannin, James Welling…]]></title><link>https://www.liberation.fr/culture/arts/le-top-5-des-expos-a-voir-en-ce-moment-sandra-knecht-romeo-mivekannin-james-welling-20250210_XS6FMR5SGNEPNEYHXJMBSZJTCY/</link><guid isPermaLink="true">https://www.liberation.fr/culture/arts/le-top-5-des-expos-a-voir-en-ce-moment-sandra-knecht-romeo-mivekannin-james-welling-20250210_XS6FMR5SGNEPNEYHXJMBSZJTCY/</guid><dc:creator><![CDATA[SERVICE CULTURE]]></dc:creator><description><![CDATA[Peinture, art contemporain, photographie… «Libé» vous guide dans les expositions à voir, à Paris, Bâle, Lens ou Marseille. Avec aussi : une exposition sur le cirque et un cabinet de curiosité.]]></description><pubDate>Mon, 10 Feb 2025 05:33:00 +0000</pubDate><media:content url="https://liberation-liberation-prod.cdn.arcpublishing.com/resizer/bNTNjhWfNfmfz-NIHHldxOL3WLM=/cloudfront-eu-central-1.images.arcpublishing.com/liberation/VN5KHUIBDFHU3FRFYT7OPE6MNE.png" type="image/png" height="2000" width="3000"><media:description type="plain"><![CDATA[«La Barque de Dante d’après Delacroix» de Roméo Mivekannin et «Tschinn», autoportrait de Sandra Knecht.]]></media:description></media:content></item><item><title><![CDATA[«On n’est pas chez les Trump, ici» : avant le sommet sur l’IA à Paris, la culture défend l’innovation mais aussi ses droits]]></title><link>https://www.liberation.fr/culture/sommet-sur-lia-la-culture-defend-linnovation-mais-aussi-ses-droits-20250209_FZOWJOFZUBBP3FYBAEH7Y3CMSU/</link><guid isPermaLink="true">https://www.liberation.fr/culture/sommet-sur-lia-la-culture-defend-linnovation-mais-aussi-ses-droits-20250209_FZOWJOFZUBBP3FYBAEH7Y3CMSU/</guid><dc:creator><![CDATA[Ève Beauvallet]]></dc:creator><description><![CDATA[Pour la première fois intégré à un Sommet international sur l’IA, le secteur culturel débattait ce week-end des grands défis à venir.]]></description><pubDate>Sun, 09 Feb 2025 15:06:10 +0000</pubDate><media:content url="https://liberation-liberation-prod.cdn.arcpublishing.com/resizer/MUPgPKxwCq_-ssRNZ_vR6AnXV1I=/cloudfront-eu-central-1.images.arcpublishing.com/liberation/DOQVZD6NO5CG7FIZRZNNZ5QH4I.jpg" type="image/jpeg" height="4480" width="6720"><media:description type="plain"><![CDATA[«Le respect de la propriété intellectuelle, ce n’est pas une option», a tranché Rachida Dati au Sommet ce week-end.]]></media:description><media:credit role="author" scheme="urn:ebu">Henrike Stahl</media:credit></media:content></item><item><title><![CDATA[Bonnie Prince Billy : «Un jour, on connecte avec une chanson et c’est comme si on trouvait de l’or au fond d’une rivière»]]></title><link>https://www.liberation.fr/culture/musique/bonnie-prince-billy-un-jour-on-connecte-avec-une-chanson-et-cest-comme-si-on-trouvait-de-lor-au-fond-dune-riviere-20250209_IHBDRLEMEFFT5DRQ4JRCR6EIIQ/</link><guid isPermaLink="true">https://www.liberation.fr/culture/musique/bonnie-prince-billy-un-jour-on-connecte-avec-une-chanson-et-cest-comme-si-on-trouvait-de-lor-au-fond-dune-riviere-20250209_IHBDRLEMEFFT5DRQ4JRCR6EIIQ/</guid><dc:creator><![CDATA[Olivier Lamm]]></dc:creator><description><![CDATA[Rencontre avec le songwriter américain Will Oldham, de retour avec «The Purple Bird», formidable album enregistré à Nashville et fruit de collaborations rares à la production, l’écriture et la composition.]]></description><pubDate>Sun, 09 Feb 2025 14:37:00 +0000</pubDate><media:content url="https://liberation-liberation-prod.cdn.arcpublishing.com/resizer/ukSDkTosjuycdUc3sR5XO51KuvQ=/cloudfront-eu-central-1.images.arcpublishing.com/liberation/QEM6PTDQO5BGFMNRMIB2AJ4ZVU.jpg" type="image/jpeg" height="5000" width="4000"><media:description type="plain"><![CDATA[Will Oldham à Paris, le 4 décembre 2024.]]></media:description><media:credit role="author" scheme="urn:ebu">Edouard Caupeil</media:credit></media:content></item><item><title><![CDATA[Philippe Vilain, les années Ernaux]]></title><link>https://www.liberation.fr/portraits/philippe-vilain-les-annees-ernaux-20250209_LRSL4FSL4VG3JLXDFKEX66Z76A/</link><guid isPermaLink="true">https://www.liberation.fr/portraits/philippe-vilain-les-annees-ernaux-20250209_LRSL4FSL4VG3JLXDFKEX66Z76A/</guid><dc:creator><![CDATA[Marie-Dominique Lelièvre]]></dc:creator><description><![CDATA[L’écrivain se réapproprie le récit de sa relation avec la Prix Nobel de littérature, quand il était étudiant et elle déjà célèbre.]]></description><pubDate>Mon, 10 Feb 2025 14:00:00 +0000</pubDate><media:content url="https://liberation-liberation-prod.cdn.arcpublishing.com/resizer/zxIG-rTK_uDwDl7nTRCedoruWTQ=/cloudfront-eu-central-1.images.arcpublishing.com/liberation/5EDOIUW5IFH7BNIKPUVV3OQPUI.jpg" type="image/jpeg" height="7072" width="5304"><media:description type="plain"><![CDATA[L'écrivain Philippe Vilain, à Paris, le 22 janvier 2025.]]></media:description><media:credit role="author" scheme="urn:ebu">Irina Shkoda</media:credit></media:content></item><item><title><![CDATA[EN IMAGES - Les Iles du désir (2/4) : Nauru, par le photographe Richard Pak]]></title><link>https://www.liberation.fr/culture/photographie/en-images-les-iles-du-desir-24-nauru-par-le-photographe-richard-pak-20250209_Q3FYVSM77NG4PPX33HUCPPJQ54/</link><guid isPermaLink="true">https://www.liberation.fr/culture/photographie/en-images-les-iles-du-desir-24-nauru-par-le-photographe-richard-pak-20250209_Q3FYVSM77NG4PPX33HUCPPJQ54/</guid><dc:creator><![CDATA[Laure Troussière]]></dc:creator><description><![CDATA[En 2016, l’artiste entame son cycle «les Iles du désir» composé de photographies, écrits et vidéos. Le second volet l’embarque fin 2022 pour Nauru, en Océanie, passé entre les années 70 et 90 de l’un des pays les plus riches du monde à l’extrême pauvreté.]]></description><pubDate>Sun, 09 Feb 2025 09:25:00 +0000</pubDate><media:content url="https://liberation-liberation-prod.cdn.arcpublishing.com/resizer/XZuv4KSSV-Ozq9y1yc8snQXLLeI=/cloudfront-eu-central-1.images.arcpublishing.com/liberation/NU2NXKV2MJDGNE5OLO5THBBEEA.jpg" type="image/jpeg" height="1063" width="1417"><media:description type="plain"><![CDATA[L'île de Nauru, en Micronésie, se situe à 42 km au sud de l'Equateur. Richard Pak s'y est rendu fin 2022.]]></media:description><media:credit role="author" scheme="urn:ebu">Richard Pak</media:credit></media:content></item><item><title><![CDATA[«La Pampa», «Emilia Pérez» : pourquoi les héros LGBT doivent-ils toujours mourir à l’écran ?]]></title><link>https://www.liberation.fr/idees-et-debats/tribunes/la-pampa-emilia-perez-pourquoi-les-heros-lgbt-doivent-ils-toujours-mourir-a-lecran-20250208_HUDDBLNWQVDBZK7OIRALLRFT54/</link><guid isPermaLink="true">https://www.liberation.fr/idees-et-debats/tribunes/la-pampa-emilia-perez-pourquoi-les-heros-lgbt-doivent-ils-toujours-mourir-a-lecran-20250208_HUDDBLNWQVDBZK7OIRALLRFT54/</guid><dc:creator><![CDATA[Antoine Barraud]]></dc:creator><description><![CDATA[Le cinéaste Antoine Barraud a vu le premier film d’Antoine Chevrollier, couvert d’éloges depuis sa sortie, et s’interroge : pourquoi la mort est-elle le seul horizon cinématographique des personnages gays et trans ? Il faut arrêter d’associer ces êtres au tragique obligatoire.]]></description><pubDate>Sat, 08 Feb 2025 08:02:00 +0000</pubDate><media:content url="https://liberation-liberation-prod.cdn.arcpublishing.com/resizer/Ndjk31BD0AjfGGJMHnSsqQgjo3o=/cloudfront-eu-central-1.images.arcpublishing.com/liberation/JXXOBZMXBRBMFNSX7U7ODHYXIA.jpg" type="image/jpeg" height="1097" width="2618"><media:description type="plain"><![CDATA[«La Pampa» (2024), d’Antoine Chevrollier avec Amaury Faucher (Jojo ) et Sayyid El Alami (Willy).]]></media:description></media:content></item><item><title><![CDATA[Gaëtan Bruel, directeur de cabinet de Rachida Dati, nommé président du CNC]]></title><link>https://www.liberation.fr/culture/cinema/gaetan-bruel-directeur-de-cabinet-de-rachida-dati-nomme-president-du-cnc-20250205_IA3ED7H56FDCPNST5LEHW2UZLY/</link><guid isPermaLink="true">https://www.liberation.fr/culture/cinema/gaetan-bruel-directeur-de-cabinet-de-rachida-dati-nomme-president-du-cnc-20250205_IA3ED7H56FDCPNST5LEHW2UZLY/</guid><dc:creator><![CDATA[ LIBERATION]]></dc:creator><description><![CDATA[Le poste à la tête du Centre national du cinéma et de l’image animée, occupé par intérim depuis la démission de Dominique Boutonnat en juin, sera repris par Gaëtan Bruel, a annoncé le ministère de la Culture ce mercredi 5 janvier.]]></description><pubDate>Wed, 05 Feb 2025 15:46:42 +0000</pubDate><media:content url="https://liberation-liberation-prod.cdn.arcpublishing.com/resizer/tkoRv1MbR_mERkIOkMPf-n9Gy_A=/cloudfront-eu-central-1.images.arcpublishing.com/liberation/T7SVOSQMB5C2DHW4GZS2TQBBYM.jpg" type="image/jpeg" height="1817" width="2726"><media:description type="plain"><![CDATA[Gaëtan Bruel, en octobre 2022 à New York.]]></media:description><media:credit role="author" scheme="urn:ebu">Eugene Gologursky</media:credit></media:content></item><item><title><![CDATA[Les Grammy Awards 2025 sacrent Beyoncé et Kendrick Lamar, les Français de Gojira et Justice repartent aussi avec un trophée]]></title><link>https://www.liberation.fr/culture/musique/les-grammy-awards-2025-sacrent-beyonce-et-kendrick-lamar-les-francais-de-gojira-repartent-aussi-avec-un-trophee-20250203_ORJ43DYFXFEQ7EVZ5UAAFQBXSY/</link><guid isPermaLink="true">https://www.liberation.fr/culture/musique/les-grammy-awards-2025-sacrent-beyonce-et-kendrick-lamar-les-francais-de-gojira-repartent-aussi-avec-un-trophee-20250203_ORJ43DYFXFEQ7EVZ5UAAFQBXSY/</guid><dc:creator><![CDATA[SERVICE CULTURE]]></dc:creator><description><![CDATA[Sous le signe de l’émotion après les mégafeux qui ont dévasté Los Angeles, la 67e cérémonie s’est tenue dans la nuit de dimanche 2 février à lundi 3 février, récompensant enfin Beyoncé dans la catégorie meilleur album de l’année. La rappeur a, lui, raflé 5 trophées dans des catégories majeures.]]></description><pubDate>Mon, 03 Feb 2025 06:36:39 +0000</pubDate><media:content url="https://liberation-liberation-prod.cdn.arcpublishing.com/resizer/Skk9iqR7OFx6ZP6VfbLYRavowv4=/cloudfront-eu-central-1.images.arcpublishing.com/liberation/2HMLXXW675B6TOLRZYE23HO5SE.jpg" type="image/jpeg" height="4000" width="6000"><media:description type="plain"><![CDATA[Beyoncé a reçu dimanche 2 février le prix de l'album de l'année pour «Cowboy Carter» lors de la 67e édition des Grammy Awards à Los Angeles.]]></media:description><media:credit role="author" scheme="urn:ebu">Chris Pizzello</media:credit></media:content></item><item><title><![CDATA[Catherine Corsini, réalisatrice, a lu «Nom» de Constance Debré]]></title><link>https://www.liberation.fr/culture/livres/catherine-corsini-realisatrice-a-lu-nom-de-constance-debre-20230128_FX2JI3HIF5ED7BIS3S4G4THAQQ/</link><guid isPermaLink="true">https://www.liberation.fr/culture/livres/catherine-corsini-realisatrice-a-lu-nom-de-constance-debre-20230128_FX2JI3HIF5ED7BIS3S4G4THAQQ/</guid><dc:creator><![CDATA[Catherine Corsini, réalisatrice]]></dc:creator><description><![CDATA[Chaque semaine, une lectrice ou un lecteur chronique un coup de cœur littéraire. Aujourd’hui un roman dans lequel «Nom» c’est non aux conventions et aux vies mortifères.]]></description><pubDate>Sat, 28 Jan 2023 10:07:00 +0000</pubDate><media:content url="https://liberation-liberation-prod.cdn.arcpublishing.com/resizer/33ESKu8eb6_8azl7XYc61YSoncc=/cloudfront-eu-central-1.images.arcpublishing.com/liberation/PHHRU2BXGRGSLFZLXQDAT3W4FQ.jpg" type="image/jpeg" height="4134" width="3101"><media:description type="plain"><![CDATA[Constance Debré.]]></media:description><media:credit role="author" scheme="urn:ebu">Magali Delporte. Guardian. Eyevine. Bureau 233</media:credit></media:content></item><item><title><![CDATA[Infante défunt]]></title><link>https://www.liberation.fr/culture/2005/02/23/infante-defunt_510607/</link><guid isPermaLink="true">https://www.liberation.fr/culture/2005/02/23/infante-defunt_510607/</guid><dc:creator><![CDATA[Philippe Lançon]]></dc:creator><description><![CDATA[L’écrivain cubain Guillermo Cabrera Infante est mort lundi à l’âge de 75 ans.]]></description><pubDate>Tue, 22 Feb 2005 23:41:57 +0000</pubDate></item><item><title><![CDATA[Heberto Padilla, hors-jeu]]></title><link>https://www.liberation.fr/culture/2000/09/28/heberto-padilla-hors-jeu_338885/</link><guid isPermaLink="true">https://www.liberation.fr/culture/2000/09/28/heberto-padilla-hors-jeu_338885/</guid><dc:creator><![CDATA[Philippe Lançon]]></dc:creator><description><![CDATA[Le poète cubain est mort en exil. L’«affaire» de son autocritique, en 1971, avait ouvert les yeux de nombreux intellectuels sur la réalité du régime castriste.]]></description><pubDate>Thu, 28 Sep 2000 02:50:45 +0000</pubDate></item><item><title><![CDATA[Maria Casarès, le théâtre à mort]]></title><link>https://www.liberation.fr/culture/1996/11/23/maria-casares-le-theatre-a-mort_187052/</link><guid isPermaLink="true">https://www.liberation.fr/culture/1996/11/23/maria-casares-le-theatre-a-mort_187052/</guid><dc:creator><![CDATA[René Solis]]></dc:creator><description><![CDATA[Voix de rocaille, ardente Espagnole, elle fut Médée, Phèdre, Mère Courage... et même le Roi Lear . La tragédienne est morte jeudi, à 74 ans.]]></description><pubDate>Fri, 22 Nov 1996 23:43:25 +0000</pubDate></item></channel></rss>