<?xml version="1.0" encoding="UTF-8"?><rss xmlns:atom="http://www.w3.org/2005/Atom" xmlns:content="http://purl.org/rss/1.0/modules/content/" xmlns:dc="http://purl.org/dc/elements/1.1/" xmlns:sy="http://purl.org/rss/1.0/modules/syndication/" version="2.0" xmlns:media="http://search.yahoo.com/mrss/"><channel><title><![CDATA[Libération]]></title><link>https://www.liberation.fr</link><atom:link href="https://www.liberation.fr/arc/outboundfeeds/rss-all/category/environnement/" rel="self" type="application/rss+xml"/><description><![CDATA[Libération News Feed]]></description><lastBuildDate>Tue, 11 Feb 2025 15:43:35 +0000</lastBuildDate><language>fr</language><ttl>1</ttl><sy:updatePeriod>hourly</sy:updatePeriod><sy:updateFrequency>1</sy:updateFrequency><image><url>https://liberation-liberation-prod.cdn.arcpublishing.com/resizer/NDhvymtydpZl4sImd-sUL72q8YM=/arc-photo-liberation/eu-central-1-prod/public/3QH5F2WEITAV2N22T6S3ECTWJ4.png</url><title>Libération</title><link>https://www.liberation.fr</link></image><item><title><![CDATA[Relaxe au goût amer pour les Scientifiques en rébellion : «C’est une goutte d’eau dans un océan de défaites»]]></title><link>https://www.liberation.fr/environnement/relaxe-au-gout-amer-pour-les-scientifiques-en-rebellion-cest-une-goutte-deau-dans-un-ocean-de-defaites-20250211_E4D2LAIPVFFZNEE35MFPNJPYRM/</link><guid isPermaLink="true">https://www.liberation.fr/environnement/relaxe-au-gout-amer-pour-les-scientifiques-en-rebellion-cest-une-goutte-deau-dans-un-ocean-de-defaites-20250211_E4D2LAIPVFFZNEE35MFPNJPYRM/</guid><dc:creator><![CDATA[Anaïs Moran]]></dc:creator><description><![CDATA[Seize personnes, dont cinq scientifiques, poursuivies pour avoir mené une action militante au Havre en 2023 ont été mises hors de cause par la justice lundi 10 février. Le chercheur Hugo Raguet, relaxé, n’arrive pas à y voir une victoire tant «le blacklash environnemental» n’épargne aucune partie du monde.]]></description><pubDate>Tue, 11 Feb 2025 15:34:35 +0000</pubDate><media:content url="https://liberation-liberation-prod.cdn.arcpublishing.com/resizer/36ErcZEYPE3JoWYAQfVntUhjgco=/cloudfront-eu-central-1.images.arcpublishing.com/liberation/JRVZJKLKUNG75NKSSPL2445ESI.jpg" type="image/jpeg" height="5450" width="8167"><media:description type="plain"><![CDATA[Le collectif Scientifiques en rébellion lors de leur action de blocage au port du Havres le 12 mai 2023, qui a valu à 16 personnes un passage devant la justice avant d'être relaxées.]]></media:description><media:credit role="author" scheme="urn:ebu">Edouard Monfrais-Albertini</media:credit></media:content></item><item><title><![CDATA[Océans : des ONG saisissent le Conseil d’Etat pour mieux encadrer la pêche dans les aires marines françaises]]></title><link>https://www.liberation.fr/environnement/biodiversite/oceans-des-ong-saisissent-le-conseil-detat-pour-mieux-encadrer-la-peche-dans-les-aires-marines-tricolores-20250211_POUH2E6FWVHT7JE3DTEJEBDVLE/</link><guid isPermaLink="true">https://www.liberation.fr/environnement/biodiversite/oceans-des-ong-saisissent-le-conseil-detat-pour-mieux-encadrer-la-peche-dans-les-aires-marines-tricolores-20250211_POUH2E6FWVHT7JE3DTEJEBDVLE/</guid><dc:creator><![CDATA[Julie Renson Miquel]]></dc:creator><description><![CDATA[Ce mardi 11 février, deux organisations engagent une action en justice pour obtenir l’interdiction du chalutage de fond dans deux sanctuaires marins. Elles dénoncent un «excès de pouvoir» de l’Etat qui ne respecterait ni le droit français ni le droit européen.]]></description><pubDate>Tue, 11 Feb 2025 07:00:00 +0000</pubDate><media:content url="https://liberation-liberation-prod.cdn.arcpublishing.com/resizer/y_5Qa7EMpZ1dxHZbj8-fUxmfkas=/cloudfront-eu-central-1.images.arcpublishing.com/liberation/GVM6JAA6ARGNLNDGTPBNWTNEBM.jpg" type="image/jpeg" height="4083" width="6125"><media:description type="plain"><![CDATA[La nouvelle campagne de Greepeace dénonce documente la pêche au chalut dans la Manche. Au large de Dunkerque, le 12 décembre 2024.]]></media:description><media:credit role="author" scheme="urn:ebu">Pierre Larrieu</media:credit></media:content></item><item><title><![CDATA[COP30 : une minorité de pays signataires de l’accord de Paris ont rendu leurs feuilles de route climatiques]]></title><link>https://www.liberation.fr/environnement/climat/cop30-une-minorite-de-pays-signataires-de-laccord-de-paris-ont-rendu-leurs-feuilles-de-route-climatiques-20250211_YBWKAEZTIVBULL27JFWHC4JKJM/</link><guid isPermaLink="true">https://www.liberation.fr/environnement/climat/cop30-une-minorite-de-pays-signataires-de-laccord-de-paris-ont-rendu-leurs-feuilles-de-route-climatiques-20250211_YBWKAEZTIVBULL27JFWHC4JKJM/</guid><dc:creator><![CDATA[Anaïs Moran]]></dc:creator><description><![CDATA[Près de 200 Etats avaient jusqu’au lundi 10 février pour fournir à l’ONU leur stratégie quinquennale actualisée de réduction des gaz à effet de serre. Alors que la date limite est désormais dépassée, l’Union européenne et la Chine n’ont toujours pas présenté leurs nouveaux engagements censés être plus ambitieux.]]></description><pubDate>Mon, 10 Feb 2025 20:10:21 +0000</pubDate><media:content url="https://liberation-liberation-prod.cdn.arcpublishing.com/resizer/L9a1Yt1prg8A_o0nzrixwDtGUfA=/cloudfront-eu-central-1.images.arcpublishing.com/liberation/SDBH3DVQV5HUFD5DCKNLNZAL6Y.jpg" type="image/jpeg" height="4954" width="7431"><media:description type="plain"><![CDATA[Le secrétaire exécutif des Nations unies pour le changement climatique, Simon Stiell, et le président de la COP30, Andre Correa do Lago, à Brasilia, le 6 février 2025.]]></media:description><media:credit role="author" scheme="urn:ebu">Evaristo Sa</media:credit></media:content></item><item><title><![CDATA[Inondations dans l’Ouest : 112 communes reconnues en état de catastrophe naturelle]]></title><link>https://www.liberation.fr/environnement/inondations-dans-louest-112-communes-reconnues-en-etat-de-catastrophe-naturelle-20250210_7FK46PR7ERHPRLUTA3E3HWELPQ/</link><guid isPermaLink="true">https://www.liberation.fr/environnement/inondations-dans-louest-112-communes-reconnues-en-etat-de-catastrophe-naturelle-20250210_7FK46PR7ERHPRLUTA3E3HWELPQ/</guid><dc:creator><![CDATA[ LIBERATION,  AFP]]></dc:creator><description><![CDATA[Les habitants d’une centaine de villes pourront être indemnisés après les inondations massives survenues dans quatre départements de l’ouest de la France fin janvier, selon un arrêté publié dimanche 9 février.]]></description><pubDate>Mon, 10 Feb 2025 15:47:07 +0000</pubDate><media:content url="https://liberation-liberation-prod.cdn.arcpublishing.com/resizer/qYgXAgvIe92WvbTWdLpOd9yd4lE=/cloudfront-eu-central-1.images.arcpublishing.com/liberation/JLWTHHGIYVBCJKGR3FLPOAVLF4.jpg" type="image/jpeg" height="4000" width="6000"><media:description type="plain"><![CDATA[Rue inondée du Pont Réan à Guichen près de Rennes après la tempête Herminia, le 27 janvier 2025.]]></media:description><media:credit role="author" scheme="urn:ebu">Stephane Mahe</media:credit></media:content></item><item><title><![CDATA[L’IA durable, entre vœu pieux et opportunité de marché]]></title><link>https://www.liberation.fr/economie/economie-numerique/lia-durable-entre-voeu-pieux-et-opportunite-de-marche-20250210_RRW3GZT5KFDSRCH4MIAYXKFKYE/</link><guid isPermaLink="true">https://www.liberation.fr/economie/economie-numerique/lia-durable-entre-voeu-pieux-et-opportunite-de-marche-20250210_RRW3GZT5KFDSRCH4MIAYXKFKYE/</guid><dc:creator><![CDATA[Olivier Monod]]></dc:creator><description><![CDATA[Avec l’avènement de l’intelligence artificielle, se pose la question de l’impact environnemental des centres de données, mais aussi les conséquences sur la consommation et la répartition électrique globale. Le ministère français de la Transition écologique, lui, y voit l’occasion d’être compétitif.]]></description><pubDate>Mon, 10 Feb 2025 05:48:00 +0000</pubDate><media:content url="https://liberation-liberation-prod.cdn.arcpublishing.com/resizer/TMETyZQJCxcE1NdlI2RNwIs72dU=/cloudfront-eu-central-1.images.arcpublishing.com/liberation/WY55KSFRWRE4PED7G2BAGJMNMI.jpg" type="image/jpeg" height="3333" width="5000"><media:description type="plain"><![CDATA[Vue extérieure du centre de données de Google à Eemshaven, aux Pays-Bas en juin 2021.]]></media:description><media:credit role="author" scheme="urn:ebu">Robin Utrecht</media:credit></media:content></item><item><title><![CDATA[Les Suisses rejettent massivement une initiative de responsabilité environnementale]]></title><link>https://www.liberation.fr/international/europe/les-suisses-rejettent-massivement-une-initiative-de-responsabilite-environnementale-20250209_33YGBJTDMNCC5N36APBKWCSIJI/</link><guid isPermaLink="true">https://www.liberation.fr/international/europe/les-suisses-rejettent-massivement-une-initiative-de-responsabilite-environnementale-20250209_33YGBJTDMNCC5N36APBKWCSIJI/</guid><dc:creator><![CDATA[ LIBERATION,  AFP]]></dc:creator><description><![CDATA[Un référendum porté par les Jeunes Ecologistes suisses visant à inscrire dans la Constitution le respect des limites naturelles de la planète a été massivement rejeté ce dimanche 9 février. Près de 70 % des votants s’y sont opposés estimant que le projet demandait trop de changements dans la vie des gens.]]></description><pubDate>Sun, 09 Feb 2025 18:02:59 +0000</pubDate><media:content url="https://liberation-liberation-prod.cdn.arcpublishing.com/resizer/qEJa4iMNpnj9fLZgd2yuRh2oWEc=/cloudfront-eu-central-1.images.arcpublishing.com/liberation/6GOG7RTG7BCCJMGOVJ7J3JER2I.jpg" type="image/jpeg" height="3333" width="5000"><media:description type="plain"><![CDATA[A Lausanne, en Suisse, le 11 octobre 2024.]]></media:description><media:credit role="author" scheme="urn:ebu">Fabrice Coffrini</media:credit></media:content></item><item><title><![CDATA[Au large de Tenerife, des scientifiques filment pour la première fois une baudroie des abysses remontant à la surface]]></title><link>https://www.liberation.fr/environnement/animaux/au-large-de-tenerife-des-scientifiques-filment-pour-la-premiere-fois-une-baudroie-des-abysses-remontant-a-la-surface-20250209_MFUBZ6BQ6FC35O2YVFYFEOOF7I/</link><guid isPermaLink="true">https://www.liberation.fr/environnement/animaux/au-large-de-tenerife-des-scientifiques-filment-pour-la-premiere-fois-une-baudroie-des-abysses-remontant-a-la-surface-20250209_MFUBZ6BQ6FC35O2YVFYFEOOF7I/</guid><dc:creator><![CDATA[ LIBERATION]]></dc:creator><description><![CDATA[Le 26 janvier, plusieurs scientifiques d’une ONG espagnole sont tombés sur un poisson qui ne quitte d’ordinaire jamais les abysses au large de Tenerife. Le spécimen, mort peu après, «se trouvait là à cause d’un prédateur, d’une maladie ou d’un courant ascendant», estiment les scientifiques.]]></description><pubDate>Sun, 09 Feb 2025 16:22:21 +0000</pubDate><media:content url="https://liberation-liberation-prod.cdn.arcpublishing.com/resizer/q7eNwNNlQSwWcsEcavUES2IMxeM=/cloudfront-eu-central-1.images.arcpublishing.com/liberation/D6RQFLTFENACZOF2HVFXDQAGLM.jpg" type="image/jpeg" height="320" width="528"><media:description type="plain"><![CDATA[Sur les images capturées le 26 janvier à 2 kilomètres au large de Tenerife, en Espagne, on peut voir une baudroie abyssale, également appelée «diable noir des abysses», nager vers la surface.]]></media:description><media:credit role="author" scheme="urn:ebu"></media:credit></media:content></item><item><title><![CDATA[A travers l’océan, l’envoûtant et mystérieux spectacle de la ponte des coraux, synchronisée sur des milliers de kilomètres]]></title><link>https://www.liberation.fr/environnement/biodiversite/a-travers-locean-lenvoutant-et-mysterieux-spectacle-de-la-ponte-des-coraux-synchronisee-sur-des-milliers-de-kilometres-20250208_YUUXG6K63JAUTC7TLY26J57OUU/</link><guid isPermaLink="true">https://www.liberation.fr/environnement/biodiversite/a-travers-locean-lenvoutant-et-mysterieux-spectacle-de-la-ponte-des-coraux-synchronisee-sur-des-milliers-de-kilometres-20250208_YUUXG6K63JAUTC7TLY26J57OUU/</guid><dc:creator><![CDATA[Julie Renson Miquel]]></dc:creator><description><![CDATA[De la Polynésie française à la Tanzanie, la reproduction du corail «Porites rus», calée sur le cycle lunaire, a été observée en janvier pour la première fois le même jour, sur plus de 18 000 km. Ces nouvelles données, recueillies dans le cadre d’un projet de sciences participatives, montrent que cette espèce de corail synchronise sa ponte sur plusieurs océans.]]></description><pubDate>Sat, 08 Feb 2025 17:26:49 +0000</pubDate><media:content url="https://liberation-liberation-prod.cdn.arcpublishing.com/resizer/JU5zQgwThQU6XISjPLheRK3sVx4=/cloudfront-eu-central-1.images.arcpublishing.com/liberation/V47QIWFMU5CYLF4QYIRUMTIBNU.jpg" type="image/jpeg" height="1022" width="1575"><media:description type="plain"><![CDATA[Lors de la ponte, les coraux libèrent leurs ovules et spermatozoïdes dans l'eau, formant un nuage opaque, comme ici à Tahiti.]]></media:description><media:credit role="author" scheme="urn:ebu">Karla Bussone</media:credit></media:content></item><item><title><![CDATA[Quand la grisaille et le manque de soleil influent sur la santé physique et mentale]]></title><link>https://www.liberation.fr/societe/sante/quand-la-grisaille-et-le-manque-de-soleil-influent-sur-la-sante-physique-et-mentale-20250207_EXXWQEPJH5HQDJSWDZRVECKPRA/</link><guid isPermaLink="true">https://www.liberation.fr/societe/sante/quand-la-grisaille-et-le-manque-de-soleil-influent-sur-la-sante-physique-et-mentale-20250207_EXXWQEPJH5HQDJSWDZRVECKPRA/</guid><dc:creator><![CDATA[ LIBERATION]]></dc:creator><description><![CDATA[Avec l’arrivée d’une «goutte froide» dans le nord de la France, ce vendredi 7 février, l’absence de lumière se fait vivement ressentir. Manque d’entrain, morosité et répercussions sur le sommeil, «Libération» fait le point.]]></description><pubDate>Fri, 07 Feb 2025 14:29:21 +0000</pubDate><media:content url="https://liberation-liberation-prod.cdn.arcpublishing.com/resizer/Uqd3rTqFlu99gDBVkYO_RAXHCdA=/cloudfront-eu-central-1.images.arcpublishing.com/liberation/V7NIFAVCHNG5LFI6TRSESTJLNE.jpg" type="image/jpeg" height="3047" width="4571"><media:description type="plain"><![CDATA[En 2024, la France métropolitaine a connu l’ensoleillement le plus faible depuis trente ans.]]></media:description><media:credit role="author" scheme="urn:ebu">Ludovic Marin</media:credit></media:content></item><item><title><![CDATA[Elections agricoles : la FNSEA vire en tête, la Coordination gagne du terrain]]></title><link>https://www.liberation.fr/environnement/agriculture/elections-agricoles-les-gens-ont-besoin-de-nouvelles-tetes-20250206_RYFBR2M4TBCHJBBRBU5IQOU36U/</link><guid isPermaLink="true">https://www.liberation.fr/environnement/agriculture/elections-agricoles-les-gens-ont-besoin-de-nouvelles-tetes-20250206_RYFBR2M4TBCHJBBRBU5IQOU36U/</guid><dc:creator><![CDATA[Olivier Monod, Pauline Moullot]]></dc:creator><description><![CDATA[Le syndicat majoritaire a perdu plusieurs départements lors des élections professionnelles agricoles, d’après les premiers résultats publiés ce jeudi 6 février. Sur le fil, la Coordination rurale a créé la surprise dans le Cher, et la Confédération paysanne en Ardèche.]]></description><pubDate>Thu, 06 Feb 2025 21:38:06 +0000</pubDate><media:content url="https://liberation-liberation-prod.cdn.arcpublishing.com/resizer/8xJAKEcZamkRvB9jH8S-UQq3ahs=/cloudfront-eu-central-1.images.arcpublishing.com/liberation/QRYLSPUKJFGUZCDHL47PSFOA5A.jpg" type="image/jpeg" height="5334" width="8000"><media:description type="plain"><![CDATA[Le président de la FNSEA, Arnaud Rousseau (au centre), dans une exploitation fruitière de Feugarolles ( Lot-et-Garonne) le 9 janvier.]]></media:description><media:credit role="author" scheme="urn:ebu">Philippe Lope</media:credit></media:content></item></channel></rss>