<?xml version="1.0" encoding="utf-8"?>
<rss version="2.0" xmlns:atom="http://www.w3.org/2005/Atom">
    <channel>
        <title>Home Méteo - actualités</title>
        <link>https://www.bfmtv.com/temoins/meteo/</link>
        <description>Envoyez et retrouvez les vidéos et photos témoins liées aux événements météorologiques: Tempêtes, inondations, orages, neige…</description>
        <lastBuildDate>Mon, 10 Feb 2025 12:39:59 GMT</lastBuildDate>
        <docs>http://blogs.law.harvard.edu/tech/rss</docs>
        <generator>BFMTV</generator>
        <language>fr</language>
        <image>
            <title>Home Méteo - actualités</title>
            <url>https://www.bfmtv.com/assets/v11/images/BFMTV_default_16x9.8715a163008e9f3fc3799c8e2c6ebafa.jpg</url>
            <link>https://www.bfmtv.com/temoins/meteo/</link>
        </image>
        <copyright>Copyright BFMTV</copyright>
        <category>Home Méteo - actualités</category>
        <atom:link href="https://www.bfmtv.com/temoins/meteo/" rel="self" type="application/rss+xml"/>
        <item>
            <title><![CDATA[Un violent orage sur Rivery dans la Somme - Témoins BFMTV]]></title>
            <link>https://www.bfmtv.com/temoins/meteo/un-violent-orage-sur-rivery-dans-la-somme-temoins-bfmtv_VN-202210240234.html</link>
            <guid>https://www.bfmtv.com/temoins/meteo/un-violent-orage-sur-rivery-dans-la-somme-temoins-bfmtv_VN-202210240234.html</guid>
            <pubDate>Mon, 24 Oct 2022 07:52:46 GMT</pubDate>
            <description><![CDATA[Un violent orage sur Rivery dans la Somme, une vidéo des Témoins BFMTV. Ce 23 octobre, un violent orage accompagné de gros grêlons frappe la commune de Rivery dans la Somme. Faites comme ce témoin BFMTV et vous aussi venez déposer vos vidéos d'actualités sur http://temoins.bfmtv.com/. Réf : TMS-613981<br /><br /><img src="https://images.bfmtv.com/BKobNjkT9_9C_GqqQ2CVr8zhBgY=/0x0:1280x720/800x0/images/Un-violent-orage-sur-Rivery-dans-la-Somme-Temoins-BFMTV-1506963.jpg" />]]></description>
            <enclosure url="https://images.bfmtv.com/BKobNjkT9_9C_GqqQ2CVr8zhBgY=/0x0:1280x720/800x0/images/Un-violent-orage-sur-Rivery-dans-la-Somme-Temoins-BFMTV-1506963.jpg" length="0" type="image/jpg"/>
        </item>
        <item>
            <title><![CDATA[Les images de la violente pluie de grêle qui a touché Amiens ce dimanche - Témoins BFMTV]]></title>
            <link>https://www.bfmtv.com/temoins/meteo/les-images-de-la-violente-pluie-de-grele-qui-a-touche-amiens-ce-dimanche-temoins-bfmtv_VN-202210240232.html</link>
            <guid>https://www.bfmtv.com/temoins/meteo/les-images-de-la-violente-pluie-de-grele-qui-a-touche-amiens-ce-dimanche-temoins-bfmtv_VN-202210240232.html</guid>
            <pubDate>Mon, 24 Oct 2022 07:51:00 GMT</pubDate>
            <description><![CDATA[Les images de la violente pluie de grêle qui a touché Amiens ce dimanche, une vidéo des Témoins BFMTV. Ce dimanche 23 octobre, une violente pluie de grêle s'est abattue sur Amiens. Faites comme ce témoin BFMTV et vous aussi venez déposer vos vidéos d'actualités sur http://temoins.bfmtv.com/. Réf : TMS-613978<br /><br /><img src="https://images.bfmtv.com/6mdUXC1mqZTGQT-qkMmvkvtoQhk=/0x0:1280x720/800x0/images/Les-images-de-la-violente-pluie-de-grele-qui-a-touche-Amiens-ce-dimanche-Temoins-BFMTV-1506961.jpg" />]]></description>
            <enclosure url="https://images.bfmtv.com/6mdUXC1mqZTGQT-qkMmvkvtoQhk=/0x0:1280x720/800x0/images/Les-images-de-la-violente-pluie-de-grele-qui-a-touche-Amiens-ce-dimanche-Temoins-BFMTV-1506961.jpg" length="0" type="image/jpg"/>
        </item>
        <item>
            <title><![CDATA[Il grêle à Lyon - Témoins BFMTV]]></title>
            <link>https://www.bfmtv.com/temoins/meteo/il-grele-a-lyon-temoins-bfmtv_VN-202209250015.html</link>
            <guid>https://www.bfmtv.com/temoins/meteo/il-grele-a-lyon-temoins-bfmtv_VN-202209250015.html</guid>
            <pubDate>Sun, 25 Sep 2022 02:57:12 GMT</pubDate>
            <description><![CDATA[Il grêle à Lyon, une vidéo des Témoins BFMTV. Ce 24 septembre vers 19 heures, un orage accompagné de grêle s'abat sur Lyon. Faites comme ce témoin BFMTV et vous aussi venez déposer vos vidéos d'actualités sur http://temoins.bfmtv.com/. Réf : TMS-613465<br /><br /><img src="https://images.bfmtv.com/5nbXbw9FwyY6uB12eD3OEpjUY4M=/0x0:1280x720/800x0/images/Il-grele-a-Lyon-Temoins-BFMTV-1488412.jpg" />]]></description>
            <enclosure url="https://images.bfmtv.com/5nbXbw9FwyY6uB12eD3OEpjUY4M=/0x0:1280x720/800x0/images/Il-grele-a-Lyon-Temoins-BFMTV-1488412.jpg" length="0" type="image/jpg"/>
        </item>
        <item>
            <title><![CDATA[Il grêle fortement dans le Gard - Témoins BFMTV]]></title>
            <link>https://www.bfmtv.com/temoins/meteo/il-grele-fortement-dans-le-gard-temoins-bfmtv_VN-202209020723.html</link>
            <guid>https://www.bfmtv.com/temoins/meteo/il-grele-fortement-dans-le-gard-temoins-bfmtv_VN-202209020723.html</guid>
            <pubDate>Fri, 02 Sep 2022 18:42:13 GMT</pubDate>
            <description><![CDATA[Il grêle fortement dans le Gard, une vidéo des Témoins BFMTV. Ce 02 septembre, un gros orage de grêle s'abat dans le Gard dans la commune de Langlade. Faites comme ce témoin BFMTV et vous aussi venez déposer vos vidéos d'actualités sur http://temoins.bfmtv.com/. Réf : TMS-612485<br /><br /><img src="https://images.bfmtv.com/Gz99WU5fbL2ERo63BjdO_QOHXLY=/0x0:1280x720/800x0/images/Il-grele-fortement-dans-le-Gard-Temoins-BFMTV-1475011.jpg" />]]></description>
            <enclosure url="https://images.bfmtv.com/Gz99WU5fbL2ERo63BjdO_QOHXLY=/0x0:1280x720/800x0/images/Il-grele-fortement-dans-le-Gard-Temoins-BFMTV-1475011.jpg" length="0" type="image/jpg"/>
        </item>
        <item>
            <title><![CDATA[Un épisode orageux s'abat dans le Var - Témoins BFMTV]]></title>
            <link>https://www.bfmtv.com/temoins/meteo/un-episode-orageux-s-abat-dans-le-var-temoins-bfmtv_VN-202209020722.html</link>
            <guid>https://www.bfmtv.com/temoins/meteo/un-episode-orageux-s-abat-dans-le-var-temoins-bfmtv_VN-202209020722.html</guid>
            <pubDate>Fri, 02 Sep 2022 18:41:50 GMT</pubDate>
            <description><![CDATA[Un épisode orageux s'abat dans le Var, une vidéo des Témoins BFMTV. Ce 02 septembre, un gros orage s'abat sur la commune de Saint-Raphaël dans le Var. Le ciel s'est noirci au-dessus de la Méditerranée, puis la cellule orageuse s'est déplacée sur les hauteurs de Saint-Raphaël vers 12 heures 30. Faites comme ce témoin BFMTV et vous aussi venez déposer vos vidéos d'actualités sur http://temoins.bfmtv.com/. Réf : TMS-612478<br /><br /><img src="https://images.bfmtv.com/uG30egwoE84jHwPTFnXiaOXuWbE=/0x0:1280x720/800x0/images/Un-episode-orageux-s-abat-dans-le-Var-Temoins-BFMTV-1475010.jpg" />]]></description>
            <enclosure url="https://images.bfmtv.com/uG30egwoE84jHwPTFnXiaOXuWbE=/0x0:1280x720/800x0/images/Un-episode-orageux-s-abat-dans-le-Var-Temoins-BFMTV-1475010.jpg" length="0" type="image/jpg"/>
        </item>
        <item>
            <title><![CDATA[Un violent orage frappe la Gironde - Témoins BFMTV]]></title>
            <link>https://www.bfmtv.com/temoins/meteo/un-violent-orage-frappe-la-gironde-temoins-bfmtv_VN-202206230586.html</link>
            <guid>https://www.bfmtv.com/temoins/meteo/un-violent-orage-frappe-la-gironde-temoins-bfmtv_VN-202206230586.html</guid>
            <pubDate>Thu, 23 Jun 2022 16:44:54 GMT</pubDate>
            <description><![CDATA[Un violent orage frappe la Gironde, une vidéo des Témoins BFMTV. Ce 23 juin, vers 15 heures, un violent orage de grêle et de pluie s'est abattu sur le Sud de la Gironde. En témoigne cette vidéo filmée à Floudès proche La Réole. Faites comme ce témoin BFMTV et vous aussi venez déposer vos vidéos d'actualités sur http://temoins.bfmtv.com/. Réf : TMS-609785<br /><br /><img src="https://images.bfmtv.com/Xq7SpKjWEwHniq9npI0b1YNKWNQ=/0x0:1280x720/800x0/images/Un-violent-orage-frappe-la-Gironde-Temoins-BFMTV-1437748.jpg" />]]></description>
            <enclosure url="https://images.bfmtv.com/Xq7SpKjWEwHniq9npI0b1YNKWNQ=/0x0:1280x720/800x0/images/Un-violent-orage-frappe-la-Gironde-Temoins-BFMTV-1437748.jpg" length="0" type="image/jpg"/>
        </item>
        <item>
            <title><![CDATA[Il pleut fortement à Agen - Témoins BFMTV]]></title>
            <link>https://www.bfmtv.com/temoins/meteo/il-pleut-fortement-a-agen-temoins-bfmtv_VN-202206230584.html</link>
            <guid>https://www.bfmtv.com/temoins/meteo/il-pleut-fortement-a-agen-temoins-bfmtv_VN-202206230584.html</guid>
            <pubDate>Thu, 23 Jun 2022 16:44:34 GMT</pubDate>
            <description><![CDATA[Il pleut fortement à Agen, une vidéo des Témoins BFMTV. Ce 23 juin, la ville d'Agen est sous les eaux après les fortes pluies. Faites comme ce témoin BFMTV et vous aussi venez déposer vos vidéos d'actualités sur http://temoins.bfmtv.com/. Réf : TMS-609782<br /><br /><img src="https://images.bfmtv.com/XCiPt0J_ZdGRuZaUgIXxZcjnqXY=/0x0:1280x720/800x0/images/Il-pleut-fortement-a-Agen-Temoins-BFMTV-1437744.jpg" />]]></description>
            <enclosure url="https://images.bfmtv.com/XCiPt0J_ZdGRuZaUgIXxZcjnqXY=/0x0:1280x720/800x0/images/Il-pleut-fortement-a-Agen-Temoins-BFMTV-1437744.jpg" length="0" type="image/jpg"/>
        </item>
        <item>
            <title><![CDATA[Orage à Montpeyroux dans le département de la Dordogne - Témoins BFMTV]]></title>
            <link>https://www.bfmtv.com/temoins/meteo/orage-a-montpeyroux-dans-le-departement-de-la-dordogne-temoins-bfmtv_VN-202206230583.html</link>
            <guid>https://www.bfmtv.com/temoins/meteo/orage-a-montpeyroux-dans-le-departement-de-la-dordogne-temoins-bfmtv_VN-202206230583.html</guid>
            <pubDate>Thu, 23 Jun 2022 16:44:13 GMT</pubDate>
            <description><![CDATA[Orage à Montpeyroux dans le département de la Dordogne, une vidéo des Témoins BFMTV. Un orage s'est abattu sur Montpeyroux, dans le département de la Dordogne, ce 23 juin 2022. Faites comme ce témoin BFMTV et vous aussi venez déposer vos vidéos d'actualités sur http://temoins.bfmtv.com/. Réf : TMS-609780<br /><br /><img src="https://images.bfmtv.com/WZKeNYixFXU2az5OOLYOZ1WMrsA=/0x0:1280x720/800x0/images/Orage-a-Montpeyroux-dans-le-departement-de-la-Dordogne-Temoins-BFMTV-1437742.jpg" />]]></description>
            <enclosure url="https://images.bfmtv.com/WZKeNYixFXU2az5OOLYOZ1WMrsA=/0x0:1280x720/800x0/images/Orage-a-Montpeyroux-dans-le-departement-de-la-Dordogne-Temoins-BFMTV-1437742.jpg" length="0" type="image/jpg"/>
        </item>
        <item>
            <title><![CDATA[Un violent orage frappe le Rhône - Témoins BFMTV]]></title>
            <link>https://www.bfmtv.com/temoins/meteo/un-violent-orage-frappe-le-rhone-temoins-bfmtv_VN-202206200756.html</link>
            <guid>https://www.bfmtv.com/temoins/meteo/un-violent-orage-frappe-le-rhone-temoins-bfmtv_VN-202206200756.html</guid>
            <pubDate>Mon, 20 Jun 2022 22:25:04 GMT</pubDate>
            <description><![CDATA[Un violent orage frappe le Rhône, une vidéo des Témoins BFMTV. Ce 04 juin, un violent orage accompagné de grêlons s'abat dans le Rhône. Faites comme ce témoin BFMTV et vous aussi venez déposer vos vidéos d'actualités sur http://temoins.bfmtv.com/. Réf : TMS-608921<br /><br /><img src="https://images.bfmtv.com/aA6ljb1Z_7qF4qiROvgqZieXhh8=/0x0:1280x720/800x0/images/Un-violent-orage-frappe-le-Rhone-Temoins-BFMTV-1435641.jpg" />]]></description>
            <enclosure url="https://images.bfmtv.com/aA6ljb1Z_7qF4qiROvgqZieXhh8=/0x0:1280x720/800x0/images/Un-violent-orage-frappe-le-Rhone-Temoins-BFMTV-1435641.jpg" length="0" type="image/jpg"/>
        </item>
        <item>
            <title><![CDATA[Un orage de grêle frappe dans l'Indre-et-Loire - Témoins BFMTV]]></title>
            <link>https://www.bfmtv.com/temoins/meteo/un-orage-de-grele-frappe-dans-l-indre-et-loire-temoins-bfmtv_VN-202206200755.html</link>
            <guid>https://www.bfmtv.com/temoins/meteo/un-orage-de-grele-frappe-dans-l-indre-et-loire-temoins-bfmtv_VN-202206200755.html</guid>
            <pubDate>Mon, 20 Jun 2022 22:24:39 GMT</pubDate>
            <description><![CDATA[Un orage de grêle frappe dans l'Indre-et-Loire, une vidéo des Témoins BFMTV. Ce 04 juin, un violent orage accompagné de grêlons s'abat sur Cinq-Mars-la-Pile dans l'Indre-et-Loire. Faites comme ce témoin BFMTV et vous aussi venez déposer vos vidéos d'actualités sur http://temoins.bfmtv.com/. Réf : TMS-609185<br /><br /><img src="https://images.bfmtv.com/c0IsOXMwLXYOlWDBjSJGDdscRgQ=/0x0:1280x720/800x0/images/Un-orage-de-grele-frappe-dans-l-Indre-et-Loire-Temoins-BFMTV-1435640.jpg" />]]></description>
            <enclosure url="https://images.bfmtv.com/c0IsOXMwLXYOlWDBjSJGDdscRgQ=/0x0:1280x720/800x0/images/Un-orage-de-grele-frappe-dans-l-Indre-et-Loire-Temoins-BFMTV-1435640.jpg" length="0" type="image/jpg"/>
        </item>
        <item>
            <title><![CDATA[Une tempête de grêle s'abat dans le Sud Ouest - Témoins BFMTV]]></title>
            <link>https://www.bfmtv.com/temoins/meteo/une-tempete-de-grele-s-abat-dans-le-sud-ouest-temoins-bfmtv_VN-202206200740.html</link>
            <guid>https://www.bfmtv.com/temoins/meteo/une-tempete-de-grele-s-abat-dans-le-sud-ouest-temoins-bfmtv_VN-202206200740.html</guid>
            <pubDate>Mon, 20 Jun 2022 21:35:36 GMT</pubDate>
            <description><![CDATA[Une tempête de grêle s'abat dans le Sud Ouest, une vidéo des Témoins BFMTV. Ce 20 juin, une tempête de grêle frappe violemment le Sud Ouest. Du jamais-vu ! Faites comme ce témoin BFMTV et vous aussi venez déposer vos vidéos d'actualités sur http://temoins.bfmtv.com/. Réf : TMS-609518<br /><br /><img src="https://images.bfmtv.com/9n0CqI4epB2z-5w95jnJ6mKs-K0=/0x0:1280x720/800x0/images/Une-tempete-de-grele-s-abat-dans-le-Sud-Ouest-Temoins-BFMTV-1435627.jpg" />]]></description>
            <enclosure url="https://images.bfmtv.com/9n0CqI4epB2z-5w95jnJ6mKs-K0=/0x0:1280x720/800x0/images/Une-tempete-de-grele-s-abat-dans-le-Sud-Ouest-Temoins-BFMTV-1435627.jpg" length="0" type="image/jpg"/>
        </item>
        <item>
            <title><![CDATA[Il grêle sur Bordeaux - Témoins BFMTV]]></title>
            <link>https://www.bfmtv.com/temoins/meteo/il-grele-sur-bordeaux-temoins-bfmtv_VN-202206200739.html</link>
            <guid>https://www.bfmtv.com/temoins/meteo/il-grele-sur-bordeaux-temoins-bfmtv_VN-202206200739.html</guid>
            <pubDate>Mon, 20 Jun 2022 21:34:26 GMT</pubDate>
            <description><![CDATA[Il grêle sur Bordeaux, une vidéo des Témoins BFMTV. Ce 20 juin, la ville de Bordeaux est frappée par un violent orage de grêle. Faites comme ce témoin BFMTV et vous aussi venez déposer vos vidéos d'actualités sur http://temoins.bfmtv.com/. Réf : TMS-609516<br /><br /><img src="https://images.bfmtv.com/pKSUPqbUzZmvJ3XApDfEbFS8PGo=/0x0:1280x720/800x0/images/Il-grele-sur-Bordeaux-Temoins-BFMTV-1435626.jpg" />]]></description>
            <enclosure url="https://images.bfmtv.com/pKSUPqbUzZmvJ3XApDfEbFS8PGo=/0x0:1280x720/800x0/images/Il-grele-sur-Bordeaux-Temoins-BFMTV-1435626.jpg" length="0" type="image/jpg"/>
        </item>
        <item>
            <title><![CDATA[Il grêle à Saint-Médard-en-Jalles dans la Gironde - Témoins BFMTV]]></title>
            <link>https://www.bfmtv.com/temoins/meteo/il-grele-a-saint-medard-en-jalles-dans-la-gironde-temoins-bfmtv_VN-202206200738.html</link>
            <guid>https://www.bfmtv.com/temoins/meteo/il-grele-a-saint-medard-en-jalles-dans-la-gironde-temoins-bfmtv_VN-202206200738.html</guid>
            <pubDate>Mon, 20 Jun 2022 21:33:45 GMT</pubDate>
            <description><![CDATA[Il grêle à Saint-Médard-en-Jalles dans la Gironde, une vidéo des Témoins BFMTV. Ce 20 juin, à Saint-Médard-en-Jalles dans la Gironde, des grêlons de toutes tailles se sont abattus pendant plus de 20 minutes, occasionnant des dégâts sur les véhicules, les toitures et les volets.  Faites comme ce témoin BFMTV et vous aussi venez déposer vos vidéos d'actualités sur http://temoins.bfmtv.com/. Réf : TMS-609513<br /><br /><img src="https://images.bfmtv.com/LdRkZOtzDaa6iA1SwW1slhol_fo=/0x0:1280x720/800x0/images/Il-grele-a-Saint-Medard-en-Jalles-dans-la-Gironde-Temoins-BFMTV-1435625.jpg" />]]></description>
            <enclosure url="https://images.bfmtv.com/LdRkZOtzDaa6iA1SwW1slhol_fo=/0x0:1280x720/800x0/images/Il-grele-a-Saint-Medard-en-Jalles-dans-la-Gironde-Temoins-BFMTV-1435625.jpg" length="0" type="image/jpg"/>
        </item>
        <item>
            <title><![CDATA[Un violent orage s'abat sur Bordeaux - Témoins BFMTV]]></title>
            <link>https://www.bfmtv.com/temoins/meteo/un-violent-orage-s-abat-sur-bordeaux-temoins-bfmtv_VN-202206200737.html</link>
            <guid>https://www.bfmtv.com/temoins/meteo/un-violent-orage-s-abat-sur-bordeaux-temoins-bfmtv_VN-202206200737.html</guid>
            <pubDate>Mon, 20 Jun 2022 21:32:06 GMT</pubDate>
            <description><![CDATA[Un violent orage s'abat sur Bordeaux, une vidéo des Témoins BFMTV. Ce 20 juin, un méga orage accompagné de grêles et de rafales de vent violent s'abat sur Bordeaux. Faites comme ce témoin BFMTV et vous aussi venez déposer vos vidéos d'actualités sur http://temoins.bfmtv.com/. Réf : TMS-609511<br /><br /><img src="https://images.bfmtv.com/APWRgTnfqywSzkye7NwG23i-Lgo=/0x0:1280x720/800x0/images/Un-violent-orage-s-abat-sur-Bordeaux-Temoins-BFMTV-1435624.jpg" />]]></description>
            <enclosure url="https://images.bfmtv.com/APWRgTnfqywSzkye7NwG23i-Lgo=/0x0:1280x720/800x0/images/Un-violent-orage-s-abat-sur-Bordeaux-Temoins-BFMTV-1435624.jpg" length="0" type="image/jpg"/>
        </item>
        <item>
            <title><![CDATA[Vitry-sur-Seine sous les eaux - Témoins BFMTV]]></title>
            <link>https://www.bfmtv.com/temoins/meteo/vitry-sur-seine-sous-les-eaux-temoins-bfmtv_VN-202106220519.html</link>
            <guid>https://www.bfmtv.com/temoins/meteo/vitry-sur-seine-sous-les-eaux-temoins-bfmtv_VN-202106220519.html</guid>
            <pubDate>Tue, 22 Jun 2021 21:25:10 GMT</pubDate>
            <description><![CDATA[Vitry-sur-Seine sous les eaux, une vidéo des Témoins BFMTV. La ville de Vitry-sur-Seine se retrouve sous les eaux ce 22 juin 2021. Faites comme ce témoin BFMTV et vous aussi venez déposer vos vidéos d'actualités sur http://temoins.bfmtv.com/. Réf : TMS-604219<br /><br /><img src="https://images.bfmtv.com/IItGzLK78ZXxJ7VHTSMKBQp_JwQ=/0x0:1280x720/800x0/images/Vitry-sur-Seine-sous-les-eaux-Temoins-BFMTV-1053405.jpg" />]]></description>
            <enclosure url="https://images.bfmtv.com/IItGzLK78ZXxJ7VHTSMKBQp_JwQ=/0x0:1280x720/800x0/images/Vitry-sur-Seine-sous-les-eaux-Temoins-BFMTV-1053405.jpg" length="0" type="image/jpg"/>
        </item>
        <item>
            <title><![CDATA[Ciel d'orage très menaçant à Beauvais - Témoins BFMTV]]></title>
            <link>https://www.bfmtv.com/temoins/meteo/ciel-d-orage-tres-menacant-a-beauvais-temoins-bfmtv_VN-202106220518.html</link>
            <guid>https://www.bfmtv.com/temoins/meteo/ciel-d-orage-tres-menacant-a-beauvais-temoins-bfmtv_VN-202106220518.html</guid>
            <pubDate>Tue, 22 Jun 2021 21:24:48 GMT</pubDate>
            <description><![CDATA[Ciel d'orage très menaçant à Beauvais, une vidéo des Témoins BFMTV. Un orage supercellulaire traverse la ville de Beauvais ce lundi 21 juin 2021. Faites comme ce témoin BFMTV et vous aussi venez déposer vos vidéos d'actualités sur http://temoins.bfmtv.com/. Réf : TMS-604218<br /><br /><img src="https://images.bfmtv.com/zKecWD8tvlI-wgo3Co5iP8Do1Bk=/0x0:1280x720/800x0/images/Ciel-d-orage-tres-menacant-a-Beauvais-Temoins-BFMTV-1053404.jpg" />]]></description>
            <enclosure url="https://images.bfmtv.com/zKecWD8tvlI-wgo3Co5iP8Do1Bk=/0x0:1280x720/800x0/images/Ciel-d-orage-tres-menacant-a-Beauvais-Temoins-BFMTV-1053404.jpg" length="0" type="image/jpg"/>
        </item>
        <item>
            <title><![CDATA[Un tuba dans le ciel de Creney-près-Troyes - Témoins BFMTV]]></title>
            <link>https://www.bfmtv.com/temoins/meteo/un-tuba-dans-le-ciel-de-creney-pres-troyes-temoins-bfmtv_VN-202106220517.html</link>
            <guid>https://www.bfmtv.com/temoins/meteo/un-tuba-dans-le-ciel-de-creney-pres-troyes-temoins-bfmtv_VN-202106220517.html</guid>
            <pubDate>Tue, 22 Jun 2021 21:24:26 GMT</pubDate>
            <description><![CDATA[Un tuba dans le ciel de Creney-près-Troyes, une vidéo des Témoins BFMTV. Un tuba a été repéré au-dessus de Creney-près-Troyes ce mardi 22 juin 2021. Faites comme ce témoin BFMTV et vous aussi venez déposer vos vidéos d'actualités sur http://temoins.bfmtv.com/. Réf : TMS-604217<br /><br /><img src="https://images.bfmtv.com/YlI33MPYGK53IsGlRNr8-OLFRBE=/0x0:1280x720/800x0/images/Un-tuba-dans-le-ciel-de-Creney-pres-Troyes-Temoins-BFMTV-1053403.jpg" />]]></description>
            <enclosure url="https://images.bfmtv.com/YlI33MPYGK53IsGlRNr8-OLFRBE=/0x0:1280x720/800x0/images/Un-tuba-dans-le-ciel-de-Creney-pres-Troyes-Temoins-BFMTV-1053403.jpg" length="0" type="image/jpg"/>
        </item>
        <item>
            <title><![CDATA[Une mini tornade s'est abattue à Drémil-Lafage (Haute-Garonne) - Témoins BFMTV]]></title>
            <link>https://www.bfmtv.com/temoins/meteo/une-mini-tornade-s-est-abattue-a-dremil-lafage-haute-garonne-temoins-bfmtv_VN-202106170547.html</link>
            <guid>https://www.bfmtv.com/temoins/meteo/une-mini-tornade-s-est-abattue-a-dremil-lafage-haute-garonne-temoins-bfmtv_VN-202106170547.html</guid>
            <pubDate>Thu, 17 Jun 2021 19:12:04 GMT</pubDate>
            <description><![CDATA[Une mini tornade s'est abattue à Drémil-Lafage (Haute-Garonne), une vidéo des Témoins BFMTV. Ce 17 juin dans la commune de Drémil-Lafage, les voisins s'unissent après le passage d'une mini-tornade. Faites comme ce témoin BFMTV et vous aussi venez déposer vos vidéos d'actualités sur http://temoins.bfmtv.com/. Réf : TMS-603840<br /><br /><img src="https://images.bfmtv.com/LOK5Pm13xUxn1eK-b8Xdc52Doc8=/0x0:1280x720/800x0/images/Une-mini-tornade-s-est-abattue-a-Dremil-Lafage-Haute-Garonne-Temoins-BFMTV-1050060.jpg" />]]></description>
            <enclosure url="https://images.bfmtv.com/LOK5Pm13xUxn1eK-b8Xdc52Doc8=/0x0:1280x720/800x0/images/Une-mini-tornade-s-est-abattue-a-Dremil-Lafage-Haute-Garonne-Temoins-BFMTV-1050060.jpg" length="0" type="image/jpg"/>
        </item>
        <item>
            <title><![CDATA[Yvelines : la neige est de retour à Rambouillet - Témoins BFMTV]]></title>
            <link>https://www.bfmtv.com/temoins/meteo/yvelines-la-neige-est-de-retour-a-rambouillet-temoins-bfmtv_VN-202104060367.html</link>
            <guid>https://www.bfmtv.com/temoins/meteo/yvelines-la-neige-est-de-retour-a-rambouillet-temoins-bfmtv_VN-202104060367.html</guid>
            <pubDate>Tue, 06 Apr 2021 15:50:36 GMT</pubDate>
            <description><![CDATA[Yvelines : la neige est de retour à Rambouillet, une vidéo des Témoins BFMTV. Mardi 06 avril, les flocons ont fait leur grand retour à Rambouillet, dans les Yvelines. Faites comme ce témoin BFMTV et vous aussi venez déposer vos vidéos d'actualités sur http://temoins.bfmtv.com/. Réf : TMS-602710<br /><br /><img src="https://images.bfmtv.com/8Nj1cX5LMYBhtR1x5LQ1DKAczis=/0x0:1280x720/800x0/images/Yvelines-la-neige-est-de-retour-a-Rambouillet-Temoins-BFMTV-1001848.jpg" />]]></description>
            <enclosure url="https://images.bfmtv.com/8Nj1cX5LMYBhtR1x5LQ1DKAczis=/0x0:1280x720/800x0/images/Yvelines-la-neige-est-de-retour-a-Rambouillet-Temoins-BFMTV-1001848.jpg" length="0" type="image/jpg"/>
        </item>
        <item>
            <title><![CDATA[Calvados : averses de grésil à Lisieux - Témoins BFMTV]]></title>
            <link>https://www.bfmtv.com/temoins/meteo/calvados-averses-de-gresil-a-lisieux-temoins-bfmtv_VN-202104060366.html</link>
            <guid>https://www.bfmtv.com/temoins/meteo/calvados-averses-de-gresil-a-lisieux-temoins-bfmtv_VN-202104060366.html</guid>
            <pubDate>Tue, 06 Apr 2021 15:50:16 GMT</pubDate>
            <description><![CDATA[Calvados : averses de grésil à Lisieux, une vidéo des Témoins BFMTV. À Lisieux (Calvados), ce mardi 06 avril, l'ambiance est hivernale avec quelques grains de grésil. Faites comme ce témoin BFMTV et vous aussi venez déposer vos vidéos d'actualités sur http://temoins.bfmtv.com/. Réf : TMS-602702<br /><br /><img src="https://images.bfmtv.com/WBupRErruBwkeZHpepIShoWbUbU=/0x0:1280x720/800x0/images/Calvados-averses-de-gresil-a-Lisieux-Temoins-BFMTV-1001847.jpg" />]]></description>
            <enclosure url="https://images.bfmtv.com/WBupRErruBwkeZHpepIShoWbUbU=/0x0:1280x720/800x0/images/Calvados-averses-de-gresil-a-Lisieux-Temoins-BFMTV-1001847.jpg" length="0" type="image/jpg"/>
        </item>
        <item>
            <title><![CDATA[Haute-Marne : neige à Saint-Dizier - Témoins BFMTV]]></title>
            <link>https://www.bfmtv.com/temoins/meteo/haute-marne-neige-a-saint-dizier-temoins-bfmtv_VN-202104060365.html</link>
            <guid>https://www.bfmtv.com/temoins/meteo/haute-marne-neige-a-saint-dizier-temoins-bfmtv_VN-202104060365.html</guid>
            <pubDate>Tue, 06 Apr 2021 15:50:10 GMT</pubDate>
            <description><![CDATA[Haute-Marne : neige à Saint-Dizier, une vidéo des Témoins BFMTV. Mardi 06 avril, l'hiver revient avec de la neige à Saint-Dizier, en Haute-Marne. Faites comme ce témoin BFMTV et vous aussi venez déposer vos vidéos d'actualités sur http://temoins.bfmtv.com/. Réf : TMS-602711<br /><br /><img src="https://images.bfmtv.com/jaV8S_DnFpGtWE1KQUAUKO1pq7E=/0x0:1280x720/800x0/images/Haute-Marne-neige-a-Saint-Dizier-Temoins-BFMTV-1001846.jpg" />]]></description>
            <enclosure url="https://images.bfmtv.com/jaV8S_DnFpGtWE1KQUAUKO1pq7E=/0x0:1280x720/800x0/images/Haute-Marne-neige-a-Saint-Dizier-Temoins-BFMTV-1001846.jpg" length="0" type="image/jpg"/>
        </item>
        <item>
            <title><![CDATA[Eure-et-Loir : neige à Dreux - Témoins BFMTV]]></title>
            <link>https://www.bfmtv.com/temoins/meteo/eure-et-loir-neige-a-dreux-temoins-bfmtv_VN-202104060364.html</link>
            <guid>https://www.bfmtv.com/temoins/meteo/eure-et-loir-neige-a-dreux-temoins-bfmtv_VN-202104060364.html</guid>
            <pubDate>Tue, 06 Apr 2021 15:50:03 GMT</pubDate>
            <description><![CDATA[Eure-et-Loir : neige à Dreux, une vidéo des Témoins BFMTV. Mardi 06 avril vers 15h, des chutes de neige touchent la commune de Dreux, en Eure-et-Loir. Faites comme ce témoin BFMTV et vous aussi venez déposer vos vidéos d'actualités sur http://temoins.bfmtv.com/. Réf : TMS-602714<br /><br /><img src="https://images.bfmtv.com/aApjyo_umXkZHlCrcuHtnRnyFx0=/0x0:1280x720/800x0/images/Eure-et-Loir-neige-a-Dreux-Temoins-BFMTV-1001844.jpg" />]]></description>
            <enclosure url="https://images.bfmtv.com/aApjyo_umXkZHlCrcuHtnRnyFx0=/0x0:1280x720/800x0/images/Eure-et-Loir-neige-a-Dreux-Temoins-BFMTV-1001844.jpg" length="0" type="image/jpg"/>
        </item>
        <item>
            <title><![CDATA[Neige à Plouigneau (Finistère) - Témoins BFMTV]]></title>
            <link>https://www.bfmtv.com/temoins/meteo/neige-a-plouigneau-finistere-temoins-bfmtv_VN-202102090408.html</link>
            <guid>https://www.bfmtv.com/temoins/meteo/neige-a-plouigneau-finistere-temoins-bfmtv_VN-202102090408.html</guid>
            <pubDate>Tue, 09 Feb 2021 18:47:53 GMT</pubDate>
            <description><![CDATA[Neige à Plouigneau (Finistère), une vidéo des Témoins BFMTV. Il neige à Plouigneau, dans le Finistère, ce mardi 09 février 2021. Faites comme ce témoin BFMTV et vous aussi venez déposer vos vidéos d'actualités sur http://temoins.bfmtv.com/. Réf : TMS-601710<br /><br /><img src="https://images.bfmtv.com/a1WuKQ8lSljZnKUPRTGHFSLxoco=/0x0:1280x720/800x0/images/Neige-a-Plouigneau-Finistere-Temoins-BFMTV-965742.jpg" />]]></description>
            <enclosure url="https://images.bfmtv.com/a1WuKQ8lSljZnKUPRTGHFSLxoco=/0x0:1280x720/800x0/images/Neige-a-Plouigneau-Finistere-Temoins-BFMTV-965742.jpg" length="0" type="image/jpg"/>
        </item>
        <item>
            <title><![CDATA[Haute-Savoie: pluie de sable et ciel jaune à Thonon-les-Bains - Témoins BFMTV]]></title>
            <link>https://www.bfmtv.com/temoins/meteo/haute-savoie-pluie-de-sable-et-ciel-jaune-a-thonon-les-bains-temoins-bfmtv_VN-202102060131.html</link>
            <guid>https://www.bfmtv.com/temoins/meteo/haute-savoie-pluie-de-sable-et-ciel-jaune-a-thonon-les-bains-temoins-bfmtv_VN-202102060131.html</guid>
            <pubDate>Sat, 06 Feb 2021 13:28:12 GMT</pubDate>
            <description><![CDATA[Haute-Savoie: pluie de sable et ciel jaune à Thonon-les-Bains, une vidéo des Témoins BFMTV. Samedi 06 février, la commune de Thonon-les-Bains, en Haute-Savoie est touchée par une remontée du sable du Sahara. Faites comme ce témoin BFMTV et vous aussi venez déposer vos vidéos d'actualités sur http://temoins.bfmtv.com/. Réf : TMS-601654<br /><br /><img src="https://images.bfmtv.com/RQ0QJDxIVHTIbk4qI1T-YLN3-mI=/0x0:1280x720/800x0/images/Haute-Savoie-pluie-de-sable-et-ciel-jaune-a-Thonon-les-Bains-Temoins-BFMTV-963596.jpg" />]]></description>
            <enclosure url="https://images.bfmtv.com/RQ0QJDxIVHTIbk4qI1T-YLN3-mI=/0x0:1280x720/800x0/images/Haute-Savoie-pluie-de-sable-et-ciel-jaune-a-Thonon-les-Bains-Temoins-BFMTV-963596.jpg" length="0" type="image/jpg"/>
        </item>
        <item>
            <title><![CDATA[Ciel jaune à Saint-Maurice-sur-Moselle, dans les Vosges - Témoins BFMTV]]></title>
            <link>https://www.bfmtv.com/temoins/meteo/ciel-jaune-a-saint-maurice-sur-moselle-dans-les-vosges-temoins-bfmtv_VN-202102060105.html</link>
            <guid>https://www.bfmtv.com/temoins/meteo/ciel-jaune-a-saint-maurice-sur-moselle-dans-les-vosges-temoins-bfmtv_VN-202102060105.html</guid>
            <pubDate>Sat, 06 Feb 2021 12:01:18 GMT</pubDate>
            <description><![CDATA[Ciel jaune à Saint-Maurice-sur-Moselle, dans les Vosges, une vidéo des Témoins BFMTV. Ciel jaune au-dessus de Saint-Maurice-sur-Moselle, dans les Vosges. Faites comme ce témoin BFMTV et vous aussi venez déposer vos vidéos d'actualités sur http://temoins.bfmtv.com/. Réf : TMS-601653<br /><br /><img src="https://images.bfmtv.com/-n42fwm2-HevdluwQP8-WlBk71E=/0x0:1280x720/800x0/images/Ciel-jaune-a-Saint-Maurice-sur-Moselle-dans-les-Vosges-Temoins-BFMTV-963557.jpg" />]]></description>
            <enclosure url="https://images.bfmtv.com/-n42fwm2-HevdluwQP8-WlBk71E=/0x0:1280x720/800x0/images/Ciel-jaune-a-Saint-Maurice-sur-Moselle-dans-les-Vosges-Temoins-BFMTV-963557.jpg" length="0" type="image/jpg"/>
        </item>
        <item>
            <title><![CDATA[Ciel orangé au-dessus de Marboz (Ain) - Témoins BFMTV]]></title>
            <link>https://www.bfmtv.com/temoins/meteo/ciel-orange-au-dessus-de-marboz-ain-temoins-bfmtv_VN-202102060101.html</link>
            <guid>https://www.bfmtv.com/temoins/meteo/ciel-orange-au-dessus-de-marboz-ain-temoins-bfmtv_VN-202102060101.html</guid>
            <pubDate>Sat, 06 Feb 2021 11:52:53 GMT</pubDate>
            <description><![CDATA[Ciel orangé au-dessus de Marboz (Ain), une vidéo des Témoins BFMTV. Ce samedi 06 février, Marboz s'est levée sous un ciel jaunâtre. Faites comme ce témoin BFMTV et vous aussi venez déposer vos vidéos d'actualités sur http://temoins.bfmtv.com/. Réf : TMS-601650<br /><br /><img src="https://images.bfmtv.com/dnMas2ADk6Ha5kmpBkQ25rZvCJg=/0x0:1280x720/800x0/images/Ciel-orange-au-dessus-de-Marboz-Ain-Temoins-BFMTV-963544.jpg" />]]></description>
            <enclosure url="https://images.bfmtv.com/dnMas2ADk6Ha5kmpBkQ25rZvCJg=/0x0:1280x720/800x0/images/Ciel-orange-au-dessus-de-Marboz-Ain-Temoins-BFMTV-963544.jpg" length="0" type="image/jpg"/>
        </item>
        <item>
            <title><![CDATA[Intempéries: la Garonne déborde sur les quais de Bordeaux - Témoins BFMTV]]></title>
            <link>https://www.bfmtv.com/temoins/meteo/intemperies-la-garonne-deborde-sur-les-quais-de-bordeaux-temoins-bfmtv_VN-202102010144.html</link>
            <guid>https://www.bfmtv.com/temoins/meteo/intemperies-la-garonne-deborde-sur-les-quais-de-bordeaux-temoins-bfmtv_VN-202102010144.html</guid>
            <pubDate>Mon, 01 Feb 2021 09:19:48 GMT</pubDate>
            <description><![CDATA[Intempéries: la Garonne déborde sur les quais de Bordeaux, une vidéo des Témoins BFMTV. Lundi 1er février, suite aux intempéries, la Garonne déborde sur les quais de Bordeaux. Faites comme ce témoin BFMTV et vous aussi venez déposer vos vidéos d'actualités sur http://temoins.bfmtv.com/. Réf : TMS-601537<br /><br /><img src="https://images.bfmtv.com/yIS-mlUNgUPaJdTzmQvTCJOGtqk=/0x0:1280x720/800x0/images/Intemperies-la-Garonne-deborde-sur-les-quais-de-Bordeaux-Temoins-BFMTV-960116.jpg" />]]></description>
            <enclosure url="https://images.bfmtv.com/yIS-mlUNgUPaJdTzmQvTCJOGtqk=/0x0:1280x720/800x0/images/Intemperies-la-Garonne-deborde-sur-les-quais-de-Bordeaux-Temoins-BFMTV-960116.jpg" length="0" type="image/jpg"/>
        </item>
        <item>
            <title><![CDATA[Haut-Rhin: neige à Wittenheim - Témoins BFMTV]]></title>
            <link>https://www.bfmtv.com/temoins/meteo/haut-rhin-neige-a-wittenheim-temoins-bfmtv_VN-202101150273.html</link>
            <guid>https://www.bfmtv.com/temoins/meteo/haut-rhin-neige-a-wittenheim-temoins-bfmtv_VN-202101150273.html</guid>
            <pubDate>Fri, 15 Jan 2021 15:39:25 GMT</pubDate>
            <description><![CDATA[Haut-Rhin: neige à Wittenheim, une vidéo des Témoins BFMTV. Vendredi 15 janvier 2021, il neige à Wittenheim, en Haut-Rhin. Faites comme ce témoin BFMTV et vous aussi venez déposer vos vidéos d'actualités sur http://temoins.bfmtv.com/. Réf : TMS-600919<br /><br /><img src="https://images.bfmtv.com/dEDaPh8H-_F--65nbyIvh6UQqck=/0x0:1280x720/800x0/images/Haut-Rhin-neige-a-Wittenheim-Temoins-BFMTV-532218.jpg" />]]></description>
            <enclosure url="https://images.bfmtv.com/dEDaPh8H-_F--65nbyIvh6UQqck=/0x0:1280x720/800x0/images/Haut-Rhin-neige-a-Wittenheim-Temoins-BFMTV-532218.jpg" length="0" type="image/jpg"/>
        </item>
        <item>
            <title><![CDATA[Haut-Rhin: Colmar sous la neige - Témoins BFMTV]]></title>
            <link>https://www.bfmtv.com/temoins/meteo/haut-rhin-colmar-sous-la-neige-temoins-bfmtv_VN-202101150272.html</link>
            <guid>https://www.bfmtv.com/temoins/meteo/haut-rhin-colmar-sous-la-neige-temoins-bfmtv_VN-202101150272.html</guid>
            <pubDate>Fri, 15 Jan 2021 15:39:20 GMT</pubDate>
            <description><![CDATA[Haut-Rhin: Colmar sous la neige, une vidéo des Témoins BFMTV. Il neige abondamment à Colmar, en Haut-Rhin, ce vendredi 15 janvier 2021. Faites comme ce témoin BFMTV et vous aussi venez déposer vos vidéos d'actualités sur http://temoins.bfmtv.com/. Réf : TMS-600922<br /><br /><img src="https://images.bfmtv.com/Q0xIUek-oGMmBvHo9--gqH3X6q0=/0x0:1280x720/800x0/images/Haut-Rhin-Colmar-sous-la-neige-Temoins-BFMTV-532217.jpg" />]]></description>
            <enclosure url="https://images.bfmtv.com/Q0xIUek-oGMmBvHo9--gqH3X6q0=/0x0:1280x720/800x0/images/Haut-Rhin-Colmar-sous-la-neige-Temoins-BFMTV-532217.jpg" length="0" type="image/jpg"/>
        </item>
        <item>
            <title><![CDATA[Haut-Rhin: neige à Lutterbach - Témoins BFMTV]]></title>
            <link>https://www.bfmtv.com/temoins/meteo/haut-rhin-neige-a-lutterbach-temoins-bfmtv_VN-202101150271.html</link>
            <guid>https://www.bfmtv.com/temoins/meteo/haut-rhin-neige-a-lutterbach-temoins-bfmtv_VN-202101150271.html</guid>
            <pubDate>Fri, 15 Jan 2021 15:39:16 GMT</pubDate>
            <description><![CDATA[Haut-Rhin: neige à Lutterbach, une vidéo des Témoins BFMTV. Vendredi 15 janvier 2021, la neige est tombée en abondance à Lutterbach, en Haut-Rhin. Faites comme ce témoin BFMTV et vous aussi venez déposer vos vidéos d'actualités sur http://temoins.bfmtv.com/. Réf : TMS-600910<br /><br /><img src="https://images.bfmtv.com/8yblQrcWF3xhCtyLQU8sJl0wuJo=/0x0:1280x720/800x0/images/Haut-Rhin-neige-a-Lutterbach-Temoins-BFMTV-532216.jpg" />]]></description>
            <enclosure url="https://images.bfmtv.com/8yblQrcWF3xhCtyLQU8sJl0wuJo=/0x0:1280x720/800x0/images/Haut-Rhin-neige-a-Lutterbach-Temoins-BFMTV-532216.jpg" length="0" type="image/jpg"/>
        </item>
    </channel>
</rss>