<?xml version="1.0" encoding="utf-8"?>
<rss version="2.0" xmlns:atom="http://www.w3.org/2005/Atom">
    <channel>
        <title>Home Grand Lille - actualités</title>
        <link>https://www.bfmtv.com/grand-lille/</link>
        <description>Suivez toute l'actualité politique, économique, météo, sportive et sociale du Grand Lille et ses alentours en temps réel</description>
        <lastBuildDate>Mon, 10 Feb 2025 12:40:49 GMT</lastBuildDate>
        <docs>http://blogs.law.harvard.edu/tech/rss</docs>
        <generator>BFMTV</generator>
        <language>fr</language>
        <image>
            <title>Home Grand Lille - actualités</title>
            <url>https://www.bfmtv.com/assets/v11/images/BFMTV_default_16x9.8715a163008e9f3fc3799c8e2c6ebafa.jpg</url>
            <link>https://www.bfmtv.com/grand-lille/</link>
        </image>
        <copyright>Copyright BFMTV</copyright>
        <category>Home Grand Lille - actualités</category>
        <atom:link href="https://www.bfmtv.com/grand-lille/" rel="self" type="application/rss+xml"/>
        <item>
            <title><![CDATA[Pas-de-Calais: combien de sauveteurs CRS sur le littoral?]]></title>
            <link>https://www.bfmtv.com/grand-lille/replay-emissions/bonjour-lille/pas-de-calais-combien-de-sauveteurs-crs-sur-le-littoral_VN-202502100251.html</link>
            <guid>https://www.bfmtv.com/grand-lille/replay-emissions/bonjour-lille/pas-de-calais-combien-de-sauveteurs-crs-sur-le-littoral_VN-202502100251.html</guid>
            <pubDate>Mon, 10 Feb 2025 07:45:43 GMT</pubDate>
            <description><![CDATA[Cyril Lambert, référent national des nageurs-sauveteurs CRS Unsa Police, était l'invité de BFM Grand Lille, ce lundi 10 février 2025. <br /><br /><img src="https://images.bfmtv.com/dIiijDhLFOuKC3362gqpz_i9gLQ=/0x0:1280x720/800x0/images/Pas-de-Calais-combien-de-sauveteurs-CRS-sur-le-littoral-2030443.jpg" />]]></description>
            <enclosure url="https://images.bfmtv.com/dIiijDhLFOuKC3362gqpz_i9gLQ=/0x0:1280x720/800x0/images/Pas-de-Calais-combien-de-sauveteurs-CRS-sur-le-littoral-2030443.jpg" length="0" type="image/jpg"/>
        </item>
        <item>
            <title><![CDATA[Pas-de-Calais: des sauveteurs CRS sur la Côte d'Opale cet été]]></title>
            <link>https://www.bfmtv.com/grand-lille/replay-emissions/bonjour-lille/pas-de-calais-des-sauveteurs-crs-sur-la-cote-d-opale-cet-ete_VN-202502100243.html</link>
            <guid>https://www.bfmtv.com/grand-lille/replay-emissions/bonjour-lille/pas-de-calais-des-sauveteurs-crs-sur-la-cote-d-opale-cet-ete_VN-202502100243.html</guid>
            <pubDate>Mon, 10 Feb 2025 07:38:37 GMT</pubDate>
            <description><![CDATA[Cyril Lambert, référent national des nageurs-sauveteurs CRS Unsa Police, était l'invité de BFM Grand Lille, ce lundi 10 février 2025. <br /><br /><img src="https://images.bfmtv.com/SvVtu_roqJD7Pew_ZnaYual8M0g=/0x0:1280x720/800x0/images/Pas-de-Calais-des-sauveteurs-CRS-sur-la-Cote-d-Opale-cet-ete-2030434.jpg" />]]></description>
            <enclosure url="https://images.bfmtv.com/SvVtu_roqJD7Pew_ZnaYual8M0g=/0x0:1280x720/800x0/images/Pas-de-Calais-des-sauveteurs-CRS-sur-la-Cote-d-Opale-cet-ete-2030434.jpg" length="0" type="image/jpg"/>
        </item>
        <item>
            <title><![CDATA[Pas-de-Calais: deux corps découverts sur une plage, 230 migrants secourus dans la Manche]]></title>
            <link>https://www.bfmtv.com/grand-lille/pas-de-calais-deux-corps-decouverts-sur-une-plage-230-migrants-secourus-dans-la-manche_AN-202502100131.html</link>
            <guid>https://www.bfmtv.com/grand-lille/pas-de-calais-deux-corps-decouverts-sur-une-plage-230-migrants-secourus-dans-la-manche_AN-202502100131.html</guid>
            <pubDate>Mon, 10 Feb 2025 06:18:23 GMT</pubDate>
            <description><![CDATA[Deux corps ont été découverts sur une plage du Pas-de-Calais ce dimanche 9 février alors que cinq opérations de secours ont été lancées dans la journée en lien avec des tentatives de traversée de la Manche, durant lesquelles 230 exilés ont été secourus.<br /><br /><img src="https://images.bfmtv.com/jI9HBMlmh1rt0XpM18RxD_J42zY=/0x150:1600x1050/800x0/images/56-migrants-secourus-au-large-du-Pas-de-Calais-1410074.jpg" />]]></description>
            <enclosure url="https://images.bfmtv.com/jI9HBMlmh1rt0XpM18RxD_J42zY=/0x150:1600x1050/800x0/images/56-migrants-secourus-au-large-du-Pas-de-Calais-1410074.jpg" length="0" type="image/jpg"/>
        </item>
        <item>
            <title><![CDATA[Nids-de-poule: les motards du Nord alertent]]></title>
            <link>https://www.bfmtv.com/grand-lille/replay-emissions/bonjour-lille/nids-de-poule-les-motards-du-nord-alertent_VN-202502100127.html</link>
            <guid>https://www.bfmtv.com/grand-lille/replay-emissions/bonjour-lille/nids-de-poule-les-motards-du-nord-alertent_VN-202502100127.html</guid>
            <pubDate>Mon, 10 Feb 2025 06:13:53 GMT</pubDate>
            <description><![CDATA[Les nids-de-poule sont un fléau pour les automobilistes du Nord. Les motards réclament une action de la préfecture pour les identifier. <br /><br /><img src="https://images.bfmtv.com/bBkj0U9ef9nmyhWg99oymJzCpKE=/0x0:1280x720/800x0/images/Nids-de-poule-les-motards-du-Nord-alertent-2030346.jpg" />]]></description>
            <enclosure url="https://images.bfmtv.com/bBkj0U9ef9nmyhWg99oymJzCpKE=/0x0:1280x720/800x0/images/Nids-de-poule-les-motards-du-Nord-alertent-2030346.jpg" length="0" type="image/jpg"/>
        </item>
        <item>
            <title><![CDATA[Carnaval de Dunkerque: un clip contre l'abus d'alcool]]></title>
            <link>https://www.bfmtv.com/grand-lille/replay-emissions/bonjour-lille/carnaval-de-dunkerque-un-clip-contre-l-abus-d-alcool_VN-202502100125.html</link>
            <guid>https://www.bfmtv.com/grand-lille/replay-emissions/bonjour-lille/carnaval-de-dunkerque-un-clip-contre-l-abus-d-alcool_VN-202502100125.html</guid>
            <pubDate>Mon, 10 Feb 2025 06:11:43 GMT</pubDate>
            <description><![CDATA[La saison carnavalesque est lancée dans le Nord. La comtesse de Rosendael a réalisé un clip pour sensibiliser aux risques liés à l'abus d'alcool. <br /><br /><img src="https://images.bfmtv.com/U1XyZd6sxbC_MYu5Vd-KjYDl30o=/0x0:1280x720/800x0/images/Carnaval-de-Dunkerque-un-clip-contre-l-abus-d-alcool-2030344.jpg" />]]></description>
            <enclosure url="https://images.bfmtv.com/U1XyZd6sxbC_MYu5Vd-KjYDl30o=/0x0:1280x720/800x0/images/Carnaval-de-Dunkerque-un-clip-contre-l-abus-d-alcool-2030344.jpg" length="0" type="image/jpg"/>
        </item>
        <item>
            <title><![CDATA[Datacenter à Cambrai: un "méga-projet" annoncé]]></title>
            <link>https://www.bfmtv.com/grand-lille/replay-emissions/bonjour-lille/datacenter-a-cambrai-un-mega-projet-annonce_VN-202502100121.html</link>
            <guid>https://www.bfmtv.com/grand-lille/replay-emissions/bonjour-lille/datacenter-a-cambrai-un-mega-projet-annonce_VN-202502100121.html</guid>
            <pubDate>Mon, 10 Feb 2025 06:08:25 GMT</pubDate>
            <description><![CDATA[Un "méga-projet" de datacenter pourrait voir le jour à Cambrai. La France souhaite se positionner dans la course à l'intelligence artificielle. <br /><br /><img src="https://images.bfmtv.com/Ub0Me1KhO8FhOlttubDZJ4LtHj8=/0x0:1280x720/800x0/images/Datacenter-a-Cambrai-un-mega-projet-annonce-2030341.jpg" />]]></description>
            <enclosure url="https://images.bfmtv.com/Ub0Me1KhO8FhOlttubDZJ4LtHj8=/0x0:1280x720/800x0/images/Datacenter-a-Cambrai-un-mega-projet-annonce-2030341.jpg" length="0" type="image/jpg"/>
        </item>
        <item>
            <title><![CDATA[Enduropale: 159 bénévoles de la protection civile mobilisés]]></title>
            <link>https://www.bfmtv.com/grand-lille/replay-emissions/bonjour-lille/enduropale-159-benevoles-de-la-protection-civile-mobilises_VN-202502100120.html</link>
            <guid>https://www.bfmtv.com/grand-lille/replay-emissions/bonjour-lille/enduropale-159-benevoles-de-la-protection-civile-mobilises_VN-202502100120.html</guid>
            <pubDate>Mon, 10 Feb 2025 06:06:34 GMT</pubDate>
            <description><![CDATA[Plus de 600.000 personnes ont assisté à la 50e édition de l'Enduropale. Pour garantir la sécurité d'autant de personnes, 159 bénévoles de la protection civile étaient mobilisés. <br /><br /><img src="https://images.bfmtv.com/URxW328KHGd_1V7DVOQDnphKDmY=/0x0:1280x720/800x0/images/Enduropale-159-benevoles-de-la-protection-civile-mobilises-2030340.jpg" />]]></description>
            <enclosure url="https://images.bfmtv.com/URxW328KHGd_1V7DVOQDnphKDmY=/0x0:1280x720/800x0/images/Enduropale-159-benevoles-de-la-protection-civile-mobilises-2030340.jpg" length="0" type="image/jpg"/>
        </item>
        <item>
            <title><![CDATA[Métropole de Lille: des robots pour des drives plus efficaces]]></title>
            <link>https://www.bfmtv.com/grand-lille/replay-emissions/bonjour-lille/metropole-de-lille-des-robots-pour-des-drives-plus-efficaces_VN-202502100115.html</link>
            <guid>https://www.bfmtv.com/grand-lille/replay-emissions/bonjour-lille/metropole-de-lille-des-robots-pour-des-drives-plus-efficaces_VN-202502100115.html</guid>
            <pubDate>Mon, 10 Feb 2025 06:03:21 GMT</pubDate>
            <description><![CDATA[Des courses livrées plus rapidement. C'est ce que promet le Leclerc Drive de Seclin, en utilisant la nouvelle génération de robots. <br /><br /><img src="https://images.bfmtv.com/CoSXYyYQpbATp6pBpW5dFEkssLc=/0x0:1280x720/800x0/images/Metropole-de-Lille-des-robots-pour-des-drives-plus-efficaces-2030335.jpg" />]]></description>
            <enclosure url="https://images.bfmtv.com/CoSXYyYQpbATp6pBpW5dFEkssLc=/0x0:1280x720/800x0/images/Metropole-de-Lille-des-robots-pour-des-drives-plus-efficaces-2030335.jpg" length="0" type="image/jpg"/>
        </item>
        <item>
            <title><![CDATA[Lille: un budget équilibré pour 2025]]></title>
            <link>https://www.bfmtv.com/grand-lille/replay-emissions/bonjour-lille/lille-un-budget-equilibre-pour-2025_VN-202502100103.html</link>
            <guid>https://www.bfmtv.com/grand-lille/replay-emissions/bonjour-lille/lille-un-budget-equilibre-pour-2025_VN-202502100103.html</guid>
            <pubDate>Mon, 10 Feb 2025 05:58:03 GMT</pubDate>
            <description><![CDATA[Au sommaire du conseil municipal de Lille, le budget. BFM Lille vous détaille notamment les finances de la ville. <br /><br /><img src="https://images.bfmtv.com/sN_QHVlHLhWuhc6CicAJm1CtNpk=/0x0:1280x720/800x0/images/Lille-un-budget-equilibre-pour-2025-2030327.jpg" />]]></description>
            <enclosure url="https://images.bfmtv.com/sN_QHVlHLhWuhc6CicAJm1CtNpk=/0x0:1280x720/800x0/images/Lille-un-budget-equilibre-pour-2025-2030327.jpg" length="0" type="image/jpg"/>
        </item>
        <item>
            <title><![CDATA[Météo Nord-Pas-de-Calais: un ciel gris et de la pluie ce lundi, jusqu'à 6°C à Calais]]></title>
            <link>https://www.bfmtv.com/grand-lille/meteo/meteo-nord-pas-de-calais-un-ciel-gris-et-de-la-pluie-ce-lundi-jusqu-a-6-c-a-calais_VN-202502100099.html</link>
            <guid>https://www.bfmtv.com/grand-lille/meteo/meteo-nord-pas-de-calais-un-ciel-gris-et-de-la-pluie-ce-lundi-jusqu-a-6-c-a-calais_VN-202502100099.html</guid>
            <pubDate>Mon, 10 Feb 2025 05:54:32 GMT</pubDate>
            <description><![CDATA[Découvrez en images les prévisions météo complètes du 9 février 2025 à Lille et sa région sur BFM Grand Lille, la première chaîne d’information de la région lilloise.<br /><br /><img src="https://images.bfmtv.com/qtbTYQ_JUJWBPMFIAoyLQvdZI0E=/0x0:1280x720/800x0/images/Meteo-Nord-Pas-de-Calais-un-ciel-gris-et-de-la-pluie-ce-lundi-jusqu-a-6-C-a-Calais-2030325.jpg" />]]></description>
            <enclosure url="https://images.bfmtv.com/qtbTYQ_JUJWBPMFIAoyLQvdZI0E=/0x0:1280x720/800x0/images/Meteo-Nord-Pas-de-Calais-un-ciel-gris-et-de-la-pluie-ce-lundi-jusqu-a-6-C-a-Calais-2030325.jpg" length="0" type="image/jpg"/>
        </item>
        <item>
            <title><![CDATA["Il l'a déjà fait": le chanteur lillois Ytos rêve de monter sur scène avec Ed Sheeran au stade Pierre Mauroy]]></title>
            <link>https://www.bfmtv.com/grand-lille/il-l-a-deja-fait-le-chanteur-ytos-reve-de-monter-sur-scene-avec-ed-sheeran-au-stade-pierre-mauroy_AV-202502090402.html</link>
            <guid>https://www.bfmtv.com/grand-lille/il-l-a-deja-fait-le-chanteur-ytos-reve-de-monter-sur-scene-avec-ed-sheeran-au-stade-pierre-mauroy_AV-202502090402.html</guid>
            <pubDate>Sun, 09 Feb 2025 19:10:11 GMT</pubDate>
            <description><![CDATA[Ytos, chanteur lillois, s'est lancé le défi d'attirer l'attention d'Ed Sheeran sur les réseaux sociaux, pour espérer pouvoir réaliser son rêve: monter sur scène avec l'artiste britannique au stade Pierre Mauroy, au mois de juin.<br /><br /><img src="https://images.bfmtv.com/EPjqY-lYaRfvjyjIl2XWpo9T9pQ=/0x0:1920x1080/800x0/images/Ythos-2030158.jpg" />]]></description>
            <enclosure url="https://images.bfmtv.com/EPjqY-lYaRfvjyjIl2XWpo9T9pQ=/0x0:1920x1080/800x0/images/Ythos-2030158.jpg" length="0" type="image/jpg"/>
        </item>
        <item>
            <title><![CDATA[Les Nordistes favorables aux référendums]]></title>
            <link>https://www.bfmtv.com/grand-lille/replay-emissions/nord-week-end/les-nordistes-favorables-aux-referendums_VN-202502090383.html</link>
            <guid>https://www.bfmtv.com/grand-lille/replay-emissions/nord-week-end/les-nordistes-favorables-aux-referendums_VN-202502090383.html</guid>
            <pubDate>Sun, 09 Feb 2025 18:10:39 GMT</pubDate>
            <description><![CDATA[9 français sur 10 souhaiteraient trancher sur des questions de société, selon un sondage publié ce dimanche 9 février. Certains Nordistes pensent effectivement que des référendums devraient être mis en place.<br /><br /><img src="https://images.bfmtv.com/mfe6OF0qsPKn7nTzZtYYIOWhZS8=/0x0:1280x720/800x0/images/Les-Nordistes-favorables-aux-referendums-2030194.jpg" />]]></description>
            <enclosure url="https://images.bfmtv.com/mfe6OF0qsPKn7nTzZtYYIOWhZS8=/0x0:1280x720/800x0/images/Les-Nordistes-favorables-aux-referendums-2030194.jpg" length="0" type="image/jpg"/>
        </item>
        <item>
            <title><![CDATA[Damso, Zaho de Sagazan... La programmation des Nuits Secrètes à Aulnoye du 11 au 13 juillet]]></title>
            <link>https://www.bfmtv.com/grand-lille/replay-emissions/nord-week-end/damso-zaho-de-sagazan-la-programmation-des-nuits-secretes-a-aulnoye-du-11-au-13-juillet_VN-202502090173.html</link>
            <guid>https://www.bfmtv.com/grand-lille/replay-emissions/nord-week-end/damso-zaho-de-sagazan-la-programmation-des-nuits-secretes-a-aulnoye-du-11-au-13-juillet_VN-202502090173.html</guid>
            <pubDate>Sun, 09 Feb 2025 10:07:30 GMT</pubDate>
            <description><![CDATA[Damso et Zaho de Sagazan se produiront à Aulnoye-Aymeries entre les 11 et 13 juillet prochain lors du festival des Nuits Secrètes. Son directeur, Olivier Connan, est venu présenter l'événement sur BFM Lille ce dimanche 9 février.<br /><br /><img src="https://images.bfmtv.com/LksU8MgnUFOHeDV9blLEVWF2T_U=/0x0:1280x720/800x0/images/Damso-Zaho-de-Sagazan-La-programmation-des-Nuits-Secretes-a-Aulnoye-du-11-au-13-juillet-2030023.jpg" />]]></description>
            <enclosure url="https://images.bfmtv.com/LksU8MgnUFOHeDV9blLEVWF2T_U=/0x0:1280x720/800x0/images/Damso-Zaho-de-Sagazan-La-programmation-des-Nuits-Secretes-a-Aulnoye-du-11-au-13-juillet-2030023.jpg" length="0" type="image/jpg"/>
        </item>
        <item>
            <title><![CDATA[Lille: il rêve de chanter avec Ed Sheeran lors de son prochain concert dans le Nord]]></title>
            <link>https://www.bfmtv.com/grand-lille/replay-emissions/nord-week-end/lille-il-reve-de-chanter-avec-ed-sheeran-lors-de-son-prochain-concert-dans-le-nord_VN-202502090162.html</link>
            <guid>https://www.bfmtv.com/grand-lille/replay-emissions/nord-week-end/lille-il-reve-de-chanter-avec-ed-sheeran-lors-de-son-prochain-concert-dans-le-nord_VN-202502090162.html</guid>
            <pubDate>Sun, 09 Feb 2025 09:48:51 GMT</pubDate>
            <description><![CDATA[Lille: ce fan rêve de chanter avec Ed Sheeran lors de sa prochaine venue dans le Nord pour des concerts les 20 et 21 juin au stade Pierre-Mauroy.<br /><br /><img src="https://images.bfmtv.com/NDi_1uVF_-e7kEDyIYMEWfzj8dU=/0x0:1280x720/800x0/images/Lille-il-reve-de-chanter-avec-Ed-Sheeran-lors-de-son-prochain-concert-dans-le-Nord-2030008.jpg" />]]></description>
            <enclosure url="https://images.bfmtv.com/NDi_1uVF_-e7kEDyIYMEWfzj8dU=/0x0:1280x720/800x0/images/Lille-il-reve-de-chanter-avec-Ed-Sheeran-lors-de-son-prochain-concert-dans-le-Nord-2030008.jpg" length="0" type="image/jpg"/>
        </item>
        <item>
            <title><![CDATA[Euduropale: les commerces font le plein au Touquet]]></title>
            <link>https://www.bfmtv.com/grand-lille/replay-emissions/nord-week-end/euduropale-les-commerces-font-le-plein-au-touquet_VN-202502090156.html</link>
            <guid>https://www.bfmtv.com/grand-lille/replay-emissions/nord-week-end/euduropale-les-commerces-font-le-plein-au-touquet_VN-202502090156.html</guid>
            <pubDate>Sun, 09 Feb 2025 09:41:40 GMT</pubDate>
            <description><![CDATA[Depuis vendredi 7 février, les commerces font le plein au Touquet en ce week-end d'Enduropale.<br /><br /><img src="https://images.bfmtv.com/U5x6bxZFGdagLduh_RfeEAdk9r0=/0x0:1280x720/800x0/images/Euduropale-les-commerces-font-le-plein-au-Touquet-2030003.jpg" />]]></description>
            <enclosure url="https://images.bfmtv.com/U5x6bxZFGdagLduh_RfeEAdk9r0=/0x0:1280x720/800x0/images/Euduropale-les-commerces-font-le-plein-au-Touquet-2030003.jpg" length="0" type="image/jpg"/>
        </item>
        <item>
            <title><![CDATA[Enduropale: le programme de ce dimanche avec la course reine au Touquet]]></title>
            <link>https://www.bfmtv.com/grand-lille/replay-emissions/nord-week-end/enduropale-le-programme-de-ce-dimanche-avec-la-course-reine-au-touquet_VN-202502090152.html</link>
            <guid>https://www.bfmtv.com/grand-lille/replay-emissions/nord-week-end/enduropale-le-programme-de-ce-dimanche-avec-la-course-reine-au-touquet_VN-202502090152.html</guid>
            <pubDate>Sun, 09 Feb 2025 09:38:12 GMT</pubDate>
            <description><![CDATA[Enduropale: le programme de ce dimanche 9 février avec la course reine au Touquet.<br /><br /><img src="https://images.bfmtv.com/-2HJC6FhUJjPVcqIrDR0j9pk6lc=/0x0:1280x720/800x0/images/Enduropale-le-programme-de-ce-dimanche-avec-la-course-reine-au-Touquet-2029999.jpg" />]]></description>
            <enclosure url="https://images.bfmtv.com/-2HJC6FhUJjPVcqIrDR0j9pk6lc=/0x0:1280x720/800x0/images/Enduropale-le-programme-de-ce-dimanche-avec-la-course-reine-au-Touquet-2029999.jpg" length="0" type="image/jpg"/>
        </item>
        <item>
            <title><![CDATA[Ce Lillois rêve de chanter avec Ed Sheeran]]></title>
            <link>https://www.bfmtv.com/grand-lille/replay-emissions/nord-week-end/ce-lillois-reve-de-chanter-avec-ed-sheeran_VN-202502080358.html</link>
            <guid>https://www.bfmtv.com/grand-lille/replay-emissions/nord-week-end/ce-lillois-reve-de-chanter-avec-ed-sheeran_VN-202502080358.html</guid>
            <pubDate>Sat, 08 Feb 2025 18:45:58 GMT</pubDate>
            <description><![CDATA[Chanter avec Ed Sheeran, c'est le rêve d'Ytos, un chanteur lillois. Alors il tente le tout pour le tout avant la venue de son idole au stade Pierre Mauroy les 20 et 21 juin prochains, en publiant chaque semaine des reprises de ses chansons.<br /><br /><img src="https://images.bfmtv.com/oa0bfX7AI8-Dd-_7P_K_Rk47nmk=/0x0:1280x720/800x0/images/Ce-Lillois-reve-de-chanter-avec-Ed-Sheeran-2029845.jpg" />]]></description>
            <enclosure url="https://images.bfmtv.com/oa0bfX7AI8-Dd-_7P_K_Rk47nmk=/0x0:1280x720/800x0/images/Ce-Lillois-reve-de-chanter-avec-Ed-Sheeran-2029845.jpg" length="0" type="image/jpg"/>
        </item>
        <item>
            <title><![CDATA[Nord: un piéton meurt fauché par un bus dans un accident sur l'autoroute A1]]></title>
            <link>https://www.bfmtv.com/grand-lille/nord-un-pieton-meurt-fauche-par-un-bus-dans-un-accident-sur-l-autoroute-a1_AN-202502080244.html</link>
            <guid>https://www.bfmtv.com/grand-lille/nord-un-pieton-meurt-fauche-par-un-bus-dans-un-accident-sur-l-autoroute-a1_AN-202502080244.html</guid>
            <pubDate>Sat, 08 Feb 2025 11:30:25 GMT</pubDate>
            <description><![CDATA[Un piéton est mort après avoir été renversé par un bus sur l'axe autoroutier, ce samedi 8 février aux alentours de 6h20.<br /><br /><img src="https://images.bfmtv.com/OOI0KvktBfNC-g_6qIhrYsZlcVc=/0x122:2048x1274/800x0/images/Une-vehicule-des-pompiers-a-Roubaix-Nord-le-16-janvier-2015-1968411.jpg" />]]></description>
            <enclosure url="https://images.bfmtv.com/OOI0KvktBfNC-g_6qIhrYsZlcVc=/0x122:2048x1274/800x0/images/Une-vehicule-des-pompiers-a-Roubaix-Nord-le-16-janvier-2015-1968411.jpg" length="0" type="image/jpg"/>
        </item>
        <item>
            <title><![CDATA[Lille: le trafic reprend sur la ligne 1 du métro après une interruption pour un problème informatique]]></title>
            <link>https://www.bfmtv.com/grand-lille/lille-la-circulation-de-la-ligne-1-du-metro-interrompue-des-bus-relais-mis-en-place_AN-202502080208.html</link>
            <guid>https://www.bfmtv.com/grand-lille/lille-la-circulation-de-la-ligne-1-du-metro-interrompue-des-bus-relais-mis-en-place_AN-202502080208.html</guid>
            <pubDate>Sat, 08 Feb 2025 10:15:01 GMT</pubDate>
            <description><![CDATA[Interrompu sur l'ensemble de la ligne ce samedi 8 février depuis le début de matinée, la circulation a repris vers 15 heures.<br /><br /><img src="https://images.bfmtv.com/rBixOTGgaoJhjVX8-I3cgmsFEAw=/0x0:1024x576/800x0/images/station-metro-lille-1495728.jpg" />]]></description>
            <enclosure url="https://images.bfmtv.com/rBixOTGgaoJhjVX8-I3cgmsFEAw=/0x0:1024x576/800x0/images/station-metro-lille-1495728.jpg" length="0" type="image/jpg"/>
        </item>
        <item>
            <title><![CDATA[Le Touquet: tout ce qu'il faut savoir sur l'Enduropale]]></title>
            <link>https://www.bfmtv.com/grand-lille/replay-emissions/nord-week-end/le-touquet-tout-ce-qu-il-faut-savoir-sur-l-enduropale_VN-202502080125.html</link>
            <guid>https://www.bfmtv.com/grand-lille/replay-emissions/nord-week-end/le-touquet-tout-ce-qu-il-faut-savoir-sur-l-enduropale_VN-202502080125.html</guid>
            <pubDate>Sat, 08 Feb 2025 07:37:18 GMT</pubDate>
            <description><![CDATA[BFM Grand Lille et BFM Grand Littoral vous dévoilent le programme complet de l'Enduropale.<br /><br /><img src="https://images.bfmtv.com/7t-tDFca95WYy2_cr-ih5tVzd8o=/0x0:1280x720/800x0/images/Le-Touquet-tout-ce-qu-il-faut-savoir-sur-l-Enduropale-2029639.jpg" />]]></description>
            <enclosure url="https://images.bfmtv.com/7t-tDFca95WYy2_cr-ih5tVzd8o=/0x0:1280x720/800x0/images/Le-Touquet-tout-ce-qu-il-faut-savoir-sur-l-Enduropale-2029639.jpg" length="0" type="image/jpg"/>
        </item>
        <item>
            <title><![CDATA[Les Ch'tites Sorties du samedi 8 février 2025 - Relevez le défi des cellules de Prison Island]]></title>
            <link>https://www.bfmtv.com/grand-lille/replay-emissions/les-chtite-sorties/les-ch-tites-sorties-du-samedi-8-fevrier-2025-relevez-le-defi-des-cellules-de-prison-island_VN-202502080112.html</link>
            <guid>https://www.bfmtv.com/grand-lille/replay-emissions/les-chtite-sorties/les-ch-tites-sorties-du-samedi-8-fevrier-2025-relevez-le-defi-des-cellules-de-prison-island_VN-202502080112.html</guid>
            <pubDate>Sat, 08 Feb 2025 07:27:21 GMT</pubDate>
            <description><![CDATA[Les Ch'tites Sorties, votre rendez-vous culture sur BFM Lille et Grand Littoral avec Rémi Desreumaux. Ce week-end : relevez le défi des cellules de Prison Island.<br /><br /><img src="https://images.bfmtv.com/cWwVVf6ek20-82mPOpSroZIKsAE=/0x0:1280x720/800x0/images/Les-Ch-tites-Sorties-du-samedi-8-fevrier-2025-Relevez-le-defi-des-cellules-de-Prison-Island-2029628.jpg" />]]></description>
            <enclosure url="https://images.bfmtv.com/cWwVVf6ek20-82mPOpSroZIKsAE=/0x0:1280x720/800x0/images/Les-Ch-tites-Sorties-du-samedi-8-fevrier-2025-Relevez-le-defi-des-cellules-de-Prison-Island-2029628.jpg" length="0" type="image/jpg"/>
        </item>
        <item>
            <title><![CDATA[Roubaix: un homme remporte plus de 354.000 euros au Quinté+, le deuxième gagnant Nordiste de l'année]]></title>
            <link>https://www.bfmtv.com/grand-lille/roubaix-un-homme-remporte-plus-de-354-000-euros-au-quinte-le-deuxieme-gagnant-nordiste-de-l-annee_AN-202502070924.html</link>
            <guid>https://www.bfmtv.com/grand-lille/roubaix-un-homme-remporte-plus-de-354-000-euros-au-quinte-le-deuxieme-gagnant-nordiste-de-l-annee_AN-202502070924.html</guid>
            <pubDate>Fri, 07 Feb 2025 21:01:26 GMT</pubDate>
            <description><![CDATA[L'homme misait régulièrement deux euros au Tabac Presse de Roubaix. Avec la somme remportée, il compte investir "dans un nouvel achat immobilier".<br /><br /><img src="https://images.bfmtv.com/0w2yjZf50JmO_m_9PurKs3b1KWs=/12x525:1500x1362/800x0/images/Christophe-proprietaire-du-point-de-vente-ou-plus-de-354-000-euros-ont-ete-remportes-a-Roubaix-2029494.jpg" />]]></description>
            <enclosure url="https://images.bfmtv.com/0w2yjZf50JmO_m_9PurKs3b1KWs=/12x525:1500x1362/800x0/images/Christophe-proprietaire-du-point-de-vente-ou-plus-de-354-000-euros-ont-ete-remportes-a-Roubaix-2029494.jpg" length="0" type="image/jpg"/>
        </item>
        <item>
            <title><![CDATA[Top Sorties Lille du vendredi 7 février - Lille Tattoo Convention : les 10 ans à Lille]]></title>
            <link>https://www.bfmtv.com/grand-lille/replay-emissions/top-sorties/top-sorties-lille-du-vendredi-7-fevrier-lille-tattoo-convention-les-10-ans-a-lille_VN-202502070765.html</link>
            <guid>https://www.bfmtv.com/grand-lille/replay-emissions/top-sorties/top-sorties-lille-du-vendredi-7-fevrier-lille-tattoo-convention-les-10-ans-a-lille_VN-202502070765.html</guid>
            <pubDate>Fri, 07 Feb 2025 17:25:32 GMT</pubDate>
            <description><![CDATA[Retrouvez les choix de la rédaction pour sortir et toutes les idées pour passer un week-end agréable dans Top Sorties Lille du vendredi 7 février : Lille Tattoo Convention, les 10 ans à Lille. <br /><br /><img src="https://images.bfmtv.com/he8szGSmNO5RrmOjKthWrXJntMk=/0x0:1280x720/800x0/images/Top-Sorties-Lille-du-vendredi-7-fevrier-Lille-Tattoo-Convention-les-10-ans-a-Lille-2029440.jpg" />]]></description>
            <enclosure url="https://images.bfmtv.com/he8szGSmNO5RrmOjKthWrXJntMk=/0x0:1280x720/800x0/images/Top-Sorties-Lille-du-vendredi-7-fevrier-Lille-Tattoo-Convention-les-10-ans-a-Lille-2029440.jpg" length="0" type="image/jpg"/>
        </item>
        <item>
            <title><![CDATA["L'État et Tourcoing agissent ensemble contre l'insalubrité": une convention signée pour lutter contre l'habitat indigne]]></title>
            <link>https://www.bfmtv.com/grand-lille/replay-emissions/bonsoir-lille/l-etat-et-tourcoing-agissent-ensemble-contre-l-insalubrite-une-convention-signee-pour-lutter-contre-l-habitat-indigne_VN-202502070684.html</link>
            <guid>https://www.bfmtv.com/grand-lille/replay-emissions/bonsoir-lille/l-etat-et-tourcoing-agissent-ensemble-contre-l-insalubrite-une-convention-signee-pour-lutter-contre-l-habitat-indigne_VN-202502070684.html</guid>
            <pubDate>Fri, 07 Feb 2025 16:29:01 GMT</pubDate>
            <description><![CDATA[Pierre Gilardeau, sous-préfet en charge du territoire roubaisien, est l'invité de Bonsoir le Nord ce vendredi 7 février 2025. Une convention entre l'État et la ville de Tourcoing a été signée ce jour pour lutter contre l'habitat indigne.<br /><br /><img src="https://images.bfmtv.com/A76Zaox-BBGHOnUZF4gXJo1CML0=/0x0:1280x720/800x0/images/L-Etat-et-Tourcoing-agissent-ensemble-contre-l-insalubrite-une-convention-signee-pour-lutter-contre-l-habitat-indigne-2029376.jpg" />]]></description>
            <enclosure url="https://images.bfmtv.com/A76Zaox-BBGHOnUZF4gXJo1CML0=/0x0:1280x720/800x0/images/L-Etat-et-Tourcoing-agissent-ensemble-contre-l-insalubrite-une-convention-signee-pour-lutter-contre-l-habitat-indigne-2029376.jpg" length="0" type="image/jpg"/>
        </item>
        <item>
            <title><![CDATA[Métropole de Lille: la circulation reprend sur la ligne 2 du métro, après une panne informatique]]></title>
            <link>https://www.bfmtv.com/grand-lille/metropole-de-lille-la-circulation-interrompue-sur-une-grande-partie-de-la-ligne-2-du-metro_AN-202502070579.html</link>
            <guid>https://www.bfmtv.com/grand-lille/metropole-de-lille-la-circulation-interrompue-sur-une-grande-partie-de-la-ligne-2-du-metro_AN-202502070579.html</guid>
            <pubDate>Fri, 07 Feb 2025 14:21:32 GMT</pubDate>
            <description><![CDATA[En raison d'une panne informatique, la circulation a été brièvement interrompue ce vendredi 7 février sur une grande partie de la ligne 2 du métro. <br /><br /><img src="https://images.bfmtv.com/nNVk5xND_SaIfdX9P7bkS2IHnXI=/34x1:546x289/800x0/images/-363075.jpg" />]]></description>
            <enclosure url="https://images.bfmtv.com/nNVk5xND_SaIfdX9P7bkS2IHnXI=/34x1:546x289/800x0/images/-363075.jpg" length="0" type="image/jpg"/>
        </item>
        <item>
            <title><![CDATA[Lens: le magasin solidaire de l'Apsa détruit par un incendie, un appel aux dons lancé]]></title>
            <link>https://www.bfmtv.com/grand-littoral/lens-le-magasin-solidaire-de-l-apsa-detruit-par-un-incendie_AV-202502070459.html</link>
            <guid>https://www.bfmtv.com/grand-littoral/lens-le-magasin-solidaire-de-l-apsa-detruit-par-un-incendie_AV-202502070459.html</guid>
            <pubDate>Fri, 07 Feb 2025 11:48:37 GMT</pubDate>
            <description><![CDATA[À Lens, le magasin de l'association pour la solidarité active (APSA) a été gravement touché par un incendie ce mercredi 5 février. Un élu local lance un appel aux dons<br /><br /><img src="https://images.bfmtv.com/R7iRRzRTPm8_TJOOgHnQiVejR8k=/3x1:835x469/800x0/images/Le-magasin-solidaire-de-l-APSA-detruit-par-un-incendie-a-Lens-2029128.jpg" />]]></description>
            <enclosure url="https://images.bfmtv.com/R7iRRzRTPm8_TJOOgHnQiVejR8k=/3x1:835x469/800x0/images/Le-magasin-solidaire-de-l-APSA-detruit-par-un-incendie-a-Lens-2029128.jpg" length="0" type="image/jpg"/>
        </item>
        <item>
            <title><![CDATA[Hauts-de-France: les vols de voiture ont augmenté en 2024 dans la région]]></title>
            <link>https://www.bfmtv.com/grand-lille/hauts-de-france-les-vols-de-voiture-ont-augmente-en-2024-dans-la-region_AV-202502070376.html</link>
            <guid>https://www.bfmtv.com/grand-lille/hauts-de-france-les-vols-de-voiture-ont-augmente-en-2024-dans-la-region_AV-202502070376.html</guid>
            <pubDate>Fri, 07 Feb 2025 10:09:52 GMT</pubDate>
            <description><![CDATA[En 2024, la préfecture a constaté 8,5% de vols de véhicules en plus dans les Hauts-de-France. Un phénomène notamment lié à la proximité de la région avec les grands ports internationaux, où transite le trafic.<br /><br /><img src="https://images.bfmtv.com/E7MRKNigg7BadfhkylciiokOpTs=/0x192:2048x1344/800x0/images/Voiture-2029070.jpg" />]]></description>
            <enclosure url="https://images.bfmtv.com/E7MRKNigg7BadfhkylciiokOpTs=/0x192:2048x1344/800x0/images/Voiture-2029070.jpg" length="0" type="image/jpg"/>
        </item>
        <item>
            <title><![CDATA[Lens: le magasin solidaire de l'APSA Insertion détruit par un incendie]]></title>
            <link>https://www.bfmtv.com/grand-lille/replay-emissions/bonjour-lille/lens-le-magasin-solidaire-de-l-apsa-insertion-detruit-par-un-incendie_VN-202502070226.html</link>
            <guid>https://www.bfmtv.com/grand-lille/replay-emissions/bonjour-lille/lens-le-magasin-solidaire-de-l-apsa-insertion-detruit-par-un-incendie_VN-202502070226.html</guid>
            <pubDate>Fri, 07 Feb 2025 07:33:44 GMT</pubDate>
            <description><![CDATA[À Lens, le magasin solidaire a été gravement touché par un incendie ce mercredi 5 février.<br /><br /><img src="https://images.bfmtv.com/ECto3Rhr0CzBRrQYZqVhnQoxXq0=/0x0:1280x720/800x0/images/Lens-le-magasin-solidaire-de-l-APSA-Insertion-detruit-par-un-incendie-2029028.jpg" />]]></description>
            <enclosure url="https://images.bfmtv.com/ECto3Rhr0CzBRrQYZqVhnQoxXq0=/0x0:1280x720/800x0/images/Lens-le-magasin-solidaire-de-l-APSA-Insertion-detruit-par-un-incendie-2029028.jpg" length="0" type="image/jpg"/>
        </item>
        <item>
            <title><![CDATA[Violences intrafamiliales, drogue, sécurité routière: les chiffres dans le Nord en 2024]]></title>
            <link>https://www.bfmtv.com/grand-lille/replay-emissions/bonjour-lille/violences-intrafamiliales-drogue-securite-routiere-les-chiffres-dans-le-nord-en-2024_VN-202502070219.html</link>
            <guid>https://www.bfmtv.com/grand-lille/replay-emissions/bonjour-lille/violences-intrafamiliales-drogue-securite-routiere-les-chiffres-dans-le-nord-en-2024_VN-202502070219.html</guid>
            <pubDate>Fri, 07 Feb 2025 07:29:52 GMT</pubDate>
            <description><![CDATA[En 2024, le Nord reste l'un des départements les plus touchés par la problématique des violences intrafamiliales.<br /><br /><img src="https://images.bfmtv.com/yLidSisW15ofJ0556hKtEiK9LB4=/0x0:1280x720/800x0/images/Violences-intrafamiliales-drogue-securite-routiere-les-chiffres-dans-le-Nord-en-2024-2029024.jpg" />]]></description>
            <enclosure url="https://images.bfmtv.com/yLidSisW15ofJ0556hKtEiK9LB4=/0x0:1280x720/800x0/images/Violences-intrafamiliales-drogue-securite-routiere-les-chiffres-dans-le-Nord-en-2024-2029024.jpg" length="0" type="image/jpg"/>
        </item>
        <item>
            <title><![CDATA[Météo Nord-Pas-de-Calais: un ciel nuageux et de faibles chutes de neige prévues, jusqu'à 5°C à Lille]]></title>
            <link>https://www.bfmtv.com/grand-lille/meteo/meteo-nord-pas-de-calais-un-ciel-nuageux-et-de-faibles-chutes-de-neige-prevues-jusqu-a-5-c-a-lille_VN-202502070100.html</link>
            <guid>https://www.bfmtv.com/grand-lille/meteo/meteo-nord-pas-de-calais-un-ciel-nuageux-et-de-faibles-chutes-de-neige-prevues-jusqu-a-5-c-a-lille_VN-202502070100.html</guid>
            <pubDate>Fri, 07 Feb 2025 05:50:44 GMT</pubDate>
            <description><![CDATA[Découvrez en images les prévisions météo complètes du 7 février 2025 à Lille et sa région sur BFM Grand Lille, la première chaîne d’information de la région lilloise.<br /><br /><img src="https://images.bfmtv.com/ezXtxueTIfu6XjHpP_18I3z0u-g=/0x0:1280x720/800x0/images/Meteo-Nord-Pas-de-Calais-un-ciel-nuageux-et-de-faibles-chutes-de-neige-prevues-jusqu-a-5-C-a-Lille-2028936.jpg" />]]></description>
            <enclosure url="https://images.bfmtv.com/ezXtxueTIfu6XjHpP_18I3z0u-g=/0x0:1280x720/800x0/images/Meteo-Nord-Pas-de-Calais-un-ciel-nuageux-et-de-faibles-chutes-de-neige-prevues-jusqu-a-5-C-a-Lille-2028936.jpg" length="0" type="image/jpg"/>
        </item>
    </channel>
</rss>