<?xml version="1.0" encoding="utf-8"?>
<rss version="2.0" xmlns:atom="http://www.w3.org/2005/Atom">
    <channel>
        <title>Home Nantes - actualités</title>
        <link>https://www.bfmtv.com/nantes/</link>
        <description>Suivez toute l'actualité politique, économique, météo, sportive et sociale de Nantes et ses alentours en temps réel</description>
        <lastBuildDate>Mon, 10 Feb 2025 12:41:15 GMT</lastBuildDate>
        <docs>http://blogs.law.harvard.edu/tech/rss</docs>
        <generator>BFMTV</generator>
        <language>fr</language>
        <image>
            <title>Home Nantes - actualités</title>
            <url>https://www.bfmtv.com/assets/v11/images/BFMTV_default_16x9.8715a163008e9f3fc3799c8e2c6ebafa.jpg</url>
            <link>https://www.bfmtv.com/nantes/</link>
        </image>
        <copyright>Copyright BFMTV</copyright>
        <category>Home Nantes - actualités</category>
        <atom:link href="https://www.bfmtv.com/nantes/" rel="self" type="application/rss+xml"/>
        <item>
            <title><![CDATA["Vous ne pouvez pas faire ça ici": une mère qui allaitait son bébé expulsée de la boutique SNCF de la gare de Nantes]]></title>
            <link>https://www.bfmtv.com/nantes/vous-ne-pouvez-pas-faire-ca-ici-une-mere-qui-allaitait-son-bebe-expulsee-de-la-boutique-sncf-de-la-gare-de-nantes_AN-202502070558.html</link>
            <guid>https://www.bfmtv.com/nantes/vous-ne-pouvez-pas-faire-ca-ici-une-mere-qui-allaitait-son-bebe-expulsee-de-la-boutique-sncf-de-la-gare-de-nantes_AN-202502070558.html</guid>
            <pubDate>Fri, 07 Feb 2025 13:55:40 GMT</pubDate>
            <description><![CDATA[À la mi-janvier, une femme de 32 ans a été sommée de quitter l'espace de vente SNCF de la gare de Nantes sous prétexte qu'elle n'y avait pas le droit d'allaiter son bébé.<br /><br /><img src="https://images.bfmtv.com/2EVAUcM5lPYRfxiKSwlEu1ZiYTE=/4x14:1140x653/800x0/images/La-gare-de-Nantes-en-mai-2018-2029266.jpg" />]]></description>
            <enclosure url="https://images.bfmtv.com/2EVAUcM5lPYRfxiKSwlEu1ZiYTE=/4x14:1140x653/800x0/images/La-gare-de-Nantes-en-mai-2018-2029266.jpg" length="0" type="image/jpg"/>
        </item>
        <item>
            <title><![CDATA[Loire-Atlantique: un rassemblement contre la venue de Sébastien Chenu, malgré l'interdiction de manifester]]></title>
            <link>https://www.bfmtv.com/nantes/loire-atlantique-un-rassemblement-contre-la-venue-de-sebastien-chenu-malgre-l-interdiction-de-manifester_AN-202410260374.html</link>
            <guid>https://www.bfmtv.com/nantes/loire-atlantique-un-rassemblement-contre-la-venue-de-sebastien-chenu-malgre-l-interdiction-de-manifester_AN-202410260374.html</guid>
            <pubDate>Sat, 26 Oct 2024 17:18:26 GMT</pubDate>
            <description><![CDATA[Un rassemblement, interdit par la préfecture, a eu lieu ce samedi 26 octobre à Vertou près de Nantes contre la réunion de rentrée du Rassemblement national de Loire-Atlantique, et la venue à cette occasion du député et vice-président du parti Sébastien Chenu. <br /><br /><img src="https://images.bfmtv.com/lxu8YoDheDoV-1yS6d-PidSy4bo=/0x0:2048x1152/800x0/images/Le-depute-RN-Sebastien-Chenu-a-l-Assemblee-nationale-le-18-juillet-2024-1924698.jpg" />]]></description>
            <enclosure url="https://images.bfmtv.com/lxu8YoDheDoV-1yS6d-PidSy4bo=/0x0:2048x1152/800x0/images/Le-depute-RN-Sebastien-Chenu-a-l-Assemblee-nationale-le-18-juillet-2024-1924698.jpg" length="0" type="image/jpg"/>
        </item>
        <item>
            <title><![CDATA[Nantes: la municipalité contrainte de retirer temporairement le drapeau breton de la mairie]]></title>
            <link>https://www.bfmtv.com/nantes/nantes-la-municipalite-contrainte-de-retirer-temporairement-le-drapeau-breton-de-la-mairie_AN-202410170305.html</link>
            <guid>https://www.bfmtv.com/nantes/nantes-la-municipalite-contrainte-de-retirer-temporairement-le-drapeau-breton-de-la-mairie_AN-202410170305.html</guid>
            <pubDate>Thu, 17 Oct 2024 07:42:20 GMT</pubDate>
            <description><![CDATA[Le tribunal administratif de la ville estime que la municipalité ne pouvait prendre la décision de hisser cet étendard sans la faire valider lors d'un Conseil municipal. <br /><br /><img src="https://images.bfmtv.com/5kx5vcXiVH0tq6CXuz6v-YhZb8w=/0x120:2048x1272/800x0/images/Un-drapeau-breton-brandi-lors-d-une-manifestation-de-militants-regionalistes-en-2010-a-Nantes-1271074.jpg" />]]></description>
            <enclosure url="https://images.bfmtv.com/5kx5vcXiVH0tq6CXuz6v-YhZb8w=/0x120:2048x1272/800x0/images/Un-drapeau-breton-brandi-lors-d-une-manifestation-de-militants-regionalistes-en-2010-a-Nantes-1271074.jpg" length="0" type="image/jpg"/>
        </item>
        <item>
            <title><![CDATA["Un grand moment de plaisir": un cookie à la myrtille redonne le sourire à un patient d'un hôpital psychiatrique]]></title>
            <link>https://www.bfmtv.com/nantes/un-grand-moment-de-plaisir-un-cookie-a-la-myrtille-redonne-le-sourire-a-un-patient-d-un-hopital-psychiatrique_AV-202408230305.html</link>
            <guid>https://www.bfmtv.com/nantes/un-grand-moment-de-plaisir-un-cookie-a-la-myrtille-redonne-le-sourire-a-un-patient-d-un-hopital-psychiatrique_AV-202408230305.html</guid>
            <pubDate>Fri, 23 Aug 2024 09:05:56 GMT</pubDate>
            <description><![CDATA[À Nantes, la pâtisserie Run a reçu un joli courrier écrit par un patient de l'hôpital psychiatrique se situant en face de la boutique. Souffrant de dépression, il a remercié l'établissement pour un cookie qui lui a redonné le sourire.<br /><br /><img src="https://images.bfmtv.com/IrkPqS1s_mlrbuljpTkrN5jasPs=/434x234:1858x1035/800x0/images/Le-cookie-a-la-myrtille-de-la-patisserie-Run-a-Nantes-a-fait-le-bonheur-d-un-patient-en-hopital-psychiatrique-le-14-aout-2024-1923617.jpg" />]]></description>
            <enclosure url="https://images.bfmtv.com/IrkPqS1s_mlrbuljpTkrN5jasPs=/434x234:1858x1035/800x0/images/Le-cookie-a-la-myrtille-de-la-patisserie-Run-a-Nantes-a-fait-le-bonheur-d-un-patient-en-hopital-psychiatrique-le-14-aout-2024-1923617.jpg" length="0" type="image/jpg"/>
        </item>
        <item>
            <title><![CDATA[Nantes: un collectif appose le drapeau israélien à côté de celui de la Palestine peint sur des escaliers]]></title>
            <link>https://www.bfmtv.com/nantes/nantes-un-collectif-appose-le-drapeau-israelien-a-cote-de-celui-de-la-palestine-peint-en-mars-sur-des-escaliers_AN-202404220668.html</link>
            <guid>https://www.bfmtv.com/nantes/nantes-un-collectif-appose-le-drapeau-israelien-a-cote-de-celui-de-la-palestine-peint-en-mars-sur-des-escaliers_AN-202404220668.html</guid>
            <pubDate>Mon, 22 Apr 2024 15:31:20 GMT</pubDate>
            <description><![CDATA[Le collectif estime "qu’une cause ne doit pas en effacer une autre" et espère que la mairie effacera les deux drapeaux car "ils n’ont rien à faire sur les marches des centres villes français".<br /><br /><img src="https://images.bfmtv.com/WmRQoF2ieo5gh060zKDl4YeysvA=/0x103:1600x1003/800x0/images/Le-drapeau-israelien-peint-au-dessus-du-drapeau-palestinien-a-Nantes-le-21-avril-2024-1849239.jpg" />]]></description>
            <enclosure url="https://images.bfmtv.com/WmRQoF2ieo5gh060zKDl4YeysvA=/0x103:1600x1003/800x0/images/Le-drapeau-israelien-peint-au-dessus-du-drapeau-palestinien-a-Nantes-le-21-avril-2024-1849239.jpg" length="0" type="image/jpg"/>
        </item>
        <item>
            <title><![CDATA[Nantes: l'aéroport évacué à cause d'un colis suspect, plusieurs retards de vols]]></title>
            <link>https://www.bfmtv.com/nantes/nantes-l-aeroport-evacue-a-cause-d-un-colis-suspect-plusieurs-retards-de-vols_AN-202403280868.html</link>
            <guid>https://www.bfmtv.com/nantes/nantes-l-aeroport-evacue-a-cause-d-un-colis-suspect-plusieurs-retards-de-vols_AN-202403280868.html</guid>
            <pubDate>Thu, 28 Mar 2024 18:14:50 GMT</pubDate>
            <description><![CDATA[L'aéroport de la ville de Loire-Atlantique a été évacué ce mercredi 28 mars en fin d'après-midi après l'identification d'un colis suspect. Les autorités ont demandé d'éviter le secteur pendant environ une heure. <br /><br /><img src="https://images.bfmtv.com/BVB_k8K1pUMCPXbQh_fHzAgoz1o=/0x0:2048x1152/800x0/images/Un-avion-decollant-de-l-aeroport-de-Nantes-Atlantique-le-8-juin-2020-1834148.jpg" />]]></description>
            <enclosure url="https://images.bfmtv.com/BVB_k8K1pUMCPXbQh_fHzAgoz1o=/0x0:2048x1152/800x0/images/Un-avion-decollant-de-l-aeroport-de-Nantes-Atlantique-le-8-juin-2020-1834148.jpg" length="0" type="image/jpg"/>
        </item>
        <item>
            <title><![CDATA[Nantes: les bus et tramways à l'arrêt ce lundi après une agression durant le week-end]]></title>
            <link>https://www.bfmtv.com/nantes/nantes-les-bus-et-tramways-a-l-arret-ce-lundi-apres-une-agression-durant-le-week-end_AD-202403180834.html</link>
            <guid>https://www.bfmtv.com/nantes/nantes-les-bus-et-tramways-a-l-arret-ce-lundi-apres-une-agression-durant-le-week-end_AD-202403180834.html</guid>
            <pubDate>Mon, 18 Mar 2024 19:55:14 GMT</pubDate>
            <description><![CDATA[Naolib, le réseau de transports de la métropole nantaise, a annoncé que le service "reprendra normalement demain mardi".<br /><br /><img src="https://images.bfmtv.com/LMKoRRbWM9ZWQSjifhAUbPe8hNc=/0x219:4256x2613/800x0/images/-132588.jpg" />]]></description>
            <enclosure url="https://images.bfmtv.com/LMKoRRbWM9ZWQSjifhAUbPe8hNc=/0x219:4256x2613/800x0/images/-132588.jpg" length="0" type="image/jpg"/>
        </item>
        <item>
            <title><![CDATA[Nantes: pourquoi des drapeaux nazis ont été déployés sur la devanture de l'opéra]]></title>
            <link>https://www.bfmtv.com/nantes/nantes-pourquoi-des-drapeaux-nazis-ont-ete-deployes-sur-la-devanture-de-l-opera_AN-202401290905.html</link>
            <guid>https://www.bfmtv.com/nantes/nantes-pourquoi-des-drapeaux-nazis-ont-ete-deployes-sur-la-devanture-de-l-opera_AN-202401290905.html</guid>
            <pubDate>Mon, 29 Jan 2024 19:36:34 GMT</pubDate>
            <description><![CDATA[Pour la seconde fois en quelques jours, le symbole nazi a été observé à divers endroits de la ville de Nantes. Ce lundi 29 janvier, un drapeau a même été déployé le long des colonnes du théâtre Graslin, intriguant les passants.<br /><br /><img src="https://images.bfmtv.com/ceUMiwUAhrDlGBRSmLqcPDPOfa8=/220x295:1836x1204/800x0/images/Un-drapeau-nazi-sur-un-batiment-de-Nice-pour-le-tournage-du-film-Le-Sac-de-billes-le-29-septembre-2015-1795348.jpg" />]]></description>
            <enclosure url="https://images.bfmtv.com/ceUMiwUAhrDlGBRSmLqcPDPOfa8=/220x295:1836x1204/800x0/images/Un-drapeau-nazi-sur-un-batiment-de-Nice-pour-le-tournage-du-film-Le-Sac-de-billes-le-29-septembre-2015-1795348.jpg" length="0" type="image/jpg"/>
        </item>
        <item>
            <title><![CDATA[Nantes: un détenu mis en examen pour le meurtre de celui qui partageait sa cellule]]></title>
            <link>https://www.bfmtv.com/nantes/nantes-un-detenu-mis-en-examen-pour-le-meurtre-de-celui-qui-partageait-sa-cellule_AD-202312160218.html</link>
            <guid>https://www.bfmtv.com/nantes/nantes-un-detenu-mis-en-examen-pour-le-meurtre-de-celui-qui-partageait-sa-cellule_AD-202312160218.html</guid>
            <pubDate>Sat, 16 Dec 2023 09:57:43 GMT</pubDate>
            <description><![CDATA[Mis en examen pour meurtre et modification de scène de crime pour faire obstacle à la manifestation de la vérité, il a été placé en détention provisoire. <br /><br /><img src="https://images.bfmtv.com/PDB05lAO_yiSdFuLftnuQ97ThA4=/0x106:2048x1258/800x0/images/Le-centre-penitentiaire-de-Nantes-1769439.jpg" />]]></description>
            <enclosure url="https://images.bfmtv.com/PDB05lAO_yiSdFuLftnuQ97ThA4=/0x106:2048x1258/800x0/images/Le-centre-penitentiaire-de-Nantes-1769439.jpg" length="0" type="image/jpg"/>
        </item>
        <item>
            <title><![CDATA[Nantes: un appel à témoins lancé après la disparition inquiétante d'un homme de 25 ans]]></title>
            <link>https://www.bfmtv.com/nantes/nantes-un-appel-a-temoins-lance-apres-la-disparition-inquietante-d-un-homme-de-25-ans_AN-202312070521.html</link>
            <guid>https://www.bfmtv.com/nantes/nantes-un-appel-a-temoins-lance-apres-la-disparition-inquietante-d-un-homme-de-25-ans_AN-202312070521.html</guid>
            <pubDate>Thu, 07 Dec 2023 12:51:38 GMT</pubDate>
            <description><![CDATA[Le jeune homme, disparu depuis le 27 novembre, est de corpulence athlétique et possède une  cicatrice sur son front et le côté du nez, selon la description faite par la police nationale.<br /><br /><img src="https://images.bfmtv.com/yN-LrrDeJebPvgeepyOZTN77vXs=/2x26:482x296/800x0/images/La-police-lance-un-appel-a-temoins-apres-la-disparition-inquietante-d-un-homme-a-Nantes-1763414.jpg" />]]></description>
            <enclosure url="https://images.bfmtv.com/yN-LrrDeJebPvgeepyOZTN77vXs=/2x26:482x296/800x0/images/La-police-lance-un-appel-a-temoins-apres-la-disparition-inquietante-d-un-homme-a-Nantes-1763414.jpg" length="0" type="image/jpg"/>
        </item>
        <item>
            <title><![CDATA[Nantes: un mineur condamné à des travaux d'intérêt général après avoir traîné un policier sur plusieurs mètres]]></title>
            <link>https://www.bfmtv.com/nantes/nantes-un-mineur-condamne-a-des-travaux-d-interet-general-apres-avoir-traine-un-policier-sur-plusieurs-metres_AV-202311160983.html</link>
            <guid>https://www.bfmtv.com/nantes/nantes-un-mineur-condamne-a-des-travaux-d-interet-general-apres-avoir-traine-un-policier-sur-plusieurs-metres_AV-202311160983.html</guid>
            <pubDate>Thu, 16 Nov 2023 20:42:08 GMT</pubDate>
            <description><![CDATA[Le parquet de Nantes a fait appel de cette condamnation rendue le 7 novembre dernier, estimant que la sanction  n’était pas à la hauteur de la gravité des faits. <br /><br /><img src="https://images.bfmtv.com/t-5rz7PeiYBjNEVF7cS9UATcHE0=/2x2:898x506/800x0/images/-326918.jpg" />]]></description>
            <enclosure url="https://images.bfmtv.com/t-5rz7PeiYBjNEVF7cS9UATcHE0=/2x2:898x506/800x0/images/-326918.jpg" length="0" type="image/jpg"/>
        </item>
        <item>
            <title><![CDATA[Nantes: quatre étudiants sur dix disent avoir déjà été victimes de violences sexistes ou sexuelles]]></title>
            <link>https://www.bfmtv.com/nantes/nantes-quatre-etudiants-sur-dix-disent-avoir-deja-ete-victimes-de-violences-sexistes-ou-sexuelles_AN-202311160635.html</link>
            <guid>https://www.bfmtv.com/nantes/nantes-quatre-etudiants-sur-dix-disent-avoir-deja-ete-victimes-de-violences-sexistes-ou-sexuelles_AN-202311160635.html</guid>
            <pubDate>Thu, 16 Nov 2023 14:36:37 GMT</pubDate>
            <description><![CDATA[À l'issue d'une enquête réalisée auprès de ses étudiants, l'Université de Nantes révèle que 40% des ses étudiants affirment avoir déjà été victimes de violence sexistes ou sexuelles. Les femmes et les personnes non-binaires sont les plus touchées.<br /><br /><img src="https://images.bfmtv.com/qOHxvXJAV44JgKlkW4duBHB096c=/4x0:1396x783/800x0/images/L-Universite-de-Nantes-est-presidee-par-Carine-Bernault-depuis-juillet-2020-1393732.jpg" />]]></description>
            <enclosure url="https://images.bfmtv.com/qOHxvXJAV44JgKlkW4duBHB096c=/4x0:1396x783/800x0/images/L-Universite-de-Nantes-est-presidee-par-Carine-Bernault-depuis-juillet-2020-1393732.jpg" length="0" type="image/jpg"/>
        </item>
        <item>
            <title><![CDATA[Nantes: mort d'un enfant de 2 ans après une chute dans une mare du Jardin des plantes]]></title>
            <link>https://www.bfmtv.com/nantes/nantes-mort-d-un-enfant-de-2-ans-apres-une-chute-dans-une-mare-du-jardin-des-plantes_AN-202310030313.html</link>
            <guid>https://www.bfmtv.com/nantes/nantes-mort-d-un-enfant-de-2-ans-apres-une-chute-dans-une-mare-du-jardin-des-plantes_AN-202310030313.html</guid>
            <pubDate>Tue, 03 Oct 2023 07:45:30 GMT</pubDate>
            <description><![CDATA[Le petit garçon âgé de deux ans a été retrouvé inanimé dimanche dans une mare du Jardin des plantes environ 45 minutes après que ses parents aient signalé sa disparition. Il est mort lundi au CHU. Les causes du décès restent à déterminer.<br /><br /><img src="https://images.bfmtv.com/R_U8eWwr91Q8EpW9K-9sAJA1L8s=/0x212:2048x1364/800x0/images/Jardin-des-plantes-de-Nantes-1718807.jpg" />]]></description>
            <enclosure url="https://images.bfmtv.com/R_U8eWwr91Q8EpW9K-9sAJA1L8s=/0x212:2048x1364/800x0/images/Jardin-des-plantes-de-Nantes-1718807.jpg" length="0" type="image/jpg"/>
        </item>
        <item>
            <title><![CDATA[Nantes: un an de prison sous bracelet pour un rodéo à moto dans un centre commercial]]></title>
            <link>https://www.bfmtv.com/nantes/nantes-un-an-de-prison-sous-bracelet-pour-un-rodeo-a-moto-dans-un-centre-commercial_AD-202305090906.html</link>
            <guid>https://www.bfmtv.com/nantes/nantes-un-an-de-prison-sous-bracelet-pour-un-rodeo-a-moto-dans-un-centre-commercial_AD-202305090906.html</guid>
            <pubDate>Tue, 09 May 2023 18:45:20 GMT</pubDate>
            <description><![CDATA[Le jeune homme a été condamné à 10 mois de prison ferme et de deux mois de révocation d'un précédent sursis. Il a refusé de donner l'identité des trois autres personnes qui ont participé à ce rodéo effectué dans un centre commercial en avril.<br /><br /><img src="https://images.bfmtv.com/Y9tO_lC8b9fjqavTsyf1IBmZHlE=/0x0:1920x1080/800x0/images/rodeo-nantes-1623623.jpg" />]]></description>
            <enclosure url="https://images.bfmtv.com/Y9tO_lC8b9fjqavTsyf1IBmZHlE=/0x0:1920x1080/800x0/images/rodeo-nantes-1623623.jpg" length="0" type="image/jpg"/>
        </item>
        <item>
            <title><![CDATA[Rejet du référendum par le Conseil constitutionnel: quelques centaines de manifestants à Nantes]]></title>
            <link>https://www.bfmtv.com/nantes/rejet-du-referendum-quelques-centaines-de-manifestants-a-nantes_AD-202305030957.html</link>
            <guid>https://www.bfmtv.com/nantes/rejet-du-referendum-quelques-centaines-de-manifestants-a-nantes_AD-202305030957.html</guid>
            <pubDate>Wed, 03 May 2023 21:20:27 GMT</pubDate>
            <description><![CDATA[Après le rejet d'une seconde demande de référendum par le Conseil constitutionnel ce mercredi, des opposants à la réforme des retraites ont défilé dans les rues de Nantes.<br /><br /><img src="https://images.bfmtv.com/j5J1_eZJmp1fj69LX8qqAgUIZ3k=/0x52:2048x1204/800x0/images/Un-manifestant-contre-la-reforme-des-retraites-le-3-mai-2023-a-Nantes-1629722.jpg" />]]></description>
            <enclosure url="https://images.bfmtv.com/j5J1_eZJmp1fj69LX8qqAgUIZ3k=/0x52:2048x1204/800x0/images/Un-manifestant-contre-la-reforme-des-retraites-le-3-mai-2023-a-Nantes-1629722.jpg" length="0" type="image/jpg"/>
        </item>
        <item>
            <title><![CDATA[Manifestations du 1er-Mai: des heurts et des tensions dans les cortèges à Nantes, Rennes et Angers]]></title>
            <link>https://www.bfmtv.com/nantes/manifestations-du-1er-mai-des-tensions-dans-le-cortege-a-nantes_AD-202305010439.html</link>
            <guid>https://www.bfmtv.com/nantes/manifestations-du-1er-mai-des-tensions-dans-le-cortege-a-nantes_AD-202305010439.html</guid>
            <pubDate>Mon, 01 May 2023 18:50:27 GMT</pubDate>
            <description><![CDATA[La manifestation nantaise a été particulièrement tendue avec des affrontements avec les forces de l'ordre. Quatre manifestants ont été blessés, dont un grièvement à une main, et 29 personnes ont été interpellées.<br /><br /><img src="https://images.bfmtv.com/Ob-QlNzJPkLCLRu5uOylqt8XKiE=/0x40:768x472/800x0/images/Un-manifestant-brandit-une-pancarte-la-police-n-est-pas-la-solution-c-est-le-probleme-lors-du-defile-du-1er-mai-2023-a-Nantes-1628060.jpg" />]]></description>
            <enclosure url="https://images.bfmtv.com/Ob-QlNzJPkLCLRu5uOylqt8XKiE=/0x40:768x472/800x0/images/Un-manifestant-brandit-une-pancarte-la-police-n-est-pas-la-solution-c-est-le-probleme-lors-du-defile-du-1er-mai-2023-a-Nantes-1628060.jpg" length="0" type="image/jpg"/>
        </item>
        <item>
            <title><![CDATA[L'incendiaire de la cathédrale de Nantes condamné à 4 ans de prison ferme]]></title>
            <link>https://www.bfmtv.com/nantes/l-incendiaire-de-la-cathedrale-de-nantes-condamne-a-4-ans-de-prison-ferme_AD-202303290702.html</link>
            <guid>https://www.bfmtv.com/nantes/l-incendiaire-de-la-cathedrale-de-nantes-condamne-a-4-ans-de-prison-ferme_AD-202303290702.html</guid>
            <pubDate>Wed, 29 Mar 2023 18:04:38 GMT</pubDate>
            <description><![CDATA[L'homme qui avait incendié la cathédrale Saint-Pierre-et-Saint-Paul de Nantes en 2020 a été condamné à 4 ans de prison ferme par le tribunal correctionnel de la ville.<br /><br /><img src="https://images.bfmtv.com/N-TeyE_T_8lFcOzVlWQP7BtpO2Q=/0x0:960x540/800x0/images/1261831.jpg" />]]></description>
            <enclosure url="https://images.bfmtv.com/N-TeyE_T_8lFcOzVlWQP7BtpO2Q=/0x0:960x540/800x0/images/1261831.jpg" length="0" type="image/jpg"/>
        </item>
        <item>
            <title><![CDATA[Nantes: un jihadiste français condamné à 18 mois de prison pour escroqueries]]></title>
            <link>https://www.bfmtv.com/nantes/nantes-un-jihadiste-francais-condamne-a-18-mois-de-prison-pour-escroqueries_AD-202301090775.html</link>
            <guid>https://www.bfmtv.com/nantes/nantes-un-jihadiste-francais-condamne-a-18-mois-de-prison-pour-escroqueries_AD-202301090775.html</guid>
            <pubDate>Mon, 09 Jan 2023 21:50:27 GMT</pubDate>
            <description><![CDATA[Premier jihadiste français condamné au retour de Syrie, Flavien Moreau a escroqué entre 2020 et 2022 plus d'une centaine de victimes.<br /><br /><img src="https://images.bfmtv.com/sU8X8fANqhE5N3oWpbcMfNGIuk8=/0x0:640x360/800x0/images/Justice-1460155.jpg" />]]></description>
            <enclosure url="https://images.bfmtv.com/sU8X8fANqhE5N3oWpbcMfNGIuk8=/0x0:640x360/800x0/images/Justice-1460155.jpg" length="0" type="image/jpg"/>
        </item>
        <item>
            <title><![CDATA[Nantes: trois faux policiers interpellés pour des vols commis chez des personnes âgées]]></title>
            <link>https://www.bfmtv.com/nantes/nantes-trois-faux-policiers-interpelles-pour-des-vols-commis-chez-des-personnes-agees_AD-202211250802.html</link>
            <guid>https://www.bfmtv.com/nantes/nantes-trois-faux-policiers-interpelles-pour-des-vols-commis-chez-des-personnes-agees_AD-202211250802.html</guid>
            <pubDate>Fri, 25 Nov 2022 21:39:27 GMT</pubDate>
            <description><![CDATA[Ils sont soupçonnés d'avoir dérobé de l'argent et des bijoux chez des personnes nées entre 1925 et 1932.<br /><br /><img src="https://images.bfmtv.com/kKTy5EVqFOdDHP1zU4vhaGvocAQ=/0x212:2048x1364/800x0/images/Un-badge-de-la-police-sur-une-veste-illustration-1208128.jpg" />]]></description>
            <enclosure url="https://images.bfmtv.com/kKTy5EVqFOdDHP1zU4vhaGvocAQ=/0x212:2048x1364/800x0/images/Un-badge-de-la-police-sur-une-veste-illustration-1208128.jpg" length="0" type="image/jpg"/>
        </item>
        <item>
            <title><![CDATA[Nantes: des manifestants en pyjama pour dénoncer les nuisances sonores près de l’aéroport]]></title>
            <link>https://www.bfmtv.com/nantes/nantes-des-manifestants-en-pyjama-pour-denoncer-les-nuisances-sonores-pres-de-l-aeroport_AD-202211140031.html</link>
            <guid>https://www.bfmtv.com/nantes/nantes-des-manifestants-en-pyjama-pour-denoncer-les-nuisances-sonores-pres-de-l-aeroport_AD-202211140031.html</guid>
            <pubDate>Mon, 14 Nov 2022 00:00:00 GMT</pubDate>
            <description><![CDATA[Lors de ce rassemblement non violent, les militants se sont allongés sur le sol au son d'une berceuse avant d'entonner des chansons et de lancer des peluches contre des avions en carton.<br /><br /><img src="https://images.bfmtv.com/hvJ3TcyFuKIPGo9ITtZiKII21qo=/0x0:1920x1080/800x0/images/Manifestation-en-pyjama-pour-reclamer-l-extension-du-couvre-feu-a-l-aeroport-de-Nantes-1519758.jpg" />]]></description>
            <enclosure url="https://images.bfmtv.com/hvJ3TcyFuKIPGo9ITtZiKII21qo=/0x0:1920x1080/800x0/images/Manifestation-en-pyjama-pour-reclamer-l-extension-du-couvre-feu-a-l-aeroport-de-Nantes-1519758.jpg" length="0" type="image/jpg"/>
        </item>
        <item>
            <title><![CDATA["Insécurité" à Nantes: Darmanin et Rolland annoncent des renforts et plus de caméras]]></title>
            <link>https://www.bfmtv.com/nantes/insecurite-a-nantes-darmanin-et-rolland-annoncent-des-renforts-et-des-cameras_AD-202210040684.html</link>
            <guid>https://www.bfmtv.com/nantes/insecurite-a-nantes-darmanin-et-rolland-annoncent-des-renforts-et-des-cameras_AD-202210040684.html</guid>
            <pubDate>Tue, 04 Oct 2022 18:20:31 GMT</pubDate>
            <description><![CDATA[La maire de Nantes et le ministre de l'Intérieur déclarent dans un communiqué avoir "convenu d'un plan commun de renforcement des moyens" pour la ville.<br /><br /><img src="https://images.bfmtv.com/kJs8gU7bK64QN9q3ArieWwUIMCk=/0x106:2048x1258/800x0/images/Policiers-en-intervention-dans-Nantes-en-aout-2021-1489410.jpg" />]]></description>
            <enclosure url="https://images.bfmtv.com/kJs8gU7bK64QN9q3ArieWwUIMCk=/0x106:2048x1258/800x0/images/Policiers-en-intervention-dans-Nantes-en-aout-2021-1489410.jpg" length="0" type="image/jpg"/>
        </item>
        <item>
            <title><![CDATA[À Nantes, la sécheresse et le faible débit de la Loire menacent l'alimentation en eau de la ville]]></title>
            <link>https://www.bfmtv.com/nantes/a-nantes-la-secheresse-et-le-faible-debit-de-la-loire-menacent-l-alimentation-en-eau-de-la-ville_AV-202209130165.html</link>
            <guid>https://www.bfmtv.com/nantes/a-nantes-la-secheresse-et-le-faible-debit-de-la-loire-menacent-l-alimentation-en-eau-de-la-ville_AV-202209130165.html</guid>
            <pubDate>Tue, 13 Sep 2022 06:36:58 GMT</pubDate>
            <description><![CDATA[À cause du phénomène de "bouchon vaseux" dans la Loire, le prélèvement de l'eau potable pourrait alors être limité dans l'agglomération de Nantes ces prochaines années.<br /><br /><img src="https://images.bfmtv.com/aA_XzBmoH0-MTDyxnwXeNReyga0=/0x95:1024x671/800x0/images/Loire-1463496.jpg" />]]></description>
            <enclosure url="https://images.bfmtv.com/aA_XzBmoH0-MTDyxnwXeNReyga0=/0x95:1024x671/800x0/images/Loire-1463496.jpg" length="0" type="image/jpg"/>
        </item>
        <item>
            <title><![CDATA[Nantes: d'importants dégâts après un violent orage]]></title>
            <link>https://www.bfmtv.com/nantes/nantes-d-importants-degats-apres-un-violent-orage_AN-202204240304.html</link>
            <guid>https://www.bfmtv.com/nantes/nantes-d-importants-degats-apres-un-violent-orage_AN-202204240304.html</guid>
            <pubDate>Sun, 24 Apr 2022 19:11:05 GMT</pubDate>
            <description><![CDATA[Mur effondré, inondations, foudre, coupures de courant... la météo de ce dimanche n'a pas été clémente pour l'agglomération nantaise.<br /><br /><img src="https://images.bfmtv.com/5AQAauvEjR6W8ei9Cj_zm7l3zXw=/0x40:768x472/800x0/images/-158214.jpg" />]]></description>
            <enclosure url="https://images.bfmtv.com/5AQAauvEjR6W8ei9Cj_zm7l3zXw=/0x40:768x472/800x0/images/-158214.jpg" length="0" type="image/jpg"/>
        </item>
        <item>
            <title><![CDATA[Nantes: imbroglio autour de la présence d'une femme voilée sur une affiche pour le mois de la femme]]></title>
            <link>https://www.bfmtv.com/nantes/nantes-imbroglio-autour-de-la-presence-d-une-femme-voilee-sur-une-affiche-pour-le-mois-de-la-femme_AN-202202180273.html</link>
            <guid>https://www.bfmtv.com/nantes/nantes-imbroglio-autour-de-la-presence-d-une-femme-voilee-sur-une-affiche-pour-le-mois-de-la-femme_AN-202202180273.html</guid>
            <pubDate>Fri, 18 Feb 2022 12:36:52 GMT</pubDate>
            <description><![CDATA[La mairie de Nantes parle "d’une erreur interne", assurant qu'aucun "soutien n'a été apporté à cet événement".<br /><br /><img src="https://images.bfmtv.com/d-eP_3N9Kxp3Iclk9bQBJro6Jkg=/0x0:1920x1080/800x0/images/Affiche-a-l-origine-de-la-polemique-a-Nantes-1269869.jpg" />]]></description>
            <enclosure url="https://images.bfmtv.com/d-eP_3N9Kxp3Iclk9bQBJro6Jkg=/0x0:1920x1080/800x0/images/Affiche-a-l-origine-de-la-polemique-a-Nantes-1269869.jpg" length="0" type="image/jpg"/>
        </item>
        <item>
            <title><![CDATA[Incendie à la cathédrale de Nantes: une première image de l'intérieur]]></title>
            <link>https://www.bfmtv.com/nantes/incendie-a-la-cathedrale-de-nantes-une-premiere-image-de-l-interieur_AN-202007180081.html</link>
            <guid>https://www.bfmtv.com/nantes/incendie-a-la-cathedrale-de-nantes-une-premiere-image-de-l-interieur_AN-202007180081.html</guid>
            <pubDate>Sat, 18 Jul 2020 12:59:38 GMT</pubDate>
            <description><![CDATA[A Nantes, l'incendie qui a été circonscrit mais a toutefois entièrement détruit le grand orgue et fragilisé une partie de l'édifice.<br /><br /><img src="https://images.bfmtv.com/GhAXQDgvKijvLz6N-gHUsJUq7K0=/4x67:1252x769/800x0/images/Linterieur-de-la-cathedrale-de-Nantes-apres-lincendie-du-18-juillet-2020-377323.jpg" />]]></description>
            <enclosure url="https://images.bfmtv.com/GhAXQDgvKijvLz6N-gHUsJUq7K0=/4x67:1252x769/800x0/images/Linterieur-de-la-cathedrale-de-Nantes-apres-lincendie-du-18-juillet-2020-377323.jpg" length="0" type="image/jpg"/>
        </item>
        <item>
            <title><![CDATA[Incendie à la cathédrale de Nantes: "Pas un scénario à la Notre-Dame de Paris" selon les pompiers]]></title>
            <link>https://www.bfmtv.com/nantes/incendie-a-la-cathedrale-de-nantes-pas-un-scenario-a-la-notre-dame-de-paris-selon-les-pompiers_AV-202007180035.html</link>
            <guid>https://www.bfmtv.com/nantes/incendie-a-la-cathedrale-de-nantes-pas-un-scenario-a-la-notre-dame-de-paris-selon-les-pompiers_AV-202007180035.html</guid>
            <pubDate>Sat, 18 Jul 2020 08:16:08 GMT</pubDate>
            <description><![CDATA[Un incendie s'est déclaré à l'intérieur de la cathédrale de Nantes. Alors qu'une centaine de pompiers sont mobilisés, le service départemental d'incendie et de secours assure que ce n'est pas "un scénario à la Notre-Dame de Paris".<br /><br /><img src="https://images.bfmtv.com/_2YF223kGJvH8ayjO4yDb39syQ8=/0x0:1280x720/800x0/images/Incendie-a-la-cathedrale-de-Nantes-une-habitante-decrit-une-ambiance-tres-pesante-377227.jpg" />]]></description>
            <enclosure url="https://images.bfmtv.com/_2YF223kGJvH8ayjO4yDb39syQ8=/0x0:1280x720/800x0/images/Incendie-a-la-cathedrale-de-Nantes-une-habitante-decrit-une-ambiance-tres-pesante-377227.jpg" length="0" type="image/jpg"/>
        </item>
    </channel>
</rss>