<?xml version="1.0" encoding="utf-8"?>
<rss version="2.0" xmlns:atom="http://www.w3.org/2005/Atom">
    <channel>
        <title>Home Océanie - actualités</title>
        <link>https://www.bfmtv.com/international/oceanie/</link>
        <description>Océanie - Retrouvez les dernières infos politiques, économiques et sociales du contient océanique: Articles, interviews et vidéos en direct</description>
        <lastBuildDate>Mon, 10 Feb 2025 12:39:37 GMT</lastBuildDate>
        <docs>http://blogs.law.harvard.edu/tech/rss</docs>
        <generator>BFMTV</generator>
        <language>fr</language>
        <image>
            <title>Home Océanie - actualités</title>
            <url>https://www.bfmtv.com/assets/v11/images/BFMTV_default_16x9.8715a163008e9f3fc3799c8e2c6ebafa.jpg</url>
            <link>https://www.bfmtv.com/international/oceanie/</link>
        </image>
        <copyright>Copyright BFMTV</copyright>
        <category>Home Océanie - actualités</category>
        <atom:link href="https://www.bfmtv.com/international/oceanie/" rel="self" type="application/rss+xml"/>
        <item>
            <title><![CDATA[Un député australien annonce prendre le nom d'"Aussie Trump" pour protester contre la politique travailliste de son pays]]></title>
            <link>https://www.bfmtv.com/international/oceanie/australie/un-depute-australien-annonce-prendre-le-nom-d-aussie-trump-pour-protester-contre-la-politique-travailliste-de-son-pays_AN-202502090327.html</link>
            <guid>https://www.bfmtv.com/international/oceanie/australie/un-depute-australien-annonce-prendre-le-nom-d-aussie-trump-pour-protester-contre-la-politique-travailliste-de-son-pays_AN-202502090327.html</guid>
            <pubDate>Sun, 09 Feb 2025 15:21:01 GMT</pubDate>
            <description><![CDATA[Un élu australien, se disant grand admirateur de Donald Trump, a changé de nom au Parlement pour "Aussie Trump". D'autres députés locaux dénoncent un coup de communication avant des élections.<br /><br /><img src="https://images.bfmtv.com/mZHR__ls14Odu78LkHwbWS4zKsY=/0x0:1920x1080/800x0/images/Anciennement-connu-sous-le-nom-Benjamin-Dawkins-un-depute-australien-se-fait-desormais-appeler-Aussie-Trump-2030141.jpg" />]]></description>
            <enclosure url="https://images.bfmtv.com/mZHR__ls14Odu78LkHwbWS4zKsY=/0x0:1920x1080/800x0/images/Anciennement-connu-sous-le-nom-Benjamin-Dawkins-un-depute-australien-se-fait-desormais-appeler-Aussie-Trump-2030141.jpg" length="0" type="image/jpg"/>
        </item>
        <item>
            <title><![CDATA[Australie: 102 serpents venimeux découverts dans un jardin, une découverte "inhabituelle"]]></title>
            <link>https://www.bfmtv.com/international/oceanie/australie/australie-102-serpents-venimeux-decouverts-dans-un-jardin-une-decouverte-inhabituelle_AN-202502070885.html</link>
            <guid>https://www.bfmtv.com/international/oceanie/australie/australie-102-serpents-venimeux-decouverts-dans-un-jardin-une-decouverte-inhabituelle_AN-202502070885.html</guid>
            <pubDate>Fri, 07 Feb 2025 19:52:52 GMT</pubDate>
            <description><![CDATA[102 serpents venimeux, cinq adultes et 97 nouveaux-nés, ont été découverts dans un jardin près de Sydney, une découverte "inhabituelle" selon les spécialistes qui sont intervenus.<br /><br /><img src="https://images.bfmtv.com/6CyqPkyG_ayiupmwIuF8WKDBpBI=/0x0:1920x1080/800x0/images/Dans-une-publication-sur-Facebook-l-association-Reptile-Relocation-Sydney-raconte-avoir-decouvert-102-serpents-venimeux-pres-de-Sydney-2029334.jpg" />]]></description>
            <enclosure url="https://images.bfmtv.com/6CyqPkyG_ayiupmwIuF8WKDBpBI=/0x0:1920x1080/800x0/images/Dans-une-publication-sur-Facebook-l-association-Reptile-Relocation-Sydney-raconte-avoir-decouvert-102-serpents-venimeux-pres-de-Sydney-2029334.jpg" length="0" type="image/jpg"/>
        </item>
        <item>
            <title><![CDATA[Australie: une adolescente de 17 ans tuée suite "à une grave morsure de requin"]]></title>
            <link>https://www.bfmtv.com/international/oceanie/australie/australie-une-adolescente-de-17-ans-tuee-suite-a-une-grave-morsure-de-requin_AN-202502030810.html</link>
            <guid>https://www.bfmtv.com/international/oceanie/australie/australie-une-adolescente-de-17-ans-tuee-suite-a-une-grave-morsure-de-requin_AN-202502030810.html</guid>
            <pubDate>Mon, 03 Feb 2025 17:41:42 GMT</pubDate>
            <description><![CDATA[Une mineure de 17 ans a été tuée ce lundi suite "à une grave morsure de requin" au nord-est de l'Australie. La victime se trouvait dans une zone fréquentée dans une zone très fréquentée par des surfeurs.<br /><br /><img src="https://images.bfmtv.com/Crd-oLe1_Xpwiw1YgSjZuuVZMr0=/497x210:2033x1074/800x0/images/Un-requin-blanc-Photo-dillustration-380037.jpg" />]]></description>
            <enclosure url="https://images.bfmtv.com/Crd-oLe1_Xpwiw1YgSjZuuVZMr0=/497x210:2033x1074/800x0/images/Un-requin-blanc-Photo-dillustration-380037.jpg" length="0" type="image/jpg"/>
        </item>
        <item>
            <title><![CDATA[Australie: une ministre s'excuse après avoir fait parcourir près de 450 kilomètres à son chauffeur pour un déjeuner privé]]></title>
            <link>https://www.bfmtv.com/international/oceanie/australie/australie-une-ministre-s-excuse-apres-avoir-fait-parcourir-pres-de-450-kilometres-a-son-chauffeur-pour-un-dejeuner-prive_AN-202502020283.html</link>
            <guid>https://www.bfmtv.com/international/oceanie/australie/australie-une-ministre-s-excuse-apres-avoir-fait-parcourir-pres-de-450-kilometres-a-son-chauffeur-pour-un-dejeuner-prive_AN-202502020283.html</guid>
            <pubDate>Sun, 02 Feb 2025 14:09:11 GMT</pubDate>
            <description><![CDATA[La ministre des Transports de l'État australien de Nouvelle-Galles du Sud, Jo Haylen, a demandé à son chauffeur de parcourir 446 kilomètres pour l'amener, avec des amis, à un déjeuner le 26 janvier. Le voyage a coûté 750 dollars australiens.<br /><br /><img src="https://images.bfmtv.com/iy7mlzVeZ1RMOMmfnN0aV2k6qII=/0x212:2048x1364/800x0/images/Opera-Sydney-1735865.jpg" />]]></description>
            <enclosure url="https://images.bfmtv.com/iy7mlzVeZ1RMOMmfnN0aV2k6qII=/0x212:2048x1364/800x0/images/Opera-Sydney-1735865.jpg" length="0" type="image/jpg"/>
        </item>
        <item>
            <title><![CDATA["Un ancêtre honoré": une montagne sacrée obtient le statut de personne en Nouvelle-Zélande]]></title>
            <link>https://www.bfmtv.com/international/oceanie/nouvelle-zelande/un-ancetre-honore-une-montagne-sacree-obtient-le-statut-de-personne-en-nouvelle-zelande_AN-202501300844.html</link>
            <guid>https://www.bfmtv.com/international/oceanie/nouvelle-zelande/un-ancetre-honore-une-montagne-sacree-obtient-le-statut-de-personne-en-nouvelle-zelande_AN-202501300844.html</guid>
            <pubDate>Thu, 30 Jan 2025 17:55:22 GMT</pubDate>
            <description><![CDATA[Le mont Taranaki, qui culmine à plus de 2.500 mètres d'altitude en Nouvelle-Zélande, a obtenu le statut de personne légale ce jeudi, du fait de son caractère sacré pour les tribus locales.<br /><br /><img src="https://images.bfmtv.com/nSVdCKQdG-0Rh4JxaOpXXYH1W3c=/0x192:2048x1344/800x0/images/Le-mont-Taranaki-egalement-connu-sous-le-nom-de-mont-Egmont-en-Nouvelle-Zelande-le-3-fevrier-2006-2024312.jpg" />]]></description>
            <enclosure url="https://images.bfmtv.com/nSVdCKQdG-0Rh4JxaOpXXYH1W3c=/0x192:2048x1344/800x0/images/Le-mont-Taranaki-egalement-connu-sous-le-nom-de-mont-Egmont-en-Nouvelle-Zelande-le-3-fevrier-2006-2024312.jpg" length="0" type="image/jpg"/>
        </item>
        <item>
            <title><![CDATA[Les membres d’une secte coupables d’avoir privé de traitement une Australienne diabétique morte à huit ans]]></title>
            <link>https://www.bfmtv.com/international/oceanie/australie/les-membres-d-une-secte-coupables-d-avoir-prive-de-traitement-une-australienne-diabetique-morte-a-huit-ans_AN-202501290989.html</link>
            <guid>https://www.bfmtv.com/international/oceanie/australie/les-membres-d-une-secte-coupables-d-avoir-prive-de-traitement-une-australienne-diabetique-morte-a-huit-ans_AN-202501290989.html</guid>
            <pubDate>Wed, 29 Jan 2025 21:32:25 GMT</pubDate>
            <description><![CDATA[Les membres d'une secte ont été condamnés par la justice australienne ce mercredi pour avoir privé une fille de 8 ans de son traitement contre le diabète, ce qui a causé sa mort.<br /><br /><img src="https://images.bfmtv.com/zAt4hWMmC3cdbS3LBn3bpJgkRU4=/0x106:2048x1258/800x0/images/Une-patiente-verifie-son-taux-de-sucre-dans-le-sang-Le-diabete-touchait-463-millions-de-personnes-dans-le-monde-en-2019-et-ne-cesse-d-augmenter-PHOTO-D-ILLUSTRATION-1155190.jpg" />]]></description>
            <enclosure url="https://images.bfmtv.com/zAt4hWMmC3cdbS3LBn3bpJgkRU4=/0x106:2048x1258/800x0/images/Une-patiente-verifie-son-taux-de-sucre-dans-le-sang-Le-diabete-touchait-463-millions-de-personnes-dans-le-monde-en-2019-et-ne-cesse-d-augmenter-PHOTO-D-ILLUSTRATION-1155190.jpg" length="0" type="image/jpg"/>
        </item>
        <item>
            <title><![CDATA[Vague d'actes antisémites en Australie: des financements étrangers suspectés]]></title>
            <link>https://www.bfmtv.com/international/oceanie/australie/vague-d-actes-antisemites-en-australie-des-financements-etrangers-suspectes_AD-202501220450.html</link>
            <guid>https://www.bfmtv.com/international/oceanie/australie/vague-d-actes-antisemites-en-australie-des-financements-etrangers-suspectes_AD-202501220450.html</guid>
            <pubDate>Wed, 22 Jan 2025 11:01:16 GMT</pubDate>
            <description><![CDATA[Cela fait plusieurs semaines maintenant que l'Australie connaît une recrudescence des actes antisémites sur son territoire. Des actes qui pourraient être, selon le gouvernement australien, permis en vertu de financements étrangers.<br /><br /><img src="https://images.bfmtv.com/aiX1qo94W6H0UbbJOm8rpxqGcpw=/0x106:2048x1258/800x0/images/La-synagogue-Adass-Israel-incendiee-a-Melbourne-le-10-decembre-2024-2018468.jpg" />]]></description>
            <enclosure url="https://images.bfmtv.com/aiX1qo94W6H0UbbJOm8rpxqGcpw=/0x106:2048x1258/800x0/images/La-synagogue-Adass-Israel-incendiee-a-Melbourne-le-10-decembre-2024-2018468.jpg" length="0" type="image/jpg"/>
        </item>
        <item>
            <title><![CDATA[ Australie: ce que l’on sait de ces mystérieuses boules grises qui se sont échouées sur plusieurs plages de Sydney ]]></title>
            <link>https://www.bfmtv.com/international/oceanie/australie/australie-ce-que-l-on-sait-de-ces-mysterieuses-boules-grises-qui-se-sont-echouees-sur-plusieurs-plages-de-sydney_VN-202501160400.html</link>
            <guid>https://www.bfmtv.com/international/oceanie/australie/australie-ce-que-l-on-sait-de-ces-mysterieuses-boules-grises-qui-se-sont-echouees-sur-plusieurs-plages-de-sydney_VN-202501160400.html</guid>
            <pubDate>Thu, 16 Jan 2025 10:38:34 GMT</pubDate>
            <description><![CDATA[Ces débris grisâtres de la taille d’une bille sont apparus de manière inexpliquée. Pour l’instant, les autorités ne savent pas de quoi il s’agit. Elles ont donc préféré, par mesure de précaution, fermer les neuf plages de la ville concernées par ce phénomène. <br /><br /><img src="https://images.bfmtv.com/8PjXPhyAJRJ-gj2uQOw4Sbanwzc=/0x0:1280x720/800x0/images/Australie-ce-que-l-on-sait-de-ces-mysterieuses-boules-grises-qui-se-sont-echouees-sur-plusieurs-plages-de-Sydney-2014663.jpg" />]]></description>
            <enclosure url="https://images.bfmtv.com/8PjXPhyAJRJ-gj2uQOw4Sbanwzc=/0x0:1280x720/800x0/images/Australie-ce-que-l-on-sait-de-ces-mysterieuses-boules-grises-qui-se-sont-echouees-sur-plusieurs-plages-de-Sydney-2014663.jpg" length="0" type="image/jpg"/>
        </item>
        <item>
            <title><![CDATA[Australie: des plages fermées à Sydney à cause de mystérieuses petites boules grises]]></title>
            <link>https://www.bfmtv.com/international/oceanie/australie/australie-des-plages-fermees-a-sydney-a-cause-de-mysterieuses-petites-boules-grises_AV-202501160345.html</link>
            <guid>https://www.bfmtv.com/international/oceanie/australie/australie-des-plages-fermees-a-sydney-a-cause-de-mysterieuses-petites-boules-grises_AV-202501160345.html</guid>
            <pubDate>Thu, 16 Jan 2025 09:43:51 GMT</pubDate>
            <description><![CDATA[Elles ont fait leur apparition ce mardi 14 janvier sur neuf plages situées au nord de Sydney. Pour l'heure, aucun élément n'a permis d'identifier leur origine et des analyses sont en cours afin de déterminer leur composition. <br /><br /><img src="https://images.bfmtv.com/FWiDMgzy2I9DlhO7ZRPELtDbcmE=/0x106:2048x1258/800x0/images/Le-brouillard-recouvre-les-surfeurs-et-les-nageurs-sur-la-plage-de-Bondi-Beach-a-Sydney-lors-d-une-journee-d-ete-le-6-decembre-2024-Photo-d-illustration-2014574.jpg" />]]></description>
            <enclosure url="https://images.bfmtv.com/FWiDMgzy2I9DlhO7ZRPELtDbcmE=/0x106:2048x1258/800x0/images/Le-brouillard-recouvre-les-surfeurs-et-les-nageurs-sur-la-plage-de-Bondi-Beach-a-Sydney-lors-d-une-journee-d-ete-le-6-decembre-2024-Photo-d-illustration-2014574.jpg" length="0" type="image/jpg"/>
        </item>
        <item>
            <title><![CDATA[En Australie, un pyromane met le feu à son pantalon et s'enfuit nu]]></title>
            <link>https://www.bfmtv.com/international/oceanie/australie/en-australie-un-pyromane-met-le-feu-a-son-pantalon-et-s-enfuit-nu_VN-202501100699.html</link>
            <guid>https://www.bfmtv.com/international/oceanie/australie/en-australie-un-pyromane-met-le-feu-a-son-pantalon-et-s-enfuit-nu_VN-202501100699.html</guid>
            <pubDate>Fri, 10 Jan 2025 16:02:23 GMT</pubDate>
            <description><![CDATA[Pour tenter de retrouver le pyromane qui a incendié un restaurant à Melbourne, la police australienne a diffusé ces images de vidéosurveillance. Alors qu'il enflamme la façade du bâtiment, son pantalon prend feu et après quelques mètres en courant, l'homme finit par l'enlever et fuir en courant.<br /><br /><img src="https://images.bfmtv.com/3J6HRRy_OnlMuytSaJj4_GvWe3g=/0x0:1280x720/800x0/images/En-Australie-un-pyromane-met-le-feu-a-son-pantalon-et-s-enfuit-nu-2011141.jpg" />]]></description>
            <enclosure url="https://images.bfmtv.com/3J6HRRy_OnlMuytSaJj4_GvWe3g=/0x0:1280x720/800x0/images/En-Australie-un-pyromane-met-le-feu-a-son-pantalon-et-s-enfuit-nu-2011141.jpg" length="0" type="image/jpg"/>
        </item>
        <item>
            <title><![CDATA[Australie: elle fait annuler son mariage, qu'elle pensait être un "faux" destiné aux réseaux sociaux du marié]]></title>
            <link>https://www.bfmtv.com/international/oceanie/australie/australie-elle-fait-annuler-son-mariage-qu-elle-pensait-etre-un-faux-destine-aux-reseaux-sociaux-du-marie_AN-202501100674.html</link>
            <guid>https://www.bfmtv.com/international/oceanie/australie/australie-elle-fait-annuler-son-mariage-qu-elle-pensait-etre-un-faux-destine-aux-reseaux-sociaux-du-marie_AN-202501100674.html</guid>
            <pubDate>Fri, 10 Jan 2025 15:41:47 GMT</pubDate>
            <description><![CDATA[Une femme a réussi à faire annuler son mariage en Australie, qu'elle pensait être une simple mise en scène pour les réseaux sociaux. Elle estime que le marié a voulu profiter de son statut de résidente permanente pour obtenir un meilleur visa dans le pays. <br /><br /><img src="https://images.bfmtv.com/rQ3O_lQXaMVUv-Q6FLX2-0DNNZQ=/0x106:2048x1258/800x0/images/Des-alliances-sont-montrees-lors-d-une-ceremonie-de-mariage-a-la-mairie-de-Briosco-en-Italie-le-11-mai-2020-2011113.jpg" />]]></description>
            <enclosure url="https://images.bfmtv.com/rQ3O_lQXaMVUv-Q6FLX2-0DNNZQ=/0x106:2048x1258/800x0/images/Des-alliances-sont-montrees-lors-d-une-ceremonie-de-mariage-a-la-mairie-de-Briosco-en-Italie-le-11-mai-2020-2011113.jpg" length="0" type="image/jpg"/>
        </item>
        <item>
            <title><![CDATA[Australie: il survit 13 jours dans un parc national grâce à des baies et deux barres de céréales]]></title>
            <link>https://www.bfmtv.com/international/oceanie/australie/australie-il-survit-13-jours-dans-un-parc-national-grace-a-des-baies-et-deux-barres-de-cereales_AN-202501080493.html</link>
            <guid>https://www.bfmtv.com/international/oceanie/australie/australie-il-survit-13-jours-dans-un-parc-national-grace-a-des-baies-et-deux-barres-de-cereales_AN-202501080493.html</guid>
            <pubDate>Wed, 08 Jan 2025 11:30:37 GMT</pubDate>
            <description><![CDATA[Un jeune homme de 23 ans a été retrouvé sain et sauf en Australie après avoir passé 13 jours en pleine nature, perdu dans un parc national. Il a survécu en mangeant deux barres de céréales laissées par des randonneurs.<br /><br /><img src="https://images.bfmtv.com/mnHnCYu-89ioUgCqFvO82w0vSeQ=/0x0:1920x1080/800x0/images/La-police-de-l-Etat-de-Nouvelle-Galles-du-Sud-annonce-avoir-retrouve-un-randonneur-perdu-pendant-13-jours-dans-le-parc-national-de-Kosciuszko-en-Australie-2009412.jpg" />]]></description>
            <enclosure url="https://images.bfmtv.com/mnHnCYu-89ioUgCqFvO82w0vSeQ=/0x0:1920x1080/800x0/images/La-police-de-l-Etat-de-Nouvelle-Galles-du-Sud-annonce-avoir-retrouve-un-randonneur-perdu-pendant-13-jours-dans-le-parc-national-de-Kosciuszko-en-Australie-2009412.jpg" length="0" type="image/jpg"/>
        </item>
        <item>
            <title><![CDATA[Papouasie-Nouvelle-Guinée: des actes présumés de cannibalisme jugés "terrifiants" par un ministre]]></title>
            <link>https://www.bfmtv.com/international/oceanie/papouasie-nouvelle-guinee-des-actes-presumes-de-cannibalisme-juges-terrifiants-par-un-ministre_AD-202501060985.html</link>
            <guid>https://www.bfmtv.com/international/oceanie/papouasie-nouvelle-guinee-des-actes-presumes-de-cannibalisme-juges-terrifiants-par-un-ministre_AD-202501060985.html</guid>
            <pubDate>Mon, 06 Jan 2025 22:00:33 GMT</pubDate>
            <description><![CDATA[Une photo de plusieurs hommes, tenant ce qui ressemble à un pied sectionné, est apparue en une d'un grand quotidien national en Papouasie-Nouvelle-Guinée.<br /><br /><img src="https://images.bfmtv.com/0QyyBMpXmpluUV3cppKwDHf1-LE=/0x120:1280x840/800x0/images/Le-drapeau-de-la-Papouasie-Nouvelle-Guinee-2008260.jpg" />]]></description>
            <enclosure url="https://images.bfmtv.com/0QyyBMpXmpluUV3cppKwDHf1-LE=/0x120:1280x840/800x0/images/Le-drapeau-de-la-Papouasie-Nouvelle-Guinee-2008260.jpg" length="0" type="image/jpg"/>
        </item>
        <item>
            <title><![CDATA[Australie: un surfeur porté disparu probablement tué par un requin blanc]]></title>
            <link>https://www.bfmtv.com/international/oceanie/australie/australie-un-surfeur-porte-disparu-probablement-tue-par-un-requin-blanc_AN-202501030290.html</link>
            <guid>https://www.bfmtv.com/international/oceanie/australie/australie-un-surfeur-porte-disparu-probablement-tue-par-un-requin-blanc_AN-202501030290.html</guid>
            <pubDate>Fri, 03 Jan 2025 10:21:42 GMT</pubDate>
            <description><![CDATA[Lance Appleby, un surfeur de 28 ans, a disparu jeudi soir alors qu'il s'exerçait sur les côtes de l'Australie du Sud. La police estime qu'il a été la victime d'une attaque de requin. <br /><br /><img src="https://images.bfmtv.com/PEfYSqajBczQGAgwkvBxb4qnH0o=/0x0:1600x900/800x0/images/Lance-Appleby-un-surfeur-disparu-le-2-janvier-2025-au-sud-de-l-Australie-probablement-victime-d-une-attaque-de-requin-2006568.jpg" />]]></description>
            <enclosure url="https://images.bfmtv.com/PEfYSqajBczQGAgwkvBxb4qnH0o=/0x0:1600x900/800x0/images/Lance-Appleby-un-surfeur-disparu-le-2-janvier-2025-au-sud-de-l-Australie-probablement-victime-d-une-attaque-de-requin-2006568.jpg" length="0" type="image/jpg"/>
        </item>
        <item>
            <title><![CDATA[Chine, Australie, Japon... Les images des célébrations dans les premiers pays à être passés en 2025]]></title>
            <link>https://www.bfmtv.com/international/oceanie/nouvelle-zelande/deja-2025-la-nouvelle-zelande-celebre-la-nouvelle-annee_AV-202412310280.html</link>
            <guid>https://www.bfmtv.com/international/oceanie/nouvelle-zelande/deja-2025-la-nouvelle-zelande-celebre-la-nouvelle-annee_AV-202412310280.html</guid>
            <pubDate>Tue, 31 Dec 2024 17:30:59 GMT</pubDate>
            <description><![CDATA[S'il reste encore plusieurs heures à patienter en France, la Nouvelle-Zélande et l'Australie sont déjà passées en 2025, décalage horaire oblige. Comme chaque année, Aukland et Sydney ont célébré la nouvelle année avec leur traditionnel feu d'artifice.<br /><br /><img src="https://images.bfmtv.com/z5UDfJeOEvvlurBkj5EtVt2liuY=/0x0:1920x1080/800x0/images/Le-passage-en-2025-a-Auckland-en-Nouvelle-Zelande-2005367.jpg" />]]></description>
            <enclosure url="https://images.bfmtv.com/z5UDfJeOEvvlurBkj5EtVt2liuY=/0x0:1920x1080/800x0/images/Le-passage-en-2025-a-Auckland-en-Nouvelle-Zelande-2005367.jpg" length="0" type="image/jpg"/>
        </item>
        <item>
            <title><![CDATA[Nouvel An: l'Australie célèbre l'arrivée de 2025 à Sydney]]></title>
            <link>https://www.bfmtv.com/international/oceanie/australie/nouvel-an-l-australie-celebre-l-arrivee-de-2025-a-sydney_VN-202412310338.html</link>
            <guid>https://www.bfmtv.com/international/oceanie/australie/nouvel-an-l-australie-celebre-l-arrivee-de-2025-a-sydney_VN-202412310338.html</guid>
            <pubDate>Tue, 31 Dec 2024 13:06:36 GMT</pubDate>
            <description><![CDATA[Le passage à 2025 a commencé avec éclat à Sydney, en Australie, où les premiers feux d'artifice ont illuminé le ciel pour célébrer la nouvelle année.<br /><br /><img src="https://images.bfmtv.com/FLVGjDJQ-NzRlr3h1gqxoIpkCMY=/0x0:1280x720/800x0/images/Nouvel-An-l-Australie-celebre-l-arrivee-de-2025-a-Sydney-2005409.jpg" />]]></description>
            <enclosure url="https://images.bfmtv.com/FLVGjDJQ-NzRlr3h1gqxoIpkCMY=/0x0:1280x720/800x0/images/Nouvel-An-l-Australie-celebre-l-arrivee-de-2025-a-Sydney-2005409.jpg" length="0" type="image/jpg"/>
        </item>
        <item>
            <title><![CDATA[La Nouvelle-Zélande passe (déjà) en 2025]]></title>
            <link>https://www.bfmtv.com/international/oceanie/nouvelle-zelande/la-nouvelle-zelande-passe-deja-en-2025_VN-202412310322.html</link>
            <guid>https://www.bfmtv.com/international/oceanie/nouvelle-zelande/la-nouvelle-zelande-passe-deja-en-2025_VN-202412310322.html</guid>
            <pubDate>Tue, 31 Dec 2024 12:17:11 GMT</pubDate>
            <description><![CDATA[La Nouvelle-Zélande est déjà en 2025. Décalage horaire oblige, le pays est entré dans la nouvelle année, et l'a célébré avec son traditionnel feu d'artifice tiré depuis la Sky Tower d'Auckland.<br /><br /><img src="https://images.bfmtv.com/OitmjRjqDopXPqNjb50QeVeQXwg=/0x0:1280x720/800x0/images/La-Nouvelle-Zelande-passe-deja-en-2025-2005393.jpg" />]]></description>
            <enclosure url="https://images.bfmtv.com/OitmjRjqDopXPqNjb50QeVeQXwg=/0x0:1280x720/800x0/images/La-Nouvelle-Zelande-passe-deja-en-2025-2005393.jpg" length="0" type="image/jpg"/>
        </item>
        <item>
            <title><![CDATA[Réveillon: la Nouvelle-Zélande célèbre 2025 à Auckland ]]></title>
            <link>https://www.bfmtv.com/international/oceanie/nouvelle-zelande/reveillon-la-nouvelle-zelande-celebre-2025-a-auckland_VN-202412310284.html</link>
            <guid>https://www.bfmtv.com/international/oceanie/nouvelle-zelande/reveillon-la-nouvelle-zelande-celebre-2025-a-auckland_VN-202412310284.html</guid>
            <pubDate>Tue, 31 Dec 2024 11:06:40 GMT</pubDate>
            <description><![CDATA[Avec douze heures de décalage horaire par rapport à la France, la Nouvelle-Zélande a célébré la nouvelle année. À Auckland, un feu d'artifice a été tiré depuis la Sky Tower. <br /><br /><img src="https://images.bfmtv.com/TfK4OXLwm4mcnn-GVvuo0RoPYEY=/0x0:1280x720/800x0/images/Reveillon-la-Nouvelle-Zelande-celebre-2025-a-Auckland-2005369.jpg" />]]></description>
            <enclosure url="https://images.bfmtv.com/TfK4OXLwm4mcnn-GVvuo0RoPYEY=/0x0:1280x720/800x0/images/Reveillon-la-Nouvelle-Zelande-celebre-2025-a-Auckland-2005369.jpg" length="0" type="image/jpg"/>
        </item>
        <item>
            <title><![CDATA[Australie: un homme tué par un requin dans la Grande Barrière de corail]]></title>
            <link>https://www.bfmtv.com/international/oceanie/australie/australie-un-homme-tue-par-un-requin-dans-la-grande-barriere-de-corail_AD-202412290023.html</link>
            <guid>https://www.bfmtv.com/international/oceanie/australie/australie-un-homme-tue-par-un-requin-dans-la-grande-barriere-de-corail_AD-202412290023.html</guid>
            <pubDate>Sun, 29 Dec 2024 06:00:53 GMT</pubDate>
            <description><![CDATA[La victime a été mordue au cou par l'animal alors qu'elle pêchait avec sa famille. L'homme, âgé de 40 ans, était pasteur.<br /><br /><img src="https://images.bfmtv.com/Crd-oLe1_Xpwiw1YgSjZuuVZMr0=/497x210:2033x1074/800x0/images/Un-requin-blanc-Photo-dillustration-380037.jpg" />]]></description>
            <enclosure url="https://images.bfmtv.com/Crd-oLe1_Xpwiw1YgSjZuuVZMr0=/497x210:2033x1074/800x0/images/Un-requin-blanc-Photo-dillustration-380037.jpg" length="0" type="image/jpg"/>
        </item>
        <item>
            <title><![CDATA["Un moment critique": les images du gigantesque incendie qui menace le sud-est de l'Australie]]></title>
            <link>https://www.bfmtv.com/international/oceanie/australie/un-moment-critique-les-images-du-gigantesque-incendie-qui-menace-le-sud-est-de-l-australie_AD-202412260523.html</link>
            <guid>https://www.bfmtv.com/international/oceanie/australie/un-moment-critique-les-images-du-gigantesque-incendie-qui-menace-le-sud-est-de-l-australie_AD-202412260523.html</guid>
            <pubDate>Thu, 26 Dec 2024 22:35:07 GMT</pubDate>
            <description><![CDATA[Un incendie s'est déclaré dans un parc national du sud-est de l'Australie ce jeudi 26 décembre. Les autorités australiennes ont appelé les habitants de dizaines de localités rurales à évacuer.   <br /><br /><img src="https://images.bfmtv.com/Vn6D1QXjBjyzu7gbcNA56YukQlA=/0x106:2048x1258/800x0/images/AUSTRALIE-2003868.jpg" />]]></description>
            <enclosure url="https://images.bfmtv.com/Vn6D1QXjBjyzu7gbcNA56YukQlA=/0x106:2048x1258/800x0/images/AUSTRALIE-2003868.jpg" length="0" type="image/jpg"/>
        </item>
        <item>
            <title><![CDATA[Un gigantesque incendie menace le sud-est de l'Australie]]></title>
            <link>https://www.bfmtv.com/international/oceanie/australie/un-gigantesque-incendie-menace-le-sud-est-de-l-australie_VN-202412260361.html</link>
            <guid>https://www.bfmtv.com/international/oceanie/australie/un-gigantesque-incendie-menace-le-sud-est-de-l-australie_VN-202412260361.html</guid>
            <pubDate>Thu, 26 Dec 2024 16:04:50 GMT</pubDate>
            <description><![CDATA[Les autorités australiennes ont appelé ce jeudi les habitants de dizaines de localités rurales à évacuer en raison d'un incendie ravageant un parc national du sud-est de l'Australie. Quelques 600 pompiers luttent contre les flammes au Grampians National Park à environ 240 kilomètres à l'ouest de Melbourne, a indiqué un porte-parole des services de secours de l'Etat de Victoria.<br /><br /><img src="https://images.bfmtv.com/AVvUaYku8bNQLItN_tUmZtM22AI=/0x0:1280x720/800x0/images/Un-gigantesque-incendie-menace-le-sud-est-de-l-Australie-2003736.jpg" />]]></description>
            <enclosure url="https://images.bfmtv.com/AVvUaYku8bNQLItN_tUmZtM22AI=/0x0:1280x720/800x0/images/Un-gigantesque-incendie-menace-le-sud-est-de-l-Australie-2003736.jpg" length="0" type="image/jpg"/>
        </item>
        <item>
            <title><![CDATA[Australie: les autorités appellent les habitants à évacuer en raison d’une série d’incendies sévissant au sud-est du pays ]]></title>
            <link>https://www.bfmtv.com/international/oceanie/australie/australie-les-autorites-appellent-les-habitants-a-evacuer-en-raison-d-une-serie-d-incendies-sevissant-au-sud-est-du-pays_VN-202412260350.html</link>
            <guid>https://www.bfmtv.com/international/oceanie/australie/australie-les-autorites-appellent-les-habitants-a-evacuer-en-raison-d-une-serie-d-incendies-sevissant-au-sud-est-du-pays_VN-202412260350.html</guid>
            <pubDate>Thu, 26 Dec 2024 15:46:17 GMT</pubDate>
            <description><![CDATA[Au moins quatre incendies sont toujours en cours en Australie dans l’État de Victoria, alors que les températures avoisinent les 40 degrés sur place. Les autorités se préparent à des incendies de forêt potentiellement dévastateurs.
<br /><br /><img src="https://images.bfmtv.com/d_nn_rrchXJ2t22v_YwdUgAhmTQ=/0x0:1280x720/800x0/images/Australie-les-autorites-appellent-les-habitants-a-evacuer-en-raison-d-une-serie-d-incendies-sevissant-au-sud-est-du-pays-2003726.jpg" />]]></description>
            <enclosure url="https://images.bfmtv.com/d_nn_rrchXJ2t22v_YwdUgAhmTQ=/0x0:1280x720/800x0/images/Australie-les-autorites-appellent-les-habitants-a-evacuer-en-raison-d-une-serie-d-incendies-sevissant-au-sud-est-du-pays-2003726.jpg" length="0" type="image/jpg"/>
        </item>
        <item>
            <title><![CDATA[Australie: les autorités alertent sur la propagation d'une maladie mangeuse de chair autour de Melbourne]]></title>
            <link>https://www.bfmtv.com/international/oceanie/australie/australie-les-autorites-alertent-sur-la-propagation-d-une-maladie-mangeuse-de-chair-autour-de-melbourne_AN-202412210319.html</link>
            <guid>https://www.bfmtv.com/international/oceanie/australie/australie-les-autorites-alertent-sur-la-propagation-d-une-maladie-mangeuse-de-chair-autour-de-melbourne_AN-202412210319.html</guid>
            <pubDate>Sat, 21 Dec 2024 16:44:23 GMT</pubDate>
            <description><![CDATA[Depuis le début de l'année, plus de 340 cas d'ulcères de Buruli ont été recensés dans cet État du sud-est de l'Australie. Les autorités s'inquiètent surtout de la propagation de la maladie dans la métropole de Melbourne, dans des zones éloignées des côtes.<br /><br /><img src="https://images.bfmtv.com/WOiNDzccHW3exFJ0Ju4_lWyushQ=/0x106:2048x1258/800x0/images/Un-moustique-observe-dans-un-laboratoire-a-La-Plata-en-Argentine-le-26-mars-2023-2001663.jpg" />]]></description>
            <enclosure url="https://images.bfmtv.com/WOiNDzccHW3exFJ0Ju4_lWyushQ=/0x106:2048x1258/800x0/images/Un-moustique-observe-dans-un-laboratoire-a-La-Plata-en-Argentine-le-26-mars-2023-2001663.jpg" length="0" type="image/jpg"/>
        </item>
        <item>
            <title><![CDATA[Séisme au Vanuatu: la dépouille d'un Français retrouvée "sous les décombres d'un bâtiment" de la capitale]]></title>
            <link>https://www.bfmtv.com/international/oceanie/seisme-au-vanuatu-la-depouille-d-un-francais-retrouvee-sous-les-decombres-d-un-batiment-de-la-capitale_AV-202412180956.html</link>
            <guid>https://www.bfmtv.com/international/oceanie/seisme-au-vanuatu-la-depouille-d-un-francais-retrouvee-sous-les-decombres-d-un-batiment-de-la-capitale_AV-202412180956.html</guid>
            <pubDate>Wed, 18 Dec 2024 22:49:13 GMT</pubDate>
            <description><![CDATA[L'ambassade de France au Vanuatu indique ce jeudi 19 décembre qu'un Français a été retrouvé mort sous les décombres dans le centre-ville de Port-Vila, frappé mardi par un violent séisme. Au moins 14 autres personnes ont été tuées. <br /><br /><img src="https://images.bfmtv.com/sydOdilN6p32b1QVkHt9GqWim3M=/0x106:2048x1258/800x0/images/Tremblement-de-terre-au-Vanuatu-1999599.jpg" />]]></description>
            <enclosure url="https://images.bfmtv.com/sydOdilN6p32b1QVkHt9GqWim3M=/0x106:2048x1258/800x0/images/Tremblement-de-terre-au-Vanuatu-1999599.jpg" length="0" type="image/jpg"/>
        </item>
        <item>
            <title><![CDATA[Séisme au Vanuatu: au moins 14 morts, les recherches de survivants continuent]]></title>
            <link>https://www.bfmtv.com/international/oceanie/seisme-au-vanuatu-au-moins-14-morts-les-recherches-de-survivants-continuent_AD-202412180055.html</link>
            <guid>https://www.bfmtv.com/international/oceanie/seisme-au-vanuatu-au-moins-14-morts-les-recherches-de-survivants-continuent_AD-202412180055.html</guid>
            <pubDate>Wed, 18 Dec 2024 01:53:33 GMT</pubDate>
            <description><![CDATA[L'Australie, plus grand voisin du Vanuatu, procède ce mercredi 18 décembre au déploiement par avions militaires de médecins et d'équipes de secouristes, a annoncé à la chaîne publique ABC le ministre de la Défense Richard Marles. <br /><br /><img src="https://images.bfmtv.com/gtyWZTuaDIlRN7yiQI1vxYZRixc=/0x19:2048x1171/800x0/images/Un-immeuble-effondre-a-Port-Vila-au-Vanuatu-le-17-decembre-2024-1999022.jpg" />]]></description>
            <enclosure url="https://images.bfmtv.com/gtyWZTuaDIlRN7yiQI1vxYZRixc=/0x19:2048x1171/800x0/images/Un-immeuble-effondre-a-Port-Vila-au-Vanuatu-le-17-decembre-2024-1999022.jpg" length="0" type="image/jpg"/>
        </item>
        <item>
            <title><![CDATA[Séisme au Vanuatu: la France prête à "contribuer aux opérations de secours" si les autorités le demandent]]></title>
            <link>https://www.bfmtv.com/international/oceanie/seisme-au-vanuatu-la-france-prete-a-contribuer-aux-operations-de-secours-si-les-autorites-le-demandent_AD-202412170507.html</link>
            <guid>https://www.bfmtv.com/international/oceanie/seisme-au-vanuatu-la-france-prete-a-contribuer-aux-operations-de-secours-si-les-autorites-le-demandent_AD-202412170507.html</guid>
            <pubDate>Tue, 17 Dec 2024 13:20:53 GMT</pubDate>
            <description><![CDATA[La France se dit prête "contribuer aux opérations de secours" au Vanuatu, frappé par un séisme, si les autorités de l'archipel en font la demande.<br /><br /><img src="https://images.bfmtv.com/gtyWZTuaDIlRN7yiQI1vxYZRixc=/0x19:2048x1171/800x0/images/Un-immeuble-effondre-a-Port-Vila-au-Vanuatu-le-17-decembre-2024-1999022.jpg" />]]></description>
            <enclosure url="https://images.bfmtv.com/gtyWZTuaDIlRN7yiQI1vxYZRixc=/0x19:2048x1171/800x0/images/Un-immeuble-effondre-a-Port-Vila-au-Vanuatu-le-17-decembre-2024-1999022.jpg" length="0" type="image/jpg"/>
        </item>
        <item>
            <title><![CDATA[Un séisme de magnitude 7,3 enregistré au large des îles Vanuatu, un tsunami "possible"]]></title>
            <link>https://www.bfmtv.com/international/oceanie/un-seisme-de-magnitude-7-3-enregistre-au-large-des-iles-vanuatu-un-tsunami-possible_AN-202412170037.html</link>
            <guid>https://www.bfmtv.com/international/oceanie/un-seisme-de-magnitude-7-3-enregistre-au-large-des-iles-vanuatu-un-tsunami-possible_AN-202412170037.html</guid>
            <pubDate>Tue, 17 Dec 2024 02:13:22 GMT</pubDate>
            <description><![CDATA[Un tremblement de terre de magnitude 7,3 a été enregistré au large des îles Vanuatu ce mardi 17 décembre, annonce l'USGS. Les autorités jugent "possible" la formation d'un tsunami. <br /><br /><img src="https://images.bfmtv.com/QOJ7jdNDmu7a4C-ujLC4u-ATFaE=/0x93:2048x1245/800x0/images/Un-sismographe-image-d-illustration-1658076.jpg" />]]></description>
            <enclosure url="https://images.bfmtv.com/QOJ7jdNDmu7a4C-ujLC4u-ATFaE=/0x93:2048x1245/800x0/images/Un-sismographe-image-d-illustration-1658076.jpg" length="0" type="image/jpg"/>
        </item>
        <item>
            <title><![CDATA[Un Américain reconnu coupable du meurtre de sa femme pendant leur lune de miel dans les îles Fidji]]></title>
            <link>https://www.bfmtv.com/international/oceanie/un-americain-reconnu-coupable-du-meurtre-de-sa-femme-pendant-leur-lune-de-miel-dans-les-iles-fidji_AN-202412160580.html</link>
            <guid>https://www.bfmtv.com/international/oceanie/un-americain-reconnu-coupable-du-meurtre-de-sa-femme-pendant-leur-lune-de-miel-dans-les-iles-fidji_AN-202412160580.html</guid>
            <pubDate>Mon, 16 Dec 2024 14:52:03 GMT</pubDate>
            <description><![CDATA[Le couple, originaire du Tennessee, dans l'Est des États-Unis, était en lune de miel aux Fidji depuis deux jours quand le corps sans vie de la jeune mariée a été retrouvé dans leur chambre d'hôtel. Son mari a été interpellé, alors qu'il était parti en kayak.<br /><br /><img src="https://images.bfmtv.com/WtW9CoUW0_HWBwUXwjgWwBCOU3s=/33x0:673x360/800x0/images/-103469.jpg" />]]></description>
            <enclosure url="https://images.bfmtv.com/WtW9CoUW0_HWBwUXwjgWwBCOU3s=/33x0:673x360/800x0/images/-103469.jpg" length="0" type="image/jpg"/>
        </item>
        <item>
            <title><![CDATA[Nouvelle-Zélande: 10 kilos de méthamphétamine cachés dans... des cadeaux de Noël]]></title>
            <link>https://www.bfmtv.com/international/oceanie/nouvelle-zelande/nouvelle-zelande-10-kilos-de-methamphetamine-caches-dans-des-cadeaux-de-noel_AN-202412100664.html</link>
            <guid>https://www.bfmtv.com/international/oceanie/nouvelle-zelande/nouvelle-zelande-10-kilos-de-methamphetamine-caches-dans-des-cadeaux-de-noel_AN-202412100664.html</guid>
            <pubDate>Tue, 10 Dec 2024 15:50:45 GMT</pubDate>
            <description><![CDATA[Les autorités néo-zélandaises ont intercepté, ce dimanche 8 décembre, pour près de 2,2 millions de dollars de méthamphétamine dans les bagages d'une touriste en provenance de Vancouver. La drogue, saisie à l'aéroport d'Auckland, était camouflée dans du papier cadeau.<br /><br /><img src="https://images.bfmtv.com/DyhKAZaWXm7h9oj6nhugmXxolmY=/0x0:1920x1080/800x0/images/Capture-d-ecran-Facebook-de-la-douane-de-l-aeroport-d-Auckland-en-Nouvelle-Zelande-1994371.jpg" />]]></description>
            <enclosure url="https://images.bfmtv.com/DyhKAZaWXm7h9oj6nhugmXxolmY=/0x0:1920x1080/800x0/images/Capture-d-ecran-Facebook-de-la-douane-de-l-aeroport-d-Auckland-en-Nouvelle-Zelande-1994371.jpg" length="0" type="image/jpg"/>
        </item>
        <item>
            <title><![CDATA[Australie: incendie "terroriste" d'une synagogue, trois suspects recherchés]]></title>
            <link>https://www.bfmtv.com/international/oceanie/australie/australie-incendie-terroriste-d-une-synagogue-trois-suspects-recherches_AD-202412090078.html</link>
            <guid>https://www.bfmtv.com/international/oceanie/australie/australie-incendie-terroriste-d-une-synagogue-trois-suspects-recherches_AD-202412090078.html</guid>
            <pubDate>Mon, 09 Dec 2024 05:36:47 GMT</pubDate>
            <description><![CDATA[L'enquête a fait d'"importants progrès" durant le week-end, a-t-il ajouté, sans fournir davantage d'informations.<br /><br /><img src="https://images.bfmtv.com/zIKZhmE8vH--21LzAvOuOE4aRh4=/0x53:1024x629/800x0/images/Australie-trois-suspects-recherches-pour-l-incendie-terroriste-d-une-synagogue-1993235.jpg" />]]></description>
            <enclosure url="https://images.bfmtv.com/zIKZhmE8vH--21LzAvOuOE4aRh4=/0x53:1024x629/800x0/images/Australie-trois-suspects-recherches-pour-l-incendie-terroriste-d-une-synagogue-1993235.jpg" length="0" type="image/jpg"/>
        </item>
    </channel>
</rss>