<?xml version="1.0" encoding="utf-8"?>
<rss version="2.0" xmlns:atom="http://www.w3.org/2005/Atom">
    <channel>
        <title>Home Musique - actualités</title>
        <link>https://www.bfmtv.com/people/musique/</link>
        <description>Interviews, sorties d'albums, derniers concerts, musiques récentes et à la mode... Retrouvez toute l'actualité de vos artistes préférés</description>
        <lastBuildDate>Mon, 10 Feb 2025 12:39:34 GMT</lastBuildDate>
        <docs>http://blogs.law.harvard.edu/tech/rss</docs>
        <generator>BFMTV</generator>
        <language>fr</language>
        <image>
            <title>Home Musique - actualités</title>
            <url>https://www.bfmtv.com/assets/v11/images/BFMTV_default_16x9.8715a163008e9f3fc3799c8e2c6ebafa.jpg</url>
            <link>https://www.bfmtv.com/people/musique/</link>
        </image>
        <copyright>Copyright BFMTV</copyright>
        <category>Home Musique - actualités</category>
        <atom:link href="https://www.bfmtv.com/people/musique/" rel="self" type="application/rss+xml"/>
        <item>
            <title><![CDATA[Diana Ross va donner un concert à l'Accor Arena, son premier en 18 ans]]></title>
            <link>https://www.bfmtv.com/people/musique/diana-ross-va-donner-un-concert-a-l-accor-arena-son-premier-en-18-ans_AN-202502100379.html</link>
            <guid>https://www.bfmtv.com/people/musique/diana-ross-va-donner-un-concert-a-l-accor-arena-son-premier-en-18-ans_AN-202502100379.html</guid>
            <pubDate>Mon, 10 Feb 2025 10:27:24 GMT</pubDate>
            <description><![CDATA[L'ex-chanteuse des Supremes sera de passage dans la capitale en juillet pour un concert exceptionnel. Le premier en presque deux décennies. La billetterie ouvre ce vendredi 14 février.<br /><br /><img src="https://images.bfmtv.com/2emBlEzXATYT-2lj0RMiVB6iclU=/0x0:2048x1152/800x0/images/Diana-Ross-lors-des-Grammy-Awards-le-2-fevrier-2025-a-Los-Angeles-2030542.jpg" />]]></description>
            <enclosure url="https://images.bfmtv.com/2emBlEzXATYT-2lj0RMiVB6iclU=/0x0:2048x1152/800x0/images/Diana-Ross-lors-des-Grammy-Awards-le-2-fevrier-2025-a-Los-Angeles-2030542.jpg" length="0" type="image/jpg"/>
        </item>
        <item>
            <title><![CDATA["Pas d'autorisation, pas de concert": Ed Sheeran chante en pleine rue en Inde, la police l'interrompt]]></title>
            <link>https://www.bfmtv.com/people/musique/pas-d-autorisation-pas-de-concert-ed-sheeran-chante-en-pleine-rue-en-inde-la-police-l-interrompt_AV-202502100356.html</link>
            <guid>https://www.bfmtv.com/people/musique/pas-d-autorisation-pas-de-concert-ed-sheeran-chante-en-pleine-rue-en-inde-la-police-l-interrompt_AV-202502100356.html</guid>
            <pubDate>Mon, 10 Feb 2025 10:02:37 GMT</pubDate>
            <description><![CDATA[Un concert organisé dans une rue passante de Bangalore, en Inde, a été interrompu par la police. Le chanteur n'aurait pas eu l'autorisation, ce qu'il dément formellement.<br /><br /><img src="https://images.bfmtv.com/Vj6e2mu7YgJC3cDPF_CSlstdLSc=/0x155:2048x1307/800x0/images/Ed-Sheeran-1704690.jpg" />]]></description>
            <enclosure url="https://images.bfmtv.com/Vj6e2mu7YgJC3cDPF_CSlstdLSc=/0x155:2048x1307/800x0/images/Ed-Sheeran-1704690.jpg" length="0" type="image/jpg"/>
        </item>
        <item>
            <title><![CDATA[Concerts de Beyoncé au Stade de France: préventes, ventes... les dates à retenir]]></title>
            <link>https://www.bfmtv.com/people/musique/concerts-de-beyonce-au-stade-de-france-preventes-ventes-les-dates-a-retenir_AN-202502100319.html</link>
            <guid>https://www.bfmtv.com/people/musique/concerts-de-beyonce-au-stade-de-france-preventes-ventes-les-dates-a-retenir_AN-202502100319.html</guid>
            <pubDate>Mon, 10 Feb 2025 09:23:34 GMT</pubDate>
            <description><![CDATA[Les préventes et ventes pour les deux concerts de Beyoncé au Stade de France les 19 et 21 juin prochains se déroulent cette semaine. Voici ce qu'il faut savoir pour se frayer une place dans les files d'attente. <br /><br /><img src="https://images.bfmtv.com/j8FXDgRKeaQ2dxcLqUFmOPo7C5M=/110x30:990x525/800x0/images/Beyonce-Kendrick-Lamar-Gojira-Decouvrez-le-palmares-des-Grammy-Awards-2025-2025983.jpg" />]]></description>
            <enclosure url="https://images.bfmtv.com/j8FXDgRKeaQ2dxcLqUFmOPo7C5M=/110x30:990x525/800x0/images/Beyonce-Kendrick-Lamar-Gojira-Decouvrez-le-palmares-des-Grammy-Awards-2025-2025983.jpg" length="0" type="image/jpg"/>
        </item>
        <item>
            <title><![CDATA[Super Bowl: morceau contre Drake, duo avec SZA... Les images de la performance de Kendrick Lamar]]></title>
            <link>https://www.bfmtv.com/people/musique/super-bowl-morceau-contre-drake-duo-avec-sza-les-images-de-la-performance-de-kendrick-lamar_AD-202502100257.html</link>
            <guid>https://www.bfmtv.com/people/musique/super-bowl-morceau-contre-drake-duo-avec-sza-les-images-de-la-performance-de-kendrick-lamar_AD-202502100257.html</guid>
            <pubDate>Mon, 10 Feb 2025 07:52:16 GMT</pubDate>
            <description><![CDATA[L'artiste s'est produit ce dimanche 9 février lors du concert de la mi-temps du Super Bowl. Un show lors duquel il a notamment joué son tube "Not Like Us", à charge contre le rappeur Drake, dans une version légèrement édulcorée.<br /><br /><img src="https://images.bfmtv.com/Y5reLhDqEyON3X1XGpptIMTIGgI=/0x156:2048x1308/800x0/images/Kendrick-Lamar-2030438.jpg" />]]></description>
            <enclosure url="https://images.bfmtv.com/Y5reLhDqEyON3X1XGpptIMTIGgI=/0x156:2048x1308/800x0/images/Kendrick-Lamar-2030438.jpg" length="0" type="image/jpg"/>
        </item>
        <item>
            <title><![CDATA["J'en ai mal au ventre": accusés d'être des bots, des fans Oasis voient leurs billets de concert être annulés]]></title>
            <link>https://www.bfmtv.com/people/musique/j-en-ai-mal-au-ventre-accuses-d-etre-des-bots-des-fans-oasis-voient-leurs-billets-de-concert-etre-annules_AN-202502090405.html</link>
            <guid>https://www.bfmtv.com/people/musique/j-en-ai-mal-au-ventre-accuses-d-etre-des-bots-des-fans-oasis-voient-leurs-billets-de-concert-etre-annules_AN-202502090405.html</guid>
            <pubDate>Sun, 09 Feb 2025 19:16:45 GMT</pubDate>
            <description><![CDATA[Ces derniers jours, des fans d'Oasis ayant acheté des billets pour la tournée "Live '25" ont reçu un message du site Ticketmaster. Le site les accuse d'avoir obtenu ces places à l'aide de robots.<br /><br /><img src="https://images.bfmtv.com/wENICRDLmP9TBSYWyhxBnTygod4=/0x106:2048x1258/800x0/images/Un-fan-d-Oasis-tentant-de-decrocher-le-31-aout-2024-une-place-pour-la-tournee-retour-du-groupe-mythique-de-la-Britpop-1928351.jpg" />]]></description>
            <enclosure url="https://images.bfmtv.com/wENICRDLmP9TBSYWyhxBnTygod4=/0x106:2048x1258/800x0/images/Un-fan-d-Oasis-tentant-de-decrocher-le-31-aout-2024-une-place-pour-la-tournee-retour-du-groupe-mythique-de-la-Britpop-1928351.jpg" length="0" type="image/jpg"/>
        </item>
        <item>
            <title><![CDATA[Le rappeur Rilès a réussi son défi de courir pendant 24 heures d'affilée sous la menace de scies]]></title>
            <link>https://www.bfmtv.com/people/musique/le-rappeur-riles-a-reussi-son-defi-de-courir-pendant-24-heures-d-affilee-sous-la-menace-de-scies_AV-202502090317.html</link>
            <guid>https://www.bfmtv.com/people/musique/le-rappeur-riles-a-reussi-son-defi-de-courir-pendant-24-heures-d-affilee-sous-la-menace-de-scies_AV-202502090317.html</guid>
            <pubDate>Sun, 09 Feb 2025 14:46:37 GMT</pubDate>
            <description><![CDATA[Ce dimanche 9 février, peu après midi, le rappeur originaire de Rouen a atteint son objectif de courir 24 heures d'affilée sur un tapis de course et a dépassé la barre des 200 kilomètres cumulés.<br /><br /><img src="https://images.bfmtv.com/mu2xDM9PTNqkjwsAAAM93FMg9no=/0x0:1920x1080/800x0/images/Riles-2030131.jpg" />]]></description>
            <enclosure url="https://images.bfmtv.com/mu2xDM9PTNqkjwsAAAM93FMg9no=/0x0:1920x1080/800x0/images/Riles-2030131.jpg" length="0" type="image/jpg"/>
        </item>
        <item>
            <title><![CDATA[De "Not Like Us" au Super Bowl 2025: comment Kendrick Lamar passe un nouveau cap dans sa carrière]]></title>
            <link>https://www.bfmtv.com/people/musique/de-not-like-us-au-super-bowl-2025-comment-kendrick-lamar-passe-un-nouveau-cap-dans-sa-carriere_AN-202502090124.html</link>
            <guid>https://www.bfmtv.com/people/musique/de-not-like-us-au-super-bowl-2025-comment-kendrick-lamar-passe-un-nouveau-cap-dans-sa-carriere_AN-202502090124.html</guid>
            <pubDate>Sun, 09 Feb 2025 08:24:13 GMT</pubDate>
            <description><![CDATA[Après une année 2024 très prolifique, marquée notamment par son clash hyper médiatisé avec Drake, le rappeur s'apprête à confirmer son statut de star du hip-hop en assurant le show de la mi-temps du Super Bowl, ce dimanche 9 février.<br /><br /><img src="https://images.bfmtv.com/y3XFB3NzG7SYIUphGx1dbyLOMpk=/0x112:2048x1264/800x0/images/Kendrick-Lamar-2026509.jpg" />]]></description>
            <enclosure url="https://images.bfmtv.com/y3XFB3NzG7SYIUphGx1dbyLOMpk=/0x112:2048x1264/800x0/images/Kendrick-Lamar-2026509.jpg" length="0" type="image/jpg"/>
        </item>
        <item>
            <title><![CDATA[Super Bowl: pourquoi le morceau "Not Like Us" de Kendrick Lamar sera au cœur du show de la mi-temps]]></title>
            <link>https://www.bfmtv.com/people/musique/super-bowl-pourquoi-le-morceau-not-like-us-de-kendrick-lamar-sera-au-c-ur-du-show-de-la-mi-temps_AN-202502090119.html</link>
            <guid>https://www.bfmtv.com/people/musique/super-bowl-pourquoi-le-morceau-not-like-us-de-kendrick-lamar-sera-au-c-ur-du-show-de-la-mi-temps_AN-202502090119.html</guid>
            <pubDate>Sun, 09 Feb 2025 08:13:41 GMT</pubDate>
            <description><![CDATA[Véritable tube depuis sa sortie, ce morceau, qui a été le point culminant du clash entre Kendrick Lamar et Drake, est attendu par les fans lors du concert du rappeur à la mi-temps du Super Bowl, ce dimanche 9 février.<br /><br /><img src="https://images.bfmtv.com/Bf5baugnUxKSLrVT_dfVFQMZdXI=/0x27:2048x1179/800x0/images/Drake-et-Kendrick-Lamar-1855621.jpg" />]]></description>
            <enclosure url="https://images.bfmtv.com/Bf5baugnUxKSLrVT_dfVFQMZdXI=/0x27:2048x1179/800x0/images/Drake-et-Kendrick-Lamar-1855621.jpg" length="0" type="image/jpg"/>
        </item>
        <item>
            <title><![CDATA[Aya Nakamura: 13 personnes liées à l'extrême droite seront jugées en juin pour injures racistes visant la chanteuse]]></title>
            <link>https://www.bfmtv.com/people/musique/aya-nakamura-13-personnes-liees-a-l-extreme-droite-seront-jugees-en-juin-pour-injures-racistes-visant-la-chanteuse_AD-202502080289.html</link>
            <guid>https://www.bfmtv.com/people/musique/aya-nakamura-13-personnes-liees-a-l-extreme-droite-seront-jugees-en-juin-pour-injures-racistes-visant-la-chanteuse_AD-202502080289.html</guid>
            <pubDate>Sat, 08 Feb 2025 14:07:05 GMT</pubDate>
            <description><![CDATA[Affilié à l'extrême droite identitaire, le groupe Les Natifs avait notamment diffusé sur les réseaux sociaux une banderole sur laquelle il était écrit "Y'a pas moyen Aya, ici c'est Paris, pas le marché de Bamako". <br /><br /><img src="https://images.bfmtv.com/QFYlbgnLbBkpdtxhpvLLaifo0MY=/0x47:768x479/800x0/images/La-chanteuse-Aya-Nakamura-le-2-juillet-2024-a-Paris-1898479.jpg" />]]></description>
            <enclosure url="https://images.bfmtv.com/QFYlbgnLbBkpdtxhpvLLaifo0MY=/0x47:768x479/800x0/images/La-chanteuse-Aya-Nakamura-le-2-juillet-2024-a-Paris-1898479.jpg" length="0" type="image/jpg"/>
        </item>
        <item>
            <title><![CDATA[Comment Kendrick Lamar et Drake sont devenus les meilleurs ennemis du rap américain]]></title>
            <link>https://www.bfmtv.com/people/musique/je-deteste-la-facon-dont-tu-me-parles-pourquoi-kendrick-lamar-et-drake-s-affrontent-par-chansons-interposees_AN-202405020720.html</link>
            <guid>https://www.bfmtv.com/people/musique/je-deteste-la-facon-dont-tu-me-parles-pourquoi-kendrick-lamar-et-drake-s-affrontent-par-chansons-interposees_AN-202405020720.html</guid>
            <pubDate>Fri, 07 Feb 2025 14:50:50 GMT</pubDate>
            <description><![CDATA[En 2024, les deux superstars du hip-hop se sont affrontés par morceaux interposés, lors d'un clash ultra médiatisé qui a captivé le public et marqué le monde de la musique.<br /><br /><img src="https://images.bfmtv.com/Bf5baugnUxKSLrVT_dfVFQMZdXI=/0x27:2048x1179/800x0/images/Drake-et-Kendrick-Lamar-1855621.jpg" />]]></description>
            <enclosure url="https://images.bfmtv.com/Bf5baugnUxKSLrVT_dfVFQMZdXI=/0x27:2048x1179/800x0/images/Drake-et-Kendrick-Lamar-1855621.jpg" length="0" type="image/jpg"/>
        </item>
        <item>
            <title><![CDATA[Le chanteur de reggae Naâman meurt à 34 ans d'une tumeur cérébrale]]></title>
            <link>https://www.bfmtv.com/people/musique/le-chanteur-de-reggae-naaman-meurt-a-34-ans-d-une-tumeur-cerebrale_AN-202502070531.html</link>
            <guid>https://www.bfmtv.com/people/musique/le-chanteur-de-reggae-naaman-meurt-a-34-ans-d-une-tumeur-cerebrale_AN-202502070531.html</guid>
            <pubDate>Fri, 07 Feb 2025 13:05:50 GMT</pubDate>
            <description><![CDATA[L'artiste de 34 ans, auteur du tube Outta Road, est mort ce vendredi 7 février d'une tumeur cérébrale diagnostiquée en 2019. <br /><br /><img src="https://images.bfmtv.com/2JcUv1NuuQUt9USFVFveM4rzvaE=/0x0:1280x720/800x0/images/Le-chanteur-Naaman-dans-le-clip-de-Soul-Plan-2022-2029244.jpg" />]]></description>
            <enclosure url="https://images.bfmtv.com/2JcUv1NuuQUt9USFVFveM4rzvaE=/0x0:1280x720/800x0/images/Le-chanteur-Naaman-dans-le-clip-de-Soul-Plan-2022-2029244.jpg" length="0" type="image/jpg"/>
        </item>
        <item>
            <title><![CDATA[Kendrick Lamar au Super Bowl: le rappeur promet des "histoires" pour "réfléchir"]]></title>
            <link>https://www.bfmtv.com/people/musique/kendrick-lamar-au-super-bowl-le-rappeur-promet-des-histoires-pour-reflechir_AD-202502070273.html</link>
            <guid>https://www.bfmtv.com/people/musique/kendrick-lamar-au-super-bowl-le-rappeur-promet-des-histoires-pour-reflechir_AD-202502070273.html</guid>
            <pubDate>Fri, 07 Feb 2025 08:04:37 GMT</pubDate>
            <description><![CDATA[Le rappeur américain, qui assurera le mythique concert de mi-temps du Super Bowl dimanche, a donné une conférence de presse à quelques jours de l'événement. <br /><br /><img src="https://images.bfmtv.com/mX7hzGK2eNzcKMEpJi6XxlPbIfY=/0x71:2048x1223/800x0/images/Le-rappeur-Kendrick-Lamar-en-juin-2023-lors-d-un-concert-a-New-York-1935433.jpg" />]]></description>
            <enclosure url="https://images.bfmtv.com/mX7hzGK2eNzcKMEpJi6XxlPbIfY=/0x71:2048x1223/800x0/images/Le-rappeur-Kendrick-Lamar-en-juin-2023-lors-d-un-concert-a-New-York-1935433.jpg" length="0" type="image/jpg"/>
        </item>
        <item>
            <title><![CDATA[Arrêt de "Starmania": le producteur "espère" un retour dans "quatre ou cinq ans"]]></title>
            <link>https://www.bfmtv.com/people/musique/arret-de-starmania-le-producteur-espere-un-retour-dans-quatre-ou-cinq-ans_AV-202502060559.html</link>
            <guid>https://www.bfmtv.com/people/musique/arret-de-starmania-le-producteur-espere-un-retour-dans-quatre-ou-cinq-ans_AV-202502060559.html</guid>
            <pubDate>Thu, 06 Feb 2025 13:45:27 GMT</pubDate>
            <description><![CDATA[Présentée à l'origine comme une pause, la suspension des représentations du show pourrait durer des années. <br /><br /><img src="https://images.bfmtv.com/9XPO2qbTOjZdrPEkLJZANZePAs0=/5x4:2053x1156/800x0/images/-201613.jpg" />]]></description>
            <enclosure url="https://images.bfmtv.com/9XPO2qbTOjZdrPEkLJZANZePAs0=/5x4:2053x1156/800x0/images/-201613.jpg" length="0" type="image/jpg"/>
        </item>
        <item>
            <title><![CDATA[Le pianiste virtuose Daniel Barenboim souffre de la maladie de Parkinson]]></title>
            <link>https://www.bfmtv.com/people/musique/le-pianiste-virtuose-daniel-barenboim-souffre-de-la-maladie-de-parkinson_AD-202502060516.html</link>
            <guid>https://www.bfmtv.com/people/musique/le-pianiste-virtuose-daniel-barenboim-souffre-de-la-maladie-de-parkinson_AD-202502060516.html</guid>
            <pubDate>Thu, 06 Feb 2025 12:31:44 GMT</pubDate>
            <description><![CDATA[Le célèbre chef d'orchestre souffre de la maladie de Parkinson. Il avait dû renoncer ces derniers temps à plusieurs engagements professionnels.<br /><br /><img src="https://images.bfmtv.com/SUwSTaQS7oVuQBebRtIN0kkSrXE=/2x3:2386x1344/800x0/images/-80606.jpg" />]]></description>
            <enclosure url="https://images.bfmtv.com/SUwSTaQS7oVuQBebRtIN0kkSrXE=/2x3:2386x1344/800x0/images/-80606.jpg" length="0" type="image/jpg"/>
        </item>
        <item>
            <title><![CDATA["Le Comte de Monte-Cristo" en comédie musicale: Calogero et Thierry Suc abandonnent le projet]]></title>
            <link>https://www.bfmtv.com/people/musique/le-comte-de-monte-cristo-en-comedie-musicale-calogero-et-thierry-suc-abandonnent-le-projet_AV-202502060407.html</link>
            <guid>https://www.bfmtv.com/people/musique/le-comte-de-monte-cristo-en-comedie-musicale-calogero-et-thierry-suc-abandonnent-le-projet_AV-202502060407.html</guid>
            <pubDate>Thu, 06 Feb 2025 10:46:34 GMT</pubDate>
            <description><![CDATA[Le producteur de spectacles Thierry Suc a confié en exclusivité à BFMTV l'abandon de la comédie musicale de Calogero sur Monte-Cristo, face à la concurrence d'autres projets similaires.<br /><br /><img src="https://images.bfmtv.com/fOhLhi64l26VEnjs276ks4skOc8=/2x207:3954x2430/800x0/images/-316835.jpg" />]]></description>
            <enclosure url="https://images.bfmtv.com/fOhLhi64l26VEnjs276ks4skOc8=/2x207:3954x2430/800x0/images/-316835.jpg" length="0" type="image/jpg"/>
        </item>
        <item>
            <title><![CDATA["More": l'intriguant message de Mylène Farmer au Stade de France était en réalité un bug]]></title>
            <link>https://www.bfmtv.com/people/musique/more-l-intriguant-message-de-mylene-farmer-au-stade-de-france-etait-en-realite-un-bug_AV-202502060402.html</link>
            <guid>https://www.bfmtv.com/people/musique/more-l-intriguant-message-de-mylene-farmer-au-stade-de-france-etait-en-realite-un-bug_AV-202502060402.html</guid>
            <pubDate>Thu, 06 Feb 2025 10:40:55 GMT</pubDate>
            <description><![CDATA[Lors de son dernier concert au Stade de France, un message laissé par la chanteuse avait suscité l'émoi de ses fans. Il s'agissait en réalité d'un bug, explique sur BFMTV son producteur Thierry Suc.<br /><br /><img src="https://images.bfmtv.com/75D35To0Od0BfQ7wUAP90Kzk9I0=/356x0:1748x783/800x0/images/Mylene-Farmer-sur-scene-dans-le-cadre-de-sa-tournee-Nevermore-2023-1879207.jpg" />]]></description>
            <enclosure url="https://images.bfmtv.com/75D35To0Od0BfQ7wUAP90Kzk9I0=/356x0:1748x783/800x0/images/Mylene-Farmer-sur-scene-dans-le-cadre-de-sa-tournee-Nevermore-2023-1879207.jpg" length="0" type="image/jpg"/>
        </item>
        <item>
            <title><![CDATA[Mort de Liam Payne]]></title>
            <link>https://www.bfmtv.com/people/musique/mort-de-liam-payne_DN-202410170327.html</link>
            <guid>https://www.bfmtv.com/people/musique/mort-de-liam-payne_DN-202410170327.html</guid>
            <pubDate>Thu, 06 Feb 2025 09:41:09 GMT</pubDate>
            <description><![CDATA[Le musicien britannique Liam Payne, ancien membre du boys band One Direction, est décédé le mercredi 16 octobre 2024 à l'âge de 31 ans après avoir chuté d'un hôtel de Buenos Aires, a annoncé la police, causant un profond émoi aux millions de fans à travers le monde. Il était avec Harry Styles, Louis Tomlinson, Niall Horan et Zayn Malik un des membres du boys band formé en 2010 et qui a connu un succès fulgurant. Selon le chef des urgences, Alberto Crescenti, Liam Payne présentait "de très graves lésions suite à sa chute". Une enquête sur les causes du décès a été ouverte, alors que la police a indiqué avoir répondu à "un appel au 911 (le numéro d'urgence) signalant un homme agressif qui pourrait avoir été sous l'influence de drogues ou de l'alcool". <br /><br /><img src="https://images.bfmtv.com/UipV9WpPxLXVySK0Wc6-Qhjh7cg=/7x156:2039x1299/800x0/images/Liam-Payne-1958008.jpg" />]]></description>
            <enclosure url="https://images.bfmtv.com/UipV9WpPxLXVySK0Wc6-Qhjh7cg=/7x156:2039x1299/800x0/images/Liam-Payne-1958008.jpg" length="0" type="image/jpg"/>
        </item>
        <item>
            <title><![CDATA["Who Believes In Angels?": Elton John annonce la sortie d'un nouvel album en duo avec Brandi Carlile]]></title>
            <link>https://www.bfmtv.com/people/musique/who-believes-in-angels-elton-john-annonce-la-sortie-d-un-nouvel-album-en-duo-avec-brandi-carlile_AN-202502050920.html</link>
            <guid>https://www.bfmtv.com/people/musique/who-believes-in-angels-elton-john-annonce-la-sortie-d-un-nouvel-album-en-duo-avec-brandi-carlile_AN-202502050920.html</guid>
            <pubDate>Wed, 05 Feb 2025 20:13:42 GMT</pubDate>
            <description><![CDATA[L'album, qui sortira le 4 avril prochain, a été enregistré lors d'une session d'enregistrement d'une vingtaine de jours à Los Angeles en 2023.<br /><br /><img src="https://images.bfmtv.com/nB_99FaEvWsju8y0umGtw88P748=/2x95:1746x1076/800x0/images/Elton-John-1524770.jpg" />]]></description>
            <enclosure url="https://images.bfmtv.com/nB_99FaEvWsju8y0umGtw88P748=/2x95:1746x1076/800x0/images/Elton-John-1524770.jpg" length="0" type="image/jpg"/>
        </item>
        <item>
            <title><![CDATA[Eurovision 2025]]></title>
            <link>https://www.bfmtv.com/people/musique/concours-eurovision-de-la-chanson_DN-201803010303.html</link>
            <guid>https://www.bfmtv.com/people/musique/concours-eurovision-de-la-chanson_DN-201803010303.html</guid>
            <pubDate>Wed, 05 Feb 2025 17:52:34 GMT</pubDate>
            <description><![CDATA[Chaque année, le concours de l'Eurovision voit s'affronter en chansons une quarantaine de pays, lors de deux demi-finales et d'une grande finale. Cinq pays participants - la France, le Royaume-Uni, l'Espagne, l'Allemagne et l'Italie - les plus gros contributeurs financiers du concours, sont qualifiés d'office pour la finale. Le public décide désormais seul des pays qui vont en finale.
De nombreuses vedettes ont participé au concours depuis sa création en 1956. France Gall, ABBA, Françoise Hardy, Serge Lama, Céline Dion, Lara Fabian ou encore Patricia Kaas s'y sont ainsi essayé.
La France, qui n'a pas remporté l'Eurovision depuis 1977, avec Marie Myriam et son désormais culte L'Enfant et l'oiseau, a connu des ces dernières années des fortunes diverses. Après avoir frôlé la victoire en 2021 avec Barbara Pravi (Voilà), deuxième derrière les Italiens Måneskin, la France a terminé avant-dernière en 2022 avec les Bretons Alvan & Ahez et leur chanson Fulenn et 16e avec La Zarra en 2023. En 2024, Slimane a offert à la France une très honorable 4e place.
Cette année, c'est la chanteuse et actrice Louane qui représentera la France. 
L'édition 2025 se tient à Bâle en Suisse, après la victoire de Nemo. Les deux demi-finales ont lieu le 13 et 15 mai prochain, et la finale le 17 mai. <br /><br /><img src="https://images.bfmtv.com/InN5hHuX52SsBgOis9MopaVNZvE=/4x3:1252x705/800x0/images/-328377.jpg" />]]></description>
            <enclosure url="https://images.bfmtv.com/InN5hHuX52SsBgOis9MopaVNZvE=/4x3:1252x705/800x0/images/-328377.jpg" length="0" type="image/jpg"/>
        </item>
        <item>
            <title><![CDATA["Intervision": ce concours de musique rival de l'Eurovision que Vladimir Poutine veut ressusciter]]></title>
            <link>https://www.bfmtv.com/people/musique/intervision-ce-concours-de-musique-rival-de-l-eurovision-que-vladimir-poutine-veut-ressusciter_AD-202502050810.html</link>
            <guid>https://www.bfmtv.com/people/musique/intervision-ce-concours-de-musique-rival-de-l-eurovision-que-vladimir-poutine-veut-ressusciter_AD-202502050810.html</guid>
            <pubDate>Wed, 05 Feb 2025 17:52:34 GMT</pubDate>
            <description><![CDATA[Le président de la Russie a signé un décret ce lundi ouvrant la voie à l'organisation d'un concours international de musique. Une réponse à l'exclusion de son pays de l'Eurovision depuis 2022.<br /><br /><img src="https://images.bfmtv.com/0ebQMk-2C1inqnImQY09XMRM8YE=/0x83:2048x1235/800x0/images/Le-president-russe-Vladimir-Poutine-rencontre-le-gouverneur-par-interim-de-la-region-de-Koursk-au-Kremlin-de-Moscou-le-5-fevrier-2025-2028027.jpg" />]]></description>
            <enclosure url="https://images.bfmtv.com/0ebQMk-2C1inqnImQY09XMRM8YE=/0x83:2048x1235/800x0/images/Le-president-russe-Vladimir-Poutine-rencontre-le-gouverneur-par-interim-de-la-region-de-Koursk-au-Kremlin-de-Moscou-le-5-fevrier-2025-2028027.jpg" length="0" type="image/jpg"/>
        </item>
        <item>
            <title><![CDATA[Ozzy Osbourne va retrouver ses comparses de Black Sabbath pour un ultime concert à Birmingham]]></title>
            <link>https://www.bfmtv.com/people/musique/ozzy-osbourne-va-retrouver-ses-comparses-de-black-sabbath-pour-un-ultime-concert-a-birmingham_AN-202502050575.html</link>
            <guid>https://www.bfmtv.com/people/musique/ozzy-osbourne-va-retrouver-ses-comparses-de-black-sabbath-pour-un-ultime-concert-a-birmingham_AN-202502050575.html</guid>
            <pubDate>Wed, 05 Feb 2025 13:59:30 GMT</pubDate>
            <description><![CDATA[Le célèbre groupe de heavy métal va se reformer le temps d'un concert inédit prévu le 5 juillet prochain à Birmingham, avec de nombreux invités prestigieux.<br /><br /><img src="https://images.bfmtv.com/9T5W7WbCKDJzXYbbYVLvEWhXbfw=/14x201:2046x1344/800x0/images/Ozzy-Osbourne-1462465.jpg" />]]></description>
            <enclosure url="https://images.bfmtv.com/9T5W7WbCKDJzXYbbYVLvEWhXbfw=/14x201:2046x1344/800x0/images/Ozzy-Osbourne-1462465.jpg" length="0" type="image/jpg"/>
        </item>
        <item>
            <title><![CDATA[Yseult, Pomme, David Guetta... qui sont les Français les plus écoutés dans le monde en 2024?]]></title>
            <link>https://www.bfmtv.com/people/musique/yseult-pomme-david-guetta-qui-sont-les-francais-les-plus-ecoutes-dans-le-monde-en-2024_AN-202502050547.html</link>
            <guid>https://www.bfmtv.com/people/musique/yseult-pomme-david-guetta-qui-sont-les-francais-les-plus-ecoutes-dans-le-monde-en-2024_AN-202502050547.html</guid>
            <pubDate>Wed, 05 Feb 2025 13:12:52 GMT</pubDate>
            <description><![CDATA[Très écoutés dans l'Hexagone, les artistes français ont aussi du succès à l'international. Spotify dévoile le classement des titres les plus streamés autour du monde l'an passé. <br /><br /><img src="https://images.bfmtv.com/mw9gh17fzASLaaM0ksg4lZ1UEA0=/0x118:2048x1270/800x0/images/Yseult-Festival-de-Cannes-2024-1865028.jpg" />]]></description>
            <enclosure url="https://images.bfmtv.com/mw9gh17fzASLaaM0ksg4lZ1UEA0=/0x118:2048x1270/800x0/images/Yseult-Festival-de-Cannes-2024-1865028.jpg" length="0" type="image/jpg"/>
        </item>
        <item>
            <title><![CDATA[Hypnotize: un nouveau festival 100% rap prévu en juin 2025 à Lyon et Bordeaux]]></title>
            <link>https://www.bfmtv.com/people/musique/hypnotize-un-nouveau-festival-100-rap-prevu-en-juin-2025-a-lyon-et-bordeaux_AD-202502050442.html</link>
            <guid>https://www.bfmtv.com/people/musique/hypnotize-un-nouveau-festival-100-rap-prevu-en-juin-2025-a-lyon-et-bordeaux_AD-202502050442.html</guid>
            <pubDate>Wed, 05 Feb 2025 11:16:30 GMT</pubDate>
            <description><![CDATA[Booba, SCH et Meryl ont été annoncés en têtes d'affiche de ce nouveau festival qui se tiendra les 13 et 14 juin au Grand Parc de Miribel-Jonage près de Lyon, puis les 5 et 6 septembre au parc des expositions de Bordeaux.<br /><br /><img src="https://images.bfmtv.com/4_CZKaBj7iWFtSFoMSVD4WDw64k=/0x39:768x471/800x0/images/Le-rappeur-francais-Booba-en-concert-au-Festival-des-musiques-urbaines-d-Anoumabo-a-Abidjan-Cote-d-Ivoire-le-30-avril-2023-1990235.jpg" />]]></description>
            <enclosure url="https://images.bfmtv.com/4_CZKaBj7iWFtSFoMSVD4WDw64k=/0x39:768x471/800x0/images/Le-rappeur-francais-Booba-en-concert-au-Festival-des-musiques-urbaines-d-Anoumabo-a-Abidjan-Cote-d-Ivoire-le-30-avril-2023-1990235.jpg" length="0" type="image/jpg"/>
        </item>
        <item>
            <title><![CDATA["Nouvelle École": SCH et SDM s'affronteront dans la nouvelle saison de la compétition rap de Netflix]]></title>
            <link>https://www.bfmtv.com/people/musique/nouvelle-ecole-sch-et-sdm-s-affronteront-dans-la-nouvelle-saison-de-la-competition-rap-de-netflix_AN-202502040833.html</link>
            <guid>https://www.bfmtv.com/people/musique/nouvelle-ecole-sch-et-sdm-s-affronteront-dans-la-nouvelle-saison-de-la-competition-rap-de-netflix_AN-202502040833.html</guid>
            <pubDate>Tue, 04 Feb 2025 18:28:58 GMT</pubDate>
            <description><![CDATA[Dans cette nouvelle saison, dont la diffusion est prévue "prochainement" les deux jurés, les rappeurs SCH et SDM, s'affronteront pour tenter de mettre la main sur le prochain talent rap de demain.<br /><br /><img src="https://images.bfmtv.com/qV_phc_5OHUyhIOi0r5RMVsQVVo=/0x9:2048x1161/800x0/images/Les-rappeurs-SDM-et-SCH-2027269.jpg" />]]></description>
            <enclosure url="https://images.bfmtv.com/qV_phc_5OHUyhIOi0r5RMVsQVVo=/0x9:2048x1161/800x0/images/Les-rappeurs-SDM-et-SCH-2027269.jpg" length="0" type="image/jpg"/>
        </item>
        <item>
            <title><![CDATA["Cette chanson, c'est 100% moi": Louane dévoilera son titre pour l'Eurovision le 15 mars au Stade de France]]></title>
            <link>https://www.bfmtv.com/people/musique/louane-presentera-la-chanson-de-l-eurovision-le-15-mars-au-stade-de-france_AV-202502040391.html</link>
            <guid>https://www.bfmtv.com/people/musique/louane-presentera-la-chanson-de-l-eurovision-le-15-mars-au-stade-de-france_AV-202502040391.html</guid>
            <pubDate>Tue, 04 Feb 2025 16:08:10 GMT</pubDate>
            <description><![CDATA[La chanteuse, qui a annoncé sa participation à l'Eurovision fin janvier, dévoilera sa chanson pendant la mi-temps du dernier match des six Nations au Stade de France. <br /><br /><img src="https://images.bfmtv.com/u6EgEGqpYnr6lZZjAnGoQ_qA1BY=/0x0:1920x1080/800x0/images/Louane-candidate-pour-l-Eurovision-sur-le-plateau-de-BFMTV-le-4-fevrier-2025-2026976.jpg" />]]></description>
            <enclosure url="https://images.bfmtv.com/u6EgEGqpYnr6lZZjAnGoQ_qA1BY=/0x0:1920x1080/800x0/images/Louane-candidate-pour-l-Eurovision-sur-le-plateau-de-BFMTV-le-4-fevrier-2025-2026976.jpg" length="0" type="image/jpg"/>
        </item>
        <item>
            <title><![CDATA["C'était incroyable de revisiter l'histoire": Marina Viotti revient sur sa victoire au Grammy avec Gojira]]></title>
            <link>https://www.bfmtv.com/people/musique/c-etait-incroyable-de-revisiter-l-histoire-marina-viotti-revient-sur-sa-victoire-au-grammy-avec-gojira_AV-202502030982.html</link>
            <guid>https://www.bfmtv.com/people/musique/c-etait-incroyable-de-revisiter-l-histoire-marina-viotti-revient-sur-sa-victoire-au-grammy-avec-gojira_AV-202502030982.html</guid>
            <pubDate>Mon, 03 Feb 2025 21:07:47 GMT</pubDate>
            <description><![CDATA[Sur BFMTV ce lundi, la chanteuse d'opéra Marina Viotti est revenu sur le Grammy remporté quelques heures plus tôt avec le groupe de métal Gojira, pour leur performance à la cérémonie d'ouverture des Jeux olympiques en juillet dernier.<br /><br /><img src="https://images.bfmtv.com/HW6rjXFQ7KzVbCvTCAq-tut8Jow=/218x0:1914x954/800x0/images/La-chanteuse-d-opera-Marina-Viotti-sur-BFMTV-ce-3-fevrier-2026648.jpg" />]]></description>
            <enclosure url="https://images.bfmtv.com/HW6rjXFQ7KzVbCvTCAq-tut8Jow=/218x0:1914x954/800x0/images/La-chanteuse-d-opera-Marina-Viotti-sur-BFMTV-ce-3-fevrier-2026648.jpg" length="0" type="image/jpg"/>
        </item>
        <item>
            <title><![CDATA[Lady Gaga dévoile sa nouvelle chanson "Abracadabra" lors des Grammy Awards]]></title>
            <link>https://www.bfmtv.com/people/musique/lady-gaga-devoile-sa-nouvelle-chanson-abracadabra-lors-des-grammy-awards_AN-202502030612.html</link>
            <guid>https://www.bfmtv.com/people/musique/lady-gaga-devoile-sa-nouvelle-chanson-abracadabra-lors-des-grammy-awards_AN-202502030612.html</guid>
            <pubDate>Mon, 03 Feb 2025 14:41:12 GMT</pubDate>
            <description><![CDATA[En pleine cérémonie des Grammy Awards ce dimanche 2 février, la chanteuse a dévoilé son nouveau single, Abracadabra  extrait de son prochain album, Mayhem, attendu le 7 mars.<br /><br /><img src="https://images.bfmtv.com/OiU4YXUBUWu0AffeISB2qzm9u-4=/7x15:1047x600/800x0/images/Lady-Gaga-2026338.jpg" />]]></description>
            <enclosure url="https://images.bfmtv.com/OiU4YXUBUWu0AffeISB2qzm9u-4=/7x15:1047x600/800x0/images/Lady-Gaga-2026338.jpg" length="0" type="image/jpg"/>
        </item>
        <item>
            <title><![CDATA[AC/DC de retour à Paris pour un concert au Stade de France en août 2025]]></title>
            <link>https://www.bfmtv.com/people/musique/ac-dc-de-retour-a-paris-pour-un-concert-au-stade-de-france-en-aout-2025_AN-202502030571.html</link>
            <guid>https://www.bfmtv.com/people/musique/ac-dc-de-retour-a-paris-pour-un-concert-au-stade-de-france-en-aout-2025_AN-202502030571.html</guid>
            <pubDate>Mon, 03 Feb 2025 13:34:18 GMT</pubDate>
            <description><![CDATA[Le groupe AC/DC a annoncé de nouvelles dates de concerts en Europe, dans le cadre du Power Up Tour, et se produira à Paris le 9 août prochain. <br /><br /><img src="https://images.bfmtv.com/zBG_5R4yYJN4Borz8FNNAblJkzM=/0x107:2048x1259/800x0/images/Brian-Johnson-d-AC-DC-2026335.jpg" />]]></description>
            <enclosure url="https://images.bfmtv.com/zBG_5R4yYJN4Borz8FNNAblJkzM=/0x107:2048x1259/800x0/images/Brian-Johnson-d-AC-DC-2026335.jpg" length="0" type="image/jpg"/>
        </item>
        <item>
            <title><![CDATA[Beyoncé enfin sacrée aux Grammys après des années de controverse]]></title>
            <link>https://www.bfmtv.com/people/musique/beyonce-enfin-sacree-aux-grammys-apres-des-annees-de-controverse_AN-202502030537.html</link>
            <guid>https://www.bfmtv.com/people/musique/beyonce-enfin-sacree-aux-grammys-apres-des-annees-de-controverse_AN-202502030537.html</guid>
            <pubDate>Mon, 03 Feb 2025 12:48:04 GMT</pubDate>
            <description><![CDATA[La chanteuse américaine a remporté la récompense suprême d'album de l'année. Ce prix  s'était toujours obstinément refusé à elle, alimentant les accusations de biais raciste au sein de l'Académie. <br /><br /><img src="https://images.bfmtv.com/5QiZbaLtgdkySufOH3_TwTx0CJI=/11x3:1483x831/800x0/images/Beyonce-remportant-le-Grammy-Award-d-album-de-l-annee-le-2-fevrier-2025-2026293.jpg" />]]></description>
            <enclosure url="https://images.bfmtv.com/5QiZbaLtgdkySufOH3_TwTx0CJI=/11x3:1483x831/800x0/images/Beyonce-remportant-le-Grammy-Award-d-album-de-l-annee-le-2-fevrier-2025-2026293.jpg" length="0" type="image/jpg"/>
        </item>
        <item>
            <title><![CDATA[Beyoncé annonce deux concerts au Stade de France à Paris les 19 et 21 juin 2025]]></title>
            <link>https://www.bfmtv.com/people/musique/beyonce-la-nouvelle-tournee-de-la-chanteuse-passera-par-paris_AN-202502030517.html</link>
            <guid>https://www.bfmtv.com/people/musique/beyonce-la-nouvelle-tournee-de-la-chanteuse-passera-par-paris_AN-202502030517.html</guid>
            <pubDate>Mon, 03 Feb 2025 12:10:24 GMT</pubDate>
            <description><![CDATA[La chanteuse a annoncé la liste des villes de sa prochaine tournée de son album country Cowboy Carter. Elle passera notamment par le Stade de France les 19 et 21 juin 2025.<br /><br /><img src="https://images.bfmtv.com/jayXK1ZDWE8Qozl5L-J-T_uGFT8=/10x13:1562x886/800x0/images/Beyonce-1836407.jpg" />]]></description>
            <enclosure url="https://images.bfmtv.com/jayXK1ZDWE8Qozl5L-J-T_uGFT8=/10x13:1562x886/800x0/images/Beyonce-1836407.jpg" length="0" type="image/jpg"/>
        </item>
    </channel>
</rss>