<?xml version="1.0" encoding="UTF-8"?>
<rss version="2.0" xmlns:atom="http://www.w3.org/2005/Atom" xmlns:media="http://search.yahoo.com/mrss/">
    <channel>
        <atom:link href="https://www.lefigaro.fr/rss/figaro_sciences.xml" rel="self" type="application/rss+xml"/>
        <category>Sciences &amp; Environnement</category>
        <title>Le Figaro - Sciences &amp; Environnement : actualité scientifique, écologie</title>
        <description>Sciences &amp; Environnement : retrouvez toute l&#039;actualité des sciences, de l&#039;astronomie, de l&#039;écologie, de la zoologie, des sciences humaines sur Le Figaro Actualité, actualités, Sciences, astronomie, actualité scientifique, sciences humaines, écologie, planète, zoologie, faune et flore</description>
        <link>http://www.lefigaro.fr</link>
        <language>fr</language>
        <copyright>Droits de reproduction et de diffusion réservés LeFigaro.fr</copyright>
        <lastBuildDate>Mon, 10 Feb 2025 13:32:49 +0100</lastBuildDate>
        <docs>https://www.lefigaro.fr/rss</docs>
        <image>
            <title>Le Figaro - Sciences &amp; Environnement : actualité scientifique, écologie</title>
            <url>https://static.lefigaro.fr/common/logos/logo-150x150.png</url>
            <link>http://www.lefigaro.fr</link>
            <description>Sciences &amp; Environnement : retrouvez toute l&#039;actualité des sciences, de l&#039;astronomie, de l&#039;écologie, de la zoologie, des sciences humaines sur Le Figaro Actualité, actualités, Sciences, astronomie, actualité scientifique, sciences humaines, écologie, planète, zoologie, faune et flore</description>
        </image>

                    <item>
                <guid>https://www.lefigaro.fr/sciences/degel-du-permafrost-fonte-de-la-banquise-a-quoi-ressemblera-le-grand-nord-a-la-fin-du-xxie-siecle-20250209</guid>
                <title>Dégel du permafrost, fonte de la banquise... À quoi ressemblera le Grand Nord à la fin du XXIe siècle ?</title>
                                <link>https://www.lefigaro.fr/sciences/degel-du-permafrost-fonte-de-la-banquise-a-quoi-ressemblera-le-grand-nord-a-la-fin-du-xxie-siecle-20250209</link>
                                    <description>Dans une étude publiée dans la revue Science, des chercheurs esquissent le visage «méconnaissable» des régions autour du pôle Nord avec un réchauffement planétaire sur une trajectoire de +2,7 °C.</description>
                                <category>Sciences &amp; Environnement</category>
                <pubDate>Sun, 09 Feb 2025 11:36:04 +0100</pubDate>

                                                            <media:content url="https://i.f1g.fr/media/cms/3000x1571_crop/2025/02/07/e1cde4b02bcce70ce4574ceb6cc2fdef40bbddce30c9f4fe82464d6df35bc134.jpg" width="3000" height="1571">
                            <media:description type="plain">La fonte de la banquise ne facilitera pas forcément la navigation commerciale, la météo restera difficile et la présence de glaces dérivantes représentera un nouveau danger. </media:description>
                            <media:credit>Christopher Boswell / Christopher Boswell - stock.adobe.com</media:credit>
                        </media:content>
                                                </item>
                    <item>
                <guid>https://www.lefigaro.fr/sciences/il-y-a-cinq-mille-ans-la-conquete-eclair-de-l-europe-par-les-yamnayas-20250207</guid>
                <title>Il y a cinq mille ans, la conquête éclair de l’Europe par les Yamnayas</title>
                                <link>https://www.lefigaro.fr/sciences/il-y-a-cinq-mille-ans-la-conquete-eclair-de-l-europe-par-les-yamnayas-20250207</link>
                                    <description>DÉCRYPTAGE - Une vaste étude menée par des chercheurs russes et ukrainiens retrace les origines de ce groupe très important dans notre histoire culturelle et génétique.</description>
                                <category>Sciences &amp; Environnement</category>
                <pubDate>Sat, 08 Feb 2025 11:51:29 +0100</pubDate>

                                                            <media:content url="https://i.f1g.fr/media/cms/1920x1080_crop/2025/02/07/a0b056f381dac125ee1bc99873de0f8efd0f27d7cfcc6fdc1aea131a35b4d74c.jpg" width="1920" height="1080">
                            <media:description type="plain">Dans le nord de l’Europe, jusqu’à 80 % du génome des populations modernes est directement issu de ces nomades des steppes</media:description>
                            <media:credit>Bridgeman Images / Â© Jacques Marthelot</media:credit>
                        </media:content>
                                                </item>
                    <item>
                <guid>https://www.lefigaro.fr/sciences/tritonpot-le-probleme-n-est-pas-le-tri-des-pots-de-yaourt-mais-le-polystyrene-choisi-pour-les-fabriquer-20250207</guid>
                <title>#TriTonPot : «Le problème n’est pas le tri des pots de yaourt mais le polystyrène choisi pour les fabriquer !»</title>
                                <link>https://www.lefigaro.fr/sciences/tritonpot-le-probleme-n-est-pas-le-tri-des-pots-de-yaourt-mais-le-polystyrene-choisi-pour-les-fabriquer-20250207</link>
                                    <description>ENTRETIEN - Alors que les industriels lancent une grande campagne #TriTonPot pour inciter les consommateurs à jeter l’emballage des yaourts dans les poubelles jaunes, le spécialiste de la pollution plastique, Henri Bourgeois Costa, regrette que le débat porte sur la recyclabilité du polystyrène, et non sur son utilisation.</description>
                                <category>Sciences &amp; Environnement</category>
                <pubDate>Fri, 07 Feb 2025 18:21:49 +0100</pubDate>

                                                            <media:content url="https://i.f1g.fr/media/cms/3000x2000_crop/2025/02/07/0b474add395e4fd160922f3e6fb4efd1978fb70219d8f1ab1379324a9fa38ca6.jpg" width="3000" height="2000">
                            <media:description type="plain">Le rayon laitage d’un supermarché français.</media:description>
                            <media:credit>Studio Porto Sabbia / stock.adobe.com</media:credit>
                        </media:content>
                                                </item>
                    <item>
                <guid>https://www.lefigaro.fr/sciences/les-etonnantes-similitudes-entre-le-chant-des-baleines-et-le-langage-humain-20250206</guid>
                <title>Les étonnantes similitudes entre le chant des baleines et le langage humain</title>
                                <link>https://www.lefigaro.fr/sciences/les-etonnantes-similitudes-entre-le-chant-des-baleines-et-le-langage-humain-20250206</link>
                                    <description>DÉCRYPTAGE - Les scientifiques viennent de découvrir que les vocalisations de certaines espèces de grands cétacés, en particulier les baleines à bosse, respectaient des règles structurelles  que l’on pensait propres à la parole.</description>
                                <category>Sciences &amp; Environnement</category>
                <pubDate>Thu, 06 Feb 2025 21:15:03 +0100</pubDate>

                                                            <media:content url="https://i.f1g.fr/media/cms/3000x2000_crop/2025/02/06/2c33ce83099b92b8b0f2d4ed516a1a09584fc5b4d03c883190fe7eb183e454db.jpg" width="3000" height="2000">
                            <media:description type="plain">Un groupe de baleines à bosse dans les eaux du Pacifique.</media:description>
                            <media:credit>GABRIEL BARATHIEU / Biosphoto via AFP</media:credit>
                        </media:content>
                                                </item>
                    <item>
                <guid>https://www.lefigaro.fr/sciences/trajet-mode-de-vie-comportement-que-se-passe-t-il-lors-des-premieres-annees-de-vie-des-tortues-marines-20250206</guid>
                <title>Trajet, mode de vie, comportement... Que se passe-t-il lors des premières années de vie des tortues marines ?</title>
                                <link>https://www.lefigaro.fr/sciences/trajet-mode-de-vie-comportement-que-se-passe-t-il-lors-des-premieres-annees-de-vie-des-tortues-marines-20250206</link>
                                    <description>DÉCRYPTAGE - On les appelait les «années perdues», tant elles étaient difficiles à étudier jusque-là. Des biologistes viennent pourtant de lever le voile sur cette question.</description>
                                <category>Sciences &amp; Environnement</category>
                <pubDate>Thu, 06 Feb 2025 15:58:08 +0100</pubDate>

                                                            <media:content url="https://i.f1g.fr/media/cms/3000x2000_crop/2025/02/06/c4b4c75870c1a08aaf93c1afc035fdd6c909057866792c24d263c35536383510.jpg" width="3000" height="2000">
                            <media:description type="plain">Plus de 3000 tortues marines adultes sont actuellement équipées de balises dans le monde.</media:description>
                            <media:credit>Tropicalens / stock.adobe.com</media:credit>
                        </media:content>
                                                </item>
                    <item>
                <guid>https://www.lefigaro.fr/sciences/il-y-a-5000-ans-des-premieres-traces-de-pollution-au-plomb-autour-de-la-mediterranee-20250205</guid>
                <title>Il y a 5000 ans, des premières traces de pollution au plomb autour de la Méditerranée</title>
                                <link>https://www.lefigaro.fr/sciences/il-y-a-5000-ans-des-premieres-traces-de-pollution-au-plomb-autour-de-la-mediterranee-20250205</link>
                                    <description>DÉCRYPTAGE - Des mesures dans les sédiments de la mer Égée retrouvent des traces de métaux lourds, liés aux débuts de la métallurgie pour produire de l’argent.</description>
                                <category>Sciences &amp; Environnement</category>
                <pubDate>Wed, 05 Feb 2025 17:49:39 +0100</pubDate>

                                                            <media:content url="https://i.f1g.fr/media/cms/3000x2422_crop/2025/02/05/6971737b1a696175a1173178563784b0e37b1052ed96cd4f5eca8adcba54fd3a.jpg" width="3000" height="2422">
                            <media:description type="plain">Un trésor de pièces romaines en argent découvert à Falkirk, en Écosse, et daté du milieu du IIIe siècle après J.-C.</media:description>
                            <media:credit>/ Bridgeman Images</media:credit>
                        </media:content>
                                                </item>
                    <item>
                <guid>https://www.lefigaro.fr/sciences/alain-aspect-einstein-a-ete-l-un-des-premiers-a-avoir-fait-un-usage-tres-pertinent-de-la-physique-quantique-20250205</guid>
                <title>Le prix Nobel de physique français Alain Aspect au Figaro: «Einstein avait tort, mais je n’aime pas trop le dire comme ça»</title>
                                <link>https://www.lefigaro.fr/sciences/alain-aspect-einstein-a-ete-l-un-des-premiers-a-avoir-fait-un-usage-tres-pertinent-de-la-physique-quantique-20250205</link>
                                    <description>ENTRETIEN - Le Prix Nobel de physique de 2022 revient sur sa carrière et son expérience, qui a permis de résoudre un très ancien débat sur la nature réelle des mécanismes à l’échelle de l’infiniment petit.</description>
                                <category>Sciences &amp; Environnement</category>
                <pubDate>Thu, 06 Feb 2025 12:51:09 +0100</pubDate>

                                                            <media:content url="https://i.f1g.fr/media/cms/2999x1686_crop/2025/02/06/66c671068971777203803ab1b44f4f1a56d7168858822c44f446409dfd70f8a8.jpg" width="2999" height="1686">
                            <media:description type="plain">Alain Aspect :  « Nous péchons beaucoup en France sur le financement de base des laboratoires, hors projets. Il faudrait plus d’argent, les fonds alloués sont nettement insuffisants. »</media:description>
                            <media:credit>Barande Jérémy /EP.</media:credit>
                        </media:content>
                                                </item>
                    <item>
                <guid>https://www.lefigaro.fr/sciences/emportes-par-la-foule-la-physique-semble-expliquer-l-origine-de-certaines-bousculades-mortelles-20250205</guid>
                <title>Comment de surprenants et dangereux «vortex» se forment naturellement dans une foule très dense</title>
                                <link>https://www.lefigaro.fr/sciences/emportes-par-la-foule-la-physique-semble-expliquer-l-origine-de-certaines-bousculades-mortelles-20250205</link>
                                    <description>DÉCRYPTAGE - Dans un article paru dans la revue «Nature», une équipe franco-espagnole montre que des mouvements de rotation oscillatoires agitent naturellement une foule quand elle atteint un seuil critique de densité.</description>
                                <category>Sciences &amp; Environnement</category>
                <pubDate>Fri, 07 Feb 2025 16:58:48 +0100</pubDate>

                                                            <media:content url="https://i.f1g.fr/media/cms/2250x3000_crop/2025/02/05/14bcbb44118c727d7608b604d1e3b8f236ec78e01f5f1698df176d7a58318cf5.jpg" width="2250" height="3000">
                            <media:description type="plain">La cérémonie d’ouverture des Fêtes de San Fermin, à Pampelune, a servi de laboratoire expérimental à ciel ouvert à l’étude de la physique des foules.</media:description>
                            <media:credit>Bartolo Lab, ENS de Lyon.</media:credit>
                        </media:content>
                                                </item>
                    <item>
                <guid>https://www.lefigaro.fr/sciences/quand-la-ponte-des-coraux-est-synchronisee-a-des-milliers-de-kilometres-de-distance-20250204</guid>
                <title>Quand la ponte des coraux est synchronisée, à des milliers de kilomètres de distance</title>
                                <link>https://www.lefigaro.fr/sciences/quand-la-ponte-des-coraux-est-synchronisee-a-des-milliers-de-kilometres-de-distance-20250204</link>
                                    <description>Le phénomène, découvert initialement en Polynésie française, a été observé dans une vingtaine de pays grâce à la mobilisation de 400 participants. La reproduction du corail «Porites rus» est clairement calée sur le cycle lunaire.</description>
                                <category>Sciences &amp; Environnement</category>
                <pubDate>Tue, 04 Feb 2025 16:55:58 +0100</pubDate>

                                                            <media:content url="https://i.f1g.fr/media/cms/2000x1500_crop/2025/02/04/3a256594e92a3f3ca5aec6e50b866a0dc6451171b73e4f00d78d9365a2173d1b.jpg" width="2000" height="1500">
                            <media:description type="plain">Ponte d’une colonie de corail « Porites rus ».</media:description>
                            <media:credit>Tama No Te Tairoto</media:credit>
                        </media:content>
                                                </item>
                    <item>
                <guid>https://www.lefigaro.fr/sciences/mais-que-se-passe-t-il-sur-l-ile-grecque-de-santorin-secouee-par-des-centaines-de-seismes-depuis-quelques-jours-20250203</guid>
                <title>Mais que se passe-t-il sur l’île grecque de Santorin, secouée par des centaines de séismes depuis quelques jours ?</title>
                                <link>https://www.lefigaro.fr/sciences/mais-que-se-passe-t-il-sur-l-ile-grecque-de-santorin-secouee-par-des-centaines-de-seismes-depuis-quelques-jours-20250203</link>
                                    <description>DÉCRYPTAGE - L’impressionnante crise sismique que vit actuellement l’archipel volcanique a démarré à bas bruit en décembre. Son évolution est incertaine, tout comme sa nature, d’origine volcanique ou tectonique.</description>
                                <category>Sciences &amp; Environnement</category>
                <pubDate>Wed, 05 Feb 2025 15:59:53 +0100</pubDate>

                                                            <media:content url="https://i.f1g.fr/media/cms/orig/2025/02/03/8c9788a027f3f56c22dc890b248779626da643296208a53a08f7dec310cada27.JPG" width="3000" height="1687">
                            <media:description type="plain">De la poussière s’élève après un glissement de terrain survenu après un des nombreux séismes qui ont fait trembler l’île ce week-end.</media:description>
                            <media:credit>Nikos Christofakis / REUTERS</media:credit>
                        </media:content>
                                                </item>
                    <item>
                <guid>https://www.lefigaro.fr/sciences/ce-sont-des-animaux-fragiles-une-initiative-originale-pour-sauver-les-herissons-espece-en-declin-20250203</guid>
                <title>«Ce sont des animaux fragiles» : une initiative originale pour sauver les hérissons, espèce en déclin</title>
                                <link>https://www.lefigaro.fr/sciences/ce-sont-des-animaux-fragiles-une-initiative-originale-pour-sauver-les-herissons-espece-en-declin-20250203</link>
                                    <description>REPORTAGE - À Gennevilliers, mairie et association se mobilisent pour sauver ce petit mammifère, sans renoncer pour autant aux projets d’aménagement.</description>
                                <category>Sciences &amp; Environnement</category>
                <pubDate>Mon, 03 Feb 2025 20:51:31 +0100</pubDate>

                                                            <media:content url="https://i.f1g.fr/media/cms/3000x1687_crop/2025/02/03/f4d2ac99b63f865f51c7993569ffe3556039ed0cfdcde50131cbe045c4ce4c95.jpg" width="3000" height="1687">
                            <media:description type="plain">« Les hérissons ne sont pas agressifs. Mais s’ils se sentent agressés, ils peuvent mordre comme des pitbulls ! », s’amuse Manuel de Aguirre, président d’Erinaceus.</media:description>
                            <media:credit>SEBASTIEN SORIANO / Le Figaro</media:credit>
                        </media:content>
                                                </item>
                    <item>
                <guid>https://www.lefigaro.fr/sciences/matiere-noire-planete-x-geocroiseurs-ce-nouveau-telescope-qui-va-revolutionner-l-astronomie-en-2025-20250202</guid>
                <title>Planète X, énergie noire, géocroiseurs : ce nouveau télescope va révolutionner l’astronomie en 2025</title>
                                <link>https://www.lefigaro.fr/sciences/matiere-noire-planete-x-geocroiseurs-ce-nouveau-telescope-qui-va-revolutionner-l-astronomie-en-2025-20250202</link>
                                    <description>RÉCIT - Situé dans le nord du Chili, l’observatoire américain Vera Rubin doit entrer en service en juillet. Attendu depuis 20 ans, son gigantesque champ de vue va bouleverser la discipline et permettre un nombre incalculable de découvertes.</description>
                                <category>Sciences &amp; Environnement</category>
                <pubDate>Sun, 02 Feb 2025 12:48:52 +0100</pubDate>

                                                            <media:content url="https://i.f1g.fr/media/cms/1280x853_crop/2025/01/31/472836e9b596d6fb3669684aca60db28cd7263931165d12a07cbb443e249759f.jpg" width="1280" height="853">
                            <media:description type="plain">L’Observatoire Vera Rubin est installé dans le nord du Chili au sommet du Cerro Pachón.</media:description>
                            <media:credit>Rubin Observatory/NOIRLab/AURA/NSF/B. Quint</media:credit>
                        </media:content>
                                                </item>
                    <item>
                <guid>https://www.lefigaro.fr/sciences/dechets-nucleaires-quel-est-l-impact-des-essais-francais-sur-la-pollution-des-sables-du-sahara-20250131</guid>
                <title>Les essais nucléaires français ont eu un impact marginal sur la pollution des sables du Sahara</title>
                                <link>https://www.lefigaro.fr/sciences/dechets-nucleaires-quel-est-l-impact-des-essais-francais-sur-la-pollution-des-sables-du-sahara-20250131</link>
                                    <description>DÉCRYPTAGE - Une étude montre que ce sont surtout les bombes américaines et soviétiques qui ont pollué la surface du désert algérien.</description>
                                <category>Sciences &amp; Environnement</category>
                <pubDate>Mon, 03 Feb 2025 10:11:13 +0100</pubDate>

                                                            <media:content url="https://i.f1g.fr/media/cms/2850x1603_crop/2025/02/01/b0d293a52bd68406a981ebbe082356cc20f9384dd12ed94253c820786cdf1382.jpg" width="2850" height="1603">
                            <media:description type="plain">Essai nucléaire français, le 1er mai 1962, à In Ekker, dans le Sahara algérien.</media:description>
                            <media:credit>PVDE / Bridgeman Images</media:credit>
                        </media:content>
                                                </item>
                    <item>
                <guid>https://www.lefigaro.fr/sciences/le-haut-conseil-pour-le-climat-denonce-le-manque-de-transparence-du-plan-energie-de-la-france-20250131</guid>
                <title>Le plan énergie de la France manque de « marges de manœuvre » en cas d’imprévu, dénonce le Haut conseil pour le climat</title>
                                <link>https://www.lefigaro.fr/sciences/le-haut-conseil-pour-le-climat-denonce-le-manque-de-transparence-du-plan-energie-de-la-france-20250131</link>
                                    <description>DÉCRYPTAGE - « Jalon important dans la trajectoire vers la neutralité carbone », le plan est cohérent avec les objectifs français mais manque de transparence, selon l’organisme indépendant.</description>
                                <category>Sciences &amp; Environnement</category>
                <pubDate>Fri, 31 Jan 2025 12:13:11 +0100</pubDate>

                                                            <media:content url="https://i.f1g.fr/media/cms/3000x2238_crop/2025/01/30/f2b1b1579f6a0b0287f95e6d594567019469fd9ca2f04fcba0df37e5d714a829.jpg" width="3000" height="2238">
                            <media:description type="plain">Le nucléaire reste le principal levier de décarbonation, avec 57 réacteurs censés produire 360 TWh dès 2030.</media:description>
                            <media:credit>KateD / stock.adobe.com</media:credit>
                        </media:content>
                                                </item>
                    <item>
                <guid>https://www.lefigaro.fr/sciences/l-inde-a-reussi-son-pari-de-protection-de-sa-population-de-tigres-20250130</guid>
                <title>L’Inde a réussi son pari de protection de sa population de tigres</title>
                                <link>https://www.lefigaro.fr/sciences/l-inde-a-reussi-son-pari-de-protection-de-sa-population-de-tigres-20250130</link>
                                    <description>La stabilité socio-économique et politique mais aussi une approche culturelle ont favorisé le retour de ce félin très menacé sur l’ensemble du continent asiatique.</description>
                                <category>Sciences &amp; Environnement</category>
                <pubDate>Thu, 30 Jan 2025 20:00:00 +0100</pubDate>

                                                            <media:content url="https://i.f1g.fr/media/cms/3000x1687_crop/2025/01/30/25a1927070a69e8fe9eea512ffff4be987b746b97fdc85b0867b86a069a04cb4.jpg" width="3000" height="1687">
                            <media:description type="plain">Des tigres dans le parc national de Bandhavgarh (État du Madhya Pradesh, Inde).</media:description>
                            <media:credit>VALTER BERNARDESCHI / Biosphoto via AFP</media:credit>
                        </media:content>
                                                </item>
                    <item>
                <guid>https://www.lefigaro.fr/sciences/pourquoi-l-asteroide-2024-yr4-a-declenche-la-premiere-alerte-du-reseau-international-de-protection-contre-les-collisions-20250130</guid>
                <title>«Une chance sur 44» : l’astéroïde 2024 YR4 menace de percuter la Terre dans sept ans</title>
                                <link>https://www.lefigaro.fr/sciences/pourquoi-l-asteroide-2024-yr4-a-declenche-la-premiere-alerte-du-reseau-international-de-protection-contre-les-collisions-20250130</link>
                                    <description>DÉCRYPTAGE - Pour la première fois depuis sa mise en place en 2013 sous l’égide de l’Onu, le Réseau international d’alerte aux astéroïdes s’est saisi du dossier. L’objet en question, 2024 YR4, mesure plusieurs dizaines de mètres.</description>
                                <category>Sciences &amp; Environnement</category>
                <pubDate>Fri, 07 Feb 2025 23:52:52 +0100</pubDate>

                                                            <media:content url="https://i.f1g.fr/media/cms/2560x1441_crop/2025/02/07/11200b92fcfd6752deaa897658a8e6461e3ab8a48eaec679b4b29e7327fac11e.jpg" width="2560" height="1441">
                            <media:description type="plain">Vue d’artiste d’un astéroïde passant à proximité de la Terre. </media:description>
                            <media:credit>NASA/JPL-CalTech</media:credit>
                        </media:content>
                                                </item>
                    <item>
                <guid>https://www.lefigaro.fr/sciences/la-nouvelle-instance-de-controle-du-nucleaire-en-france-devrait-autoriser-bientot-la-montee-en-puissance-de-l-epr-20250130</guid>
                <title>La nouvelle instance de contrôle du nucléaire en France devrait autoriser bientôt la montée en puissance de l’EPR</title>
                                <link>https://www.lefigaro.fr/sciences/la-nouvelle-instance-de-controle-du-nucleaire-en-france-devrait-autoriser-bientot-la-montee-en-puissance-de-l-epr-20250130</link>
                                    <description>Pierre-Marie Abadie, le patron de la nouvelle Autorité de sûreté nucléaire et de radioprotection (ASNR), issue de la fusion de l’ASN et de l’IRSN, vient de dévoiler sa feuille de route et ses objectifs pour 2025.</description>
                                <category>Sciences &amp; Environnement</category>
                <pubDate>Thu, 30 Jan 2025 11:47:04 +0100</pubDate>

                                                            <media:content url="https://i.f1g.fr/media/cms/3000x2000_crop/2025/01/30/3b296e658fdbf3b141f6123829835de6ea73e70cc76795386f075f3435101aef.jpg" width="3000" height="2000">
                            <media:description type="plain">Centrale nucléaire de Flamanville où fonctionne le premier EPR en France.</media:description>
                            <media:credit>laurencesoulez / stock.adobe.com</media:credit>
                        </media:content>
                                                </item>
                    <item>
                <guid>https://www.lefigaro.fr/sciences/comment-communiquer-avec-les-extraterrestres-20250130</guid>
                <title>Comment les scientifiques de la Nasa espèrent rentrer en contact avec les extraterrestres ?</title>
                                <link>https://www.lefigaro.fr/sciences/comment-communiquer-avec-les-extraterrestres-20250130</link>
                                    <description>INFOGRAPHIE – Lancée en octobre dernier, la sonde Europa Clipper est en route vers Jupiter, qu’elle devrait atteindre en 2030. À bord, une plaque comporte un message à l’attention d’une civilisation extraterrestre.</description>
                                <category>Sciences &amp; Environnement</category>
                <pubDate>Thu, 30 Jan 2025 15:15:15 +0100</pubDate>

                                                            <media:content url="https://i.f1g.fr/media/cms/1500x1000_crop/2025/01/30/31eb6b0abfccdb6f9480db2a949841afbeec7d0b9c886906f677e605de932196.jpg" width="1500" height="1000">
                            <media:description type="plain">Une campagne de la Nasa permet de faire graver son nom sur une puce électronique embarquée à bord du vaisseau spatial Europa Clipper, en route vers Jupiter et sa lune Europe.</media:description>
                            <media:credit>© Nasa</media:credit>
                        </media:content>
                                                </item>
                    <item>
                <guid>https://www.lefigaro.fr/sciences/tous-les-ingredients-de-la-vie-sont-bien-reunis-dans-les-asteroides-20250129</guid>
                <title>Tous les «ingrédients de la vie» sont bien réunis dans les astéroïdes</title>
                                <link>https://www.lefigaro.fr/sciences/tous-les-ingredients-de-la-vie-sont-bien-reunis-dans-les-asteroides-20250129</link>
                                    <description>DÉCRYPTAGE - Les analyses des échantillons rapportés sur Terre par la mission Osiris-Rex de la Nasa ont retrouvé un très grand nombre de molécules chimiques qui forment les briques de base des organismes vivants sur Terre.</description>
                                <category>Sciences &amp; Environnement</category>
                <pubDate>Wed, 29 Jan 2025 18:11:06 +0100</pubDate>

                                                            <media:content url="https://i.f1g.fr/media/cms/1296x729_crop/2025/01/29/c143067c4cdedc87733be0a5fae7807c769de3c0426258757d5afdafd2024e7b.jpg" width="1296" height="729">
                            <media:description type="plain">Les premières analyses détaillées des échantillons de Bennu ramenés sur Terre par la sonde américaine Osiris-Rex en 2023 ont été publiées dans les revues Nature et Nature Astronomy.</media:description>
                            <media:credit>NASA Goddard University of Arizona Lockheed Martin PSI Thomas Thomopoulos</media:credit>
                        </media:content>
                                                </item>
                    <item>
                <guid>https://www.lefigaro.fr/sciences/aux-etats-unis-une-femme-vit-avec-un-rein-de-porc-depuis-plus-de-deux-mois-un-record-20250128</guid>
                <title>Aux États-Unis, une femme vit avec un rein de porc depuis plus de deux mois, un record</title>
                                <link>https://www.lefigaro.fr/sciences/aux-etats-unis-une-femme-vit-avec-un-rein-de-porc-depuis-plus-de-deux-mois-un-record-20250128</link>
                                    <description>Towana Looney, 53 ans, a subi une greffe de rein de porc génétiquement modifié le 25 novembre dernier. Elle est la première personne à survivre aussi longtemps après une telle opération.</description>
                                <category>Sciences &amp; Environnement</category>
                <pubDate>Tue, 28 Jan 2025 22:46:49 +0100</pubDate>

                                                            <media:content url="https://i.f1g.fr/media/cms/3000x2001_crop/2025/01/28/368a6444642b916525151645e7c4948c6b9199fca11bd0243ff8bdc9326dc632.jpg" width="3000" height="2001">
                            <media:description type="plain">Towana Looney au NYU Langone Health, le 11 décembre 2024, à New York.</media:description>
                            <media:credit>ANGELA WEISS / AFP</media:credit>
                        </media:content>
                                                </item>
            </channel>
</rss>
